file,noun,dialogue,summary
train.csv,이 시간대에,"#Person1#: 안녕하세요, 택시 기사님. 금융가로 가주세요.
#Person2#: 금융가로 가신다고요?
#Person1#: 네, 거기로 가고 싶습니다.
#Person2#: 알겠습니다. 타세요.
#Person1#: 죄송하지만, 거기까지 얼마나 걸리나요?
#Person2#: 보통 30분 정도 걸려요.
#Person1#: 아, 꽤 멀군요.
#Person2#: 네, 이 시간대에는 교통 때문에 더 걸릴 수도 있어요. 급하신가요?
#Person1#: 아니요, 천천히 안전하게 가주세요.
#Person2#: 알겠습니다.
#Person1#: 운전 정말 잘하시네요.
#Person2#: 감사합니다.
#Person1#: 그런데 요금은 거리마다 같은가요?
#Person2#: 아니요, 거리에 따라 달라요. 미터기로 확인하실 수 있습니다.
#Person1#: 아, 그렇군요.","#Person1#은 금융가로 가기 위해 택시에 탑니다. #Person2#는 금융가까지 가는 데 시간이 걸릴 수 있고, 요금은 거리마다 다르다고 설명합니다."
train.csv,이 시간대에,"#Person1#: 저기요, 여기서 박물관 가는 버스를 탈 수 있나요?
#Person2#: 네, 맞는 정류장이에요.
#Person1#: 감사합니다.
#Person2#: 여기 처음 오셨나 봐요?
#Person1#: 네, 맞아요.
#Person2#: 잔돈 있으세요? 정확한 요금이 필요해요.
#Person1#: 네, 동전 좀 가지고 있어요. 요금이 얼마예요?
#Person2#: 1위안이에요. 버스 앞쪽에서 타실 때 돈을 상자에 넣으시면 돼요.
#Person1#: 아, 알겠어요. 이 시간대에는 버스가 얼마나 자주 오나요?
#Person2#: 10분마다 한 대씩 와요. 아, 저기 버스 오네요.","#Person1#과 #Person2#가 버스를 기다리며 대화를 나누는 가운데, #Person2#가 #Person1#에게 잔돈이 있는지 묻습니다."
train.csv,이 시간대에,"#Person1#: 버스를 타고 왕푸징에 가자.
#Person2#: 지하철 타는 게 더 나을 거야. 더 빠르고 편리하거든.
#Person1#: 그래, 그럼 새로운 경험이겠네.
#Person2#: 여기 지하철 시스템이 꽤 잘 되어 있어. 특히 이 시간대에는 교통이 복잡하니까 지하철이 더 빨리 갈 수 있지.
#Person1#: 요금은 어디에서 내나요?
#Person2#: 저기 있는 판매기에서 3위안을 내면 토큰을 받을 수 있어. 그걸 개찰구에 넣고 들어가면 돼.
#Person1#: 내가 낼게. 지하철 노선도는 어디서 구할 수 있어?
#Person2#: 판매기 근처에 물어보면 공짜로 줄 거야. 사실 대부분의 역에 지하철 노선도가 게시되어 있어.
#Person1#: 환승할 때 추가 요금을 내야 해?
#Person2#: 아니, 안 내도 돼. 여기 지하철 오네.","#Person2#가 왕푸징까지 지하철을 타는 것이 더 빠르고 편리하다고 제안하고, #Person1#에게 요금 지불 방법과 지하철 노선도 구하는 방법을 설명합니다."
train.csv,이 프로젝트,"#Person1#: 좋아요. 이 프로젝트에 모두 함께 하고 싶어요. 언제 시작할 수 있나요?
#Person2#: 내일 아침 8시에 전략 회의를 시작하면 될 것 같아요.
#Person1#: 그런데 8시는 저한테 좀 어려운데, 여러분 먼저 시작하세요. 저는 8시 45분쯤에 갈게요.
#Person2#: 그럼 괜찮아요. 이 작업하는데 얼마나 시간이 걸릴까요?",#Person2#는 #Person1#에게 내일 아침 프로젝트 전략 회의를 8시에 시작하자고 제안합니다. #Person1#은 8시 45분쯤 도착할 예정입니다.
train.csv,이 프로젝트,"#Person1#: 도와드릴 일 있나요?
#Person2#: 네, 감사합니다. 제가 이 프로젝트 정말 많이 밀렸어요. 추가로 타이핑이나 복사 좀 도와줄 수 있으세요?
#Person1#: 둘 중 하나는 할 수 있어요.
#Person2#: 좋아요. 그럼 정말 도움이 될 거예요. 저쪽에 있는 페이지들부터 시작해 줄래요?
#Person1#: 문제없어요.
#Person2#: 정말 감사합니다! 여기서 얼마나 일하셨어요?
#Person1#: 여기서 5년 일했어요.
#Person2#: 곧 특별한 프로젝트들이 좀 있는데, 그중 하나에 참여하고 싶으세요?
#Person1#: 네, 특별 프로젝트에 참여하고 싶어요!
#Person2#: 그럼, 제가 소식 전해드릴게요. 오늘 도와주셔서 감사합니다.","#Person2#가 #Person1#에게 프로젝트 진행의 도움을 요청합니다. #Person1#은 기꺼이 도와주겠다고 하며, 특별 프로젝트에도 관심을 보입니다. #Person2#는 후에 #Person1#에게 관련 소식을 전해줄 예정입니다."
train.csv,이 프로젝트,"#Person1#: 기분이 좋아 보이지 않는데, 무슨 일 있어?
#Person2#: 컴퓨터 과제 때문이야. John이랑 같이 프로젝트 하기로 했는데, 아직 절반밖에 못 했어.
#Person1#: 빨리 해야겠네.
#Person2#: 그러게. 그런데 John이 아무것도 안 하고 있어. 뭐라고 말해야 할지 모르겠어. 걔 부모님 문제 때문에 요즘 많이 속상해하고 있어.
#Person1#: 그래도 네 일만큼 그의 일도 되는 거잖아. 그한테 얘기해보고, 같이 일하라고 알려주는 게 좋을 것 같아.
#Person2#: 맞아. 일 좀 나눠서 해야겠어.",#Person2#는 John과 함께 팀을 이루어 컴퓨터 과제를 하고 있지만 John이 개인적인 문제로 작업에 참여하지 않고 있다. #Person1#은 #Person2#에게 John과 대화하여 일의 분담을 명확히 하라고 조언한다.
train.csv,이 도시에서,"#Person1#: 택시! 아, 고마워요, 세워주셔서. 
#Person2#: 어디로 가세요? 
#Person1#: 국립미술관이요. 그리고... 
#Person2#: 좋아요. 타세요, 문제없어요. 잠시만요! 
#Person1#: 저기, 거기까지 얼마나 걸릴까요? 
#Person2#: 음, 교통 상황에 따라 다르지만, 보통은 20분 넘지 않을 거예요. 저는 운전을 예술처럼 해서 15분 내에 도착할 수 있을 거예요. 
#Person1#: 알겠어요. 그런데 요금은 얼마나 나올까요? 
#Person2#: 18달러 안 넘을 거예요. 팁은 별도예요. 
#Person1#: 아, 그 미술관 몇 시에 닫는지 아세요? 
#Person2#: 아마 6시쯤일 거예요. 
#Person1#: 지금 몇 시죠? 
#Person2#: 4시 반이에요. 이 도시에 처음 오셨죠? 
#Person1#: 네, 어떻게 아셨어요? 
#Person2#: 이 도시에서는 관광객들이 고층 건물만 쳐다보고 다니는 게 눈에 띄어요. 
#Person1#: 그렇게 티가 나나요? 
#Person2#: 네... 
#Person1#: 아, 까먹기 전에, 시내에 괜찮은 가격으로 식사할 수 있는 좋은 레스토랑 추천해 줄 수 있나요? 
#Person2#: 멕시칸 레스토랑, 라 파히타가 좋아요. 다른 곳보다는 저렴하지 않지만, 인테리어가 정통적이고 양도 많아요. 
#Person1#: 좋네요! 미술관에서 거기까지 어떻게 가나요? 
#Person2#: 미술관 바로 밖에서 지하철을 탈 수 있어요. 버스도 있지만 몇 번 환승해야 해요. 택시는 미술관 주변에서는 자주 다니지 않아요. 
#Person1#: 알겠어요. 고마워요.","#Person1#는 택시를 타고 국립미술관에 가고 싶어 하며, #Person2#에게 소요 시간, 요금, 미술관 운영 시간을 묻습니다. 이어서 #Person1#는 #Person2#에게 레스토랑 추천과 경로를 문의합니다."
train.csv,이 도시에서,"#Person1#: 아파트 알아보려면 어디서 시작해야 할까? 
#Person2#: 우리 학교 웹사이트에 아파트 관련 링크가 있어. 
#Person1#: 다른 사람이랑 아파트 같이 살 수 있어? 
#Person2#: 신문에 나오는 광고 중엔 룸메이트 구하는 것도 있어. 
#Person1#: 이 도시에서 아파트 비싸니? 
#Person2#: 혼자 쓸 아파트를 찾는 거야, 아니면 두 명이서 같이 살 아파트를 찾는 거야? 
#Person1#: 방 두 개 있는 아파트를 원해. 
#Person2#: 그런 아파트는 한 달에 약 천오백 달러면 구할 수 있어. 
#Person1#: 나랑 아파트 보러 갈 시간 있어? 
#Person2#: 나도 아파트 찾는 거 좋아해. 같이 가줄게.","#Person2#는 #Person1#에게 학교 웹사이트에서 아파트 정보를 확인하라고 조언하고, 아파트를 보러 같이 가기로 한다."
train.csv,이 도시에서,"#Person1#: 저기요, 버스 노선도 받을 수 있을까요?
#Person2#: 이 도시에서 사용하실 건가요?
#Person1#: 네, 뉴욕에서요.
#Person2#: 죄송하지만 저희는 가지고 있지 않습니다. 신문 가판대에 가보시면 있을 거예요.
#Person1#: 감사합니다.",#Person2#는 #Person1#에게 신문 가판대에서 버스 노선도를 구입할 것을 권합니다.
train.csv,이 프로그램,"#Person1#: 저기요, 동물원 가는 길 좀 알려주시겠어요?
#Person2#: 네, 여기서 길만 건너면 바로 있어요.
#Person1#: 고마워요. 그런데, 영어를 그렇게 잘하게 된 비결이 뭐예요?
#Person2#: 매일 BBC 영어 프로그램을 듣고 있어요.
#Person1#: 따라하기 쉬워요?
#Person2#: 네, 단파 라디오로 듣고, 문법이 어렵게 느껴질 때는 중국어 설명도 나와요.
#Person1#: 그거 정말 유용하겠네요. 이 프로그램 얼마나 들으셨어요?
#Person2#: 중학교 때부터 시작해서, 3년 됐어요.
#Person1#: 정말 많이 늘었네요.
#Person2#: 감사합니다. 동물원에서 좋은 시간 보내세요. 판다들 꼭 보세요!
#Person1#: 알겠습니다. 고마워요. 나중에 봐요.",#Person2#는 3년 전부터 매일 BBC 영어 프로그램을 들으며 영어 실력을 향상시켰습니다.
train.csv,이 프로그램,"#Person1#: 안녕하세요, 저희 새 프로그램 Exotic Animal Kingdom에 오신 걸 환영합니다. 이 프로그램은 어린이와 어른 모두에게 동물을 소개하는 겁니다. 오늘의 쇼에서는 젊지만 경력을 가진 게스트가 수염용 드래곤의 놀라운 세계를 소개해 줄 거에요. 환영합니다, Joshua. 정말 감사합니다. Joshua, 솔직히 말해서, 수염용 드래곤이라는 이름이 뭔가 판타지 책에서 나올 것 같아요. 수염용 드래곤이 정확히 어떤 건가요?  
#Person2#: 여기 Bert를 한번 잡아보시는 게 어때요?  
#Person1#: 오... 와우! 제가 설명하는 동안요. 네 
#Person2#: 수염용 드래곤은 사실 호주의 사막에서 유래했습니다. 이 종은 그 기후에서 살아남은 여러 종 중 하나입니다. 오늘날, 이 수염용 드래곤들은 미국에서 가정에서 사육되고 있습니다. 
#Person3#: 그렇군요. 그러면 수염용 드래곤을 키울 때 알아야 할 필수적인 것들은 무엇인가요? 가족 애완동물로 키울 수 있나요?  
#Person2#: 수염용 드래곤은 가족 애완동물로 아주 좋고 매우 온순한 동물입니다. 
#Person1#: 네, 이 아이도 꽤 친근해 보이네요. 
#Person2#: 그냥 어떻게 돌보는지 알면 돼요. 
#Person1#: 어떤 점들을 염두에 둬야 하나요? 
#Person2#: 먼저, 적절한 용품을 준비해야 합니다: 일종의 거처... 
#Person1#: 예를 들면, 우리 같은 것요. 
#Person2#: 네. 전 스펙트럼 형광등과 쪼임 램프, 그리고 오르고 머무르기에 적당한 가지와 바위, 물과 음식을 담을 그릇, 우리 바닥을 덮을 무언가가 필요합니다. 
#Person1#: 기본적인 것들을 알아볼까요. 수염용 드래곤의 식단은 어떤가요? 육식동물 같아 보여요... 혹시 매운 멕시코 타코 같은 건 먹나요? 
#Person4#: 아니요, 수염용 드래곤은 잡식성이에요... 
#Person1#: 잡식성이요? 그게 정확히 어떻게 되죠? 
#Person2#: 네, 곤충, 채소, 잎사귀가 있는 식물과 줄기를 먹는 동물들이에요. 
#Person1#: 아, 그렇군요. 예를 들어 당근 같은 걸 먹는다는 말인가요? 네 
#Person2#: Bert 같은 어린 드래곤은 주로 하루 두 번 작은 귀뚜라미와 녹색 채소, 잘게 썬 야채를 먹일 수 있어요. 그리고 드래곤이 자라면서 채소와 야채의 양을 증가시킬 수 있어요. 그리고 뼈 성장을 도와주기 위해 채소와 곤충에 칼슘 보충제를 뿌릴 수도 있습니다. 
#Person1#: 물은 어떻게 해야 하나요? 어떤 필요가 있나요? 
#Person2#: 음, 수염용 드래곤은 전통적으로 건조한 지역에서 살아서 먹는 음식에서 자연적으로 대부분의 물을 섭취합니다. 그래서 물의 운반 역할을 하는 채소를 충분히 먹이도록 해야 해요. 또한 가끔씩 물병으로 스프레이를 해주거나 얕은 물그릇을 제공해 주십시오. 무엇을 하든, 우리를 건조하게 유지하는 것을 잊지 마세요. 그렇지 않으면 곰팡이와 박테리아가 자라 드래곤을 아프게 할 수 있습니다. 마지막으로 조명에 관해 언급했죠. 드래곤이 행복하고 건강하게 자라는 데 필요한 것은 어떤 건가요? 
#Person5#: 전 스펙트럼 빛과 쪼임 램프는 건강한 드래곤을 기르는 데 필수적이에요. 첫째로, 그들은 자외선 UV 전구에서 모의 햇빛을 받아야 해요... 
#Person1#: 그게 말씀하신 전 스펙트럼 빛인가요? 
#Person2#: 네, 빛을 흡수하는 것은 특정 비타민의 생산에 필수적이에요. 높은 체온을 유지하는 쪼임 빛도 소화 과정에 도움을 줘요. 
#Person1#: 쪼임 구역의 온도에 대해 말할 때는 어떤 온도를 뜻하나요? 
#Person2#: 약 90도에서 100도 사이입니다. 
#Person1#: 알겠어요, 그들은 자외선 차단제가 필요 없겠죠? 아니요 
#Person1#: 그렇다면, 제 드래곤을 수조에 넣어 창가에 두어도 괜찮나요? 
#Person2#: 음, 사실 일주일에 두세 번 정도 직접 햇빛이 드는 밖으로 데리고 나갈 수도 있습니다. 그러나 유리 수조에 두고 햇빛을 받게 하는 것은 직사광선이나 UV 전구를 대체할 수 없습니다. 유리는 필요한 햇빛을 여과하기 때문입니다. 
#Person1#: 와, 그런 애완동물을 기르는데 이처럼 많은 것들을 알아야 한다니 몰랐네요. 오늘 함께해주셔서 감사합니다, Joshua. 
#Person2#: 즐거웠습니다.","#Person1#은 Exotic Animal Kingdom 프로그램에서 Joshua를 맞이합니다. 수염용 드래곤은 호주의 사막에서 유래한 종으로, Joshua는 수염용 드래곤을 기르기 위해 필요한 준비물로 일종의 거처, 전 스펙트럼 형광등과 쪼임 램프, 가지와 바위, 물과 음식을 담을 그릇, 우리 바닥을 덮을 것이 필요하다고 설명합니다. 수염용 드래곤은 잡식성으로, 곤충, 채소, 잎들, 식물의 줄기를 먹습니다. 위생 유지를 위해 우리를 건조하게 유지해야 하며, 자외선 (UV) 전구의 모의 햇빛 및 섭씨 90도에서 100도로 설정된 쪼임 램프가 소화 과정에 필요합니다."
train.csv,이 프로그램,"#Person1#: 안녕하세요. 앉으세요, Mr. Johnson.
#Person2#: 감사합니다, 사모님.
#Person1#: 여기 당신의 편지를 읽어봤어요. 학교에서 잘 하신 것 같아요. 학교 공부에 대해 좀 말씀해 주시겠어요?
#Person2#: 보시다시피, 제가 가장 잘한 과목은 예술 과목이었어요. 가장 잘한 과목은 역사였고, 그 다음은 지리였어요. 그런데 제가 가장 좋아했던 과목은 수학이었고, 수학 시험에서 꽤 괜찮은 결과를 받았어요.
#Person1#: 맞아요. 이제, 왜 이 과목들이 당신이 이 일을 하는데 도움이 된다고 생각하는지 말씀해 주시겠어요?
#Person2#: 음, 사모님, 귀사는 컴퓨터를 제조하고 소프트웨어를 준비하며 고객들에게 사용법을 조언하신다고 들었어요. 맞나요?
#Person1#: 맞아요.
#Person2#: 그리고 제가 듣기엔 컴퓨터와 일하는 데는 수학적인 능력보다는 논리적인 사고가 더 필요하다고 들었어요. 특히, 프로그램을 작성할 때 그렇다고 믿어요. 그래서 제가 받은 결과가 논리와 수학에 대한 어느 정도 능력이 있음을 보여준다고 생각해요.
#Person1#: 그러면, 컴퓨터용 자료를 작성하고 싶으신 건가요?
#Person2#: 네, 사모님. 컴퓨터에서 제가 가장 흥미를 느끼는 부분이 프로그램 작성이에요. 하지만 컴퓨터 업계 자체가 엄청나게 확장되고 있는 것 같아요. 어떤 일을 하든 이 업계에서는 경력 전망이 아주 좋을 거라고 확신해요.
#Person1#: 알겠어요, 고맙습니다. 당신과의 대화를 즐겼어요. 편지로 연락 드릴게요.
#Person2#: 감사합니다, 사모님. 좋은 하루 되세요.","면접에서 Mr. Johnson은 #Person1#에게 자신의 학교 공부, 업무에 도움이 될 수 있는 능력, 그리고 컴퓨터 산업에 대한 관심을 이야기합니다."
train.csv,그 사람들,"#Person1#: 그러고 보니 김, 너 혹시 뭐 훔친 적 있어?
#Person2#: 훔친 적? 없어, 왜?
#Person1#: 우리 삼촌이 며칠 전에 오토바이를 도난당했어. 요즘 범죄자들이 얼마나 교묘한지 생각해봤거든.
#Person2#: 범죄자들이 교묘하다고? 사람들 방심할 때만 성공하는 거잖아.
#Person1#: 글쎄, 우리 삼촌 오토바이를 훔친 사람들은 꽤 대단하더라.
#Person2#: 삼촌이 경보 시스템을 달았으면 그런 일 없었을 텐데.
#Person1#: 달았지. 그것도 최고급이었어. 그런데 그걸 무력화시키더라고. 번화한 거리에서 말이야.
#Person2#: 아무도 막지 않았어?
#Person1#: 나도 사람들이 막을 줄 알았는데, 아는 사람 하나도 없더라. 도둑들은 트럭을 타고 와서 삼촌 오토바이는 불법 주차된 거라고 설득해서 견인해 간다고 했어.
#Person2#: 와, 그 사람들 대단하네. 범죄자들이 정말 교묘하네.
#Person1#: 그게 다가 아니야. 그 사람들은 너무 능숙해서 지나가는 사람한테도 오토바이를 트럭에 실어달라고 도와달라 했어.","#Person1#은 삼촌의 오토바이가 도난당했다고 김에게 전한다. 도둑들은 매우 교묘해서 오토바이가 불법 주차되었다고 주변 사람들을 설득했고, 심지어 지나가던 사람에게 오토바이를 트럭에 실어달라고 요청했다."
train.csv,그 사람들,"#Person1#: 제인, 학교 그만둔다고 들었어. 뭐 하고 싶어? 결정했어? 
#Person2#: 아직은 아니야. 근데 노래를 해볼까 생각 중이야. 
#Person1#: 무슨 특별한 이유가 있어? 
#Person2#: 응, 내가 노래를 잘하거든. 반 친구들 모두 그렇게 말해. 게다가 노래하는 게 꽤 재밌고, 많은 사람들을 만날 수 있어. 
#Person1#: 그 사람들도 즐겁게 해야겠네. 
#Person2#: 음, 그건 어떤 직업이든 마찬가지잖아? 
#Person1#: 부모님은 뭐라고 하셔? 
#Person2#: 부모님은 내 생각에 완전히 동의하지 않으셔. 그게 문제야. 
#Person1#: 다른 계획이라도 세워주신 거야? 
#Person2#: 응, 부모님은 내가 배우가 되길 원하셔서 예술 대학에 보내려고 하셔. 
#Person1#: 그럼 넌 어떻게 할 거야? 
#Person2#: 음...아직 결정 못 했어. 근데 결국엔 내가 하고 싶은 대로 할 거야.",제인은 노래를 잘하고 흥미로워서 해보고 싶다고 하지만 부모님은 배우가 되기를 원한다고 말한다. 아직 결정을 내리지 못했다.
train.csv,그 사람들,"#Person1#: 요즘 Sophia랑 잘 지내고 있는지 모르겠어. 요즘 대화는 해? 
#Person2#: 아니, 못했어. 요즘 점점 멀어지는 것 같아. 
#Person1#: 예전에 너희 둘은 항상 붙어 다녔잖아. 정말 서로 좋아하는 줄 알았는데. 
#Person2#: 맞아, 그런데 그녀가 새 직장에 가고 나서부터는 직장 동료들이랑만 어울려. 
#Person1#: 같이 어울릴 수는 없어? 
#Person2#: 할 순 있는데, 그 사람들 얘기 전부가 직장 얘기라서 나 혼자 있는 기분이야. 
#Person1#: 그럼 저녁에 불러서 너희 둘이서만 만나보는 건 어때? 
#Person2#: 몇 주 전에 그렇게 했는데, 직장 친구를 데려왔더라고! 요즘 너무 바빠서 같이 만나기 어려워. 
#Person1#: 그렇게 심각할까? 원래 너한테 좋은 친구였잖아. 
#Person2#: 맞아. 그 애는 내 뒤에서 나쁜 얘기하거나 그러진 않아. 하지만 이제 우리의 우정엔 별로 관심 없는 것 같아. 
#Person1#: 그냥 새 직장에 들떠 있는 상태일 거야. 시간을 좀 줘봐. 좋은 친구를 잃는 건 아쉽잖아. 
#Person2#: 난 충분히 시간을 줬어. 이제는 마음 정리했어. 
#Person1#: 그래도 다시 관계를 회복하려고 노력해보는 게 좋지 않을까? 
#Person2#: 난 각자의 길을 가야 할 때인 것 같아.","#Person1#이 #Person2#에게 Sophia와의 관계를 묻자, #Person2#는 Sophia가 직장 동료들과만 어울리며 그들이 멀어졌다고 말한다. #Person1#은 Sophia에게 시간을 주라고 조언하지만, #Person2#는 각자의 길을 갈 때가 되었다고 답한다."
train.csv,그 사람의,"#Person1#: 그 사람이 한 말이 헷갈려요.
#Person2#: 왜 그렇게 생각해요?
#Person1#: 그 사람의 의도가 뭔지 모르겠어요. 저를 도와주려는 건지, 아니면 혼내려는 건지.
#Person2#: 좀 더 생각해 보세요. 제 생각엔 그 사람이 좋은 의도를 가지고 있는 것 같아요.",#Person1#은 #Person2#에게 그 사람의 말 때문에 혼란스럽다고 이야기합니다.
train.csv,그 사람의,"#Person1#: 음성 메시지 설정 좀 도와줄 수 있어? 방금 가입했는데 메시지에 뭐라고 해야 할지 잘 모르겠어.
#Person2#: 물론이지! 누가 전화한 건지 알리고, 네가 다시 전화할 수 있도록 그 사람의 연락처를 남겨달라고 하면 돼.
#Person1#: 그래, 그럼 '이건 Abby의 음성 메시지입니다. 나중에 다시 전화할 테니 이름과 번호를 남겨주세요'라고 해도 될까?
#Person2#: 대략 그런 느낌인데, 좀 더 친근하게 해보는 게 어때?
#Person1#: 알겠어, 그럼 이렇게 할게. '안녕하세요, Abby입니다! 전화를 주셔서 정말 기뻐요. 최대한 빨리 다시 전화드릴 테니 이름과 번호를 남겨주세요. 곧 다시 통화해요!'.
#Person2#: 그건 조금 너무 친근한 것 같아, Abby. 그냥 이렇게 해봐, '안녕하세요, Abby입니다. 지금 전화를 받을 수 없습니다. 이름과 전화번호를 남겨주시면 가능한 빨리 연락드리겠습니다. 감사합니다'.
#Person1#: 완벽해! 다시 한 번 말해주고 녹음해줄래?",#Person2#는 #Person1#에게 음성 메시지 설정 방법을 안내합니다. #Person1#은 여러 버전을 시도한 끝에 #Person2#에게 녹음을 요청합니다.
train.csv,그 사람의,"#Person1#: 혹시 미스터 라이스 같은 사모 홍을 알아요?
#Person2#: 당연하죠. 지금 56세인데, 9살 때부터 에어로빅, 노래, 춤, 그리고 쿵푸를 배웠고, 140편의 쿵푸 영화에 출연했죠. 독립 프로듀서이자 감독이기도 해요.
#Person1#: 그 사람의 한 면만 아시는군요. 주방에서는 뭘 할 수 있는지 아세요?
#Person2#: 잘 모르겠는데요, 알려주세요.
#Person1#: 부인과 주방에 있을 때도 흥미진진한 쇼를 펼쳐요.
#Person2#: 그곳에서 뭘 한다는 건가요?
#Person1#: 빨리 감기로 채소를 써는 큰 요리사를 상상해보세요. 튀길 때 재료를 공중으로 던져서 후라이팬에 모두 받는 모습을 떠올려 보세요. 그의 요리 철학은 '순간을 즐겨라'예요. 그들이 어떻게 요리하는지 알고 싶다면, www.studioclassroom.com.tw에서 레시피를 확인하세요.",#Person1#이 사모 홍의 예를 들어 #Person2#에게 웹사이트를 소개하고 요리를 광고합니다.
train.csv,이 사람들,"#Person1#: 지금 저희와 함께하신 분은 Visionary Vehicles의 CEO, Malcolm Bricklin님입니다. 
#Person2#: 안녕하세요, 여러분. 
#Person1#: 최근 포드 모터 컴퍼니가 전국적으로 14개의 공장을 폐쇄하고, 최대 30,000개의 일자리를 줄인다는 소식을 들었습니다. 이제 더 이상 이 차를 생산하지 않게 되면 큰 문제가 생길까요, Malcolm님? 
#Person2#: 네, 큰 문제라고 생각해요. 이런 대기업들은 직접적이든 간접적이든 대규모 고용주인데요. 포드의 구조조정 이후를 보면, 실제로 87,000명의 직원을 보유하고 있는데, 이는 전 세계적으로 마이크로소프트의 두 배나 되는 수치죠. 또한, 이런 일자리들은 매우 높은 급여를 주는 일자리들이에요. 이 사람들은 자기 제품을 스스로 구매할 수 있을 만큼 급여를 받습니다. 
#Person1#: 그러니까, 이 일자리가 사라지면 우리 경제에 큰 타격이겠네요. 
#Person2#: 네, 미국에게는 정말로 슬픈 날입니다. 
#Person1#: 하지만 자동차 생산이 완전히 중단되는 건 아니죠? 
#Person2#: 맞습니다. 여전히 많은 수의 자동차가 미국 제조업체에 의해 생산되고 있습니다. 미국에서 판매되는 자동차의 절반 이상은 미국산이에요. 그래서 시장 점유율이 떨어지면서 외국 자동차 회사들이 들어와 공장을 인수하고 새 공장을 세우면서 그 생산능력을 가져가게 된 거죠. 그러니 30년 전보다 미국에서 생산되는 자동차가 줄어든 건 아니에요. 
#Person1#: 중국이 자동차 시장에 진입하는 것에 대해 물어볼게요. 그런 일이 생기면 미국의 일자리에 어떤 영향을 미칠까요? 
#Person2#: 지금까지 본 중국 자동차들은 그렇게 훌륭하지 않고, 세계 무대에서 큰 영향을 미칠 만한 브랜드가 아직 없는 것 같습니다.","Visionary Vehicles의 CEO, Malcolm Bricklin이 미국 자동차 제조업에 대한 질문에 답변했습니다. 그는 더 이상 자동차를 생산하지 않으면 미국 경제에 큰 타격이 될 것이라고 보며, 30년 전보다 미국에서 생산되는 자동차는 줄지 않았다고 진단합니다."
train.csv,이 사람들,"#Person1#: Sandy, 이 사람들한테 연락 좀 도와줄 수 있어?
#Person2#: 물론이지, 뭐라고 전해주길 원해?
#Person1#: 음, 그들의 수업 시간 확인 좀 해야 해.
#Person2#: 알겠어, 전화번호는 어디서 찾을 수 있어?
#Person1#: 여기 종이에 다 적혀 있어.
#Person2#: 집, 사무실, 휴대폰 중 어디 번호야?
#Person1#: 특별히 표시된 거 아니면 집 전화번호야.
#Person2#: 알겠어. 전화로 연락 안 되면 어떻게 하지?
#Person1#: 그럼 이메일로 정보를 보내야 해.
#Person2#: 이메일 주소는 어디서 찾을 수 있어?
#Person1#: 그들의 이력서에 적혀 있을 거야.
#Person2#: 이메일 주소가 없으면?
#Person1#: 그러면 핸드폰으로 문자 메시지 보내.
#Person2#: 알겠어. 그 정도면 쉬울 것 같아. 누구한테 전화했어?
#Person1#: 응, 목록에 있는 첫 세 사람한테 전화했는데 받지 않았어.
#Person2#: 음성 메시지 남겼어?
#Person1#: 한 명에게만 음성 메시지 남겼어, 첫 번째 사람한테.
#Person2#: 그렇구나. 그녀에게 뭐라고 했어?
#Person1#: 내가 사무실 번호로 다시 전화해 달라고 했어.
#Person2#: 알겠어, 그럼 그녀에게 다시 전화하는 게 좋겠네.
#Person1#: 응, 그게 좋은 생각이야. 그녀가 다른 메시지를 제때 못 받을 수도 있어.
#Person2#: 질문 하나 더 있어. 이 번호 중 일부는 원거리인 것 같아. 이 사람들에게 전화할 수 있게 전화 카드를 쓸 수 있어?
#Person1#: 물론이지. 이거 써. 카드 뒷면에 핀번호가 적혀 있어.
#Person2#: 알겠어. 고마워. 걱정 마. 내가 알아서 할게.
#Person1#: 잘했어. 주말에 쉴 테니 월요일에 봐.
#Person2#: 월요일에 봐.","#Person1#은 Sandy에게 몇몇 사람들에게 연락하여 수업 시간을 확인해 달라고 요청한다. #Person1#은 Sandy에게 종이에 적힌 번호는 대부분 집 전화번호라며, 이메일 주소를 찾지 못하면 문자 메시지를 보내라고 한다. #Person1#은 몇몇 사람에게 전화를 했지만, Sandy가 다시 전화할 수 있다고 생각한다. 또한, #Person1#은 Sandy에게 장거리 번호로 전화할 수 있도록 전화 카드의 핀 번호를 준다."
train.csv,이 사람들,"#Person1#: 여기 워싱턴 D.C.에서 시위가 벌어지고 있습니다. 저는 Action 5 뉴스의 기자 Sarah O'Connell입니다. 수천 명의 시민들이 자동차 제조업체에 대한 구제 금융안에 반대하여 시위를 벌이고 있습니다! 저기, 저기요, Sarah O'Connell, Action 5 뉴스입니다. 무슨 일이 일어나고 있는지 말씀해 주시겠어요?
#Person2#: 네, 맞아요. 우리는 이게 부당하다고 생각해서 여기 나온 거예요! 대기업의 금융 무책임을 끝내야 합니다! 우리는 정부에 우리 세금을 이렇게 쓰는 걸 좋아하지 않는다고 보여주려고 나왔어요!
#Person1#: 그런데 무엇이 사람들을 그렇게 화나게 하는 걸까요?
#Person2#: 정말로 억울한 일입니다, Sarah. 미국 정부가 자동차 산업에 세금 250억 달러를 주려고 해요. 이 회사들은 관리를 잘못해서 지금 거의 파산 상태예요.
#Person1#: 그렇군요. 하지만 구제 금융을 지지하는 사람들은 수백만 명의 근로자들의 일자리를 지킬 수 있다고 주장하기도 합니다.
#Person2#: 그럴 수도 있겠죠, 저도 누가 실직하는 것을 원하지 않아요. 그러나 이 CEO들이 수백만 달러를 벌면서 어떻게 구제 금융을 요구할 수 있나요? 그리고 그들은 개인 전용기로 워싱턴에 온다니까요! 이게 수십만 달러나 든다고요! 그런데 돈을 달라고 한다니, 이건 정말 말도 안 됩니다!
#Person1#: 좋은 지적이네요. 여기 워싱턴 D.C.의 Sarah O'Connell이었습니다. Tom, 다시 부탁해요.",Sarah는 워싱턴 D.C.에서 벌어지는 시위를 보도하고 있습니다. #Person2#는 대기업의 금융 무책임을 멈추기 위해 시위에 참여했다고 말합니다. 그는 정부가 세금을 잘못 사용하고 있다며 분노하고 있습니다.
train.csv,이 드레스,"#Person1#: 도와드릴까요?
#Person2#: 가죽 재킷을 사고 싶어요.
#Person1#: 사이즈는 어떻게 되세요?
#Person2#: 40 사이즈요.
#Person1#: 어떤 색을 원하세요?
#Person2#: 잠깐만요. 갈색이면 괜찮을까요?
#Person1#: 음, 갈색도 예쁘긴 한데, 검정색이 더 잘 어울릴 것 같아요.
#Person2#: 정말요? 그럼 그걸로 주세요.
#Person1#: 다른 건 필요 없으세요?
#Person2#: 이 드레스는 순수 실크로 만든 건가요?
#Person1#: 네, 그렇습니다. 굉장히 고급스러워요.
#Person2#: 세탁이 가능한가요?
#Person1#: 네, 가능한데 조심하셔야 해요.
#Person2#: 가격은 얼마죠?
#Person1#: 350 위안입니다.
#Person2#: 좋아요. 포장 좀 해주시겠어요?
#Person1#: 네, 여기 있습니다.",#Person2#는 #Person1#의 추천으로 가죽 재킷과 순수 실크로 만든 드레스를 구매합니다.
train.csv,이 드레스,"#Person1#: 이 드레스 마음에 드세요, 손님?
#Person2#: 색깔은 정말 마음에 드는데, 옷이 저한테 너무 작아요.
#Person1#: 이건 어때요? 정말 예쁜 드레스예요. 아주 세련됐거든요. 요즘 짧은 치마가 유행이에요. 입어보시겠어요?
#Person2#: 좋아요. 그런데 이 초록색 드레스도 저한테 너무 작네요. 파란색보다 더 작은 것 같아요. 색깔도 별로예요. 저한테 안 어울리는 것 같아요. 저는 파란색 드레스가 더 예쁜 것 같아요.
#Person1#: 아쉽게도 더 큰 드레스가 없네요. 이게 가게에서 제일 큰 드레스예요.",#Person1#은 #Person2#에게 여러 드레스를 추천하지만 모두 작아서 적합하지 않습니다. #Person1#은 더 큰 사이즈의 드레스를 가지고 있지 않습니다.
train.csv,이 드레스,"#Person1#: 저희 가게에 오신 것을 환영합니다. 이 드레스에 관심 있으신가요?
#Person2#: 네, 그런데 여름에 입기엔 좀 두꺼울까 봐 걱정돼요.
#Person1#: 걱정 마세요. 린넨 소재라서 시원하고, 품질도 정말 좋습니다. 젊은 여성들 사이에서도 인기 있는 제품이에요.
#Person2#: 얼마인가요?
#Person1#: 88위안입니다.
#Person2#: 네, 괜찮은 가격이네요. 이걸로 할게요.",#Person2#는 #Person1#의 가게에서 88위안에 린넨 드레스를 구입합니다.
train.csv,그 정도면,"#Person1#: 너 새로운 아이폰에 대해 들어봤어?
#Person2#: 응, 들었어. 6월에 나올 거라고 하던데. 너 살 생각 있어?
#Person1#: 사고 싶어. 그게 휴대폰, 카메라, 패드, MP3 플레이어가 다 합쳐져서 나오는 거라잖아.
#Person2#: 돈만 충분하면 사고 싶은데, 난 심지어 셔플 아이팟 하나 살 돈도 없네.
#Person1#: 셔플 아이팟은 얼마나 작아?
#Person2#: 1세대 아이팟 셔플은 껌 하나 크기쯤 되고, 2세대 아이팟 셔플은 그 반 크기야.
#Person1#: 몇 기가의 음악을 담을 수 있어?
#Person2#: 아마 1기가나 2기가일 거야. 기억이 잘 안 나네.
#Person1#: 가격은 얼마나 해?
#Person2#: 별로 안 비싸. 100달러 정도였던 것 같아.
#Person1#: 맞네, 그 정도면 괜찮네.
#Person2#: 너 아이팟 있어?
#Person1#: 처음 나왔을 때 생일 선물로 받았는데, 배터리 다 방전된 후로는 새거 안 샀어.
#Person2#: 왜 배터리만 새로 사서 쓰지 않았어?
#Person1#: 그게 아이팟의 문제 중 하나야. 아이팟 배터리가 평범한 것보다 오래 가긴 하지만, 배터리가 힘을 다하면 아이팟도 끝나버리잖아.",#Person1#은 새로운 아이폰을 사고 싶어한다. #Person2#는 #Person1#에게 셔플 아이팟에 대해 이야기한다. #Person1#은 아이팟을 가지고 있었지만 배터리가 방전되어 새로 사지 않았다.
train.csv,그 정도면,"#Person1#: 안녕하세요, 뭔가 막히신 것 같은데 도와드릴까요?
#Person2#: 그러니까, 여기 정보가 너무 많은데, 이 전단지를 전혀 못 알아보겠어요!
#Person1#: 아, 그렇군요. 혹시 무엇에 관심이 있으신가요?
#Person2#: 보험을 사는 게 나을지 저축 예금에 돈을 넣는 게 나을지 잘 모르겠어요.
#Person1#: 음, 그건 투자하실 금액에 따라 다르겠네요.
#Person2#: 한 10,000 RIB 정도 생각하고 있었어요.
#Person1#: 그 정도면 좋은 금액이에요! 자, 이 보험을 구매하시면, 매년 고정 수입으로 94.35 RIB를 받게 되실 거예요.
#Person2#: 저축 예금은요?
#Person1#: 저축 예금은 더 많이 받을 수도 있어요. 보세요, 만기일 예금의 경우, 20%의 세금을 떼더라도 1.58%의 이자율이 적용돼요. 그러니까 기술적으로는 더 많은 수익을 받을 수 있어요.
#Person2#: 와! 그게 더 좋네요.","#Person2#는 어떤 항목에 투자할지 고민하고 있습니다. #Person1#은 보험과 저축 예금의 이익을 계산하여, 저축 예금이 더 많은 수익을 줄 수 있음을 발견합니다."
train.csv,그 정도면,"#Person1#: 집 구하는 거 어떻게 돼가고 있어?
#Person2#: 잘 안 돼. 내가 원하는 가격대에 맞는 걸 아직 못 찾았어.
#Person1#: 얼마 정도 쓸 계획인데?
#Person2#: 한 달에 300파운드 정도밖에 못 써.
#Person1#: 그 정도면 셰어하는 아파트에서 방 하나 이상은 얻기 힘들 거야.
#Person2#: 진짜? 방 하나 때문에 그렇게 많은 돈을 내야 한다니.
#Person1#: 음, 런던에 살려면 그만큼의 가격을 지불해야 돼!
#Person2#: 룸메이트 필요로 하는 사람 없어? 
#Person1#: 직장에서 알아봐 줄게. 흡연자나 비흡연자 선호사항 있어?
#Person2#: 비흡연자면 좋겠지만, 구할 수 있는 걸로 해야지 뭐.
#Person1#: 계약은 얼마나 오래 하고 싶어?
#Person2#: 1년 정도는 계약할 수 있어. 그 이후에는 어떻게 될지 몰라.
#Person1#: 가구가 있는 집이야, 없는 집이야?
#Person2#: 가구가 없어서 가구가 있는 집이면 좋겠어.
#Person1#: 월세 외에 관리비도 더 내야 하는 것 알지?
#Person2#: 아니, 월세에 포함된다고 생각했어.
#Person1#: 보통 포함되지 않아서 한 달에 100파운드 정도 더 생각해야 해.
#Person2#: 그럼 내가 감당할 수 없을 것 같아.
#Person1#: 걱정 마. 청소나 아이 돌보기를 약속하면 할인을 해주는 사람도 있어.
#Person2#: 좋은 생각이야. 그런 방법을 좀 찾아봐야겠어.","#Person2#는 #Person1#에게 런던에서 월세로 300파운드 정도밖에 감당할 수 없다고 말합니다. #Person1#은 #Person2#에게 룸메이트를 찾는 데 도움을 줄 것입니다. 그들은 계약 기간, 가구 유무, 관리비, 할인 등에 대해 이야기합니다."
train.csv,그 이후에,"#Person1#: 집 구하는 거 어떻게 돼가고 있어?
#Person2#: 잘 안 돼. 내가 원하는 가격대에 맞는 걸 아직 못 찾았어.
#Person1#: 얼마 정도 쓸 계획인데?
#Person2#: 한 달에 300파운드 정도밖에 못 써.
#Person1#: 그 정도면 셰어하는 아파트에서 방 하나 이상은 얻기 힘들 거야.
#Person2#: 진짜? 방 하나 때문에 그렇게 많은 돈을 내야 한다니.
#Person1#: 음, 런던에 살려면 그만큼의 가격을 지불해야 돼!
#Person2#: 룸메이트 필요로 하는 사람 없어? 
#Person1#: 직장에서 알아봐 줄게. 흡연자나 비흡연자 선호사항 있어?
#Person2#: 비흡연자면 좋겠지만, 구할 수 있는 걸로 해야지 뭐.
#Person1#: 계약은 얼마나 오래 하고 싶어?
#Person2#: 1년 정도는 계약할 수 있어. 그 이후에는 어떻게 될지 몰라.
#Person1#: 가구가 있는 집이야, 없는 집이야?
#Person2#: 가구가 없어서 가구가 있는 집이면 좋겠어.
#Person1#: 월세 외에 관리비도 더 내야 하는 것 알지?
#Person2#: 아니, 월세에 포함된다고 생각했어.
#Person1#: 보통 포함되지 않아서 한 달에 100파운드 정도 더 생각해야 해.
#Person2#: 그럼 내가 감당할 수 없을 것 같아.
#Person1#: 걱정 마. 청소나 아이 돌보기를 약속하면 할인을 해주는 사람도 있어.
#Person2#: 좋은 생각이야. 그런 방법을 좀 찾아봐야겠어.","#Person2#는 #Person1#에게 런던에서 월세로 300파운드 정도밖에 감당할 수 없다고 말합니다. #Person1#은 #Person2#에게 룸메이트를 찾는 데 도움을 줄 것입니다. 그들은 계약 기간, 가구 유무, 관리비, 할인 등에 대해 이야기합니다."
train.csv,그 이후에,"#Person1#: 안녕하세요, 싱글룸 하나 예약하고 싶어요. 
#Person2#: 예약하셨나요? 
#Person1#: 아니요, 아쉽게도 예약은 안 했어요. 
#Person2#: 빈방이 있는지 확인해볼게요... 운이 좋으시네요. 싱글룸 하나 남아 있어요. 
#Person1#: 얼마예요? 
#Person2#: 하룻밤에 60달러입니다. 지역 전화나 TV 사용료는 따로 없고, 유료 채널만 별도 요금이에요. 
#Person1#: 좋아요, 그걸로 할게요. 
#Person2#: 여기 키입니다. 체크아웃 시간은 정오예요. 오후 6시까지 머물고 싶으시면 반나절 요금 추가되고, 그 이후에는 하루 요금 추가입니다. 
#Person1#: 알겠어요. 식당은 언제 열어요? 
#Person2#: 매일 아침 6시 30분부터 밤 10시까지 열어요. 
#Person1#: 알겠습니다. 방은 어느 쪽이에요? 
#Person2#: 저쪽 2층에 있어요. 
#Person1#: 고마워요.","#Person1#은 싱글룸을 원하고, #Person2#인 호텔 접수원은 #Person1#에게 방 요금과 식당 운영 시간을 안내합니다."
train.csv,그 이후에,"#Person1#: 안녕하세요, 미스. 
#Person2#: 안녕하세요. 어떻게 도와드릴까요? 
#Person1#: 네, 도서관 사용하는 방법을 알고 싶어요. 저는 여기 신입생이거든요. 
#Person2#: 책을 대출하려면 학생증만 있으면 돼요. 
#Person1#: 네. 여기 제 학생증이에요. 
#Person2#: 그거면 충분해요. 
#Person1#: 정말 감사합니다. 그런데, 책을 몇 권까지 대출할 수 있나요? 
#Person2#: 한 번에 두 권까지 대출할 수 있어요. 하지만 신문, 잡지, 정기간행물은 대출이 안 되고 도서관 내에서만 읽어야 해요. 
#Person1#: 책은 얼마나 보관할 수 있나요? 
#Person2#: 2주 간이에요. 그 이후에는 연장을 원하시면 갱신해야 해요. 
#Person1#: 물리학 책을 찾고 싶어요. 어디에 있는지 알려주실 수 있나요? 
#Person2#: 네, 왼쪽에 있어요.",#Person2#는 #Person1#에게 학생증으로 책을 대출할 수 있는 방법과 물리학 책을 찾을 수 있는 곳을 안내합니다.
train.csv,이 보고서,"#Person1#: 미스 리우, 들어오세요.
#Person2#: 무슨 일로 부르셨나요, 선생님?
#Person1#: 이 보고서를 복사해 주세요.
#Person2#: 네, 어떤 크기로 해야 하나요?
#Person1#: A4 용지로 하면 돼요.
#Person2#: 알겠습니다. 제본은 필요 없나요?
#Person1#: 네, 필요 없어요.
#Person2#: 알겠습니다.",#Person1#이 Miss Liu에게 A4 용지로 보고서를 복사해 달라고 요청합니다.
train.csv,이 보고서,"#Person1#: 아, Anna, 오늘 밤에 뭐 할 거야? 나가고 싶어?
#Person2#: 아, 미안해, 못 갈 것 같아. 오늘 밤에 늦게까지 일해야 해. 이 보고서 마무리해야 하거든.
#Person1#: 그럼 내일 밤은 어때? 그때는 시간 있어?
#Person2#: 내일은 괜찮아. 뭐 할 생각 있어?
#Person1#: 뮤지컬 보러 갈 거야. 같이 갈래?
#Person2#: 그래, 너무 좋아! 이번에는 내가 티켓 살게. 내 차례잖아.
#Person1#: 좋아! 고마워!",Anna는 오늘 밤 바빠서 내일 #Person1#과 함께 뮤지컬을 보러 가기로 했습니다.
train.csv,이 보고서,"#Person1#: 차나 커피 드실래요?
#Person2#: 아니요, 괜찮아요. 지금 너무 늦어서 차나 커피를 마시면 잠을 잘 못 잘 것 같아요.
#Person1#: 그럼 물이라도 드릴까요?
#Person2#: 네, 주세요.
#Person1#: 건강이 안 좋으니까 너무 늦게까지 일하지 마세요. 건강 조심해야 해요.
#Person2#: 알아요, 그런데 오늘 밤에 이 보고서를 끝내야 해요. 우리 매니저가 내일 아침 회의에서 이걸 사용하실 거예요.
#Person1#: 뭔가 도와드릴까요?
#Person2#: 아니요, 괜찮아요. 그냥 TV 소리만 조금 줄여주시면 좋겠어요. 너무 시끄럽지 않게.
#Person1#: 그럴게요. 보고서를 빨리 끝내고 좀 자길 바래요.
#Person2#: 걱정 말아요. 오랜 시간 걸리진 않을 거예요.",#Person2#는 보고서를 끝내야 하며 #Person1#는 도와주고 싶어 합니다. 하지만 #Person2#는 그저 TV 소리를 줄여달라고 할 뿐입니다.
train.csv,이 선생님,"#Person1#: 새로운 학기가 다가오는데, 어떤 아이들은 학교에 안 간다고 하던데, 그럼 학생들이 중도에 학업을 포기하는 건가요?
#Person2#: 아니요, 부모님이 선생님 역할을 하면서 집에서 배우는 거예요.
#Person1#: 아? 그러면 교재는 어디서 얻어요?
#Person2#: 교육 회사나 시립 도서관, 그리고 인터넷에서 구해요.
#Person1#: 그게 효과가 있어요?
#Person2#: 물론이죠. 홈스쿨링은 전통적인 학교의 문제를 피할 수 있고, 가족과 더 많은 시간을 보낼 수 있는 장점이 있어요. 16세 소년이 어머니에게 홈스쿨링을 받아서 19세기 수학 문제의 해법을 제시한 사례도 있잖아요.
#Person1#: 아, 혹시 우리도 홈스쿨링을 생각하는 거예요? 그런데 어떤 전문가들은 아이들이 사회성을 배우기 위해 학교에 가야 한다고 하잖아요.","#Person2#는 #Person1#에게 어떤 아이들이 부모님이 선생님이 되어 집에서 배우고 있다고 설명합니다. #Person2#는 홈스쿨링이 전통적인 학교의 문제를 피할 수 있고, 가족과 더 많은 시간을 보낼 수 있는 장점이 있다고 주장하지만, #Person1#은 사회성을 배우기 위해 학교가 필요하다고 의문을 표합니다."
train.csv,이 선생님,"#Person1#: 안녕하세요, 이 선생님. 제 이름은 Alex Jones입니다. 저는 이 사무실의 새로운 비서입니다.
#Person2#: 환영합니다. 반가워요. 오늘 오신다는 얘기 들었어요. 회사에서 오늘 첫날이신가요?
#Person1#: 네, 모두 만나고 새로운 일을 시작하는 것이 기대됩니다.
#Person2#: 첫날은 늘 설레죠, 그쵸? 여기, 책상을 보여드릴게요. 이 컴퓨터와 전화기를 사용하시면 되고 복사기는 저희 사무실에서 같이 쓰시면 돼요. 어떠세요?
#Person1#: 아주 좋아요. 이 모든 걸 해주셔서 감사합니다, 이 선생님.
#Person2#: 괜찮아요. 그리고 그냥 Betty라고 불러주세요.",Alex Jones가 비서로 새로 회사에 입사하여 Betty가 책상을 안내합니다.
train.csv,이 선생님,"#Person1#: 이 선생님 좀 바꿔주시겠어요?
#Person2#: 어떤 이 선생님을 찾으세요? 여긴 이 선생님이 두 분 계세요.
#Person1#: 아, 그래요? 수출 부서장인 이 선생님이요.
#Person2#: 아, 부서장님이시군요? 그럼 Michael Li 선생님입니다.
#Person1#: 정말인가요?
#Person2#: 죄송하지만, 이 선생님은 출장 중이세요.
#Person1#: 아, 그렇군요. 언제 돌아오시나요?
#Person2#: 다음 주 월요일에 돌아오실 거예요.
#Person1#: 알겠습니다. 그럼 월요일에 다시 전화하겠습니다.
#Person2#: 성함을 여쭤봐도 될까요?
#Person1#: Dorothy Preston입니다.
#Person2#: Dorothy Preston이시군요. 'y'가 포함된 Dorothy 맞으시죠?
#Person1#: 맞습니다.
#Person2#: 돌아오시면 이 선생님께 전화 주셨다고 전해드리겠습니다.
#Person1#: 감사합니다.",Dorothy Preston이 수출 부서장인 이 선생님과 통화하려 했으나 출장 중이셨습니다. #Person2#는 그가 돌아오면 전화 주셨다고 전해드리겠다고 했습니다.
train.csv,그 다음엔,"#Person1#: 우리 내일 밤에 나가자. 술집 가서 네 여자친구 좀 찾아보자.  
#Person2#: 아, 난 그런 거 별로야. 사람한테 다가가서 말을 거는 게 잘 안 되거든.  
#Person1#: 몇 가지 작업 멘트만 있으면 되잖아, 그걸로 분위기 깨보는 거지.  
#Person2#: 작업 멘트는 잘 안 통해!  
#Person1#: 에이! 그냥 가서 '너가 콧물이라면 제일 먼저 널 고르겠어'라고 해 봐.  
#Person2#: 뭐라고? 진짜 별로다! 여자애들이 그걸로 넘어갈 리 없잖아!  
#Person1#: 그래, 그럼 이건 어때? '드디어 찾았네! 내가 꿈꾸던 여자를!'라고 해.  
#Person2#: 그건 괜찮은 것 같은데! 꽤 웃기다.  
#Person1#: 그렇지, 그렇게 웃기게 하고, 좀 바보처럼 굴고, 그 다음엔 음료수 한 잔 사주는 거야.  
#Person2#: 그럼 이건 어때, '당신의 아름다움에 홀려서 저쪽 벽에 부딪힐 뻔했어요. 그러니 보험 목적으로 이름과 번호를 좀 주세요.'  
#Person1#: 좋네! 가자!","#Person1#이 #Person2#에게 술집에서 여자에게 말을 거는 법을 가르치기 위해 작업 멘트를 제안합니다. 처음에는 #Person2#이 작업 멘트가 잘 통할지 의심하지만, 결국 즐거운 분위기를 만들어 가기로 합니다."
train.csv,그 다음엔,"#Person1#: 저기요, 질문 좀 해도 될까요?
#Person2#: 물론이죠.
#Person1#: 저 광고 회사에 다니는데요, 연구를 좀 하고 있어요. 당신같은 사람들을 위한 새 잡지를 위해서요.
#Person2#: 저 같은 사람이라니요? 무슨 뜻이죠?
#Person1#: 25세에서 35세 사이의 사람들이요.
#Person2#: 아, 알겠습니다.
#Person1#: 주말에는 주로 뭐 하세요?
#Person2#: 음, 금요일에는 아내가 항상 운동 수업에 가고, 그 다음엔 친구들을 만나러 가요.
#Person1#: 밖에 안 나가세요?
#Person2#: 금요일엔 안 나가요. 금요일엔 절대 안 나가고 집에서 TV를 봅니다.
#Person1#: 토요일에는요?
#Person2#: 토요일에는 아내와 함께 언제나 항해하러 가요.
#Person1#: 정말요?
#Person2#: 네, 정말 좋아해요. 절대 안 빠져요. 그리고 저녁에는 외출하죠.
#Person1#: 어디로 가세요?
#Person2#: 여러 곳이에요. 때론 친구들을 만나고, 때론 영화관이나 레스토랑에도 가요. 하지만 토요일 저녁에는 항상 외출해요.
#Person1#: 그렇군요. 그럼 일요일에는요? 무슨 일이 있나요?
#Person2#: 특별한 건 없어요. 가끔 산책하고, 큰 일요일 점심을 제가 요리합니다.
#Person1#: 얼마나 자주 요리하세요?
#Person2#: 음, 주 2번에서 3번 정도요.
#Person1#: 정말 감사합니다. 이제 개인 정보를 좀 알려주시면 돼요. 성함과 직업 등등요. 성이 뭐죠?
#Person2#: Robinson이에요.",#Person1#이 잡지 연구를 위해 Robinson을 인터뷰합니다. Robinson은 금요일에 아내가 운동 수업에 가고 친구들을 만나는 동안 집에서 TV를 본다고 합니다. 토요일에는 아내와 함께 항해를 즐기고 저녁에 외출합니다. 일요일에는 산책을 하고 일요일 점심을 요리합니다.
train.csv,그 다음엔,"#Person1#: 요즘 대학교 찾기는 잘 되고 있어?
#Person2#: 머리가 너무 아파. 뭘 하고 싶은지도 모르겠어.
#Person1#: 넌 음악 공부하고 싶지 않아? 쉽게 골라야 하는 거 아닌가?
#Person2#: 그래야 하는데, 선택지가 너무 많아. 성적이 좋아서 선택할 수 있는 학교가 많은데 그 다음엔...
#Person1#: 알겠어. 도시냐 시골이냐, 큰 학교냐 작은 학교냐, 공립이냐 사립이냐 같은 결정도 해야 하잖아.
#Person2#: 맞아, 너도 이해하네. 부모님이 자꾸 나보고 가톨릭 대학 가라고 압박하셔. 두 분 모두 그 학교 나오셔서 좋은 교육이랑 좋은 규율을 동시에 가질 수 있다고 생각하시거든. 그리고 등록금도 싼 편이래.
#Person1#: 그렇구나. 학교 상담 선생님하고 꼭 얘기해봐. 보통 좋은 조언을 해주시고 좋은 방향으로 이끌어 주셔. 나한테도 정보 좀 주셨는데 다음 주에 추천해 준 대학들 둘러보러 갈 거야.
#Person2#: 정보 고마워. 너도 대학교 찾기 잘 되길 바래.",#Person2#는 선택지가 많아 어떤 대학을 선택해야 할지 고민하고 있다. #Person1#은 #Person2#에게 학교 상담 교사와 상담하라고 제안한다.
train.csv,이 초콜릿,"#Person1#: 존슨 씨, 만나 주셔서 반가워요. 이렇게 멋진 장소에서 대화할 수 있어서 좋네요. 분위기가 참 좋습니다! 
#Person2#: 괜찮아요. 가능한 한 비즈니스와 즐거움을 함께하고 싶거든요. 그럼, 당신이 제공하시는 초콜릿에 대해 더 듣고 싶어요. 
#Person1#: 아시다시피, 제가 최근에 미국에서 그레인저의 고메 봉봉의 단독 유통업자가 되었어요. 새로운 제조사이고 고급 시장에 진출하려고 합니다. 그래서 자연스럽게 당신의 레스토랑이 떠올랐어요. 당신의 브랜드는 그레인저와 많은 공통점을 가지고 있다고 생각해요. 이 초콜릿을 제공하면 우아하고 럭셔리한 식사를 제공하는 당신의 명성이 더 높아질 거예요. 
#Person2#: 음, 흥미롭네요. 고메 초콜릿이라니, 어디서 생산되나요? 벨기에인가요? 
#Person1#: 사실, 공장은 스코틀랜드에 있어요. 
#Person2#: 정말요? 스코틀랜드가 고급 초콜릿 생산지로 유명하진 않은 것 같은데요... 
#Person1#: 그게 바로 이번 기회를 환상적으로 만드는 이유예요! 정부에서 새로운 수출 시장 창출을 전폭적으로 지원하고 있고, 천 개 이상 대량 주문에 대해 낮은 관세를 보장해요. 통관 절차도 간소화되었어요. 여기, 특별히 가져온 초콜릿이니 한번 드셔보세요! 
#Person2#: 아, 고마워요. 음, 부드러운 질감에 아주 매끈하네요. 
#Person1#: 독특하죠? 이런 맛은 정말 처음이실 거예요. 품질을 항상 보증합니다. 제가 직접 공장을 방문해서 재료에 아무 문제가 없는지 확인하거든요. 최고품만 검사에 통과하게 돼요. 
#Person2#: 네, 아주 흥미로운 맛이네요. 살짝 매콤하기도 하고, 정말 독특해요. 정확히 어떤 재료들이 들어가나요? 
#Person1#: 가장 신뢰할 수 있는 정보에 따르면 이 전통 비법은 그레인저 가문에서 대대로 전해져 온다고 해요. 비밀을 지켜줄 거라 믿어요. 버터밀크, 카카오 빈, 설탕, 그리고 해기스가 들어갑니다. 
#Person2#: 해기스요? 해기스가 뭐죠? 
#Person1#: 스코틀랜드 전통 별미예요. 양의 간, 심장, 폐를 양의 위에 넣어 만드는 음식이죠.","존슨 씨는 #Person2#을 만나 스코틀랜드에서 생산된 저관세 혜택과 독특한 맛을 가진 고급 초콜릿을 제안합니다. 이 초콜릿의 재료는 버터밀크, 카카오 빈, 설탕 그리고 스코틀랜드 전통 음식인 해기스입니다. 스코틀랜드 정부는 새로운 수출 시장 창출을 지원하고 있습니다."
train.csv,이 초콜릿,"#Person1#: 뭐 보고 있어, 잭?
#Person2#: 부모닷컴이라는 사이트에서 재미있는 설문조사를 했어.
#Person1#: 무슨 내용인데? 부모와 자식 관계에 대한 거야?
#Person2#: 아니, 어머니날 최고의 선물을 찾는 설문조사야.
#Person1#: 그 결과는 어때?
#Person2#: 가족과 함께하는 시간을 선택한 사람들이 초콜릿이나 꽃을 선택한 사람들보다 63%나 많대.
#Person1#: 그거 돈 절약하는 방법이라서 웃는 거야?",잭은 인터넷에서 어머니날 최고의 선물에 대한 설문조사 결과를 보고 있다.
train.csv,이 초콜릿,"#Person1#: 만나주셔서 감사합니다, Johnson 씨. 오늘 우리의 만남을 위한 분위기가 정말 좋네요! 
#Person2#: 괜찮습니다. 가능하다면 항상 사업과 즐거움을 겸하죠. 이제 당신이 제안하는 초콜릿에 대해 더 들어보죠. 
#Person1#: 음, 아시다시피 저는 미국에서 Grangers Gourmet Bon-bons의 독점 유통업자가 되었습니다. 이들은 새로 시장에 나온 제조업체로 고급시장을 목표로 하고 있습니다. 자연스레, 귀하의 레스토랑이 생각났습니다. 귀하의 브랜드는 Grangers와 많은 공통점을 가지고 있으며, 이 초콜릿을 제공하면 고급스러운 일류 식사를 제공한다는 명성에 큰 도움이 될 것입니다. 
#Person2#: 음, 흥미롭군요... 고급 초콜릿이라니, 어디서 생산되나요? 벨기에인가요? 
#Person1#: 사실, 공장은 스코틀랜드에 있습니다. 
#Person2#: 정말요? 스코틀랜드가 고급 초콜릿으로 유명하지는 않던데요. 
#Person1#: 그래서 이 기회가 더 특별하죠! 정부가 수출 시장을 창출하는 것을 전폭적으로 지원하고 있으며, 대량 주문 시 낮은 관세 혜택을 제공합니다. 또 세관 절차도 간소화했어요. 여기, 특별히 가져왔으니 하나 드셔보세요! 
#Person2#: 아, 감사합니다. 음, 크리미하고 정말 부드럽네요... 
#Person1#: 독특하지 않나요? 전에 이런 맛은 경험해보지 못했을 겁니다. 저는 직접 공장을 방문해서 재료에 속임수가 없는지 확인합니다. 오직 최고만이 검사를 통과합니다. 
#Person2#: 네, 아주 독특한 맛이네요... 약간 매콤하고, 정말 독특합니다. 어떤 재료들이 들어있나요? 
#Person1#: Granger 가문에서 대대로 내려온 비밀 전통 레시피입니다. 기밀은 유지해야죠. 버터밀크, 카카오빈, 설탕, 그리고 해기스가 들어갑니다. 
#Person2#: 해기스요? 해기스가 뭐죠? 
#Person1#: 전통적인 스코틀랜드 별미로, 양의 간, 심장, 폐를 양의 위에 넣어 만드는 요리입니다. 
#Person2#: 아, 다시 연락드릴게요. 
#Person1#: Johnson 씨? Johnson 씨?","#Person1#은 Grangers Gourmet Bon-bons의 독점 유통업자로, 이 회사의 초콜릿을 #Person2#의 레스토랑에 제공하여 고급스러운 이미지에 기여할 것을 제안합니다. 이 초콜릿은 스코틀랜드에서 생산되는데, #Person2#은 이를 맛보고 재료를 궁금해합니다. 해기스가 포함되어 있다는 말을 듣고 #Person2#은 추후에 다시 연락하기로 합니다."
train.csv,그 표지판,"#Person1#: 어디에 주차할 수 있는지 알려줄 수 있어요?
#Person2#: 오토바이 타세요, 자동차 타세요?
#Person1#: 자동차 타요.
#Person2#: 좋아요. 학생 주차장이나 길가에 주차할 수 있어요. 그런데 장애인 주차구역 아시죠?
#Person1#: 네, 그곳 본 적 있어요.
#Person2#: 네, 파란색 장애인 로고가 있는 주차구역은 특별한 허가증이 없으면 주차하면 안 돼요. 주차는 낮에 할 건가요, 아니면 저녁에 할 건가요?
#Person1#: 저녁에 주차해요.
#Person2#: 그러면 도로 표지판의 시간 제한도 아셔야 해요. 그 표지판 본 적 있으세요?
#Person1#: 네, 그 표지판 본 적 있어요.
#Person2#: 표지판은 항상 얼마나 오래 주차할 수 있는지, 어떤 요일에 가능한지 알려줘요. 연석 색깔 의미 아세요?
#Person1#: 네, 연석 색깔이 뭘 의미하는지 알아요.
#Person2#: 네, 빨간색은 주차 금지, 하얀색은 적재 및 하역 공간을 의미하는 것만 확실히 알면 필요한 건 다 아신 것 같아요.","#Person2#는 #Person1#에게 저녁에 자동차를 주차할 수 있는 장소와 시기에 대해 설명하며, 거리 표지판의 시간 제한과 연석 색깔에 주의하라고 상기시킵니다."
train.csv,그 표지판,"#Person1#: 어디에 주차할 수 있는지 알려줄 수 있어요?
#Person2#: 오토바이를 운전하시나요, 아니면 자동차를 운전하시나요?
#Person1#: 자동차를 운전해요.
#Person2#: 좋아요. 학생 주차장이나 도로에 주차하시면 돼요. 장애인 주차 공간이 뭔지 아시나요?
#Person1#: 네, 그 자리 본 적 있어요.
#Person2#: 그렇다면, 푸른색의 장애인 로고가 있는 장소는 특별 허가증이 없으면 주차하시면 안 돼요. 주차는 주로 낮에 하시나요, 아니면 저녁에 하시나요?
#Person1#: 저녁에 주차해요.
#Person2#: 그러면 도로 표지판에 있는 시간 제한도 주의해야 해요. 그 표지판 본 적 있나요?
#Person1#: 네, 표지판 봤어요.
#Person2#: 표지판에는 항상 얼마나 오래 주차할 수 있는지, 어떤 날 주차 가능한지가 나와 있어요. 연석 색깔 읽는 방법도 아시나요?
#Person1#: 네, 연석 색깔이 무엇을 의미하는지 알아요.
#Person2#: 그렇다면, 빨간색은 주차 금지이고 흰색은 짐 싣고 내리는 곳이라는 것만 아시면, 필요한 건 다 아시네요.",#Person2#가 #Person1#에게 자동차 주차 장소와 주의해야 할 주차 규정을 안내합니다.
train.csv,그 표지판,"#Person1#: 어디에 주차해야 할까요?
#Person2#: 차나 오토바이를 타세요?
#Person1#: 스쿠터를 타고 다녀요.
#Person2#: 그럼, 학생 주차장이나 도로에 주차할 수 있어요. 장애인 주차 공간은 알고 계세요?
#Person1#: 아니요, 아직 못 봤어요.
#Person2#: 휠체어 마크가 파란색으로 표시된 공간은 장애인 허가증이 없으면 주차할 수 없다는 뜻이에요. 주로 낮에 주차하실 건가요, 아니면 밤에요?
#Person1#: 주로 낮에 주차해요.
#Person2#: 시간 제한이 있는 도로 표지판에 주의하세요. 그 표지판들은 봤나요?
#Person1#: 아니요, 아직 표지판은 못 봤어요.
#Person2#: 시간 제한과 주차 가능한 요일을 알리는 표지판에 주의하세요. 커브 색의 의미는 아세요?
#Person1#: 아니요, 모르겠어요.
#Person2#: 빨간색은 절대 주차 금지를 의미하고, 흰색은 짐 적재 및 하역만 가능하다는 뜻이에요. 잘 하실 거예요!","#Person2#는 #Person1#에게 어디에 주차할 수 있는지와 주차 시간 제한에 대해 설명하고, 커브 색상의 의미도 알려줍니다."
train.csv,이 지역의,"#Person1#: 음, 이 지역의 주요 산업은 철강과 제지 가공이었던 것 같아요.
#Person2#: 네, 그런데 지금 그 산업들이 어떤 상태인지 잘 모르겠어요. 조금 설명해 주실 수 있나요?
#Person1#: 네, 물론이죠. 사실 중요성은 줄었어도 철강 관련 제조업은 여전히 전체 산업 활동의 44%를 차지하고 있어요. 그래서 여전히 매우 중요해요. 스페인의 공작 기계 중 80%가 바스크 지방에서 생산된다는 사실도 있어요. 제지 가공은 여전히 일부 있지만, 예전만큼은 활발하지 않아요. 이해되세요?
#Person2#: 네, 감사합니다.
#Person1#: 이제 제가 말한 것처럼, 그 지역엔 실업 문제와 지리적 문제도 많아요.
#Person2#: 미안해요, Victoria. 지리적 문제는 어떤 것인가요?
#Person1#: 음, 그 지역이 상당히 언덕이 많고 산악 지대가 많다는 거예요. 그래서 예전에는 교통 문제가 있었지만, 지금은 새로운 철도 연결과 더 나은 도로가 생겼어요. 하지만 여전히 내륙의 작은 도시들은 연결이 잘 안 될 수 있어요. 괜찮나요, 이해되세요? 우리가 공장의 구체적인 위치 제안을 다룰 때, 이 문제를 자세히 다룰 테니 나중에 이 질문을 다시 하세요, 알겠죠?
#Person2#: 네, 알겠습니다.
#Person1#: 이제 그 지역의 노동력과 교육 수준에 대해 말하려고 했어요. 전반적으로 매우 좋고 개선되고 있어요.",#Person2#가 Victoria에게 철강과 제지 가공의 상태 및 지리적 문제에 대해 묻습니다. Victoria는 이에 대해 설명하고 계속해서 이야기를 진행합니다.
train.csv,이 지역의,"#Person1#: 수잔, 이번 주말에 저희 집들이에 당신과 프랭크를 초대하고 싶어요.
#Person2#: 집들이요?
#Person1#: 네, 데보라와 저는 이제 우드론에 새 집으로 이사할 거예요.
#Person2#: 축하해요! 정말 멋지네요. 두 분 다 정말 기쁘시겠어요.
#Person1#: 네, 우리 둘 다 내 집을 갖는 게 꿈이었는데, 이 지역의 부동산 가격이 정말 비싸요.
#Person2#: 맞아요. 그래서 크리스토퍼와 저는 도시에서 좀 떨어진 작은 동네를 찾아보려고 해요.
#Person1#: 좋은 생각이에요. 근처에 일자리를 찾을 수 있으면 좋겠네요.
#Person2#: 맞아요. 그래서 크리스토퍼는 이미 메인이나 위스콘신에서 일자리를 찾고 있어요.",#Person1#은 수잔에게 새 집을 산 기념으로 집들이에 초대했습니다. 그들은 그 지역의 집값이 비싸다고 생각합니다.
train.csv,이 지역의,"#Person1#: 이 신문 기사 좀 봐, 이 지역의 유명한 점술가에 대한 기사야. 그녀가 정말 뛰어난 능력을 가지고 있어서 지금 엄청 인기가 많고, 앞으로 1년간 예약이 꽉 찼대! 
#Person2#: 너 정말 그런 점술 같은 거 믿는 거야? 
#Person1#: 음, 내 친구들 여러 명이 점집에 가서 손금도 보고 왔는데 점술가가 말한 것 중에 대부분이 실제로 맞았대! 
#Person2#: 당연히 그렇겠지! 사람들이 성공할 거나 큰 집을 가질 거라는 식으로 일반적이고 명백한 이야기만 하거든. 난 대부분의 경우 사기꾼이라고 생각해. 
#Person1#: 글쎄, 역사적으로 많은 문화에서 이런 점술을 공유했어. 타로 카드도 보고, 동양에서는 찻잎도 봤지! 들은 바에 따르면 어떤 사람들은 시가를 피운 다음 재를 읽기도 한대. 
#Person2#: 다 미신이야! 그래도 재미로 한번 가서 뭐라고 하나 들어보고 싶긴 해.","#Person1#과 #Person2#는 점술사에 대해 이야기하고 있습니다. #Person1#은 점술을 약간 믿는 반면, #Person2#는 대부분의 점술을 사기라고 생각합니다."
train.csv,이 스타일,"#Person1#: 어떻게 도와드릴까요, 마담?
#Person2#: 네, 남편에게 줄 스웨터를 사고 싶어요. 어떤 스타일이 최신인가요?
#Person1#: 여기 있는 것들이 모두 최신 패션입니다. 이 흰색 터틀넥은 어떠세요?
#Person2#: 이 스타일 마음에 들어요. 그런데 다른 색상도 있나요? 이 색은 남편 피부에 잘 안 어울릴 것 같아요.
#Person1#: 회색도 있습니다.
#Person2#: 좋아요! 이걸로 할게요. 그리고 이 스웨터에 어울리는 바지도 추천해 주시겠어요?
#Person1#: 물론이죠. 이 청바지가 스웨터에 잘 어울릴 것 같네요.
#Person2#: 한번 볼게요. 네, 정말 잘 어울리네요!",#Person2#는 #Person1#의 추천에 따라 남편을 위해 회색 스웨터와 청바지를 구입합니다.
train.csv,이 스타일,"#Person1#: 음, 이 스타일은 제 취향이 좀 아닌데, 요즘 유행하는 정장 있나요?
#Person2#: 이건 어떠세요? 최신 스타일이고 캐시미어로 만들어졌어요.
#Person1#: 입어볼 수 있을까요?
#Person2#: 물론이죠.
#Person1#: 훨씬 낫네요. 가격은 얼마인가요?",#Person2#는 #Person1#에게 최신 스타일의 캐시미어 정장을 추천합니다.
train.csv,이 스타일,"#Person1#: 자, 어떻게 생각해? 
#Person2#: 좀 밝지 않아? 
#Person1#: 맞아, 그럴 수도 있어. 이 옷은 어때? 
#Person2#: 이 드레스는 너한테 정말 잘 어울리는데, 실용적이진 않지? 
#Person1#: 응, 당장 격식을 차리는 무도회에 갈 계획은 없지만, 이 스타일이 마음에 들어. 그냥 입어보고 싶었어! 이건 어때? 캐주얼하면서도 세련된 느낌이잖아. 
#Person2#: 청바지는 괜찮은데 위에 입을 게 좀 더 필요할 것 같아. 혼자서는 너무 단순해. 
#Person1#: 이 스카프, 이 귀걸이, 그리고 발목 장신구는 어때? 
#Person2#: 그건 좀 과할 수도 있어. 스카프랑 팔찌만 하는 건 어때? 
#Person1#: 정말 좋은 생각이야. 너는 진짜 감각이 좋아. 
#Person2#: 고마워. 너도 혼자서 잘할 수 있어. 패션 재앙인 사람들은 많지만, 너는 아니야. 입어 봤어? 
#Person1#: 응. 여기 있어. 어때 보여? 
#Person2#: 멋져. 한 가지 더 추가하자면, 그 청바지에 하이힐이 필요해. 일반 패턴이나 표범 무늬 있는 걸로 원해? 
#Person1#: 표범 무늬가 꽤 멋질 것 같아. 브랜드 제품이야? 
#Person2#: 아니, 프라다 짝퉁인데 진짜 가격의 1/10이야. 
#Person1#: 그게 진짜보다 더 좋네. 
#Person2#: 내가 너라면 지금 세일할 때 사겠어. 100달러를 쓰면 옷을 더 살 수 있는 50달러 바우처도 줘. 
#Person1#: 아, 어제 쇼핑 다 한 게 아쉽네!",#Person2#는 여러 종류의 옷을 시도해보고 #Person1#에게 의견을 구합니다. 두 사람은 파격적인 할인 판매를 놓친 것에 아쉬움을 느낍니다.
train.csv,이 서비스,"#Person1#: 음성 메시지 설정하는 거 도와줄 수 있어? 나 이 서비스 방금 가입했고 뭐라고 해야 할지 잘 모르겠어.
#Person2#: 물론이지! 그냥 간단히 전화한 사람이 누구에게 전화했는지 알려주고, 다시 전화 드릴 수 있게 연락처를 남겨달라 하면 돼.
#Person1#: 아, 그럼 이렇게 말해도 될까? '여기는 #Person1#의 음성 메시지입니다. 나중에 전화 드릴 테니 이름과 번호 남겨주세요'.
#Person2#: 뭐, 그 정도도 괜찮지만 좀 더 친근하게 해보면 어떨까?
#Person1#: 음, 그럼 이렇게 해볼까, '안녕하세요, #Person1#입니다. 연락 주셔서 정말 기뻐요! 빨리 연락드릴 테니 이름과 번호를 남겨주세요. 곧 연락할게요!'.
#Person2#: 좀 너무 친근한 것 같아, #Person1#. 그냥 이렇게 하면 돼, '안녕하세요, #Person1#의 전화입니다. 지금 전화를 받을 수 없지만, 이름과 전화번호를 남겨주시면 가능한 한 빨리 연락드리겠습니다. 감사합니다'.
#Person1#: 완벽해! 다시 한 번 말해주고 녹음해줄 수 있어?","Abby가 음성 메시지 설정을 위해 #Person2#의 도움을 받으며, 통화 내용과 연락처 남김에 대한 조언을 받는다."
train.csv,이 서비스,"#Person1#: 안녕하세요, 우리 은행에 오신 걸 환영합니다. 오늘 어떻게 도와드릴까요?
#Person2#: 예치금에 대해 좀 상담받고 싶어요.
#Person1#: 무슨 문제 있으신가요?
#Person2#: 아, 문제는 없고요. 그 중 하나의 기한이 다가와서 어떻게 해야 할지 고민 중이에요.
#Person1#: 알겠습니다. 두 가지 선택이 있어요. 갱신하거나 출금하실 수 있는데, 어떻게 하시겠어요?
#Person2#: 음... 지금까지 서비스가 만족스러웠으니까 갱신하고 싶어요.
#Person1#: 문제없어요. 그런데 새로 도입된 '만기 시 자동 갱신 서비스'에 대해 말씀드릴게요.
#Person2#: 네...
#Person1#: 이 서비스는 갱신이 필요할 때 저희가 자동으로 처리해드리는 거예요. 더 이상 방문하실 필요 없이, 여기 서명만 해주시면 저희가 다 처리하겠습니다.
#Person2#: 정말 딱이네요. 저는 시내에서 좀 멀리 살아서 오는 게 번거롭거든요.","#Person2#는 예치금을 갱신하기로 결정하고, #Person1#은 새로운 자동 갱신 서비스를 소개하여 #Person2#의 만족을 이끕니다."
train.csv,이 서비스,"#Person1#: 이것은 관리의 중앙화를 통해 자금 효율성도 높여줍니다. 이 서비스를 매우 만족스럽게 이용하는 여러 회사들의 추천서도 있습니다. 
#Person2#: 네, 확실히 그럴 것 같아요. 정말 훌륭한 서비스인 것 같아요. 
#Person1#: 요즘 많은 회사들이 그룹 계좌 관리를 걱정하고 있습니다. 귀사의 요구 사항이 우리 그룹 계좌 예치 서비스 기준에 부합한다면, 적극 추천드립니다. 
#Person2#: 완벽한 것 같네요. 
#Person1#: 우리가 논의한 모든 사항이 자세히 나와 있는 전단지입니다. 
#Person2#: 추천서도 볼 수 있을까요? 다른 회사들이 이 서비스에 대해 어떻게 생각하는지 정말 궁금합니다.",#Person1#은 #Person2#에게 그룹 계좌 관리 서비스를 소개하고 적극 추천합니다. #Person2#는 다른 회사들의 추천서를 보고 싶어합니다.
train.csv,이 정도면,"#Person1#: 안녕, Jane. 들어와. 
#Person2#: 안녕하세요. 혹시 아직 같이 살 룸메이트를 찾고 계신지 궁금해서 왔어요. 
#Person1#: 맞아요. 제가 집을 좀 보여드릴게요. 여기가 거실이에요. 
#Person2#: 오, 카펫은 새로 교체해야 할 것 같아요. 그리고 저 얼룩들은요? 
#Person1#: 음, 전에 같이 살던 사람들 때문에 조금 문제가 있었어요. 청소가 필요한 건 알지만 지금은 돈이 없어서 못 하고 있어요. 
#Person2#: 아, 그렇군요. 부엌은 어떤가요? 
#Person1#: 이쪽으로 와 보세요. 최신 가전제품으로 완비되어 있는데요, 다만... 
#Person2#: 네, 뭐죠? 
#Person1#: 냉장고 문이 좀 부서져서 완전히 닫히지 않아요. 고쳐야 하는데 걱정하지 마세요. 박스를 대 놓아 닫히게 해 두었어요. 
#Person2#: 음, 알겠어요. 
#Person1#: 그렇게 나쁘진 않아요. 
#Person2#: 음, 화장실은 어떻죠? 
#Person1#: 음... 
#Person2#: 됐어요, 이미 충분히 본 것 같아요. 이런 환경에서 어떻게 지내셨는지 믿을 수가 없네요. 
#Person1#: 한 달에 450달러로 이 정도면 괜찮지 않나요? 문제들이 있지만, 고쳐 나가면 되잖아요. 
#Person2#: 알겠어요. 감사합니다. 이미 충분히 본 것 같아요.","Jane이 #Person1#의 집을 방문하여 룸메이트로 함께 살 수 있을지 알아봅니다. #Person1#은 집을 설명하지만, Jane은 집 상태가 좋지 않아 만족하지 않습니다."
train.csv,이 정도면,"#Person1#: 영어 언어 센터입니다. 무엇을 도와드릴까요? 
#Person2#: 네, 프로그램 정보가 궁금해서 전화 드렸습니다. 어떤 코스를 제공하시나요? 
#Person1#: 저희 프로그램은 이 지역에 언어 학습 기회를 제공하는 것이 목표입니다. 학생의 목표가 직장에서 필요한 기본적인 기능적 언어를 익히는 것이든, 미국 대학에 입학하기 위한 집중적인 학습이든 상관없습니다. 
#Person2#: 알겠습니다. 미국 대학 입학에 관심 있는 친구를 대신해서 전화드립니다. 
#Person1#: 저희는 기본 의사소통 코스부터 컴퓨터 문해 능력, 문화 간 의사소통, 비즈니스 영어와 같은 콘텐츠 기반 수업을 제공합니다. 
#Person2#: 좋네요. 다음 학기의 지원 마감일은 언제인가요? 
#Person1#: 학기 시작 2개월 전까지 지원해 주셔야 합니다. 그래야 신청서를 처리하고 학생의 I-20를 발행할 수 있습니다. 
#Person2#: I-20가 무엇인가요? 
#Person1#: I-20는 저희 프로그램에서 공부할 수 있는 허가를 받은 것을 나타내는 서식입니다. 이 서식을 가지고 학생은 자국의 미국 대사관에서 F-1 학생 비자를 신청할 수 있습니다. 
#Person2#: 알겠습니다. 정규 학생의 학비는 얼마인가요? 
#Person1#: 2,030달러입니다. 
#Person2#: 어떻게 신청하나요? 
#Person1#: 저희가 신청서를 보내드리면 우편으로 보내시거나 웹사이트에서 온라인으로 작성하실 수 있습니다. 
#Person2#: 신청서 외에 보내야 할 자료가 있나요? 
#Person1#: 네, 35달러의 환불 불가 신청비, 학생을 재정적으로 지원할 후원자 양식, 연간 학비와 생활비를 충당할 충분한 자금이 있다는 은행 명세서를 보내주셔야 합니다. 
#Person2#: 그 자료들은 어떻게 보내나요? 
#Person1#: 우편으로 신청서 패킷을 보내시거나 팩스로 보내실 수 있습니다. 
#Person2#: 신청비는 어떻게 내나요? 
#Person1#: 우편환, 여행자 수표, 신용카드를 받습니다. 
#Person2#: 알겠습니다. 이 정도면 될 것 같습니다. 
#Person1#: 네, 좋습니다. 
#Person2#: 아, 성함이 어떻게 되세요? 
#Person1#: 제 이름은 Tony Nelson입니다. 저를 찾아주시면 됩니다. 
#Person2#: 감사합니다. 
#Person1#: 문제 없습니다. 다른 질문이 있으시면 언제든지 다시 연락 주세요. 
#Person2#: 네, 안녕히 계세요.","언어 센터의 Tony Nelson은 #Person2#의 미국 대학 입학을 위한 영어 학습 프로그램에 대한 질문에 답변합니다. 센터는 기본 의사소통 코스부터 콘텐츠 기반 수업까지 제공하며, 지원자는 학기 시작 두 달 전에 신청하여 I-20를 발급받아야 합니다. 2,030달러의 정규 학생 학비는 우편환, 여행자 수표, 신용카드로 결제할 수 있습니다. 신청서, 후원자 양식, 은행 명세서를 우편 또는 팩스로 보낼 수 있습니다."
train.csv,이 정도면,"#Person1#: 주문 도와드릴까요?
#Person2#: 네, 부탁드려요. 오늘의 특별 메뉴는 뭐예요? 추천해주실 만한 게 있나요?
#Person1#: 물론이죠. '송수구이위'를 추천드립니다.
#Person2#: 이름이 흥미롭네요. 이게 정확히 뭐예요?
#Person1#: 달콤하고 새콤한 맛의 중국식 튀긴 민어 요리입니다.
#Person2#: 죄송한데, 저는 식초는 별로 안 좋아해요.
#Person1#: 그러면 다른 건 어떠세요?
#Person2#: 좋아요. 그걸로 주세요.
#Person1#: 알겠습니다. 다른 거 더 드릴까요?
#Person2#: 고맙습니다. 이 정도면 충분해요.
#Person1#: 감사합니다. 주문하신 음식은 조금만 기다리시면 준비될 거예요. 맛있게 드세요.
#Person2#: 고마워요.","#Person1#은 #Person2#에게 '송수구이위'를 추천했지만, #Person2#는 식초를 좋아하지 않아 다른 메뉴로 주문했습니다."
train.csv,그러시군요,"#Person1#: 안녕하세요. 제 이름은 Mary Jackson인데, 제 친구 Susan의 아들 Bobby가 여기서 체조 수업을 받고 있대요. Susan이 저보고 연락해보라고 하더라고요. 
#Person2#: 네, 알겠습니다. 수업은 본인이 받으실 건가요, 아니면 아이가 받을 건가요?
#Person1#: 제가 받으려고요. 제 아들은 아직 3살이라 내년에 시작할 수 있도록 할 생각이에요.
#Person2#: 그렇군요. 운동을 좋아하셔서 수업을 받으시는 건가요, 아니면 다른 이유가 있으신가요?
#Person1#: 네, 운동을 좋아해요.
#Person2#: 그러시군요. 어떤 걸 배우고 싶으세요?
#Person1#: 체조 선수가 되는 방법을 배우고 싶어요. 그리고 제 아들이 체조를 배울 때 도움이 되고 싶어요.
#Person2#: 좋아요. 그럼 수업 날짜를 정해야겠네요.
#Person1#: 감사합니다. 주말에 가능할까요? 시간을 좀 내주실 수 있나요?
#Person2#: 네, 제 일정 확인해보고 가능한 시간에 다시 연락드릴게요. 안녕히 계세요.",Mary Jackson은 체조 수업을 받기 위해 #Person2#에게 연락합니다. 주말에 수업을 받을 수 있는지 확인하기 위해 #Person2#는 다시 연락할 것입니다.
train.csv,그러시군요,"#Person1#: 저는 베이징에 거주하는 외국인의 연례 인구조사를 진행하기 위해 왔습니다. 이건 제 신분증입니다.
#Person2#: 알겠습니다. 무엇을 알고 싶으신가요?
#Person1#: 저희 기록과 대조해 정보를 확인해야 합니다.
#Person2#: 알겠습니다.
#Person1#: 여권과 거류 허가증을 보여주세요.
#Person2#: 여기 있습니다.
#Person1#: 여기 몇 년이나 사셨나요?
#Person2#: 2년 됐습니다.
#Person1#: 직업이 어떻게 되세요?
#Person2#: 저는 대학교에서 교수로 일하고 있습니다.
#Person1#: 그러시군요? 어느 대학교인지 여쭤봐도 될까요?
#Person2#: 베이징사범대학에서 영어 작문과 회화 수업을 가르칩니다.
#Person1#: 모든 것이 문제없어 보입니다. 시간 내주셔서 감사합니다.",#Person1#은 베이징에 거주하는 외국인의 연례 인구조사를 위해 #Person2#의 정보를 기록과 대조해 확인해야 합니다.
train.csv,그러시군요,"#Person1#: 안녕하세요, 손님. 무엇을 도와드릴까요?
#Person2#: 네, 이 전시장을 안내해 주실 수 있는지 궁금해서요.
#Person1#: 물론이지요, 손님. 그런데 어떤 업종에 계신지 여쭤봐도 될까요?
#Person2#: 저는 전자제품 쪽에 있습니다.
#Person1#: 아, 그러시군요. 저희 회사에서 만든 시청각 제품들을 보시겠어요?
#Person2#: 고맙습니다, 꽤 매력적이군요. 하지만 실제 작동하는 걸 보는 게 제일 좋겠죠.
#Person1#: 네, 물론이죠. 공장 견학을 원하신다면 안내해 드리겠습니다.
#Person2#: 네, 꼭 그러고 싶습니다. 불편하지 않으시면요. 직접 보는 것이 브로셔 읽는 것보다 훨씬 낫더라고요.
#Person1#: 그럼 일정을 잡아서 내일 알려드리겠습니다.
#Person2#: 그럼 정말 좋겠네요.",#Person2#는 #Person1#에게 전시장을 안내해 달라고 요청한다. #Person1#은 #Person2#의 관심사를 확인하고 일정을 잡을 예정이다.
train.csv,이 처방전,"#Person1#: 저기요, 이 처방전을 다시 받아야 해요.
#Person2#: 여기 약병에 두 번 재충전 가능하다고 적혀 있어요.
#Person1#: 네, 오늘 다시 받아야 해요.
#Person2#: 죄송하지만, 이 처방전은 이미 두 번 재충전된 기록이 있어요.
#Person1#: 그게 걱정이었어요. 두 번을 이미 받았는지 기억이 안 나서요.
#Person2#: 음, 이미 받은 것 같네요. 새로운 처방전을 받으시려면 의사와 상담하셔야 해요.
#Person1#: 들어 보세요. 이건 정말 급해요. 의사에게 전화를 했는데, 의사가 지금 도시를 비워서 그를 볼 수가 없어요. 이 약이 필요해요. 피부 상태 때문인데 약이 떨어졌어요. 한 번만 더 받을 수 없나요?
#Person2#: 죄송해요, 그렇게는 안 돼요. 처방전을 따라야 해요. 그리고 이 처방전은 만료됐어요.
#Person1#: 하지만 필요해요. 제발, 이번 한 번만 충전해 주세요. 열흘 후에 의사를 찾아갈 수 있어요. 그러면 또 다른 처방전을 받을게요.
#Person2#: 이해는 하지만, 처방전 없이 특정 약을 판매하는 것은 법에 어긋나요. 법이에요. 제가 할 수 있는 게 없어요. 정당한 처방전 없이는 약을 판매하지 않아요. 절대요.
#Person1#: 하지만 처방전이 있어요. 단지 더 필요할 뿐이에요.
#Person2#: 처방전은 유효해야 해요. 만료된 처방전은 안 돼요. 죄송해요, 법이에요. 다른 의사에게서 이걸 처방받으셔야 해요.
#Person1#: 아, 너무 비싸요! 특별 의료 플랜이 있어서 한 의사만 볼 수 있어요. 다른 의사를 보려면 돈이 많이 들 거예요.
#Person2#: 저는 도와드릴 수 없어요. 저는 약사이지 의사가 아니에요. 다른 고객들도 도와드려야 해서요. 이런 일이 발생했을 때 정말 답답한 건 알지만, 제가 할 게 없어요. 죄송해요.
#Person1#: 정말 말도 안 돼요! 대만에서는 필요할 때 약을 구하는 게 훨씬 쉬워요.
#Person2#: 그렇기도 하겠네요. 잘 모르겠어요. 하지만 대만에서도 처방전은 있을 거예요.",#Person1#은 처방전을 재충전하려 하지만 #Person2#는 이미 두 번 재충전됐다고 하며 새 처방전이 필요하다고 설명합니다. #Person1#은 상황이 긴급하고 의사가 도시를 떠나 있어 다른 의사를 보기가 어렵다고 말합니다. #Person2#는 새 처방전을 받아야 한다고 강조합니다.
train.csv,이 처방전,"#Person1#: 안녕하세요, 어떻게 도와드릴까요?
#Person2#: 네, 이 처방전을 주실 수 있을까요?
#Person1#: 잠시만요. 음, 50mg Prozac이네요, 캡슐로 드릴까요? 아니면 알약으로 드릴까요?
#Person2#: 캡슐로 주세요.
#Person1#: 네, 하루에 세 번 한 캡슐씩 드세요. 빈 속에 드시지 않도록 조심하시고, 술이랑 섞어 먹지 마세요!
#Person2#: 네, 알아요. 이번이 처음이 아니에요! 걱정하지 마세요, 과다 복용하지 않을게요!
#Person1#: 그럼 다른 필요한 건 없으세요?
#Person2#: 아, 맞다! 거의 잊을 뻔했네요! 안약이랑, 음... 콘돔도 주실 수 있나요?
#Person1#: 물론입니다. 이런, 콘돔이 시스템에 등록되어 있지 않네요.
#Person2#: 아, 괜찮아요. 나중에 사면 돼요, 고마워요. 진짜 문제없어요.
#Person1#: 잠시만요. 'Fun Times Ribbed Condoms' 가격을 확인할 수 있을까요?","#Person1#은 #Person2#에게 처방약을 제공했습니다. #Person2#는 안약과 콘돔도 요청했으나, 콘돔은 시스템에 등록되어 있지 않았습니다."
train.csv,이 처방전,"#Person1#: 안녕하세요, 선생님. 무엇을 도와드릴까요?
#Person2#: 저 이 처방전 약 좀 부탁드려요.
#Person1#: 네, 잠시만 기다려 주세요. (몇 분 뒤에 돌아옵니다.) 여기 약입니다, 선생님. 식사 후 두 알씩, 잠자기 전에 한 알 드세요.
#Person2#: 감사합니다. 혹시 아스피린도 파나요?
#Person1#: 네, 저기 선반에 일반 의약품이 있습니다.
#Person2#: 아, 보이네요. 종합 비타민도 있나요?
#Person1#: 네, 바로 여기에 있습니다.
#Person2#: (아스피린과 비타민을 선택합니다.) 비용은 16달러입니다.
#Person1#: 여기 20달러 드릴게요.
#Person2#: 잔돈 여기 있습니다. 감사합니다.","#Person2#는 처방전을 받고 아스피린과 비타민을 구입한 뒤, #Person1#의 도움으로 결제를 완료했습니다."
train.csv,그 다음에,"#Person1#: 스노우 씨, 그 공격에 대해 기억나는 게 뭐죠?
#Person2#: 음, 어제 저녁에 늦게까지 일했어요.
#Person1#: 사무실에서 몇 시에 나왔어요?
#Person2#: 대략 9시 44분쯤이에요.
#Person1#: 확실해요?
#Person2#: 네, 시계를 봤으니까요.
#Person1#: 그 다음에 뭐 했어요?
#Person2#: 음, 문을 잠그고 차로 가고 있었는데 누가 제 머리를 쳤어요.
#Person1#: 공격자를 봤나요?
#Person2#: 아니요, 그는 머리에 스타킹을 쓰고 있었어요.
#Person1#: 스노우 씨, 다리는 어떻게 다친 거죠?
#Person2#: 음, 의사들이 저를 차로 옮기다가 떨어뜨렸어요.","#Person1#은 스노우 씨에게 공격에 대해 질문합니다. 스노우 씨는 9시 44분쯤 사무실을 떠났고, 차로 가는 도중 머리를 맞았지만 공격자를 보지 못했다고 설명합니다."
train.csv,그 다음에,"#Person1#: 내일 너 관심 있어 할 만한 곳들로 데려가 줄게.
#Person2#: 어디 아직 가보지 못한 곳이 있어?
#Person1#: 많이는 아니지만, 여긴 어때. 이곳은 민속 고가구 수공예품과 수집품 전시관이야!
#Person2#: 멋지다! 민속 수집품은 얼마나 많아?
#Person1#: 글쎄, 이 도시에만도 200종 이상의 민속 수집품이 있어. 중국 전체 기준으로 보면 절반 정도지. 여러 수집품을 위한 전시홀이 있고, 개인 수집품을 전시하는 방도 여러 개 있어.
#Person2#: 개인 수집가들! 그들은 분명 대단한 수집품을 갖고 있겠지. 다 보러 갈래. 어떤 수집품들을 볼 수 있어? 데이빗, 왜 이렇게 궁금하잖아.
#Person1#: 급할 것 없어! 이제 말해줄게. 고대 상자와 보관함, 다기 세트, 주판, 귀한 조개와 소라, 연구용 항아리와 물 주판, 드라마 의상, 마노, 고대 동전, 나비, 부채, 미니 악기, 뿌리 조각품, 희귀 돌과 바위, 모형 배, 모형 자동차가 있어.
#Person2#: 데이빗, 이제 알겠어! 더 이상 못 기다리겠어. 당장 가자!
#Person1#: 알겠어, 알겠어. 먼저 민속 수집 전시관부터 시작할 거야. 지역의 최고 고가구가 항상 전시되는 곳이지. 그 자체가 오래전 청나라 시절의 지역 클럽이었던 잘 보존된 고가구 건축물이야. 국내외 전문가들 간의 학술 연구 세미나와 교류도 종종 열린다.
#Person2#: 정말 흥미롭네. 꼭 가봐야 할 곳이야. 그 다음에는?
#Person1#: 나비에 관심이 있다면, 나비 전시관에 가봐야 해. 개인 박물관을 운영하는 진 선생님이 20개 이상의 국가에서 1,000종 이상의 나비 표본을 소장하고 있어. 그 중 많은 것들이 국가 보물급이야.
#Person2#: 그 자체로도 나비 표본 제작에 있어 권위자로 인정받지, 진 선생님은.","데이빗은 #Person2#에게 민속 고가구 수공예품과 수집품 전시관으로 데려가겠다고 말한다. 다양한 방에 전시된 수집품들의 수와 종류를 소개하고, #Person2#는 기다릴 수 없어 한다. 데이빗은 민속 수집 전시관과 진 선생님이 운영하는 나비 전시를 추천한다."
train.csv,그 다음에,"#Person1#: 저기, 실례합니다만, 기차역으로 가는 길 좀 알려주실 수 있나요?
#Person2#: 이 길 따라서 쭉 가시다가 첫 번째 교차로에서 왼쪽으로 도세요. 그 다음에 약 100미터 쯤 쭉 걸어가시면 됩니다. 금방 찾으실 거예요.
#Person1#: 거기까지 가는 데 얼마나 걸릴까요?
#Person2#: 한 20분 정도 걸릴 거예요.
#Person1#: 알겠습니다. 버스 탈 수 있는 것도 있나요?
#Person2#: 네, 저기 5번 버스 타시면 됩니다. 다음 정류장에서 내리시면 돼요.
#Person1#: 정말 감사합니다.
#Person2#: 아니에요, 도움이 되어 다행입니다.","#Person1#은 기차역으로 가는 길을 물어보고, #Person2#는 상세한 길 안내와 버스 정보를 제공합니다."
train.csv,이 생각해,"#Person1#: 오늘 우리 서로에게 적합하고 유익한 합의를 이루었으면 좋겠어요. 이 모든 세부 사항을 많이 생각해 봤고, 오늘 오후에 그것들을 논의하고 차이점을 해결할 기회를 가졌으면 합니다.
#Person2#: 시작하죠. 어떤 걸 염두에 두고 계신가요? 처음부터 요구 사항을 말씀해 주시면 하나씩 정리해서 합의에 이를 수 있을 겁니다.
#Person1#: 우선, 할인 가격에 대해 논의하고 싶습니다. 대량 주문 시 7% 할인을 해 주시면 60일 내에 결제할 수 있습니다.
#Person2#: 흠... 7%는 조금 높아서 어렵겠네요. 이렇게 하면 어떨까요? 4% 할인을 드리지만, 90일의 결제 기한을 드리겠습니다.
#Person1#: 음, 보험 비용을 담당해 주시면 그것도 괜찮습니다.
#Person2#: 안 됩니다, 보험은 직접 처리하셔야 합니다. 하지만 운송비는 절반을 부담하죠. 받아들일 수 있나요?
#Person1#: 우리가 보험과 절반의 운송비를 다 부담하고, 할인은 4%만 해 주시네요.
#Person2#: 대신 90일 동안 결제가 가능하시고, 또한 뭐랄까요... 선입금에 대해 10% 할인을 추가로 드리겠습니다.
#Person1#: 좋습니다.","#Person1#과 #Person2#는 할인율, 보험료, 운송비 등의 세부 사항에 대해 협상을 진행하고, 마지막에 합의에 도달합니다."
train.csv,이 생각해,"#Person1#: 오늘 아침에 요청하신 문서 여기 있어요.
#Person2#: 오, 정말 빠르네요. 내일이나 받을 줄 알았어요. 고마워요.
#Person1#: 별말씀을요. 요즘 미루는 습관에 대해 많이 생각해봤어요. 생각할수록 제 자신이 너무 무질서해서 싫더라고요. 이 습관을 최대한 빨리 고치기로 했어요. 안 그러면 나중에 후회할 것 같아서요.
#Person2#: 그거 좋은 생각이네요! 그래서 어떤 해결책을 찾았어요?
#Person1#: 가장 효과적인 방법은 계획을 세우고 우선순위를 정하는 거예요. 시간을 잘 관리하고 가장 중요한 일을 먼저 하게 돼요.
#Person2#: 좋아요! 더 나은 성과는 많은 일을 하는 게 아니라 올바른 것에 집중하는 거죠.",#Person1#은 자신의 미루는 습관을 고치기 위해 계획을 세우고 우선순위를 정하기로 결심합니다. #Person2#는 그 결정이 #Person1#에게 긍정적이라고 생각합니다.
train.csv,이 생각해,"#Person1#: 아침에 요청하신 문서 여기 있습니다.
#Person2#: 와, 정말 효율적이네요. 내일이나 받을 줄 알았는데. 고마워요.
#Person1#: 별말씀을요. 요즘 제 가장 큰 단점인 미루는 버릇에 대해 많이 생각해보게 됐어요. 생각할수록 제 자신이 너무 싫더라고요. 그래서 최대한 빨리 이 상황을 바꾸기로 했어요. 그렇지 않으면 나중에 더 후회할 것 같아서요.
#Person2#: 좋은 소식이네요, 잘 생각했어요! 그래서 어떤 해결책을 찾으셨어요?
#Person1#: 가장 유용한 방법은 계획을 세우고 우선순위를 정하는 거에요. 이 방법이 시간을 잘 관리하고 가장 중요한 일을 먼저 처리하는 데 도움을 주죠.
#Person2#: 나쁘지 않네요! 더 나은 성과는 단지 많은 일을 하는 게 아니라, 해야 할 올바른 일에 집중하는 거죠.","#Person2#는 #Person1#의 효율성을 칭찬하며, #Person1#은 미루는 버릇을 극복하기로 결심했다고 설명합니다. 이를 위해 계획을 세우고 우선순위를 정하는 것이 좋은 해결책이라고 합니다."
train.csv,이 사무실,"#Person1#: 안녕하세요, 이 선생님. 제 이름은 Alex Jones입니다. 저는 이 사무실의 새로운 비서입니다.
#Person2#: 환영합니다. 반가워요. 오늘 오신다는 얘기 들었어요. 회사에서 오늘 첫날이신가요?
#Person1#: 네, 모두 만나고 새로운 일을 시작하는 것이 기대됩니다.
#Person2#: 첫날은 늘 설레죠, 그쵸? 여기, 책상을 보여드릴게요. 이 컴퓨터와 전화기를 사용하시면 되고 복사기는 저희 사무실에서 같이 쓰시면 돼요. 어떠세요?
#Person1#: 아주 좋아요. 이 모든 걸 해주셔서 감사합니다, 이 선생님.
#Person2#: 괜찮아요. 그리고 그냥 Betty라고 불러주세요.",Alex Jones가 비서로 새로 회사에 입사하여 Betty가 책상을 안내합니다.
train.csv,이 사무실,"#Person1#: 이제 이 사무실에서 당신의 업무에 대해 확실하게 알려드릴게요. 여기가 당신의 자리입니다. 앉으세요.
#Person2#: 알겠습니다. 감사합니다. 선배님, 어떤 일을 하게 될까요?
#Person1#: 네, 당신의 주된 업무는 전화 응대와 필요한 파일을 요청하는 사람에게 전달하는 거예요. 어렵지 않겠죠?
#Person2#: 쉬울 것 같아요. 제가 도와드릴 게 있을까요, 선배님?
#Person1#: 아, 거의 잊을 뻔했네요. ABC 회사의 Mr. Green이 저와 약속이 있었는데, 그 시간에 제가 바쁠 것 같아요. 그가 전화하면, 약속을 다음 주로 변경한다고 전해주세요.
#Person2#: 메모 남겨드릴게요, 선배님.","#Person1#은 #Person2#에게 전화 응대와 파일 전달 업무를 설명하고, Mr. Green과의 약속을 다음 주로 변경해 달라고 요청합니다."
train.csv,이 사무실,"#Person1#: 뭐 읽고 있어? 
#Person2#: 깜짝이야! 
#Person1#: 아하, 피트니스 컨설턴트. 잘 읽고 있네, 이 사무실 규칙 모르니? 
#Person2#: 네, 알겠습니다. 근무 시간엔 잡지 금지죠. 죄송해요. 
#Person1#: 다음엔 이런 일 없도록 해. 그런데, 대체 뭐에 관한 거야? 
#Person2#: 사무직 종사자들에게 좋은 스포츠에 관한 거예요. 우리같이 앉아서 일하는 사람들 말이에요. 
#Person1#: 어떤 스포츠? 
#Person2#: 예를 들어 에어로빅이나 조깅, 요가, 스케이팅 같은 것들이요. 
#Person1#: 흥미롭네. 방금 뭐 읽고 있었어? 
#Person2#: 오래 앉아 있다가 할 수 있는 스트레칭 방법이요. 
#Person1#: 정말? 흥미롭네! 
#Person2#: 이제 제 잡지 돌려주시면 안 될까요? 
#Person1#: 안 돼. 당분간 압수야. 내가 다 읽고 나서 돌려줄게.","#Person2#는 사무직 종사자를 위한 스포츠 잡지를 읽고 있으며, #Person1#은 스트레칭 운동에 흥미를 느껴 잡지를 일시적으로 압수했습니다."
train.csv,이 회사의,"#Person1#: 어떤 일을 하고 싶으세요?
#Person2#: 전 매니지먼트 관련 일을 하고 싶어요. 제가 3년간의 경력이 있거든요.
#Person1#: 만약 고용된다면 어떤 계획이 있으신가요?
#Person2#: 저의 전문성과 경험을 바탕으로 일하면서 점차 이 회사의 관리직으로 올라가는 게 목표입니다.",#Person2#는 #Person1#에게 이상적인 직업과 고용되었을 때의 계획에 대해 설명합니다.
train.csv,이 회사의,"#Person1#: 안녕하세요! Mr. Wang과 통화할 수 있을까요?
#Person2#: 네, Mr. Wang입니다.
#Person1#: Mr. Wang, 저는 화메이 회사의 류 리입니다. 5월 1일에 패션쇼가 있어서 당신과 사진팀을 초대하고 싶습니다.
#Person2#: 멋지네요! 정말 가고 싶어요. 언제 도착하면 될까요?
#Person1#: 초대장을 보내드릴 테니 팀의 인원 수를 알려주세요.
#Person2#: 총 10명입니다.
#Person1#: 알겠습니다. 그럼 초대장을 보내드릴게요. 곧 뵙겠습니다.
#Person2#: 감사합니다. 안녕히 계세요.",화메이 회사의 류 리가 Mr. Wang과 그의 팀을 패션쇼에 초대하고 초대장을 보내기 위해 팀의 인원 수를 묻습니다.
train.csv,이 회사의,"#Person1#: Wang 씨, 안녕하세요? 저는 이 회사의 인사부 책임자인 Allan James입니다.
#Person2#: 안녕하세요, James 씨? 불러주셔서 감사합니다.
#Person1#: 천만에요. 앉으세요, 그럼 시작할 수 있습니다.
#Person2#: 감사합니다.
#Person1#: Wang 씨도 아시다시피, 저희는 사업 배경과 영어 실력이 뛰어난 임원 비서를 찾고 있습니다. 귀하의 이력서를 보고 좋은 후보자라고 생각했습니다.
#Person2#: 감사합니다.
#Person1#: 오늘 인터뷰는 저희가 Wang 씨에 대해 좀 더 알아보려는 목적입니다. 인터뷰는 조금 길어질 수 있습니다. 괜찮으시면 몇 가지 질문을 드리겠습니다.",Allan James는 Wang 씨가 임원 비서직에 적합한 후보라고 말하며 인터뷰를 시작합니다.
train.csv,그 나라의,"#Person1#: Dan, 부르셨나요?
#Person2#: 아, 맞아, Sue. 앉아봐. 도움이 좀 필요해.
#Person1#: 제가 도울 일이 뭐죠?
#Person2#: 이 일정을 좀 봐봐. 4월에 네 개의 회의가 있는데, 모두 커버할 대표자가 부족해.
#Person1#: 하지만 저는 임원이 아닌데요.
#Person2#: 알아, 하지만 너는 경영과 머천다이징을 공부했잖아. 우리한텐 더 많은 관리직이 필요해. 여기 좋은 기회가 있어.
#Person1#: 정말 좋네요. 근데 제가 뭘 해야 하죠?
#Person2#: 4월 18일 시애틀에서 열리는 회의가 있어. 우리가 너를 대표로 보내고 싶어.
#Person1#: 큰 책임이네요.
#Person2#: 넌 잘 해낼 거야. 난 확신해.
#Person1#: 배워야 할 게 많나요?
#Person2#: 몇 가지 있지만, 어렵진 않아.
#Person1#: 시간이 얼마 남지 않았네요. 바로 시작할 수 있을까요?
#Person2#: 이전 회의에 대한 보고서가 파일에 있으니 공부해 봐.
#Person1#: 다른 나라에서의 예절에 대한 가이드를 주실 수 있나요?
#Person2#: 국제 회의에 적용되는 몇 가지 전반적인 가이드라인이 있어.
#Person1#: 그렇다면 국가별 정보는 어디서 찾을 수 있죠?
#Person2#: 보통 그 나라의 대사관이나 영사관에 전화하면 돼. 대부분 비즈니스 방문자용 자료가 있어. 공공 도서관에서도 여행 관련 책을 찾을 수 있어. 시간이 부족하면 지난번에 거기 다녀온 Sally에게 물어봐도 돼.
#Person1#: 좋아요. 그리고 회사에서 교통편도 마련해 줄까요?
#Person2#: 응. 여행 부서에 필요한 걸 알려주면 일정 잡아줄 거야.
#Person1#: 감사합니다. 최선을 다할게요.","Dan은 Sue에게 시애틀에서 열리는 회의에 참석하여 회사를 대표해달라고 요청하고, 그녀에게 배워야 할 부분과 국제 회의에 적용되는 전반적인 가이드라인을 설명합니다. Sue는 해당 국가의 대사관이나 영사관에 연락하여 국가별 정보를 얻을 수 있습니다."
train.csv,그 나라의,"#Person1#: 해외 무역에서는 언어 차이가 정말 중요하죠.
#Person2#: 맞아요. 사람들이 쉽게 소통하지 못하면 서로의 사고방식을 이해할 수 없죠.
#Person1#: 다행히도 널리 사용되는 상업 언어인 영어가 있죠.
#Person2#: 많은 수출업자들이 프랑스어나 독일어도 사용해요.
#Person1#: 남미에서는 스페인어와 포르투갈어가 가장 흔하죠.
#Person2#: 언어가 정확해도 문화적 차이 때문에 오해가 생길 수 있잖아요.
#Person1#: 맞아요, 언어도 문화의 일부니까요. 그 나라의 특성을 반영하죠.
#Person2#: 맞아요, 언어에는 그 나라의 역사적, 문화적 배경뿐만 아니라 삶과 사고방식도 담겨 있어요.
#Person1#: 그래서 해외 무역에서는 언어 차이에 대해 명확히 아는 것이 중요해요.","#Person1#과 #Person2#는 해외 무역에서 언어 차이의 중요성과 문화적, 역사적 배경이 반영된 언어의 특성에 대해 논의합니다."
train.csv,그 나라의,"#Person1#: 캐나다 데이는 7월 1일이야.
#Person2#: 그 나라의 국가는 뭐야?
#Person1#: 캐나다의 국가는 'O Canada'야.
#Person2#: 그 노래 부를 수 있어?
#Person1#: 응, 어렸을 때 부를 수 있었어.",#Person1#은 어릴 때 'O Canada'를 부를 수 있었다.
train.csv,이 스웨터,"#Person1#: 안녕하세요, 손님. 여기 한번 보세요. 저희는 다양한 종류의 스웨터가 있습니다.
#Person2#: 아내 생일이 내일이라 스웨터 하나 사려고요. 아내가 울 스웨터가 필요하대요.
#Person1#: 이 회색 스웨터는 어떠세요? 순수 신장 울 100%입니다.
#Person2#: 촉감이 좋네요. 같은 색상의 터틀넥 스웨터도 있나요? 제 아내는 V넥보다 터틀넥을 더 좋아해요.
#Person1#: 네, 있습니다. 어떤 사이즈를 원하세요?
#Person2#: 사이즈 1이요. 근데 만약 아내가 이 스웨터를 마음에 들어 하지 않으면 어떻게 하죠?
#Person1#: 언제든지 가져오시면 전액 환불해 드립니다.
#Person2#: 좋습니다. 선물 포장해 주실 수 있나요?
#Person1#: 네, 잠시만 기다려 주세요.","#Person2#는 아내의 생일 선물로 스웨터를 사려고 하며, 아내는 터틀넥을 선호합니다. #Person1#이 추천한 스웨터를 #Person2#가 구매합니다."
train.csv,이 스웨터,"#Person1#: 안녕, Jackie. 뭐 하고 있어?
#Person2#: 별거 없어. 오늘 그냥 쉬고 있어. 왜? 무슨 일 있어?
#Person1#: 나 몰에 갈까 하는데 같이 갈래?
#Person2#: 세일하나?
#Person1#: 응. Bon이랑 Nordstrom에서 연례 세일 중이야. 그동안 벼르고 있던 옷 사기 딱 좋은 기회야.
#Person2#: 좋네! 어디서 만날까?
#Person1#: Nordstrom 앞에서 30분 뒤에 만나자.
#Person2#: 좋아. 거기서 보자.
#Person1#: 이 신발 어때?
#Person2#: 귀엽네. 근데 자주 신을 것 같아?
#Person1#: 아니, 별로.
#Person2#: 이 스웨터 너무 예쁘다. 이 브이넥 디자인이 너무 마음에 들어.
#Person1#: 비쌀 것 같아.
#Person2#: 세일해서 80달러야. 어때? 입어볼까?
#Person1#: 80달러면 괜찮은데? 한 번 입어봐.",#Person1#은 Nordstrom에서 연례 세일 중인 옷을 사러 가자고 Jackie에게 초대한다. Jackie가 마음에 드는 스웨터를 보고 #Person1#은 입어보라고 권한다.
train.csv,이 스웨터,"#Person1#: 어떻게 도와드릴까요, 마담?
#Person2#: 네, 남편에게 줄 스웨터를 사고 싶어요. 어떤 스타일이 최신인가요?
#Person1#: 여기 있는 것들이 모두 최신 패션입니다. 이 흰색 터틀넥은 어떠세요?
#Person2#: 이 스타일 마음에 들어요. 그런데 다른 색상도 있나요? 이 색은 남편 피부에 잘 안 어울릴 것 같아요.
#Person1#: 회색도 있습니다.
#Person2#: 좋아요! 이걸로 할게요. 그리고 이 스웨터에 어울리는 바지도 추천해 주시겠어요?
#Person1#: 물론이죠. 이 청바지가 스웨터에 잘 어울릴 것 같네요.
#Person2#: 한번 볼게요. 네, 정말 잘 어울리네요!",#Person2#는 #Person1#의 추천에 따라 남편을 위해 회색 스웨터와 청바지를 구입합니다.
train.csv,이 아파트,"#Person1#: 아파트 찾는 가장 좋은 방법이 뭐야?
#Person2#: 지역 신문에 집 광고가 나와 있을 거야.
#Person1#: 룸메이트도 함께 구하려면 어떻게 해야 해?
#Person2#: 때때로 룸메이트를 찾는다는 광고를 낼 수도 있어.
#Person1#: 월세는 얼마나 해?
#Person2#: 혼자 살 아파트가 필요해, 아니면 두 사람을 위한 거야?
#Person1#: 우리 둘이 쓸 건데, 침실 하나면 돼.
#Person2#: 한 달에 천이백 달러면 쉽게 찾을 수 있을 거야.
#Person1#: 나랑 같이 아파트 보러 가주면 정말 고마울 것 같아.
#Person2#: 물론이지, 네가 원하는 언제든 같이 보러 갈게.","#Person2#는 #Person1#에게 지역 신문에 광고를 확인하라고 제안하며, 함께 아파트를 보러 가겠다고 약속한다."
train.csv,이 아파트,"#Person1#: 이 아파트 어떻게 생각해? 
#Person2#: 그렇게 좋지는 않은 것 같아. 침실이 우리한테는 좀 작아. 
#Person1#: 작다고? 우리 필요에는 충분할 것 같은데. 
#Person2#: 그런데 밤 10시 이후에는 온수가 안 나온대. 겨울에는 자기 전에 따뜻한 샤워하는 게 좋잖아. 
#Person1#: 그건 그렇지, 하지만 거실이 정말 멋지잖아. 크고 햇빛도 잘 들어와. 
#Person2#: 맞아, 그리고 부엌도 좋아. 새롭고 잘 갖춰져 있어. 
#Person1#: 발코니가 엄청난 공원 뷰를 갖고 있더라고. 
#Person2#: 네 말이 맞아. 그 뷰는 정말 멋져. 하지만 침실이 너무 작아서 우리 물건들을 다 넣기엔 힘들 거야. 
#Person1#: 좋은 가구로 바꾸면 어때? 더 활용도 높은 걸로. 
#Person2#: 그 생각은 못 해봤네.","#Person2#는 아파트가 그다지 좋지 않다고 생각하고, 특히 작은 침실과 제한된 온수 사용 문제를 우려하고 있습니다. 반면, #Person1#은 새로운 가구를 들여놓으면 충분히 사용할 수 있을 것으로 생각하고 있습니다."
train.csv,이 아파트,"#Person1#: 안녕하세요. 광고 보고 아파트에 대해 문의드려요.
#Person2#: 예, 어떤 종류의 아파트를 찾으세요?
#Person1#: 방 하나짜리 아파트가 궁금한데요. 남은 게 있나요?
#Person2#: 네, 하나 있어요. 언제 필요하세요?
#Person1#: 다음 주쯤 생각하고 있어요. 이 아파트에 대해 자세히 말씀해 주시겠어요?
#Person2#: 네, 방 하나짜리 아파트고요. 월세는 650달러에 보증금 300달러입니다. 전기세는 따로 내셔야 하고, 가스와 수도는 포함되어 있어요. 난방과 가스레인지는 모두 가스로 작동합니다. 그리고 주차 공간이 무료로 제공됩니다. 아마 이게 다인 것 같습니다.
#Person1#: 괜찮네요. 내일 가서 볼 수 있을까요?
#Person2#: 물론이죠. 몇 시에 오시겠어요?
#Person1#: 오전 10시는 어때요?
#Person2#: 좋아요. 성함을 알 수 있을까요?
#Person1#: 블랑카입니다.
#Person2#: 전화 주셔서 감사합니다, 블랑카. 내일 뵙겠습니다.",#Person2#은 방 하나짜리 아파트를 추천하고 블랑카에게 아파트에 관한 정보를 제공합니다. 블랑카는 마음에 들어하여 내일 아파트를 보러 가기로 약속합니다.
train.csv,이 도시의,"#Person1#: 오늘 밤에 춤추러 가는 거 어때, Jane? 이 도시의 밤 문화가 정말 흥미로울 거야!
#Person2#: 좋은 생각이야. 근처에 괜찮은 나이트클럽 있지 않아?
#Person1#: 응, 거기 음악 스타일도 다양하고 괜찮아.
#Person2#: (클럽에서) 저기 춤추는 사람들 좀 봐, 정말 열광적이야.
#Person1#: 저건 빠른 템포의 록앤롤이야.
#Person2#: 나는 느린 춤이 좋아. 룸바랑 왈츠는 잘 춰.
#Person1#: 걱정 마. 느린 춤은 파티 중간쯤에 할 거야.
#Person2#: 조용한 자리 찾아서 음료 마시자.
#Person1#: 그래, 따라와.
#Person2#: 저기, 왈츠잖아. 옛날 스타일의 우아한 스텝이 좋아.
#Person1#: 나랑 춤출래?
#Person2#: 물론이지.
#Person1#: (둘이 춤출 때) 너 정말 우아하게 추는구나!",#Person1#은 #Person2#에게 오늘 밤 춤추러 가자고 제안합니다. #Person2#은 느린 춤을 좋아해서 왈츠가 시작될 때까지 기다리며 나이트클럽에서 즐거운 시간을 보냅니다.
train.csv,이 도시의,"#Person1#: 이 도시에서 집 살 계획 있어?
#Person2#: 물론이지, 여기 집이 필요해. 근데 이 도시의 가격이 좀 짜증나. 
#Person1#: 우리가 받는 월급으로는 여기 한 평도 못 사지.
#Person2#: 가격이 계속 오르는 얘기를 들으면 우울해.
#Person1#: 점점 더 많은 사람이 집을 사야 하는데, 시장이 그 수요를 못 따라가니까 부동산 거품이 생기는 거야.
#Person2#: 게다가 부자들은 최소한 한 채씩은 이미 갖고 있는데도 더 사려고 하잖아.
#Person1#: 너 드라마 'Humble Abode' 봤어?
#Person2#: 응, 그 드라마는 사회 문제도 보여주고 우리 같은 직장인의 가치관도 해석해 주더라.
#Person1#: 정말, 정말 집 가지고 싶어. 달팽이집처럼 작더라도.","#Person1#과 #Person2#는 이 도시의 집값이 계속 오르고 있어서 집을 사기 어려운 상황에 대해 속상해하고 있으며, 부동산 시장의 문제점에 대해 이야기하고 있다."
train.csv,이 도시의,"#Person1#: 난 이 도시의 봄이 싫어. 비만 오고 햇빛도 거의 안 보이잖아.
#Person2#: 그러게, 정말 끔찍해.
#Person1#: 곧 여름이 올 거야. 난 여름이 정말 좋아.
#Person2#: 여름? 난 여름이 싫어. 너무 덥잖아, 특히 나처럼 버스를 타고 출근해야 한다면 더더욱 그렇지.
#Person1#: 그래? 난 상상이 안 가지만 비 오는 건 정말 싫어.
#Person2#: 난 비는 별로 신경 안 써.
#Person1#: 그런데 칭다오의 여름은 정말 좋거든, 특히 해변이 멋져. 난 여름마다 거기서 보내. 피터와 나 매 여름 가. 다음에 같이 가자, 브라이언. 해변에서 누워 있는 걸 정말 즐길 거야.
#Person2#: 아니, 괜찮아. 난 좀 더 활동적인 휴가가 좋아.
#Person1#: 예를 들면?
#Person2#: 음, 황산 등산을 생각 중이었어.
#Person1#: 산에 올라간다고? 하루 종일 등산하면 엄청 피곤할 텐데 아무것도 하기 싫어질걸.
#Person2#: 그렇겠지만, 난 괜찮아.",#Person1#은 봄보다 여름을 더 좋아하지만 #Person2#는 여름을 싫어한다. #Person1#은 여름에 해변에 같이 가자고 초대하지만 #Person2#는 더 활동적인 휴가를 선호해 거절한다.
train.csv,그 드레스,"#Person1#: Catherine, 너 사진에서 정말 예쁘게 나왔다. 
#Person2#: 아, 고마워. 그 웨딩드레스 입느라 진짜 고생했어. 너무 작았거든. 
#Person1#: 왜 네 사이즈로 안 맞췄어? 
#Person2#: 그게, 그 드레스가 할머니 거라서 엄마도 결혼식 때 입으셨고, 나도 꼭 입고 싶었어. 그래서 입으려고 6개월 동안 고생했어. 
#Person1#: 어떻게 했어? 
#Person2#: 배우들이 많이 시도하는 다이어트 알아? 오래 하면 건강에 안 좋겠지만, 효과는 정말 대단해. 
#Person1#: 그 다이어트에는 고기를 못 먹는 거 아니야? 
#Person2#: 아니야, 사실 구운 치킨이나 스테이크, 베이컨 같은 건 먹을 수 있어. 근데 빵하고 버터는 안 돼. 
#Person1#: 정말 좋아하지만 피해야 하는 게 많네. 
#Person2#: 맞아, 다이어트는 진짜 지겨워. 뭐, 어차피 웨딩드레스는 다시 안 입을 거 같긴 해.","#Person1#은 사진 속 Catherine이 예쁘다고 칭찬하고, Catherine은 할머니의 웨딩드레스를 입기 위해 6개월간 다이어트를 했다는 이야기를 #Person1#에게 전한다."
train.csv,그 드레스,"#Person1#: 수잔, 좋은 저녁이야. 왜 이렇게 차려입었어?
#Person2#: 지금 신년 연회에 가는 길이야. 어때 보여? 화장 괜찮아?
#Person1#: 멋져 보여. 화장도 완벽해.
#Person2#: 다른 드레스를 입어야 할까?
#Person1#: 아니, 지금 입은 게 정말 잘 어울려, 특히 머리와 어울려.
#Person2#: 그렇게 말해줘서 고마워. 어떤 목걸이 해야 할지 아이디어 있니?
#Person1#: 그 드레스에는 하얀 다이아몬드 목걸이가 완벽할 것 같아.
#Person2#: 도와줘서 고마워. 이제 준비됐으니, 너는 오늘 밤 뭐 할 거야?
#Person1#: 별건 아니고, 친구들이랑 집에서 파티할 거야.
#Person2#: 재미있겠네. 아는 사람 많이 와?
#Person1#: 응, 대부분 우리 사무실 사람들이야.
#Person2#: 좋은 시간 놓치는 것 같네. 뭐, 내년에는 기회가 있겠지.
#Person1#: 네가 어디에 가든 재미있을 거야. 가방 챙기는 거 잊지 마.",수잔은 신년 연회에 참석하기 위해 차려입고 #Person1#에게 옷과 목걸이에 대한 조언을 구한다. #Person1#은 저녁에 집에서 친구들과 파티를 할 예정이다.
train.csv,그 드레스,"#Person1#: 내 새 드레스 어때?
#Person2#: 정말 멋져! 색깔도 너무 좋고 네 눈이랑 정말 잘 어울려. 사실 Maxine에서 그 드레스를 좀 눈여겨보고 있었는데, 요즘 드레스에 95달러 쓰기 힘들 것 같아서 망설였어.
#Person1#: 음, 95달러?
#Person2#: 응, 거기서 그렇게 광고하고 있었어. 곧 세일할 수도 있지 않을까 했거든. 왜, 얼마에 샀는데?
#Person1#: Helen's Boutique에서 145달러 주고 샀어. 다른 곳에서 더 싸게 살 수 있었는지는 몰랐어.
#Person2#: 당연하지! Helen's에서는 모든 게 비싸고 다른 옷 가게에서도 찾을 수 있는 걸 팔아! 왜 비교해보지 않았어?
#Person1#: 그냥 드레스 보자마자 예쁘다고 생각했어. 정말 갖고 싶었어. 너무 충동적이었던 것 같아.","#Person2#는 #Person1#의 드레스를 칭찬하지만, #Person1#이 Helen's Boutique에서 드레스를 비싸게 샀고 비교해봐야 했다는 것을 알게 된다. #Person1#은 드레스를 사는 데 있어 너무 충동적이었다고 생각한다."
train.csv,이 신청서,"#Person1#: 안녕하세요! 무엇을 도와드릴까요, 손님?
#Person2#: 학교 때문에 대출을 받고 싶은데요. 이자율이 어떻게 되나요?
#Person1#: 연방 대출 프로그램에 해당되시나요?
#Person2#: 네, 하지만 좀 더 빌려야 해요.
#Person1#: 아, 그렇다면 저희가 개인 교육 대출을 드릴 수 있어요.
#Person2#: 이자율이 얼마죠?
#Person1#: 7.2% 고정 이자율이에요.
#Person2#: 대출을 받으려면 어떻게 해야 하나요?
#Person1#: 이 신청서를 작성해 주세요. 적격 여부를 바로 알려드릴 수 있습니다.
#Person2#: 알겠습니다, 감사합니다!","#Person2#는 학자금을 위해 대출을 원하며, #Person1#은 개인 교육 대출의 이자율과 신청 방법을 안내합니다."
train.csv,이 신청서,"#Person1#: 어떻게 도와드릴까요?
#Person2#: 여권이 필요해요.
#Person1#: 여기서 신청하실 수 있어요.
#Person2#: 언제 신청할 수 있나요?
#Person1#: 원하시면 지금 바로 신청하실 수 있어요.
#Person2#: 그럼 너무 좋겠네요.
#Person1#: 이 신청서를 작성해 주세요.
#Person2#: 그 밖에 해야 할 게 뭐가 있나요?
#Person1#: 여권용 사진을 찍어야 해요.
#Person2#: 얼마나 걸리나요?
#Person1#: 몇 주 후면 여권이 준비될 거예요.
#Person2#: 감사합니다. 딱 맞는 시간이네요.",#Person1#은 #Person2#의 여권 신청 절차를 안내합니다.
train.csv,이 신청서,"#Person1#: 안녕하세요, 어르신. 무엇을 도와드릴까요?
#Person2#: 안녕하세요. 사실 저는 여기 고객이 아니에요. 그런데 어제 신문에서 당신네 은행 새 카드 광고를 봤어요.
#Person1#: 아, 그렇군요. 그 광고가 효과가 좋았어요. 카드 신청 하시겠어요?
#Person2#: 네, 부탁드려요. 그런데 먼저 계좌를 개설해야겠죠?
#Person1#: 맞아요. 그런데 걱정 마세요, 아주 간단한 절차예요.
#Person2#: 오늘 계좌 개설할 수 있을까요?
#Person1#: 물론이죠. 지금 바로 가능합니다. 이 신청서를 작성해 주실래요? 신분증도 가지고 계신가요?
#Person2#: 네, 여기 있어요. 그리고 여기 서명하나요?
#Person1#: 네, 부탁드립니다. 지금 처리가 진행되고 있어요. 계좌가 개설되면 바로 카드를 발급해 드릴 수 있습니다.
#Person2#: 이렇게 빠르고 간단하게! 정말 감사합니다.",#Person2#는 광고를 본 후 카드 신청을 원합니다. #Person1#은 카드 발급 전에 계좌 개설 절차를 도와줍니다.
train.csv,그 가격대,"#Person1#: 저희는 대학 근처에 아파트를 임대하고 싶어요.
#Person2#: 두 사람이 지낼 곳을 찾고 계신가요?
#Person1#: 네, 맞아요. 당연히 최대한 저렴한 곳을 원해요. 저희가 들은 바로는 월 80에서 100파운드 정도로 살 수 있는 곳이 있다고 하더라고요.
#Person2#: 네, 대학 근처에 그 가격대에 맞는 곳들이 몇 군데 있어요. 다른 요구사항은 없으세요?
#Person1#: 특별한 건 없고요, 조용한 거리였으면 좋겠어요.
#Person2#: 몇 개의 방이 필요하세요?
#Person1#: 두 개의 침실이 필요해요. 부엌과 식당은 분리되거나 합쳐져 있어도 괜찮아요.
#Person2#: 알겠습니다. 요구사항에 맞는 목록을 가지고 있어요. 한 번 살펴볼게요. 첫 번째는 월 80파운드인데, 시끄러운 거리에 있고 캠퍼스에서 조금 멀리 떨어져 있어요.
#Person1#: 캠퍼스에서 얼마나 멀리 떨어져 있나요?
#Person2#: 약 2마일 정도입니다. 걸어가기엔 조금 멀 수 있죠. 여기 캠퍼스에서 반 마일 정도 떨어진 곳이 있어요. 가격은 월 100파운드이고, 조용한 작은 거리에 있어요.
#Person1#: 이상적이네요. 그곳을 보러 갈 수 있을까요? 최종 결정을 내리기 전에 한 번 보고 싶어요.
#Person2#: 물론이죠. 지금은 그다지 바쁘지 않으니까요. 15분에서 20분 정도만 기다려주시면 그곳으로 모시고 갈게요.
#Person1#: 감사합니다. 정말 좋네요.","#Person1#은 대학 근처의 조용한 거리에서 두 사람이 지낼 저렴한 아파트를 찾고 있습니다. #Person2#는 #Person1#의 요구사항에 맞는 아파트를 추천하며, #Person1#는 그것을 보러 가고 싶어 합니다. #Person2#는 #Person1#을 그곳으로 데려갈 예정입니다."
train.csv,그 가격대,"#Person1#: 주된 제품은 무엇인가요?
#Person2#: 보통 저희는 신사와 숙녀용 자전거를 제공해요. 크기는 19, 21, 23, 25, 27인치가 있습니다. 고객의 요구에 따라 색상을 변경할 수 있어요. 여기 있는 카탈로그와 패턴 북을 보시면 저희 제품에 대한 정보를 알 수 있습니다.
#Person1#: 저는 Flying Pigeon 자전거에 관심이 있어요. 이 중 몇몇 제품은 캐나다 시장에서 인기가 있을 것 같아요. 하지만 저희 고객들이 가장 중시하는 것은 믿을 수 있는 제품입니다.
#Person2#: 신뢰성은 저희 제품의 강점이에요. 사실 저희는 항상 합리적인 가격에 높은 품질의 제품을 제공하는 것을 원칙으로 삼고 있습니다. Flying Pigeon은 그 가격대에서 최고입니다.
#Person1#: 그럼 제품의 재고 상황과 결제 방식, 배송, 할인 등의 판매 조건을 알고 싶어요.","#Person1#은 #Person2#의 Flying Pigeon 자전거에 관심을 가지며, #Person2#는 제품의 신뢰성을 강조합니다. #Person1#은 재고 상황 및 판매 조건에 대해 알고 싶어 합니다."
train.csv,그 가격대,"#Person1#: 대학 근처에 방을 좀 구하고 싶어요.
#Person2#: 두 분이 함께 지내실 곳을 찾으시는 건가요?
#Person1#: 네, 맞아요. 당연히 가능한 저렴한 곳을 원하죠. 한 달에 80에서 100파운드 정도에 있는 곳들이 있다고 들었어요.
#Person2#: 네, 그 가격대에 대학 근처에 몇 군데 있어요. 다른 요구사항은 없으세요?
#Person1#: 딱히 없어요. 조용한 거리에 살았으면 좋겠어요.
#Person2#: 방은 몇 개 필요하세요?
#Person1#: 침실 두 개가 필요해요. 주방과 식당은 분리돼 있어도 합쳐져 있어도 상관없어요.
#Person2#: 알겠습니다. 요구사항에 부합하는 목록이 있어요. 같이 한 번 살펴봅시다. 첫 번째로 한 달에 80파운드인 곳인데 시끄러운 곳에 있고 좀 대학에서 멀어요.
#Person1#: 캠퍼스에서 얼마나 먼가요?
#Person2#: 약 2마일 정도 떨어져 있어요. 걸어가기에는 조금 멀 수도 있어요. 캠퍼스에서 반 마일 정도 떨어진 곳이 있는데, 한 달에 100파운드이고 큰 거리 옆의 작은 거리에 위치해 있어요.
#Person1#: 이상적이네요. 가서 한 번 볼 수 있을까요? 결정을 내리기 전에 확인하고 싶어요.
#Person2#: 물론이죠. 지금은 별로 바쁘지 않아요. 15분에서 20분만 기다리시면 모시고 갈 수 있을 것 같아요.
#Person1#: 감사합니다. 정말 좋네요.","#Person1#은 대학 근처에 저렴하고 조용한 침실 두 개짜리 방을 찾고 있습니다. #Person2#는 두 개의 방을 소개하며 각 옵션의 세부사항을 설명합니다. #Person1#은 결정을 내리기 전에 방을 보고 싶어하고, #Person2#는 15분에서 20분 후에 함께 방문할 수 있다고 합니다."
train.csv,그 이후로,"#Person1#: 다 왔어요.
#Person2#: 감사합니다. 요금이 얼마죠?
#Person1#: 10달러입니다.
#Person2#: 어떻게 그게 가능하죠?
#Person1#: 음, 기본 요금이 2킬로미터까지 2달러이고, 그 이후로 200미터마다 20센트씩이에요.
#Person2#: 알겠어요. 태워주셔서 감사합니다.",#Person1#이 #Person2#에게 택시 요금을 설명합니다.
train.csv,그 이후로,"#Person1#: 안녕하세요, 롤링님. 처음 글을 쓰기 시작했을 때 몇 살이셨어요? 첫 번째 책은 무엇이었나요?
#Person2#: 제가 여섯 살쯤 처음 책을 썼어요. 작은 호랑이에 대한 이야기였죠. 그 이후로 계속 글을 쓰고 있어요.
#Person1#: 작가가 되기로 선택하신 이유가 있나요?
#Person2#: 음, 행복을 찾으려면 먼저 가장 사랑하는 일을 찾아야 한다고 생각해요. 그다음에는 그 일을 하면서 돈을 받을 수 있는 사람을 찾는 거죠. 저는 글을 써서 생계를 유지하는 데 매우 운이 좋다고 생각해요.
#Person1#: 성인을 위한 책을 쓸 계획이 있으신가요?
#Person2#: 아마도 쓸 수도 있겠지만, 글을 쓸 때 특정한 독자층을 상상하지 않아요. 아이디어가 먼저예요. 그래서 다음에는 어떤 아이디어가 저를 사로잡을지에 달려 있어요.
#Person1#: 해리 포터 책에 대한 아이디어는 어디서 오신 건가요?
#Person2#: 어디서 아이디어가 왔는지는 잘 모르겠어요. 그리고 그걸 굳이 찾고 싶지 않아요. 흥미를 잃을까 봐요.",롤링은 작가로서의 경험과 해리 포터 시리즈의 아이디어에 대해 이야기합니다.
train.csv,그 이후로,"#Person1#: 본인에 대해 좀 얘기해 주세요.
#Person2#: 뭐가 궁금하세요, Mr. Green?
#Person1#: 어떤 일 경험이 있으신가요?
#Person2#: 2004년에 광저우 근처 무역 회사 영업부에서 일하게 됐어요. 처음에는 영업 사원으로 시작했는데, 1년 후에 영업 책임자로 승진했어요. 그 이후로 1년 넘게 일을 해왔고요.
#Person1#: 아, 좋네요. 왜 영업 책임자 일을 그만두고 제 비서로 일하고 싶으신가요? 지금 하는 일이 마음에 안 드세요?
#Person2#: 솔직히 마음에 드는 부분도 많아요. 하지만 좀 더 전문적인 일을 하고 싶어요. 이 회사에 일하는 친구가 수출부서에서 비서를 채용한다고 해서 그 얘길 듣고 정말 설렜어요. 그래서 여기 온 거예요.",Irene은 Mr. Green에게 영업부에서의 업무 경험과 비서로 일하고 싶은 이유를 설명한다.
train.csv,이 여기서,"#Person1#: 왜 이런 가게들은 술이 이렇게 많은지 항상 이해가 안 돼요. 
#Person2#: 무슨 말이에요? 면세로 술을 사면 훨씬 싸기 때문이죠. 
#Person1#: 근데 왜요? 왜 사람들은 면세점에서 셔츠나 신발은 안 사는 거죠? 왜 항상 술일까요? 
#Person2#: 음, 대부분의 나라에서 술에는 세금이 더 높기 때문이에요. 
#Person1#: 다른 것보다 술에 세금이 더 높다고요? 
#Person2#: 네, 당연하죠. 그거 몰랐어요? 
#Person1#: 아니요, 몰랐어요. 세금이 얼마나 높은 건가요? 
#Person2#: 나라별로 다르긴 한데요, 높은 세금 때문에 술을 면세로 사면 좋은 거래가 되는 거예요. 
#Person1#: 정부가 왜 술에 그렇게 많은 세금을 부과하고 싶어 할까요? 
#Person2#: 술은 사치품으로 여겨지고, 건강에도 좋지 않다고 생각해서 그래요. 그래서 사람들이 술을 사려고 하면, 정부는 세금을 부과할 권리가 있다고 생각해요. 
#Person1#: 그래서 사람들이 여기서 담배도 많이 사는 거네요, 맞죠? 
#Person2#: 물론이죠. 담배도 세금이 많이 붙어요.","#Person1#은 면세점에서 술이 많은 것에 대해 의문을 제기하며 #Person2#에게 이유를 묻습니다. #Person2#는 술이 사치품으로 여겨지고 건강에 좋지 않기 때문에 세금이 높고, 따라서 면세로 사면 이득이 된다고 설명합니다."
train.csv,이 여기서,"#Person1#: 와! 정말 아름다운 경치야. 엄청 탁 트였네. 그리고 이 신선한 공기 좀 마셔봐, 입에 느껴질 만큼 신선하네. 
#Person2#: 이 산 정상에서 마을을 새의 눈으로 내려다볼 수 있어.
#Person1#: 멋지다! 나 자주 여기 와서 등산할 거야.
#Person2#: 그래야지. 많은 구이린 사람들이, 특히 나이든 사람들과 젊은이들이 여기서 등산해.
#Person1#: 그래서 사람들이 맞았구나, 신선들도 구이린에서 살고 싶어 한다고.
#Person2#: 빨리! 망원경 좀 줘. 저 새 좀 봐. 저런 새는 처음 봐. 이건 구이린 토종이고 멸종 위기종이야. 운 좋다.
#Person1#: 네가 새 관찰을 좋아하는 줄 몰랐어.
#Person2#: 사실 새 관찰보다는 자연을 더 좋아해. 도시에서는 자연을 많이 볼 수 없는데, 여기는 그런 게 많아.",#Person1#과 #Person2#는 구이린의 산에 있습니다. 그들은 이 경치 좋은 곳을 칭찬합니다. #Person2#는 멸종 위기종 새를 보기 위해 #Person1#의 망원경을 요청합니다. #Person2#는 자연을 좋아합니다.
train.csv,이 여기서,"#Person1#: 안녕하세요, 저는 Peter Jones입니다. 저는 새 이웃이에요. 바로 옆집으로 이사 왔어요.
#Person2#: 아, 반갑습니다. 저는 Miss James입니다. 여기 사시는 걸 즐기셨으면 좋겠어요.
#Person1#: 저도 그렇게 생각해요. 집을 살 때 고민했었는데, Mr. Johnson이라는 부동산 중개인이 여기서 조깅이 인기 있다고 하더라고요. 저도 조깅을 엄청 좋아해서 예전에 살던 동네에서도 매일 조깅을 했었어요.
#Person2#: 아, 네. 여기 많은 사람들이 조깅을 좋아해요. 저도 일주일에 두 번 조깅해요.
#Person1#: 혹시 여기 근처에 조깅하기 좋은 곳 알려주실 수 있나요?
#Person2#: 물론이죠, 해변을 따라 가는 긴 해안 산책로가 있어서 조깅하기 딱 좋아요.
#Person1#: 해안 산책로라니 좋네요. 여기서 멀어요? 걸어서 갈 수 있을까요?
#Person2#: 네, 여기서 차로 5분밖에 안 걸려요.
#Person1#: 아, 알겠어요. 거기서 조깅할 때 주의해야 할 점이 있을까요?
#Person2#: 음, 네, 꼭 선글라스를 끼고 가세요. 그곳 태양빛이 너무 밝아서 눈이 따가울 수 있어요.
#Person1#: 조언 감사합니다. 해변에서 다른 활동도 할 수 있나요?
#Person2#: 아, 네, 비치 발리볼도 인기가 많아요. 많은 사람들이 해변에서 게임을 하거든요.
#Person1#: 와, 대단하네요. 이웃에서 재미있게 지낼 것 같아요.
#Person2#: 네, 분명히 그러실 거예요.",Peter는 새로 이사한 집에서 Miss James를 새 이웃으로 만나 조깅하기 좋은 장소와 조깅 시 주의할 점에 대해 알아봅니다.
train.csv,그 선생님,"#Person1#: 루시, 학교 첫날 잘 다녀왔구나. 어땠어, 학교는 어땠어? 
#Person2#: 정말 좋았어. 아주 재미있었어. 
#Person1#: 무슨 수업 들었어? 
#Person2#: 음, 9시부터 11시까지는 영어, 12시부터 2시까지는 미술, 2시부터 4시까지는 수학 시간이었어. 
#Person1#: 선생님들은 어떠셨어? 
#Person2#: 솔직히 말해서, 수학 선생님 빼고 다 괜찮았어. 젊으신 줄 알았는데, 엄청 졸리게 하셨어. 
#Person1#: 아쉽네. 영어 선생님은 어땠어? 
#Person2#: 정말 좋았어. 수업에서 좋은 학생이 되는 법에 대해 얘기해주셨어. 시험에 너무 목숨 걸지 말고, 암기보다 소통에 중점을 두라고 하셨어. 
#Person1#: 그 선생님은 어디 출신이래? 
#Person2#: 미국 중부의 작은 마을 출신이라고 하셨어. 
#Person1#: 말씀 다 알아들었어? 
#Person2#: 전부는 아니지만 거의 다 이해했어. 말씀하시는 게 명확하고 쉬운 단어를 써서 이해하기 쉬웠어. 
#Person1#: 좋은 선생님이시네. 영어 수업 잘 해낼 것 같아? 
#Person2#: 응... A+로 통과할 거야! 
#Person1#: 그게 무슨 뜻이야? 
#Person2#: 오늘 배운 새로운 표현이야. 단순히 통과하는 게 아니라 아주 잘 해낸다는 뜻이야. 
#Person1#: 벌써 수업이 마음에 들었다니 확실히 이번 학기 잘 해낼 것 같아. 
#Person2#: 나도 그러길 바래. 
#Person1#: 오늘 숙제는 나와서 하래? 
#Person2#: 오늘은 숙제를 안 내셨어. 오늘 밤은 숙제를 안 하고 쉬라고 하셨어. 
#Person1#: 그래서 그 수업이 마음에 드는구나.","루시가 첫날 학교 생활을 #Person1#에게 이야기합니다. 영어, 미술, 수학 수업을 들었으며, 수학 선생님은 좋아하지 않지만 영어 선생님은 매우 좋아합니다. 루시는 영어 수업에서 'A+'로 잘 해낼 수 있을 것이라고 믿습니다."
train.csv,그 선생님,"#Person1#: 옆에 있는 분이 영어 선생님이야? 좀 엄격해 보이셔. 
#Person2#: 맞아, 근데 수업은 정말 체계적이고 명확하게 하셔. 우리 모두 그 선생님 진짜 좋아해. 
#Person1#: 안경 쓰고 머리 긴 그 여자는 누구야? 
#Person2#: 아, 그 친구는 내 가장 친한 친구야. 지난달에 우리 반이 바닷가로 봄 소풍 갔을 때 같이 사진 찍었어.",#Person2#가 사진 속 영어 선생님과 가장 친한 친구를 #Person1#에게 소개합니다.
train.csv,그 선생님,"#Person1#: 이번 학기에 우리 반에 새로운 선생님이 많이 오셨어.
#Person2#: 맞아, 선생님들 어떻게 생각해?
#Person1#: 솔직히 말하자면, 수학 선생님 빼고는 다 좋아. 젊어 보이는데도 되게 나이 든 사람 같은 느낌이야. 너무 지루해.
#Person2#: 나도 같은 생각이야. 그 선생님 별로야. 그럼 누가 제일 좋아?
#Person1#: 아마 영어 선생님일 것 같아. 너는 어때?
#Person2#: 나도. 그 선생님은 말이 정말 분명하고 복잡한 말 안 써서 이해하기 쉬워.
#Person1#: 정말 좋은 선생님이야! 그 선생님 덕분에 영어 실력이 많이 늘 것 같아.
#Person2#: 응, 나도 그 선생님 가르치는 방식이 마음에 들어. 시험을 벼락치기하지 말고 암기보다 대화에 더 집중하라고 하셨어.
#Person1#: 그런 방식이 우리 언어 능력을 키우는 데 좋을 것 같아.
#Person2#: 사실 우리 새로운 수학 선생님도 좋으신 분인데, 적당한 가르치는 방법을 못 찾으시는 것 같아.","#Person1#과 #Person2#는 새로운 선생님들에 대해 이야기한다. 두 사람 모두 영어 선생님을 가장 좋아하는데, 그 이유는 수업이 명확하기 때문이다. 수학 선생님은 지루하다고 생각해 별로 좋아하지 않는다."
train.csv,그 비행기,"#Person1#: 저기요, 뉴욕행 비행편에 대해 알고 싶어요.
#Person2#: 네, 잠시만요. 방금 5분 전에 출발한 게 하나 있고요, 그리고 10시에 또 하나 있네요.
#Person1#: 지금 몇 시인가요?
#Person2#: 8시 5분 전이에요.
#Person1#: 그러면 그 비행기는 약 2시간 후에 출발하겠네요.
#Person2#: 맞아요. 표는 구매하셨나요?
#Person1#: 아니요, 아직 안 샀어요. 여기서 살 수 있나요?
#Person2#: 아쉽지만 여기서는 구매할 수 없어요. 표는 예매소로 가시는 게 좋겠어요.","#Person2#는 #Person1#에게 뉴욕행 비행편 정보를 제공하고, 표는 예매소에서 구매하는 것이 좋다고 안내합니다."
train.csv,그 비행기,"#Person1#: 상하이로 가는 표를 예약하고 싶어요.
#Person2#: 언제 출발하시겠습니까?
#Person1#: 가능한 한 빨리요. 내일 비행기 있나요?
#Person2#: 확인해 보겠습니다, 잠시만 기다려 주세요. 죄송하지만, 그 비행기는 이미 매진되었습니다. 9월 3일 비행기로 예약해 드릴까요?
#Person1#: 그거 괜찮아요.
#Person2#: 몇 분이시죠?
#Person1#: 이번에는 저 혼자에요.
#Person2#: 어떤 클래스로 비행하시겠습니까? 일등석, 비즈니스석, 아니면 일반석?
#Person1#: 일반석이면 충분해요.
#Person2#: 왕복입니까, 편도입니까?
#Person1#: 편도로 예약하고 싶어요.
#Person2#: 결제는 현금이나 카드로 하시겠습니까?
#Person1#: 수표로 결제하고 싶어요.
#Person2#: 죄송합니다, 저희는 수표를 받지 않습니다.
#Person1#: 그럼 카드로 결제할게요.
#Person2#: 좋습니다. 예약을 어떤 이름으로 할까요?
#Person1#: Lucy Green으로 해주세요.
#Person2#: 예약되었습니다, Ms. Green.
#Person1#: 감사합니다.
#Person2#: 도와드리게 되어 기쁩니다.","Ms. Green은 상하이로 가는 일반석 티켓을 예약하고 싶어 하며, #Person2#는 그녀를 위해 9월 3일 편도 표를 예약합니다. Ms. Green은 카드로 결제할 예정입니다."
train.csv,그 비행기,"#Person1#: 로마로 가는 예약을 하고 싶은데요. 
#Person2#: 언제 가실 계획이세요? 
#Person1#: 14일 아침에는 로마에 있어야 하는데, 13일 저녁에 도착하는 게 더 좋을 것 같아요. 
#Person2#: 몇 시에 출발하고 싶으세요? 
#Person1#: 오후 늦게, 퇴근하고 나서요. 
#Person2#: 오후 4시 30분에 비행기가 있습니다. 
#Person1#: 그건 너무 이른데요. 5시에야 퇴근해요. 더 늦은 비행기 있나요? 
#Person2#: 다음 비행기는 5시 15분이고, 또 다른 건 6시 30분이에요. 
#Person1#: 그럼 6시 30분 비행기로 할게요. 공항까지 가는데 시간이 꽤 걸리거든요. 
#Person2#: 네, 13일 그 비행기에 좌석 있어요. 
#Person1#: 아, 좋네요. 그 비행기는 로마에 몇 시에 도착하나요? 
#Person2#: 비행 시간은 한 시간 반밖에 안 걸려요. 8시에 도착합니다.","#Person1#은 13일 저녁 6시 30분 비행기로 로마에 도착하기 위해 예약을 하고 있으며, #Person2#가 이를 도와주고 있습니다."
train.csv,이 분야의,"#Person1#: 이 직업에서 장기 목표가 어떻게 되세요? 
#Person2#: 제 목표는 이 분야의 전문가가 되는 거예요. 
#Person1#: 그 목표를 위해 무엇을 하실 건가요? 
#Person2#: 목표를 달성하려면 한 걸음씩 나아가고, 추가로 공부할 계획이에요.",#Person1#은 #Person2#에게 장기 목표와 계획에 대해 질문합니다.
train.csv,이 분야의,"#Person1#: 나 지금 화성에 대한 흥미로운 보고서를 읽고 있어. 
#Person2#: 어, 뭐라고 써 있어? 화성 지표 아래에 아직 물이 있을 수 있다고 해? 
#Person1#: 맞아! 화성 지표 아래에 물이 묻혀 있다는 거야. 얼마나 깊이 있을지가 문제지. 
#Person2#: 그럼 화성의 흙이 어떻게 해서든 간단한 식물을 재배할 수 있게 비옥해질 수 있을까? 
#Person1#: 흙에 비료가 꽤 많이 필요할 거야. 그리고 자외선 방사선으로부터 보호도 필요하고. 
#Person2#: 사실, 우리 학교에서 화성에 착륙해서 오래 머무르는 프로젝트를 하고 있어. NASA에서 화성에 머물 수 있는 이동식 거주 시설 같은 게 있나? 
#Person1#: NASA가 화성에 오래 머물 수 있는 이동식 거주 시설을 만들었는지는 잘 모르겠어, 근데 다양한 디자인을 검토하고 있는 건 알아. 
#Person2#: 화성에서 가장 흥미로운 것 중 하나는 예전에 생명체가 존재했을 가능성이지. 화성 생명체 이론에 대한 너의 개인적인 생각은 어때? 
#Person1#: 음, 내가 이 분야의 전문가가 아니라 잘 모르겠지만, 가능성은 있다고 생각해. 하지만 45억 년 전에 무슨 일이 있었는지 알아내는 건 정말 어려워. 
#Person2#: 그렇지만 아마도 화성의 지표와 대기가 점점 개선되어 인간이 살 수 있을지도 몰라. 
#Person1#: 나는 좀 회의적이야. 화성은 규소, 철, 다양한 광물이 있는 암석으로 이루어져 있어. 대기는 이산화탄소로 되어 있고. 우리가 지구에서 가진 것과는 너무 달라. 
#Person2#: 그래도 언젠가는 인간 식민지를 세울 수 있기를 바랄게. 
#Person1#: 그런데 아직 해결해야 할 큰 문제들이 많이 있어. 장기간의 무중력 상태, 식량 저장, 다양한 생리적 영향을 포함해서.","#Person1#과 #Person2#는 화성에서 물의 존재 가능성, 흙의 비옥함, 생명체 존재 가능성, 그리고 화성에서의 인간 거주 가능성에 대해 이야기합니다."
train.csv,이 분야의,"#Person1#: 안녕하세요. 여기서 만나서 정말 반가워요.
#Person2#: 안녕하세요. 전에 저희 만난 적이 있었나요?
#Person1#: 지난 겨울 시립 도서관에서 컴퓨터 강의하신 분 아닌가요?
#Person2#: 네, 맞아요. 저도 어디서 뵌 것 같은데, 그때 제 수업 들으셨나요?
#Person1#: 네, 물론이죠. 당신의 강의를 듣고 정말 많은 걸 배운 것 같아서 너무 기뻐요.
#Person2#: 감사합니다. 저도 여가 시간에 의미 있는 일을 하면서 보람을 느껴요.
#Person1#: 아, 그래서 IT 엔지니어나 이 분야의 전문가이신 줄 알았어요.
#Person2#: 꼭 그런 건 아니고요, 컴퓨터에 대해 조금 알아요.
#Person1#: 나이에 비해 컴퓨터를 배우는 게 불가능할 줄 알았는데, 이제 손주들과 이메일도 주고받아요. 손주들이 제가 빨리 잘 배우고 있다고 해요. 은퇴 후 가장 기쁜 일이에요.
#Person2#: 잘하셨네요. 퇴근 후 강의를 하는 게 저한테도 낮 시간대의 영업직과는 다른 기분 전환이 돼요.
#Person1#: 맞아요.",#Person1#는 #Person2#의 컴퓨터 강의에서 많은 것을 배웠다고 이야기합니다. 은퇴 후 #Person1#는 컴퓨터를 배우고 손주들과 이메일을 주고받으며 행복함을 느낍니다. #Person2#는 강의하는 것이 퇴근 후 기분 전환이라고 생각합니다.
train.csv,이 컴퓨터,"#Person1#: 저기요, 오늘 오후에 뉴욕 가는 비행기 있나요?
#Person2#: 죄송하지만, 컴퓨터가 다운돼서 티켓 판매가 불가능해요.
#Person1#: 컴퓨터가 다운된 거면, 그냥 티켓 작성해주시면 안 되나요?
#Person2#: 죄송하지만, 그럴 수가 없습니다. 모든 것이 컴퓨터에 의존하고 있어요.
#Person1#: 음... 그럼 당신들은 뭘 하는 거죠?
#Person2#: 저희는 고객님의 여행 정보를 컴퓨터에 입력하고, 컴퓨터가 탑승 가능 여부를 알려줘야 합니다.
#Person1#: 그러니까 컴퓨터가 멈추면 당신들도 멈추는 거군요.
#Person2#: 정말 죄송합니다, 손님. 제가 할 수 있는 게 없습니다.
#Person1#: 컴퓨터가 얼마나 다운될 것 같나요?
#Person2#: 죄송하지만 모르겠습니다. 가끔은 10분이면 되고, 때로는 두 시간 걸리기도 해요. 지금은 컴퓨터가 다운돼서 알 방법이 없어요.
#Person1#: 그렇다면 컴퓨터 얘긴 하지 맙시다. 몇 시간 내에 뉴욕 가는 다른 항공사 없나요?
#Person2#: 제가 확인할 수가 없네요. 모든 정보가 컴퓨터에 있는데, 지금은 접근할 수 없습니다.","#Person1#은 오늘 오후 뉴욕행 항공권을 원하지만, 컴퓨터가 다운되어 #Person2#는 티켓을 발급할 수 없는 상황입니다."
train.csv,이 컴퓨터,"#Person1#: 네 컴퓨터 정말 대단해. 인터넷으로 거래하는 거야?
#Person2#: 칭찬 고마워. 이 컴퓨터 첫 월급으로 샀어. 온라인 거래를 배우는 중이야.
#Person1#: 인터넷으로 다른 사람들과 자주 거래해?
#Person2#: 응, 이제 자주 인터넷으로 사업해.
#Person1#: 오, 진짜? 괜찮은 방법이야?
#Person2#: 응, 아주 좋아. 가끔 집 밖에 나가지 않고도 일할 수 있어.
#Person1#: 어떤 장점이 있어?
#Person2#: 일단 편리하고 비용이 적게 들어. 인터넷 서비스 비용만 내면 되니까.
#Person1#: 맞아. 전시회 참가하려면 엄청난 비용이 들잖아.
#Person2#: 가장 중요한 건 정말 편리하다는 거야. 언제든 웹사이트를 둘러보고 고객에게 이메일을 보낼 수 있어. 심지어 단골 고객과 e-계약도 할 수 있고.
#Person1#: 정말 멋지다. 다른 방법으로 사업하면 시간이 많이 걸릴 텐데.
#Person2#: 맞아. 하지만 모든 일엔 양면이 있어. 인터넷으로 사업하는 게 전통적인 방법보다는 안전하지 않아.
#Person1#: 조언 좀 해줄래?
#Person2#: 물론이지, 예를 들어 '알라바마' 같은 유명한 웹사이트가 있어.
#Person1#: 고마워. 아마 나도 나중에 인터넷으로 사업할지도 몰라.","#Person2#는 #Person1#에게 인터넷 거래의 장점인 편리함과 비용 절감, 시간 절약을 설명하며, 전통적 방법에 비해 안전성이 떨어질 수 있음을 언급한다. 또한 #Person2#는 #Person1#에게 '알라바마'라는 유명한 웹사이트 사용을 권장한다."
train.csv,이 컴퓨터,"#Person1#: 안녕하세요, 이 선생님. 제 이름은 Alex Jones입니다. 저는 이 사무실의 새로운 비서입니다.
#Person2#: 환영합니다. 반가워요. 오늘 오신다는 얘기 들었어요. 회사에서 오늘 첫날이신가요?
#Person1#: 네, 모두 만나고 새로운 일을 시작하는 것이 기대됩니다.
#Person2#: 첫날은 늘 설레죠, 그쵸? 여기, 책상을 보여드릴게요. 이 컴퓨터와 전화기를 사용하시면 되고 복사기는 저희 사무실에서 같이 쓰시면 돼요. 어떠세요?
#Person1#: 아주 좋아요. 이 모든 걸 해주셔서 감사합니다, 이 선생님.
#Person2#: 괜찮아요. 그리고 그냥 Betty라고 불러주세요.",Alex Jones가 비서로 새로 회사에 입사하여 Betty가 책상을 안내합니다.
train.csv,이 대부분,"#Person1#: 요즘 모두가 얘기하는 그 새로운 쇼 봤어?
#Person2#: 그거 '스트레인저 씽스'라고 해. 주말에 봤는데 진짜 재미있더라.
#Person1#: 아직 못 봤는데, 사람들이 많이 얘기하더라. 어떤 내용이야?
#Person2#: 음, 약간 SF 이야기인데 한 소년이 뒤집힌 세계에 빠지는 얘기야. 우리의 반대 세계지. 괴물도 나오고, 거미도 나오고, 액션도 있고 심지어 코미디도 있어. 제일 멋진 건 출연 배우들이 대부분 우리 또래라는 거야. 꼭 한 번 봐봐.",#Person1#과 #Person2#는 '스트레인저 씽스'라는 새로운 쇼에 대해 이야기하고 있습니다. #Person2#는 #Person1#에게 그 쇼를 추천합니다.
train.csv,이 대부분,"#Person1#: 내일 회사 첫날인데 뭘 입어야 할지 모르겠어. 어떻게 생각해?
#Person2#: 음, 전문적이고 진중한 이미지를 주고 싶다면 파란색 드레스에 흰 셔츠, 너무 높지 않은 구두를 신는 게 좋을 것 같아. 하지만 너무 격식을 차리면 동료들과 거리가 생길 수 있어. 회사 드레스 코드에 따라 다르게 적용될 수도 있고.
#Person1#: 맞아, 인터뷰 갔을 때 직원들이 대부분 캐주얼하게 입고 있었어. 매니저만 정장에 넥타이를 했는데, 행사를 갔다 온 거 같더라고. 그래서 드레스 코드가 엄격하지 않은 것 같아. 아마 간단한 차림에 셔츠만 입으면 될 것 같아.
#Person2#: 어떤 옷을 선택하든 깔끔하고 정돈된 이미지를 유지해.",#Person2#가 #Person1#에게 첫 출근 날 옷차림에 대한 조언을 해줍니다.
train.csv,이 대부분,"#Person1#: 지금까지 몇 군데에서 일하셨어요? 
#Person2#: 세 군데요. 
#Person1#: 현재 하시는 일에 대해 설명해주실 수 있나요? 
#Person2#: 저는 무역 부서를 맡고 있어요. 송장, 선적서류, 운임 계산 같은 문서 작업이 대부분이에요. 
#Person1#: 몇 시에 출근하세요? 
#Person2#: 9시까지는 꼭 가 있어야 해요. 
#Person1#: 사무실은 몇 시에 문을 닫나요? 
#Person2#: 일이 끝나면 퇴근하는데, 보통 6시쯤이에요. 
#Person1#: 문서 작성이나 타이핑을 많이 하시나요? 
#Person2#: 아니요, 그건 비서가 해요. 제 일은 아니거든요. 
#Person1#: 왜 이직을 결심하셨나요? 
#Person2#: 작은 회사라서 더 이상의 승진은 어렵다고 판단했거든요. 좀 더 도전적인 일을 찾고 싶어요.","#Person2#는 세 곳에서 근무한 경험이 있으며, 현재 무역 부서에서 문서 작업을 주로 담당하고 있습니다. 승진이 어렵다고 판단하여 이직을 고려하고 있습니다."
train.csv,이 서류들,"#Person1#: 국제사업부에 오신 것을 환영합니다. 무엇을 도와드릴까요?
#Person2#: 안녕하세요. 저는 Lexington Software의 Ms. Dawson입니다. 이 서류들을 베트남으로 L/C 방식으로 보내야 합니다.
#Person1#: 문제없습니다, 지금 바로 처리해드릴 수 있습니다. 서류는 확인하셨나요?
#Person2#: 확인하긴 했는데, 처음 해 보는 거라서 혹시 괜찮으시면 한 번 더 확인해 주실 수 있을까요?
#Person1#: 물론이죠, 그게 저희 서비스의 일부입니다.
#Person2#: 감사합니다. 문제는 없을 거라 생각하지만, 그냥 확실히 해두려고요...
#Person1#: 걱정하지 마세요, 잘 될 겁니다. 궁금한 점이 생기면 연락드릴게요, 괜찮으시죠?
#Person2#: 네, 괜찮습니다. 다시 한 번 감사합니다.",#Person1#은 Ms. Dawson이 베트남으로 L/C를 통해 보낼 서류를 다시 확인하는 것을 도와줍니다.
train.csv,이 서류들,"#Person1#: 안녕하세요. 어떻게 도와드릴까요?
#Person2#: 에이프릴 왕 씨가 지금 계신가요?
#Person1#: 죄송하지만, 지금 다른 지점에 가 계십니다. 제가 도와드릴 일이 있을까요?
#Person2#: 네, 여기서 신용카드를 신청 중인데, 왕 씨가 이 서류들을 제출해 달라고 했거든요.
#Person1#: 한번 볼게요... 신분증, 네, 양식 작성 완료, 네, 잘 되어 있네요.
#Person2#: 저한테 추가로 필요한 게 있나요?
#Person1#: 개인 신용카드를 발급하기 전에 보증금이 필요합니다.
#Person2#: 문제없습니다. 얼마나 필요한가요? 제가 지금 현금이 부족하면, ATM에 가서 뽑아오겠습니다.
#Person1#: 최소 보증금은 1,500 RIB입니다. 추가로 소액의 수수료도 필요합니다.
#Person2#: 그 정도는 괜찮을 것 같아요. 어디 보자... 네, 여기 있습니다.",#Person2#는 신용카드 신청을 위해 서류를 제출하려고 에이프릴 왕 씨를 찾아왔습니다. #Person1#은 에이프릴 왕 씨가 자리에 없다고 말하면서 대신 과정을 진행해 줍니다.
train.csv,이 서류들,"#Person1#: 선생님, 부르셨어요? 
#Person2#: 그래, 이제 시간 괜찮으면 너한테 업무 내용을 설명할게. 
#Person1#: 제가 어떤 일을 맡게 되나요? 
#Person2#: 신입으로서는 처음에 전화 받기, 타이핑 같은 기본적인 업무를 맡게 될 거야. 나중에는 영업부에 배치될 거고. 
#Person1#: 알겠습니다. 도전이 될 것 같은데 해보고 싶어요. 지금은 어떻게 해야 하나요? 
#Person2#: 오늘 첫날이니까 우선 특별한 제품을 익히는 게 필요해. 일을 시작하기 전에 우리 제품에 익숙해지는 게 중요하거든. 이 서류들을 정리하고 제대로 파일링해줘. 
#Person1#: 알겠습니다. 바로 시작할게요.","#Person2#는 #Person1#에게 기본적인 업무를 먼저 수행하고, 제품에 익숙해지라고 지시합니다. #Person1#는 즉시 일을 시작할 것입니다."
train.csv,그 이야기,"#Person1#: 너 클래식 음악 정말 좋아한다고 했잖아. 그럼 네가 제일 좋아하는 오페라 스타는 누구야?
#Person2#: 세 명이 있어, 바로 3대 테너.
#Person1#: 아, 파바로티, 도밍고, 그리고 카레라스를 말하는구나. 그들의 공연 보러 간 적 있어?
#Person2#: 응, 정말 독특한 경험이었어. 파바로티의 단독 콘서트였는데, 베이징 자금성에서 공연했어.
#Person1#: 그 이야기 들었어. 그의 마지막 공연이었잖아.
#Person2#: 게다가, 클래식 음악 하면 새해 콘서트를 잊으면 안 되지.
#Person1#: 물론이지. 전 세계 사람들이 TV로 보거나 라디오로 들어.
#Person2#: 그럼. 분명히 가장 큰 클래식 음악 이벤트 중 하나지. 직접 가본 적 있어?
#Person1#: 응, 2005년에 새해 콘서트 갔었어.
#Person2#: 와, 정말 운이 좋구나. 나는 TV로 봤는데, 콘서트홀에 직접 가는 건 정말 다를 것 같아.
#Person1#: 당연하지. 최고의 콘서트홀에서 최고의 오케스트라 공연을 들을 수 있다는 게 정말 대단해. 최고의 시간을 보냈어.
#Person2#: 그 이벤트의 지휘자는 누구였어?
#Person1#: 로린 마젤이었어. 그는 정말 멋진 공연을 했어. 게다가, 그는 막 75번째 생일을 맞았어.
#Person2#: 정말 멋지다. 언젠가 새해 콘서트 라이브 공연에 가보고 싶어.
#Person1#: 네게도 곧 좋은 기회가 올 거야. 알잖아, 음악은 국경이 없으니까.
#Person2#: 나도 그렇게 믿어. 그럼 이제 곧 공연이 시작될 것 같아. 조용히 하자.",#Person2#는 클래식 음악을 매우 좋아하며 파바로티의 단독 콘서트에 갔었다. #Person1#는 2005년 새해 콘서트에 참석했다. #Person2#도 언젠가 그 라이브 공연에 참석하고 싶어한다.
train.csv,그 이야기,"#Person1#: 당신에 대해 그리고 과거의 경험에 대해 말씀해 주세요. 
#Person2#: 지난 3년 동안 저는 China East Airlines Corporation Limited에서 일했습니다. 사람들에게 참을성이 많다고 들어서 그 점이 제 강점 중 하나라고 생각합니다. 팀원으로서 많은 기여를 할 수 있다고 생각해요. 
#Person1#: 이 직업에 관심 있는 이유가 뭐예요? 
#Person2#: 승무원이 되는 게 항상 제 꿈이었어요. 그리고 여러 장소를 여행하는 것을 좋아합니다. 
#Person1#: 승무원의 가장 중요한 특성이 뭐라고 생각하나요? 
#Person2#: 글쎄요, 승무원은 친절하고 예의 바르며 인내심을 가지고 승객들을 공손하게 대해야 한다고 생각해요. 
#Person1#: 화를 잘 내는 편인가요? 
#Person2#: 아니요, 저는 감정을 잘 조절할 줄 알아요. 
#Person1#: 만약 승객이 사고를 당했다면 어떻게 하시겠어요? 
#Person2#: 우선 기본적인 응급처치를 하고 동시에 제 동료에게 도움을 요청할 것 같아요. 
#Person1#: 채용된다면 언제부터 일할 수 있나요? 
#Person2#: 지금은 일이 없으니 바로 시작할 수 있어요. 
#Person1#: 급여 기대치는 어떻게 되나요? 
#Person2#: 급여에 대해 논의하기 전에 직업에 대한 정보를 좀 더 알고 싶어요. 그 이야기는 나중에 하고 싶습니다. 혹시 이 포지션에 할당된 예산과 커미션 체계가 어떻게 되는지 말씀해 주실 수 있나요?","#Person1#이 #Person2#와의 인터뷰에서 #Person2#는 자신의 경험과 꿈, 그리고 급여 관련 내용에 대해 이야기합니다."
train.csv,그 이야기,"#Person1#: Paul, 남미에서 일한 경험에 대해 이야기해볼까요? 왜 그곳에 가셨나요? 스페인어 실력을 향상시키기 위해서였나요?
#Person2#: 사실 저는 그곳 사람들이 어떻게 사는지 더 알고 싶었어요. 스페인어 회화 실력은 이미 꽤 괜찮았습니다. 결국에는 거기서 영어를 가르치게 되었어요.
#Person1#: 그렇군요, 그건 어떻게 하신 건가요?
#Person2#: 자원봉사 프로젝트를 운영하는 에이전시를 찾았어요. 건설 분야도 선택할 수 있었지만, 저는 관광을 선택했어요. 그리고 현지 농부들과 함께 일하는 농업 경험도 있었죠.
#Person1#: 다른 삶을 경험할 좋은 기회였겠네요.
#Person2#: 네, 처음엔 사람들이 저를 받아들이기 어려웠지만, 점점 친숙해지면서 진정한 소통을 하게 되었어요.
#Person1#: 정말 좋네요. 그곳 음식은 어땠나요?
#Person2#: 단순했지만 항상 먹을 건 많았어요.
#Person1#: 그 이야기를 더 들어보고 싶어요.","Paul은 남미에서 사람들이 사는 방식을 알고 싶어 남미에 갔고, 영어를 가르치며 다양한 경험을 쌓았다고 합니다. 그는 남미에서의 일과 삶, 그리고 현지 음식을 경험했습니다."
train.csv,그 사람,"#Person1#: 그 사람이 한 말이 헷갈려요.
#Person2#: 왜 그렇게 생각해요?
#Person1#: 그 사람의 의도가 뭔지 모르겠어요. 저를 도와주려는 건지, 아니면 혼내려는 건지.
#Person2#: 좀 더 생각해 보세요. 제 생각엔 그 사람이 좋은 의도를 가지고 있는 것 같아요.",#Person1#은 #Person2#에게 그 사람의 말 때문에 혼란스럽다고 이야기합니다.
train.csv,그 사람,"#Person1#: 당신은 묵비권을 행사할 권리가 있습니다. 당신이 말하는 것은 법정에서 불리하게 사용될 수 있습니다. 질문을 받을 때 변호사를 대동할 권리가 있습니다. 만약 변호사를 구할 여유가 없다면, 변호사가 제공될 것입니다. 이해하셨습니까?
#Person2#: 네.
#Person1#: 이름이 어떻게 되시죠?
#Person2#: 제 이름은 James입니다.
#Person1#: 국적은 어떻게 되나요?
#Person2#: 미국인입니다.
#Person1#: 피해자와는 어떤 관계인가요?
#Person2#: 그 사람을 모르는데요.
#Person1#: 왜 피해자를 공격했나요?
#Person2#: 그가 먼저 제 가방을 빼앗으려 해서 저지하려다가 그에게 맞았습니다.
#Person1#: 피해자를 몇 번 찔렀나요?
#Person2#: 그의 배를 세 번 찔렀습니다.
#Person1#: 이런 행동이 심각한 부상이나 사망을 초래할 수 있다는 것을 알고 있었나요?
#Person2#: 알고 있었지만, 제 자신을 통제할 수 없었어요.
#Person1#: 피해자를 죽이려는 의도가 있었나요?
#Person2#: 아니요, 저는 의도적으로 그를 죽인 게 아닙니다. 그 사건은 그가 일으킨 겁니다. 변호사를 만나봐야겠어요.
#Person1#: 알겠습니다. 변호사의 전화번호를 주세요. 우리가 연락하겠습니다.",#Person2#는 피해자가 먼저 가방을 빼앗으려 했다고 주장하며 그를 찔렀다고 합니다. #Person2#는 고의로 죽이지 않았다고 주장하고 있습니다.
train.csv,그 사람,"#Person1#: 뭐해? 
#Person2#: 아, 자판기에 1달러를 넣었는데, 75센트짜리 초콜릿바가 걸렸어. 거스름돈 버튼을 눌렀는데 아무 반응이 없어. 아직 25센트도 못 받았어. 
#Person1#: 스낵바 운영하는 사람한테 환불 받을 수 있는지 물어봤어? 
#Person2#: 어, 물어봤는데 그 사람이 자기는 기계 주인이 아니라고, 자판기에 적힌 전화번호로 전화하래. 
#Person1#: 진짜 짜증나겠다. 
#Person2#: 좋은 생각이 있어. 자판기를 흔들어서 초콜릿바를 떨어뜨리자. 
#Person1#: 난 그거 부수고 싶진 않아. 누가 경찰 부를지도 모르잖아. 
#Person2#: 걱정 마. 나 전에도 이렇게 해봤어. 오늘은 운이 없네. 여기, 초콜릿바 줄게. 
#Person1#: 진짜로? 
#Person2#: 응, 아침에 자판기 잘 작동했었거든.",#Person2#는 #Person1#에게 자판기에 1달러를 넣었지만 초콜릿바가 걸린 후 기계를 흔들면서 초콜릿바를 받았던 경험을 이야기합니다.
train.csv,그 친구,"#Person1#: 주말에 뭐 해, Tom?
#Person2#: 남부 로키 산맥으로 하이킹 갈 거야.
#Person1#: 오, 하이킹 자주 가?
#Person2#: 갈 수 있을 때마다 가려고 해. 자연과 가까워질 수 있어서 좋아.
#Person1#: 도시 벗어나면 좋겠다. 나도 같이 갈까?
#Person2#: 물론이지. 하지만 긴 하이킹이 될 거야, 3일에 30마일 정도. 하이킹 해본 적 있어?
#Person1#: 응, 나도 자주 가. 지난번 하이킹 때 곰이랑 산사자를 봤어.
#Person2#: 와! 꽤 먼 곳까지 갔었나 보네.
#Person1#: 응, 친구랑 국립공원의 아주 야생 구역으로 갔었어.
#Person2#: 그 친구도 같이 데리고 와. 주말에 재밌게 보낼 수 있을 거야.
#Person1#: 고마워, 친구한테 물어볼게.",Tom은 주말 동안 남부 로키 산맥으로 하이킹을 갈 예정이다. #Person1#과 그 친구도 동행할 예정이다.
train.csv,그 친구,"#Person1#: 안녕. 
#Person2#: Mark, 나 Lucy야.
#Person1#: 웬일이야?
#Person2#: 친구가 하나 있어. 내 제일 친한 친구인데 영어를 배우고 싶대. 한 시간에 100위안 정도 낸대. 관심 있어?
#Person1#: 잘 모르겠어.
#Person2#: 그럼, 관심 없는 걸로 받아들일게.
#Person1#: 아니야, Lucy. 오해하지 마. 그러니까 9월 2일에 학교가 개학해서 그때 되면 일정이 꽉 찰 것 같아.
#Person2#: 걱정 마. 내 친구가 항상 네 스케줄에 맞춰줄 수 있대.
#Person1#: 그럼 괜찮을 것 같아. 언제 그 친구를 볼 수 있을까?
#Person2#: 이렇게 하자. 이번 토요일에 내가 그 친구 데리고 너희 집에 갈게. 그러면 너희 둘이 일정 조정하면 돼.
#Person1#: 정오 전에 꼭 와. 오후에는 친구를 공항에 데리러 가야 해.
#Person2#: 어떻게 갈 건데?
#Person1#: 당연히 버스로 가지.
#Person2#: 내 친구가 차로 데려다줄 수 있을 거야.
#Person1#: 잘 됐네. 그런데 네 친구 뭐하는 사람인데?
#Person2#: 변호사야.
#Person1#: 그래, 그럼 나중에 봐.
#Person2#: 그래, 나중에 봐.","Lucy는 Mark에게 변호사 친구가 영어를 배우고 싶다고 전달합니다. 처음에 Mark는 일정 때문에 망설였지만, Lucy의 친구가 Mark의 일정에 맞출 수 있다고 하여 동의합니다. 그들은 일정을 조율하기 위해 만나기로 합니다."
train.csv,그 친구,"#Person1#: 저 왔어요. 안녕하세요, 아빠. 
#Person2#: 잠깐, 잠깐... 어디 가니? 
#Person1#: 아빠, 엄마한테 벌써 말씀드렸잖아요. 오늘 밤 외출하기로 했다고요. 
#Person2#: 누구랑? 데이트 가는 거야? 
#Person1#: 네. 엄마가 어제 Dirk도 만났어요. 그 사람 진짜 멋있어요. Cindy랑 Evan하고 더블데이트할 거예요. 
#Person2#: Dirk. 
#Person1#: 이제 가야 돼요. 
#Person2#: 잠깐, 잠깐. 그 사람 좀 보고 싶어. 
#Person1#: 기다리고 있어요. 
#Person2#: 그래서 오늘 밤 뭐 할 계획이야? 도서관 가는 거야? 
#Person1#: 아빠! 우리 저녁 먹으러 가고, 영화 볼 거예요. 
#Person2#: 무슨 영화고, 등급은 뭐야? 
#Person1#: SF 스릴러인데... 제목은 잘 모르겠지만 PG 등급이에요. 
#Person2#: 그 영화 어디서 상영하는데? 
#Person1#: 캠퍼스 플라자 영화관이에요. 
#Person2#: 나도 오늘 밤 그쪽에서 영화 보려 했는데. 
#Person1#: 아, 아빠. 
#Person2#: 그 친구 좀 보게 해 줘. [아빠가 거실 창밖을 봄] ... 저 사람 콧수염 있었네! 
#Person1#: 아빠, 저 사람 Dirk 아니에요. Dirk의 형이에요. 우리 거기까지 데려다줄 거예요! 이제 가도 돼요? 
#Person2#: 음... 
#Person1#: 엄마가 괜찮다고 했고, 엄마가 그 부모님도 아세요. 
#Person2#: 음... 
#Person1#: 아빠. 
#Person2#: 그래, 하지만 8시까지 집에 와. 
#Person1#: 8시!? 영화가 7시 반에 시작하잖아요. 제발요, 아빠. 
#Person2#: 그래. 11시까지 들어와. 
#Person1#: 사랑해요, 아빠. 
#Person2#: 나도 사랑해. 
#Person1#: 안녕. 
#Person2#: 안녕.","#Person1#은 오늘 밤 Dirk와 외출하여 식사를 하고 영화를 볼 예정이라고 아빠에게 말합니다. 아빠는 #Person1#에게 11시까지 돌아오라고 하였고, #Person1#은 동의합니다."
train.csv,그 얘기,"#Person1#: 여기 있는 사람들이 건강하고 열심히 일하는 걸 보게 됐어. 난 모든 미국인들이 그냥 햄버거나 피자 먹고 TV만 보는 줄 알았거든.
#Person2#: 하, 우리 문화랑 사회가 10년 전보다는 훨씬 건강에 신경을 많이 써.
#Person1#: 유기농 식품 얘기도 많이 듣고, 심지어 직접 채소를 기르는 사람들도 있더라고.
#Person2#: 맞아, 지금은 좀 달라졌어. 사람들이 예전보다 자기 자신이나 세상에 대해 더 많이 알게 된 것 같아. 요즘 정보가 너무 많잖아. 사람들이 예전보다는 무식함이 덜한 것 같아.
#Person1#: 환경 보호에 대한 관심도 더 많이 생긴 것 같아.
#Person2#: 동의해, 하지만 여전히 극복해야 할 문제들이 많아. 그 얘기는 하지 말자.
#Person1#: 긍정적인 것에 집중하자고, 맞지? 그래서 건강한 사회를 위해 넌 어떤 노력을 해?
#Person2#: 나는 가능한 한 차를 안 타고 있어.
#Person1#: 잘하고 있네. 많은 사람들이 너와 같은 태도를 가졌으면 좋겠어.","#Person2#는 #Person1#에게 미국 문화와 사회가 이전보다 건강에 더 신경을 쓰게 되었고, 환경 보호에 대한 관심도 증가했다고 이야기한다."
train.csv,그 얘기,"#Person1#: Sunflower가 왜 영업을 중단했는지 궁금하네. 평도 정말 좋았고, 갈 때마다 항상 사람들이 가득했는데 말이야.
#Person2#: 영원히 문 닫은 건 아니야. 지난달 주방에서 화재가 있었대. 복구가 끝나면 다시 열 계획이래.
#Person1#: 그 얘기 듣고 기쁘네. 거기는 정말 최고의 식당 중 하나였지. 아주 깨끗하고, 직원들도 친절하고, 음식도 정말 훌륭했어.",#Person2#는 #Person1#에게 Sunflower 레스토랑이 화재 피해 복구 후 다시 영업을 재개할 것이라고 설명했습니다.
train.csv,그 얘기,"#Person1#: 안녕, Dave. 나 지나야. 
#Person2#: 지나라고? 그 뱀이 너야? 
#Person1#: 몇 달 전에 네가 보낸 이메일을 받았어. 
#Person2#: 아, 그래? 무슨 내용이었지? 
#Person1#: 네가 나 이상한 사람이라고 했고, 더 이상 연락하지 말라고 했으며, 네 지프가 망하길 바란다고 했던 거야. 
#Person2#: 맞아, 그 얘기였어. 효과가 있었니?",지나는 Dave가 그녀에게 보낸 이메일의 내용에 대해 설명합니다.
train.csv,이 다음,"#Person1#: 그래서 이번 프로젝트가 어떻게 진행되고 있는지 체크하고 싶었어요. 지난주에 중요한 마감일을 놓쳤던 거 아시죠? 이건 팀이 다음 단계로 나아가는 데 부정적인 영향을 줄 거예요.
#Person2#: 네, 알고 있어요. 마감일을 놓쳐서 정말 죄송해요. 근데 이건 제 잘못은 아니었어요. 마지막 순간에 예상치 못했던 기술적인 문제들이 생겼고, 데이터베이스에 접속해서 필요한 데이터를 추출할 수가 없었어요. 솔직히 기술팀이 제대로 일하면서 ARM을 안정적으로 관리했다면, 저는 마감일을 놓치지 않았을 거예요.
#Person1#: 아, 이제 그만요! 그런 변명은 거짓말이나 다름없어요. 당신이 지난 2주 동안 미루기만 했다는 걸 인정하기보다는 기술팀 탓을 하고 있어요.
#Person2#: 아니에요, 여기서 책임 전가하려는 게 아니에요. 결국 저 책임이라는 거 알아요. 하지만 시스템이 다운되지 않았더라면 제때 끝낼 수 있었어요. 그리고 지금 제가 하는 일이 너무 많아서, 기술적인 문제로 시간을 낭비하는 여유가 없어요. 하루에 24시간밖에 없잖아요...
#Person1#: 이 변명은 받아들이지 않을 거예요. 작은 기술적인 문제들을 핑계로 삼고 있다는 걸 알아요. 우리는 기준이 있고, 그 기준에 맞춰야 해요. 가짜 핑계는 그만해요. 감당이 안 되면 저한테 말해야죠. 더 이상 마감일을 놓치는 일은 없었으면 좋겠어요. 아침 9시까지 그 데이터를 제 책상 위에 올려놔요!","#Person1#은 #Person2#가 지난 2주 동안 업무를 미뤘다고 비난하며, #Person2#가 기술적인 문제를 이유로 마감일을 지키지 못했다고 변명하고 있다고 지적합니다."
train.csv,이 다음,"#Person1#: 안녕하세요, 저는 Jake라고 해요. 합창단에 새로 왔는데, 이름이 뭐예요?
#Person2#: 안녕하세요, 저는 Tonia예요.
#Person1#: 알토 부르세요?
#Person2#: 사실 소프라노도 할 수 있는데, 지휘자님이 다음 공연에 알토로 부르셨거든요. 당신은요?
#Person1#: 우리 둘 다 여기저기 왔다 갔다 하네요. 저는 바리톤이에요.
#Person2#: 우리 베이스 파트 정말 좋아요. 같이 노래하면 마음에 드실 거예요.
#Person1#: 아까 워밍업하면서 들어봤는데 맞아요.
#Person2#: 합류해 줘서 고마워요. 좋은 바리톤 목소리가 필요했거든요.","Jake는 합창단에 새로 합류했고, Tonia는 그를 환영합니다. Tonia는 소프라노와 알토를 소화할 수 있으며, Jake는 바리톤입니다."
train.csv,이 다음,"#Person1#: 안녕하세요, 유학생 사무실입니다. 무엇을 도와드릴까요?
#Person2#: 다음 주에 집에 가려고 하는데, 그 계획을 소장님과 이야기하고 싶어요.
#Person1#: 영국에서 온 학생 중 한 명인가요?
#Person2#: 아니요, 저는 미국에서 왔어요. 지난 5월에 왔습니다.
#Person1#: 알겠습니다. 소장님이 다음 주 월요일에 시간을 내실 수 있는데, 오전이 좋으세요, 아니면 오후가 좋으세요?
#Person2#: 오전이 더 좋아요.
#Person1#: 9시에 오시면 괜찮으신가요?
#Person2#: 네, 괜찮습니다.
#Person1#: 좋아요. 그럼 월요일 아침 9시에 뵙겠습니다.
#Person2#: 감사합니다.","#Person2#는 다음 주에 집에 가는 계획에 대해 소장님과 이야기하고자 하며, #Person1#은 #Person2#의 약속을 잡아 줍니다."
train.csv,저 여자,"#Person1#: 저 여자애 이름이 뭐예요? 
#Person2#: 어느 쪽이요? 
#Person1#: 제일 키 큰 애요. 
#Person2#: 그녀는 미아오 리예요. 오빠를 만나러 왔대요. 
#Person1#: 아, 그렇군요. 참 사랑스럽네요. 그녀에 대해 다른 정보 좀 줄 수 있어요? 
#Person2#: 네, 그녀는 의상 디자이너고, 의류 공장에서 일해요. 
#Person1#: 그녀에 대해 어떻게 생각하세요? 
#Person2#: 정말 아름답고 좋은 사람이에요. 
#Person1#: 남자친구가 있는지 궁금하네요. 
#Person2#: 아니요, 없어요. 
#Person1#: 정말 좋네요! 감사합니다.","#Person1#은 #Person2#에게 사랑스러운 여자애에 대해 묻고, #Person2#는 그녀의 이름과 직업, 남자친구의 유무를 알려줍니다."
train.csv,저 여자,"#Person1#: 저 여자 알아보겠어, Millie?
#Person2#: 나 알 것 같아, Kate. 배우인 Karen Marsh일 거야.
#Person1#: 나도 그렇게 생각했어. 그 옆에 있는 사람 누구야?
#Person2#: Conrad Reeves일 거야.
#Person1#: 배우 Conrad Reeves? 그럴 리가. 다시 한 번 볼게. 네 말이 맞는 것 같아! 그 사람 그녀의 네 번째 남편 아니야?
#Person2#: 아니야, 네 번째 아니면 다섯 번째일 걸.
#Person1#: Karen Marsh 많이 늙지 않았어!
#Person2#: 그치, 정말 그렇지! 읽었는데 스물아홉 살이라고 하더라, 근데 최소 마흔 살은 됐을 거야.
#Person1#: 분명 그렇지.
#Person2#: 내가 학생일 때 유명한 배우였잖아.
#Person1#: 오래 전 일이지, 안 그래?
#Person2#: 그렇게 오래되진 않았어! 나도 스물아홉 이상은 아니야.",Millie와 Kate는 배우 Karen Marsh와 그녀의 남편 Conrad Reeves를 알아보고 Karen이 실제 나이보다 더 나이 들어 보인다고 이야기한다.
train.csv,저 여자,"#Person1#: 봐봐! 저 여자 정말 예쁘고 나한테 웃고 있어. 너무 사랑스러워. 
#Person2#: 나는 그렇게 생각하지 않아. 예쁘긴 하지만 항상 변덕스러워. 
#Person1#: 왜 그렇게 생각해? 
#Person2#: 그 사람이 내 여동생이거든.","#Person1#은 예쁘고 사랑스러운 여자를 보고 좋아하지만, #Person2#는 그 여자가 변덕스러운 자신의 여동생이라고 설명한다."
train.csv,이 회사,"#Person1#: 어떤 일을 하고 싶으세요?
#Person2#: 전 매니지먼트 관련 일을 하고 싶어요. 제가 3년간의 경력이 있거든요.
#Person1#: 만약 고용된다면 어떤 계획이 있으신가요?
#Person2#: 저의 전문성과 경험을 바탕으로 일하면서 점차 이 회사의 관리직으로 올라가는 게 목표입니다.",#Person2#는 #Person1#에게 이상적인 직업과 고용되었을 때의 계획에 대해 설명합니다.
train.csv,이 회사,"#Person1#: 여보세요, 안나예요. 
#Person2#: 안나야, 나 제이슨이야. 
#Person1#: 제이슨, 요즘 어디 숨어지냈어? 네가 마지막으로 전화한 지 꽤 됐잖아. 잘 지냈어? 
#Person2#: 응, 잘 지냈어. 안나는 어때? 
#Person1#: 나도 잘 지내. 뭐 하고 지냈어? 
#Person2#: 일하고 있어. 요즘 너무 바빴어. 승진했거든. 
#Person1#: 와, 잘됐다! 축하해! 
#Person2#: 고마워. 나도 기분이 꽤 좋아. 사무실도 커지고, 급여도 올랐고, 심지어 비서도 생겼어. 
#Person1#: 대단한데. 그럼 이제 너 보려면 예약해야겠네? 
#Person2#: 웃기지 마. 
#Person1#: 거기서 일한 지 얼마나 됐지? 
#Person2#: 한 2년 좀 넘었어. 이 회사는 진급이 빠르게 이뤄지고, 승진이 경력만으로 결정되지 않아. 
#Person1#: 새 보스는 어때? 
#Person2#: 아주 좋고 개방적인 사람이야. 
#Person1#: 이전 보스보단 훨씬 낫지? 
#Person2#: 맞아. 그 사람은 진짜 일만 시키던 사람이야. 우리가 로봇이었으면 좋겠다고 생각했을걸. 
#Person1#: 그 사람은 잊어버려. 오늘 밤 우리 집에 와. 같이 술 마시자. 
#Person2#: 좋아, 오늘 밤 8시에. 
#Person1#: 8시 알았어. 그럼 그때 보자. 
#Person2#: 안녕.","제이슨이 안나에게 전화해서 최근 승진한 소식과 새로운 좋은 보스를 만난 이야기를 전한다. 제이슨은 이전 보스를 불평하고, 안나가 오늘 밤 집에 초대하여 술을 마시자고 하자 이를 수락한다."
train.csv,이 회사,"#Person1#: 파트타임으로 시작할 거예요, 아니면 풀타임으로 일할 생각이에요?
#Person2#: 일단 파트타임으로 시작하고 나중에 풀타임으로 전환하고 싶어요.
#Person1#: 그러면 이 회사에서 오래 일하실 계획인 거죠?
#Person2#: 네, 맞아요. 이 도시가 정말 좋아서 여기에 정착하고 싶어요.
#Person1#: 여기 지원서가 있어요. 가능한 한 성실하게 작성해 주세요. 이력서와 추천서도 가져오셨어요?
#Person2#: 네, 여기 있습니다.
#Person1#: 지원서 제출할 때 이력서와 추천서도 함께 주세요.
#Person2#: 감사합니다. 몇 분 안 걸릴 것 같아요.",#Person2#는 파트타임으로 시작하여 추후 풀타임으로 전환하고자 합니다. #Person1#은 #Person2#에게 지원서를 작성하고 이력서와 추천서를 함께 제출하도록 요청합니다.
train.csv,이 도시,"#Person1#: 오늘 밤에 춤추러 가는 거 어때, Jane? 이 도시의 밤 문화가 정말 흥미로울 거야!
#Person2#: 좋은 생각이야. 근처에 괜찮은 나이트클럽 있지 않아?
#Person1#: 응, 거기 음악 스타일도 다양하고 괜찮아.
#Person2#: (클럽에서) 저기 춤추는 사람들 좀 봐, 정말 열광적이야.
#Person1#: 저건 빠른 템포의 록앤롤이야.
#Person2#: 나는 느린 춤이 좋아. 룸바랑 왈츠는 잘 춰.
#Person1#: 걱정 마. 느린 춤은 파티 중간쯤에 할 거야.
#Person2#: 조용한 자리 찾아서 음료 마시자.
#Person1#: 그래, 따라와.
#Person2#: 저기, 왈츠잖아. 옛날 스타일의 우아한 스텝이 좋아.
#Person1#: 나랑 춤출래?
#Person2#: 물론이지.
#Person1#: (둘이 춤출 때) 너 정말 우아하게 추는구나!",#Person1#은 #Person2#에게 오늘 밤 춤추러 가자고 제안합니다. #Person2#은 느린 춤을 좋아해서 왈츠가 시작될 때까지 기다리며 나이트클럽에서 즐거운 시간을 보냅니다.
train.csv,이 도시,"#Person1#: 내일 너 관심 있어 할 만한 곳들로 데려가 줄게.
#Person2#: 어디 아직 가보지 못한 곳이 있어?
#Person1#: 많이는 아니지만, 여긴 어때. 이곳은 민속 고가구 수공예품과 수집품 전시관이야!
#Person2#: 멋지다! 민속 수집품은 얼마나 많아?
#Person1#: 글쎄, 이 도시에만도 200종 이상의 민속 수집품이 있어. 중국 전체 기준으로 보면 절반 정도지. 여러 수집품을 위한 전시홀이 있고, 개인 수집품을 전시하는 방도 여러 개 있어.
#Person2#: 개인 수집가들! 그들은 분명 대단한 수집품을 갖고 있겠지. 다 보러 갈래. 어떤 수집품들을 볼 수 있어? 데이빗, 왜 이렇게 궁금하잖아.
#Person1#: 급할 것 없어! 이제 말해줄게. 고대 상자와 보관함, 다기 세트, 주판, 귀한 조개와 소라, 연구용 항아리와 물 주판, 드라마 의상, 마노, 고대 동전, 나비, 부채, 미니 악기, 뿌리 조각품, 희귀 돌과 바위, 모형 배, 모형 자동차가 있어.
#Person2#: 데이빗, 이제 알겠어! 더 이상 못 기다리겠어. 당장 가자!
#Person1#: 알겠어, 알겠어. 먼저 민속 수집 전시관부터 시작할 거야. 지역의 최고 고가구가 항상 전시되는 곳이지. 그 자체가 오래전 청나라 시절의 지역 클럽이었던 잘 보존된 고가구 건축물이야. 국내외 전문가들 간의 학술 연구 세미나와 교류도 종종 열린다.
#Person2#: 정말 흥미롭네. 꼭 가봐야 할 곳이야. 그 다음에는?
#Person1#: 나비에 관심이 있다면, 나비 전시관에 가봐야 해. 개인 박물관을 운영하는 진 선생님이 20개 이상의 국가에서 1,000종 이상의 나비 표본을 소장하고 있어. 그 중 많은 것들이 국가 보물급이야.
#Person2#: 그 자체로도 나비 표본 제작에 있어 권위자로 인정받지, 진 선생님은.","데이빗은 #Person2#에게 민속 고가구 수공예품과 수집품 전시관으로 데려가겠다고 말한다. 다양한 방에 전시된 수집품들의 수와 종류를 소개하고, #Person2#는 기다릴 수 없어 한다. 데이빗은 민속 수집 전시관과 진 선생님이 운영하는 나비 전시를 추천한다."
train.csv,이 도시,"#Person1#: 파트타임으로 시작할 거예요, 아니면 풀타임으로 일할 생각이에요?
#Person2#: 일단 파트타임으로 시작하고 나중에 풀타임으로 전환하고 싶어요.
#Person1#: 그러면 이 회사에서 오래 일하실 계획인 거죠?
#Person2#: 네, 맞아요. 이 도시가 정말 좋아서 여기에 정착하고 싶어요.
#Person1#: 여기 지원서가 있어요. 가능한 한 성실하게 작성해 주세요. 이력서와 추천서도 가져오셨어요?
#Person2#: 네, 여기 있습니다.
#Person1#: 지원서 제출할 때 이력서와 추천서도 함께 주세요.
#Person2#: 감사합니다. 몇 분 안 걸릴 것 같아요.",#Person2#는 파트타임으로 시작하여 추후 풀타임으로 전환하고자 합니다. #Person1#은 #Person2#에게 지원서를 작성하고 이력서와 추천서를 함께 제출하도록 요청합니다.
train.csv,이 시간,"#Person1#: 이 아이들이 당신 삼둥이인가요? 정말 예쁘네요! 제가 본 다른 아기들은 이 나이 때 조금 마른 편이던데요. 이 아이들은 정말 당신과 John을 꼭 닮았어요! 더 낳을 계획이 있으신가요?
#Person2#: 그만해요! 저는 정말 한계에 다다랐어요. 어떤 날은 잠도 못 자요. John은 아기들이 소리를 지르는데도 잘 자더라고요.
#Person1#: 음, 그럼 출산은 어땠어요?
#Person2#: 인생에서 가장 즐거운 시간이라고는 못 하겠지만, 적어도 큰 문제 없이 잘 끝났어요.
#Person1#: 잘 견뎌내세요. 20년 후엔 이 시간이 정말 가치 있었다고 느낄 거예요!",#Person1#은 #Person2#에게 더 많은 아이를 가질 계획이 있는지 묻습니다. #Person2#은 아기들이 울어대는 탓에 잠을 자기도 힘들다며 계획이 없다고 답합니다.
train.csv,이 시간,"#Person1#: 안녕하세요, 택시 기사님. 금융가로 가주세요.
#Person2#: 금융가로 가신다고요?
#Person1#: 네, 거기로 가고 싶습니다.
#Person2#: 알겠습니다. 타세요.
#Person1#: 죄송하지만, 거기까지 얼마나 걸리나요?
#Person2#: 보통 30분 정도 걸려요.
#Person1#: 아, 꽤 멀군요.
#Person2#: 네, 이 시간대에는 교통 때문에 더 걸릴 수도 있어요. 급하신가요?
#Person1#: 아니요, 천천히 안전하게 가주세요.
#Person2#: 알겠습니다.
#Person1#: 운전 정말 잘하시네요.
#Person2#: 감사합니다.
#Person1#: 그런데 요금은 거리마다 같은가요?
#Person2#: 아니요, 거리에 따라 달라요. 미터기로 확인하실 수 있습니다.
#Person1#: 아, 그렇군요.","#Person1#은 금융가로 가기 위해 택시에 탑니다. #Person2#는 금융가까지 가는 데 시간이 걸릴 수 있고, 요금은 거리마다 다르다고 설명합니다."
train.csv,이 시간,"#Person1#: 저기요, 여기 대학교에서 중국어 공부하세요?
#Person2#: 네, 그런데 제 한자가 많이 부족해요.
#Person1#: 중국어 글자를 배우는 데 시간이 오래 걸려요.
#Person2#: 중국 분이세요?
#Person1#: 네, 저는 대만에서 왔고, 여기 정치학 공부하러 왔어요.
#Person2#: 어떠세요?
#Person1#: 지금까지는 좋아요. 그런데 제 영어가 아직 부족해요.
#Person2#: 저는 중국어와 국제 관계를 공부하고 싶어요.
#Person1#: 여기에 있는 중국어 학과에서는 정체자를 가르쳐요, 아니면 간체자를 가르쳐요?
#Person2#: 정체자를 가르쳐요.
#Person1#: 그렇군요. 저는 대만 출신이라서 정체자가 더 익숙해요.
#Person2#: 조금 전에 영어가 부족하다고 하셨죠?
#Person1#: 네, 맞아요. 특히 쓰기요. 제 논문이 좋지 않은 것 같아요. 문법 실수를 너무 많이 해요.
#Person2#: 저는 중국어 배우는 데 매우 진지해요. 지금은 발음이 제일 어렵네요. 중국어에는 4성조가 있어서 정말 힘들어요. 혹시 시간 되시면, 언어 교환 어떨까요?
#Person1#: 둘이서요?
#Person2#: 네, 왜 안되겠어요? 만약 여기 카페 자주 오신다면, 여기에서 만나서 같이 중국어와 영어를 연습할 수 있을 것 같아요.
#Person1#: 그거 좋은 생각 같네요. 얼마나 자주 할까요?
#Person2#: 음... 지금 제 일정이 좀 바쁜데, 주 90분 정도 할 수 있을 것 같아요.
#Person1#: 어떻게 시간을 나눌까요? 그 90분을 어떻게 보낼까요?
#Person2#: 먼저, 45분은 당신의 영어 작문을 도와드릴게요. 원하시면, 제가 논문을 고쳐 드릴 수도 있고요. 아니면 영어 대화를 할 수도 있어요. 원하는 대로요. 그리고 다음 45분은 제가 중국어를 배우게 해주시면 돼요.
#Person1#: 작문을 도와드리면 되나요?
#Person2#: 아니요. 지금은 구어체 중국어가 중요해요. 연습이 필요하거든요. 그래서 회화를 가르쳐주시면 좋아요. 교과서를 사용해서 질문도 해주시면 좋겠어요. 그러면 제가 틀린 부분을 수정해 주시면 돼요.
#Person1#: 좋은 시스템인 것 같네요. 근데 언제 만나는 게 편한가요?
#Person2#: 오늘 월요일이죠. 사실 월요일 이 시간이 제일 좋아요. 지금부터 11시까지 시간이 비어 있어요.
#Person1#: 저도요. 사실 저도 1시까지 시간 있어요.
#Person2#: 그럼 10시에 만나는 건 어때요?
#Person1#: 좋아요. 제가 지금 작업 중인 논문을 가지고 올게요.
#Person2#: 그럼 저는 교과서랑 녹음기 가지고 올게요. 혼자서 연습할 수 있도록 몇 가지 녹음을 하고 싶어요.
#Person1#: 제가 전화번호 드릴게요.
#Person2#: 좋아요. 저도 드릴게요. 만약 무슨 이유로 취소해야 하면 전화 드릴 수 있게요.","#Person2#는 중국어를 공부하고 있으며, 한자가 부족하고 발음을 가장 어렵다고 느낍니다. #Person1#는 영어 작문 개선이 필요하다고 느끼고 있습니다. #Person2#는 언어 교환을 제안하여 매주 월요일 오전 10시에 90분 동안 영어와 중국어를 교환하기로 했습니다. 45분 동안 #Person1#의 영어 작문이나 대화를 도와주고, #Person1#는 #Person2#의 구어체 중국어를 도울 예정입니다."
train.csv,그 문제,"#Person1#: 지금까지 아파트는 마음에 드세요?
#Person2#: 문제가 하나 있네요.
#Person1#: 어떤 문제죠?
#Person2#: 부엌에 있는 수도꼭지에서 물이 새는 걸 봤어요.
#Person1#: 그거 큰 문제는 아니겠네요.
#Person2#: 나중에 수도요금이 많이 나올 거예요.
#Person1#: 제가 어떻게 해드리면 될까요?
#Person2#: 그 문제를 고쳐주셨으면 좋겠어요.
#Person1#: 지금 당장은 못 고쳐드려요.
#Person2#: 그럼, 그 문제를 해결하기 전에는 아파트를 임차할 수 없어요.
#Person1#: 알겠어요, 고쳐드릴게요.
#Person2#: 이렇게 합의하니 기쁘네요.","#Person2#는 부엌에 수도꼭지 누수가 해결되지 않으면 아파트를 임차하지 않겠다고 합니다. #Person1#은 처음에는 수리를 꺼리지만, 결국 동의합니다."
train.csv,그 문제,"#Person1#: 어떻게 도와드릴까요?
#Person2#: 문제가 좀 생겼어요.
#Person1#: 무슨 문제인가요?
#Person2#: 제가 수수료를 내야 한다고 하는데, 은행 명세서를 받은 적이 없어요.
#Person1#: 정말 죄송합니다.
#Person2#: 수수료가 올랐는데, 수수료가 있다는 사실조차 몰랐어요.
#Person1#: 무슨 문제인지 알겠습니다.
#Person2#: 그 문제를 어떻게 해결해 주실 건가요?
#Person1#: 수수료를 없애드리겠습니다.
#Person2#: 그럼 수수료를 안 내도 되는 건가요?
#Person1#: 처음 수수료만 내시면 됩니다.
#Person2#: 괜찮아요. 도와주셔서 감사합니다.",#Person2#는 수수료가 발생했으나 은행 명세서를 받지 못한 상황입니다. #Person1#은 추가된 수수료를 취소해 주기로 했습니다.
train.csv,그 문제,"#Person1#: 여기 F.O.B 기반 가격표가 있습니다. 가격은 아직 확정되지 않은 상태예요.
#Person2#: 좋습니다. 잠시 검토해볼게요.
#Person1#: 천천히 하세요.
#Person2#: 조금 보니 가격이 꽤 높아 보이네요.
#Person1#: 그런데 최근 몇 년 동안 원가가 많이 올랐던 걸 알고 계시죠?
#Person2#: 저희는 단지 가격이 다른 곳과 비교할 수 있기를 바라는 것뿐입니다. 합리적인 요구 아닌가요?
#Person1#: 물론요, 거래를 성사시키기 위해 어느 정도 가격 양보는 고려할 수 있습니다. 다만 어느 정도 주문하실지 알려주셔야 가격을 조정할 수 있습니다.
#Person2#: 주문량은 가격에 따라 결정됩니다. 우선 그 문제부터 해결해보죠.
#Person1#: 알겠습니다. 제가 말씀드렸듯이, 주문량이 많다면 가격을 2%까지 내릴 수 있습니다.
#Person2#: 가격이 너무 높다는 건 단지 2, 3% 문제가 아닙니다.
#Person1#: 그렇다면 어느 정도를 기대하시는 건가요? 대략이라도 말씀해 주실 수 있나요?
#Person2#: 거래를 성사시키려면 최소 10% 인하가 필요하다고 봅니다.
#Person1#: 그건 좀 어려운 조건입니다. 그렇게 많이 인하하는 건 무리입니다.
#Person2#: 화학 비료 시장에 대해 나만큼 잘 아시죠? 현재 공급이 수요를 초과하고 있는 상황입니다. 본사와 상의해 보는 건 어떠신가요?
#Person1#: 좋습니다. 그렇게 해보겠습니다.","#Person2#는 #Person1#이 제시한 가격이 너무 높다고 느끼며, #Person1#은 2%의 가격 인하를 제안하지만 #Person2#는 최소 10%의 인하를 원합니다. #Person1#은 타협이 어렵다고 생각해 #Person2#는 본사에 연락해보라고 제안하고, #Person1#은 이에 동의합니다."
train.csv,이 문제,"#Person1#: 엄마, 나 대학 때문에 좀 걱정돼. 무슨 공부를 해야 할지 모르겠고, 전공을 어떻게 정해야 할지 모르겠어. 
#Person2#: 그런 결정은 어려울 수 있지, 존. 
#Person1#: 어떻게 결정해야 할까? 
#Person2#: 음, 먼저 네 관심사부터 시작해보는 건 어때? 네가 흥미를 가지는 걸 공부하면 도움이 될 거야. 너는 어떤 것을 읽거나 배우는 걸 좋아하니? 
#Person1#: 음, 춤추는 거랑 사람들 도와주는 게 좋아. 그게 내 관심사인 것 같아. 
#Person2#: 사람들 도와준다는 게 무슨 뜻이야? 
#Person1#: 사람들이 문제 있을 때 그걸 해결하는 걸 도와주는 게 좋아. 사람들이 아프면 기분 좋게 해주는 일을 하고 싶어. 
#Person2#: 그렇다면 의학에 관심이 있을 수도 있겠네. 
#Person1#: 음... 잘 모르겠어. 
#Person2#: 또 생각해야 할 점은 네가 원하는 직업과 얼마나 벌고 싶은지도 생각해야 해. 
#Person1#: 그건 어떻게 알 수 있어? 
#Person2#: 도서관에서 다양한 직업을 조사할 수 있고, 다양한 직업의 수입에 대한 보고서와 자료가 있어. 
#Person1#: 나는 여행할 돈을 벌 수 있는 고소득 직업을 갖고 싶어. 
#Person2#: 맞아, 수입이 전공 선택에 중요한 영향을 미칠 거야. 또 한 가지 생각할 점이 있어. 
#Person1#: 그게 뭐야? 
#Person2#: 장학금, 즉 대학에서 주는 지원금을 받는 것도 고려해야 해. 특별한 장학금을 받을 수 있는 전공을 선택하는 게 좋을 거야. 네가 제대로 결정할 거라 믿어. 
#Person1#: 고마워, 엄마.","존은 엄마에게 전공 선택에 대한 고민을 털어놓고 조언을 구한다. 엄마는 자신의 관심사와 예상 수입, 장학금 기회를 고려하라고 조언하며, 진심 어린 응원을 보낸다."
train.csv,이 문제,"#Person1#: 너무 슬퍼하지 마. 그 사람하고 정말 감정이 없다면, 내 생각엔 이혼이 문제를 해결하는 최선의 방법일지도 몰라.
#Person2#: 나도 마음속으로는 잘 알고 있어. 그런데 아이 때문에 마음이 놓이질 않아. 아직 어리잖아. 우리를 이해하고 이런 진실을 받아들일 수 없을 거야.
#Person1#: 맞아, 아이가 문제지. Jenny에게 진실을 말하지 말고, 하얀 거짓말만 해. 나중에 크면 적당한 기회를 봐서 이야기해 줘.
#Person2#: 알겠어. 그래, 그렇게 할게.","#Person1#은 #Person2#에게 이혼을 권하지만, #Person2#는 딸에 대해 걱정하고 있다. #Person1#은 하얀 거짓말을 하라고 제안한다."
train.csv,이 문제,"#Person1#: 오늘 직장에서 뭐 했어?
#Person2#: 정말 바빴어. 추가로 좀 더 일해야 했어. 아침에는 중요한 고객이 큰 주문을 넣겠다고 해서 동료들과 함께 확인해야 했어.
#Person1#: 뭐 때문에 그렇게 확인할 게 많았어?
#Person2#: 가장 중요한 건 재고가 있는지 확인하는 거였어. 재고가 있으면 바로 배송할 수 있으니까. 또 가격도 확인해야 했어. 이 고객은 아주 중요해서 특별한 가격을 제공해야 하거든.
#Person1#: 그렇구나. 다른 일은 없었어?
#Person2#: 잠재 고객들로부터 이메일을 많이 받았어. 각 이메일마다 이전 회의에서 합의한 사항이 뭔지 확인해야 했지. 각 고객마다 조건과 요구사항이 다르니까.
#Person1#: 각 고객별로 모든 세부사항을 기억하기 어렵겠네.
#Person2#: 맞아. 그래서 모든 걸 컴퓨터 파일로 관리해. 사무실에서는 종이를 거의 안 써. 점심 먹고 나서 한 고객이 문제를 제기했거든.
#Person1#: 나도 문제 해결하는 거 정말 싫어해. 정당한 문제였어?
#Person2#: 응, 정당한 문제였어. 문제를 해결하긴 했는데, 그 일에 한 시간 넘게 걸렸어.
#Person1#: 정말 바쁘게 지냈구나.
#Person2#: 그게 다가 아니야! 또 상사한테 제출할 영업 보고서도 끝내야 했어. 결국 다 끝냈어. 내일 아침에는 또 무슨 일이 기다릴지 궁금하네.","#Person2#는 오늘 바빴습니다. #Person2#는 #Person1#에게 재고 확인, 고객 이메일 처리 및 문제 해결을 했다고 말합니다. 또한 #Person2#는 상사를 위한 영업 보고서를 작성 완료했습니다."
train.csv,그다음에,"#Person1#: 저기, 온라인 카탈로그를 꽤 오래 사용하고 계신데, 뭐 도와드릴 거 없나요?
#Person2#: 음, 제가 1930년대와 1940년대 할리우드에 관한 논문을 써야 해서 정말 힘들어요. 책이 수백 권이나 되고 어디서부터 시작해야 할지 모르겠어요.
#Person1#: 주제가 꽤 넓어 보여요. 그 시대의 스튜디오 역사로 좁혀보는 건 어때요?
#Person2#: 그런 생각도 했었는데, '영화 스튜디오'라고 입력하니까 30권 넘게 나왔어요.
#Person1#: 더 구체적으로 하려면 원하는 연도를 지정해 보는 건 어떠세요? '1930년대', '1940년대', 아니면 '황금기'를 추가해 보세요.
#Person2#: '황금기'라는 게 좋은 생각이네요. 한번 입력해볼게요. 오, 이거 봐요, 이번엔 6권만 나왔네요. 훨씬 낫네요.
#Person1#: 그리고 또 한 가지 생각해볼 게 있어요. 잡지나 신문 기사를 찾아봤나요?
#Person2#: 아니요, 책만 찾고 있었어요.
#Person1#: 그러면, 잡지 기사들은 Reader's Guide to Periodical Literature에서 찾아볼 수 있어요.
#Person2#: 알겠어요. 일단 이 책들로 시작해보고 그다음에 잡지로 넘어갈게요.
#Person1#: 도움이 필요하면, 제가 참고 데스크에 있을게요.
#Person2#: 좋네요, 정말 감사합니다.",#Person2#는 30년대와 40년대 할리우드에 관한 책을 찾는 데 어려움을 겪고 있습니다. #Person1#은 주제를 특정 연도로 좁히라고 조언합니다. 또한 #Person1#은 #Person2#에게 잡지 기사를 검색해 보라고 제안합니다.
train.csv,그다음에,"#Person1#: 저는 이 지점의 매니저, Paul Adams입니다. 만나서 반가워요. 
#Person2#: 저는 Katie Thomas예요. 만나서 반가워요. 
#Person1#: 임시 사무직을 찾고 있다고 하셨나요? 
#Person2#: 네, 맞아요. 
#Person1#: Katie, 나이가 어떻게 되시죠? 
#Person2#: 열여덟 살이에요. 
#Person1#: 꽤 젊으시네요. 어떤 경험이 있으신가요? 
#Person2#: 음, 사실 저는 막 학교를 졸업했어요. 대학에 가기 전에 잠시 일하려고 해요. 
#Person1#: Katie, 저희가 도와드리기 어려울 것 같아요. 저희 고객들은 특히 새로운 사무 기술에 대해 매우 까다롭거든요. 
#Person2#: 아, 그건 괜찮아요. 학교에서 사무 기술 관련 수업을 들었거든요. 
#Person1#: 그동안 무엇을 배우셨는지 말씀해 주실래요? 
#Person2#: 처음에는 타자 기술을 배웠고, 그다음에는 워드 프로세싱을 배웠어요. 
#Person1#: 좋네요. 기술적인 관점에서는 자격이 충분해 보이네요.",Paul Adams는 임시 사무직을 찾고 있는 Katie Thomas와의 인터뷰에서 그녀가 타자 기술과 워드 프로세싱을 배워 기술적으로 자격이 있다고 판단합니다.
train.csv,그다음에,"#Person1#: 안녕 Martin, 오랜만이야. 프랑스로 공부하러 갔다면서, 어땠어?
#Person2#: 거기 1년 있었고, 그 후로 유럽을 여행하느라 1년 쉬었어.
#Person1#: 어디 갔었어?
#Person2#: 처음엔 스위스에 갔다가 그다음에 독일, 오스트리아 갔어. 이탈리아에서 여행을 끝내려고 했는데 잘 안 됐어.
#Person1#: 아쉽네. 돌아오니 좋아?
#Person2#: 당연하지. 하지만 다시 프랑스로 돌아가서 학위를 마쳐야 돼. 4년짜리 프로그램이거든.
#Person1#: 그래서 가족 만나러 베이징에 잠깐 돌아온 거구나?
#Person2#: 맞아, 여기 2달 더 있을 거야.
#Person1#: 계획 있어?
#Person2#: 7월에 우리 엄마가 70세 생신이셔서 특별한 걸 할 예정이야. 다음 달엔 해안가로 차 타고 갈 거고, 9월 1일 전에 프랑스로 돌아갈 거야.
#Person1#: 좋은데? 내 일정에도 좀 끼워줄 수 있어?
#Person2#: 하하, 친구한테는 언제든 시간 내지, 오늘 밤 어때?
#Person1#: 좋아.","Martin은 #Person1#에게 유럽에서의 경험을 이야기합니다. Martin은 가족을 만나기 위해 베이징에 돌아왔으며, 학위를 마치기 위해 다시 프랑스로 돌아갈 예정입니다. #Person1#과 Martin은 오늘 밤 만나기로 합니다."
train.csv,이 지역,"#Person1#: 지금 토네이도 경보가 내려졌어. 엄마가 방금 라디오에서 들으셨대.
#Person2#: 토네이도 경보가 뭐야?
#Person1#: 이 지역 어딘가에서 토네이도가 목격됐다는 얘기야.
#Person2#: 진짜? 뉴베를린에서?
#Person1#: 아니, 반드시 이 마을은 아니야. 남부 위스콘신 어딘가래. 토네이도가 눈에 띄었대. 여기서는 두 단계가 있어. 이건 '토네이도 주의보'라고 해. 날씨가 토네이도에 적합한 상태란 뜻이지.
#Person2#: 이해했어. 토네이도가 올지도 모른다고 생각하는 거구나.
#Person1#: 맞아. 사람들이 조심해야 해, 왜냐면 토네이도가 올 가능성이 있거든. 그래서 그게 주의보야.
#Person2#: 그리고 두 번째 단계가 '토네이도 경보'구나.
#Person1#: 맞아. 토네이도가 발견되면 토네이도 경보를 발표해. 경보가 발령됐다는 건 토네이도가 어딘가에 있다는 얘기야.
#Person2#: 무섭네.
#Person1#: 응... 토네이도는 위험할 수 있어, 그건 사실이야. 시끄러운 기차 소리 같은 것이 들리면 지하실로 가야 해.
#Person2#: 시끄러운 기차 소리라니 무슨 뜻이야?
#Person1#: 토네이도가 그런 소리를 내. 기차처럼 들려. 엄청 시끄럽지.
#Person2#: 근데 오는 소리가 들린다면 이미 늦은 거 아니야?
#Person1#: 그럴 수도 있어. 토네이도에 따라 달라. 어떤 건 시속 200마일로 이동하기도 해. 엄청 빠르지. 다른 건 그렇게 빠르진 않아.
#Person2#: 많이 봤어?
#Person1#: 인생에서 딱 한 번 봤어. 창밖을 보고 있었는데, 2마일 정도 떨어져 있었어. 정말 신기했어. 근데 친구네 집 쪽으로 가고 있었거든. 그래서 급히 전화했어.
#Person2#: 친구네 집 맞았어?
#Person1#: 아니, 안 맞았어. 근데 그래도 전화해줘서 고마워했어.
#Person2#: 네가 전화했을 때, 친구들은 뭐 하고 있었어?
#Person1#: 다들 거실에서 TV 보고 있었대. 토네이도가 자기네 집 쪽으로 오는 줄 전혀 몰랐대. 만약 맞았으면 아마 다들 위험했을지도 몰라.
#Person2#: 무섭다. 토네이도로 많은 사람들이 죽어?
#Person1#: 그렇진 않아. 하지만 집이 많이 파괴되곤 해.","#Person1#은 #Person2#에게 토네이도 경보와 주의보 두 단계를 설명합니다. 또한 토네이도의 소리, 그 소리가 나는 이유, 그리고 토네이도의 위험성에 대해 설명합니다. 이어서 #Person1#은 본인이 겪은 토네이도 경험을 이야기하며 토네이도의 위험성을 강조합니다."
train.csv,이 지역,"#Person1#: 토네이도 경보가 떴대. 우리 엄마가 방금 라디오에서 들었다고 했어.
#Person2#: 토네이도 경보가 뭐야?
#Person1#: 그게 이 지역 어딘가에 토네이도가 목격됐다는 거야.
#Person2#: 정말? 뉴 베를린에서?
#Person1#: 아니, 꼭 이 동네는 아니고, 남부 위스콘신 어딘가야. 토네이도가 관측됐어. 여기서는 두 단계가 있어. 이게 바로 '토네이도 주의보'라고 불러. 그건 토네이도가 생기기 좋은 날씨 조건이라는 거야.
#Person2#: 아, 그렇구나. 토네이도가 올 수도 있다는 거네.
#Person1#: 맞아. 그래서 사람들이 주의해야 해. 그래서 이걸 '주의보'라고 부르는 거지.
#Person2#: 그럼 두 번째 단계가 '토네이도 경보'인 거구나.
#Person1#: 응, 맞아. 토네이도가 목격되면 '토네이도 경보'를 발표해. 그래서 경보가 나면 어딘가에 토네이도가 있다는 뜻이야.
#Person2#: 무섭다.
#Person1#: 그렇지. 토네이도는 위험할 수 있어. 만약 기차 소리같이 큰 소리가 들리면 지하실로 가야 해.
#Person2#: '큰 기차 소리'가 뭐야?
#Person1#: 그게 바로 토네이도 소리야. 기차처럼 들려. 굉장히 시끄러워.
#Person2#: 근데 소리를 들으면 벌써 늦은 거 아니야?
#Person1#: 아마도. 토네이도마다 다르지. 어떤 건 시속 200마일로 움직이기도 해. 아주 빠르지. 덜 빠른 것도 있어.
#Person2#: 토네이도 많이 봤어?
#Person1#: 인생에서 한 번밖에 못 봤어. 창밖을 보고 있었어. 한 2마일 정도 떨어져 있었어. 보는 건 정말 흥미로웠어. 근데 그게 친구 집 쪽으로 가고 있어서 빨리 전화로 알렸지.
#Person2#: 친구 집에 부딪혔어?
#Person1#: 아니, 다행히 안 그랬어. 하지만 전화해 줘서 고마워했어.
#Person2#: 전화했을 때 친구들은 뭐 하고 있었는데?
#Person1#: 다들 거실에서 TV 보고 있었어. 토네이도가 집으로 오고 있는 줄은 전혀 몰랐지. 만약 맞았다면 큰일 날 뻔했어.
#Person2#: 정말 끔찍하다. 토네이도 때문에 많은 사람들이 죽어?
#Person1#: 꼭 그렇진 않아. 하지만 때때로 많은 집이 파괴돼.","#Person1#은 남부 위스콘신 어딘가에서 토네이도가 목격되어 토네이도 경보가 발령되었다고 말한다. #Person1#은 #Person2#에게 토네이도의 두 단계를 설명한다. 첫 번째는 '토네이도 주의보'이고, 두 번째는 '토네이도 경보'이다. #Person1#은 또한, 토네이도로 인해 많은 사람들이 사망하지는 않지만, 많은 집이 파괴될 수 있다고 언급한다."
train.csv,이 지역,"#Person1#: 영어 언어 센터입니다. 무엇을 도와드릴까요? 
#Person2#: 네, 프로그램 정보가 궁금해서 전화 드렸습니다. 어떤 코스를 제공하시나요? 
#Person1#: 저희 프로그램은 이 지역에 언어 학습 기회를 제공하는 것이 목표입니다. 학생의 목표가 직장에서 필요한 기본적인 기능적 언어를 익히는 것이든, 미국 대학에 입학하기 위한 집중적인 학습이든 상관없습니다. 
#Person2#: 알겠습니다. 미국 대학 입학에 관심 있는 친구를 대신해서 전화드립니다. 
#Person1#: 저희는 기본 의사소통 코스부터 컴퓨터 문해 능력, 문화 간 의사소통, 비즈니스 영어와 같은 콘텐츠 기반 수업을 제공합니다. 
#Person2#: 좋네요. 다음 학기의 지원 마감일은 언제인가요? 
#Person1#: 학기 시작 2개월 전까지 지원해 주셔야 합니다. 그래야 신청서를 처리하고 학생의 I-20를 발행할 수 있습니다. 
#Person2#: I-20가 무엇인가요? 
#Person1#: I-20는 저희 프로그램에서 공부할 수 있는 허가를 받은 것을 나타내는 서식입니다. 이 서식을 가지고 학생은 자국의 미국 대사관에서 F-1 학생 비자를 신청할 수 있습니다. 
#Person2#: 알겠습니다. 정규 학생의 학비는 얼마인가요? 
#Person1#: 2,030달러입니다. 
#Person2#: 어떻게 신청하나요? 
#Person1#: 저희가 신청서를 보내드리면 우편으로 보내시거나 웹사이트에서 온라인으로 작성하실 수 있습니다. 
#Person2#: 신청서 외에 보내야 할 자료가 있나요? 
#Person1#: 네, 35달러의 환불 불가 신청비, 학생을 재정적으로 지원할 후원자 양식, 연간 학비와 생활비를 충당할 충분한 자금이 있다는 은행 명세서를 보내주셔야 합니다. 
#Person2#: 그 자료들은 어떻게 보내나요? 
#Person1#: 우편으로 신청서 패킷을 보내시거나 팩스로 보내실 수 있습니다. 
#Person2#: 신청비는 어떻게 내나요? 
#Person1#: 우편환, 여행자 수표, 신용카드를 받습니다. 
#Person2#: 알겠습니다. 이 정도면 될 것 같습니다. 
#Person1#: 네, 좋습니다. 
#Person2#: 아, 성함이 어떻게 되세요? 
#Person1#: 제 이름은 Tony Nelson입니다. 저를 찾아주시면 됩니다. 
#Person2#: 감사합니다. 
#Person1#: 문제 없습니다. 다른 질문이 있으시면 언제든지 다시 연락 주세요. 
#Person2#: 네, 안녕히 계세요.","언어 센터의 Tony Nelson은 #Person2#의 미국 대학 입학을 위한 영어 학습 프로그램에 대한 질문에 답변합니다. 센터는 기본 의사소통 코스부터 콘텐츠 기반 수업까지 제공하며, 지원자는 학기 시작 두 달 전에 신청하여 I-20를 발급받아야 합니다. 2,030달러의 정규 학생 학비는 우편환, 여행자 수표, 신용카드로 결제할 수 있습니다. 신청서, 후원자 양식, 은행 명세서를 우편 또는 팩스로 보낼 수 있습니다."
train.csv,그 남자,"#Person1#: 너 바에서 얘기하던 그 남자는 누구야? 그 남자가 너한테 관심 있는 것 같던데. 
#Person2#: 응, 그냥 얘기하다가 결국 그가 나한테 데이트 신청했어. 번호는 줬는데, 실제로 데이트할지는 모르겠어. 
#Person1#: 그래? 왜? 
#Person2#: 좋은 사람이긴 한데, 왠지 서로 잘 맞는 것 같진 않아서 괜히 기대하게 하고 싶지 않아. 
#Person1#: 뭐, 너무 빨리 판단하지 마. 나도 전 남자친구랑 처음엔 그렇게 잘 맞지 않았는데, 몇 번 만나보면서 그를 더 알아가면서 좋아하게 됐어. 3년 동안 사귀었었어. 
#Person2#: 그래서 왜 헤어졌는데? 물어봐도 돼? 
#Person1#: 물론이지. 서로 조금씩 멀어졌어, 관심사도 다르고, 미래 계획도 달랐거든. 그래서 헤어지기로 합의했어. 
#Person2#: 아, 그거 좋네. 내 마지막 연애는 정말 최악이었어. 새해 파티에서 만난 남자랑 6개월 사귀었는데, 항상 싸우면서도 다투다 화해하곤 했어. 어떻게 그렇게 오래 참았는지 모르겠어. 
#Person1#: 어떻게 끝났어? 
#Person2#: 그가 바람 피웠어. 그의 전 여자친구랑 키스하는 걸 봤거든. 또 한 번의 기회를 달라고 빌었지만, 딱히 의미 없을 거 같아서 거절했어. 
#Person1#: 헐! 잘했어. 
#Person2#: 고마워. 너는 요즘 누구 만나? 
#Person1#: 아, 여기저기 몇 번 데이트하긴 했어도, 진지한 건 아니야. 아직 정착할 생각은 없어. 싱글이 너무 좋거든.","#Person2#는 한 남자와의 화학 반응이 없다고 느낀다. #Person1#은 자신이 전 남자친구와 처음에는 잘 맞지 않았지만, 더 알아가면서 좋아하게 되었기 때문에 너무 빨리 판단하지 말라고 조언한다. #Person2#는 자신의 마지막 연애가 끔찍했고, 그녀의 전 남자친구가 바람을 피웠다고 말한다."
train.csv,그 남자,"#Person1#: 도리스, 집에 와서 다행이야. 너무 무서워. 어떻게 해야 할지 모르겠어!
#Person2#: 무슨 일이야? 무슨 일 생겼어?
#Person1#: 누가 나를 스토킹하는 것 같아.
#Person2#: 설마, 정말? 누구야?
#Person1#: 모르겠어. 처음 본 건 화요일에 카페에서였어. 그 남자가 나를 자꾸 쳐다보더라고. 그냥 보는 게 아니라, 계속 뚫어지게 보는 거야. 멈추질 않았어.
#Person2#: 그때는 어떻게 했어?
#Person1#: 아무것도 안 했어. 그냥 가더라고. 그런데 오늘 또 봤어. 신발 가게 밖에서. 카페 근처였어. 그래서 CD 가게에 들어가서 CD를 보는 척 했어. 근데 그 사람도 들어오더라.
#Person2#: 네가 나올 때 그 사람도 나갔어?
#Person1#: 응. 그리고 나서 보니까 보도에 내 뒤에 있더라. 나를 따라오는 것 같았어.
#Person2#: 그때는 어떻게 했어?",#Person1#은 Doris에게 누군가가 자신을 스토킹하고 있으며 두 번이나 그 사람을 봤다고 말한다. #Person1#은 두려워하고 있다.
train.csv,그 남자,"#Person1#: 애니, 무슨 일 있어? 안 좋아 보여. 
#Person2#: 어떤 남자가 날 쫓아오고 있어. 대학 때 같은 반 친구였는데, 3년 동안 나를 좋아했대. 
#Person1#: 너도 그 남자 좋아해? 
#Person2#: 응, 좋아해. 
#Person1#: 그런데 왜 망설이는 거야? 
#Person2#: 알잖아, 나 계속 안 좋은 연애만 했잖아. 작년 여름에 존이랑 사랑에 빠졌는데, 6, 7주 정도 잘 지내다가 결국 끝났어. 
#Person1#: 한 사랑이 끝나면 다른 사랑이 오는 법이야. 새 사랑 시작하는 거 두려워하지 마. 
#Person2#: 아마 네 말이 맞는 것 같아.","애니는 과거의 연애 경험 때문에 새로운 사랑을 시작하는 것을 망설이고 있으며, #Person1#은 두려워하지 말라고 격려합니다."
train.csv,이 버스,"#Person1#: 저기요, 이 버스가 센트럴 파크로 가나요?
#Person2#: 네, 맞습니다.
#Person1#: 언제쯤 센트럴 파크에 도착할지 알 수 있을까요?
#Person2#: 걱정 마세요. 정류장에 도착하면 알려드릴게요.
#Person1#: (몇 분 후) 다음 정류장에서 내려야 하나요?
#Person2#: 아뇨, 아직이에요. 도착하면 말씀드릴게요.
#Person1#: 오래 걸리나요?
#Person2#: 아뇨, 그렇게 오래 걸리지 않아요. 두 정거장만 더 가시면 돼요.
#Person1#: 알겠습니다. 감사합니다.
#Person2#: 천만에요.","#Person1#이 센트럴 파크로 가는 버스를 타고 있으며, #Person2#가 내릴 정류장을 안내합니다."
train.csv,이 버스,"#Person1#: 이 버스 어디로 가는 거야?
#Person2#: 알타디나 쪽으로 가야 할걸.
#Person1#: 확실해?
#Person2#: 나도 사실 잘 몰라, 확실하진 않아.
#Person1#: 우리 제대로 된 버스 탄 거 맞아?
#Person2#: 이 버스 처음 타보는데, 맞는 듯해.
#Person1#: 근데 여기가 알타디나 같진 않은데?
#Person2#: 맞아, 우리 버스 탄 지 꽤 됐지.
#Person1#: 길 표지판 같은 거 좀 확인해봐.
#Person2#: 어? 여기 템플 시티잖아.
#Person1#: 교통 네가 맡을 일은 이제 마지막이야.
#Person2#: 미안해, 그래도 돌아가는 버스는 찾았어.","#Person1#은 알타디나로 가는 버스를 잘못 탔다고 의심하고, 결국 #Person2#은 그들이 잘못된 버스를 탔음을 깨닫습니다."
train.csv,이 버스,"#Person1#: 저기요, 8번 버스가 왕푸징 백화점으로 가나요?
#Person2#: 아니요, 안 가요. 사탄에서 3번 버스로 갈아타셔야 해요. 아니면 걸어가셔도 괜찮다면, 이 버스를 타고 노동자 클럽 빌딩에서 내려서 왕푸징으로 걸어가시면 돼요.
#Person1#: 저는 버스를 타는 게 나을 것 같아요. 어디에서 갈아타라고 하셨죠?
#Person2#: 사탄에서요. 버스에서 내려서 뒤로 돌아가 모퉁이에서 왼쪽으로 돌면, 왼쪽 길가에 바로 앞에 버스 정류장이 보일 거예요. 그런데 꼭 3번 버스를 타세요. 다른 버스는 왕푸징으로 안 가요.
#Person1#: 사탄에서 3번 버스로 갈아타는 거네요. 정말 감사합니다.
#Person2#: 천만에요.","#Person1#이 왕푸징으로 가는 방법을 물었을 때, #Person2#은 3번 버스로 갈아타는 경로를 안내합니다."
train.csv,그 수업,"#Person1#: 너 다음 학기에 수강할 과목 정했어?
#Person2#: 음, 나는 영어 전공이잖아. 그래서 내가 제대로 된 과목을 듣고 있는지 확인하려고 왔어.
#Person1#: 잘했어. 회의를 하는 게 좋은 생각인 것 같아. 우리 학과도 이런 미팅을 요구해야 해.
#Person2#: 나는 4년 안에 학위를 마치고 싶거든. 그래서 필수과목을 깜빡하고 놓치고 싶지 않아. 내 친구 중에 한 명은 대학에 1년 더 있어야 돼. 그녀는 최근에야 졸업하려면 들어야 할 과목이 있다는 걸 알게 됐거든.
#Person1#: 네, 그런 일도 있죠.
#Person2#: 내 1학년 성적표를 가져왔어. 여기 있어. 그리고 가을에 듣기로 한 과목 리스트도 여기 있어.
#Person1#: 좋아, 보자. 넌 이미 기초과목으로 6학점을 이수했네. 식물학 수업 하나랑 화학 수업 하나. 그리고 정치학까지. 그래서 9학점이야. 영어 작문 201은 들었니?
#Person2#: 아뇨, 필요 없어요. 고등학교 때 AP 영어를 들어서 작문 수업은 필요 없어요.
#Person1#: 잘했네. 다음 학기에 18세기 시 수업을 듣는구나. 그리고 현대 소설 수업이랑. 아직 셰익스피어 수업은 안 들었지?
#Person2#: 응, 나중에 들으려고 했어.
#Person1#: 사실, 셰익스피어 수업은 빨리 듣는 걸 추천해.
#Person2#: 음, 18세기 시 수업을 빼고 셰익스피어 수업을 들어야겠네. 그 수업이 언제 있는지 봐야겠어.
#Person1#: 시간표 볼게. 셰익스피어 수업은 월요일, 수요일, 금요일 11시에 있어.
#Person2#: 그때 들을 수 있어. 그 시간대가 비어 있어.
#Person1#: 잘됐네. 추천할게. 셰익스피어는 굉장히 중요한 수업이니까 학생들이 최대한 빨리 듣기를 원해. 그리고 프리드먼 교수님이 아주 훌륭한 선생님이야.
#Person2#: 그럼 그거 들어야겠네.
#Person1#: 그럼, 리사, 왜 영어 전공을 하기로 했어?
#Person2#: 나중에 영어 교수가 되고 싶어. 문학 공부하는 거 정말 좋아하고, 나도 가르치고 싶어.
#Person1#: 정말? 멋진데!
#Person2#: 그래서 4년 안에 학사 학위를 마치려고 하는 거야. 앞으로 학교를 오래 다닐 거라는 걸 아니까. 최대한 빨리 석사와 박사 과정을 시작하고 싶어.","#Person2#는 4년 내 학위 취득을 위해 필수 과목을 계획적으로 수강해야 합니다. #Person1#은 #Person2#에게 셰익스피어 수업이 중요하다고 조언하며, #Person2#는 18세기 시 수업 대신 셰익스피어 수업을 듣기로 합니다. #Person2#는 영어 교수가 되고 싶어 영어 전공을 선택했다고 설명합니다."
train.csv,그 수업,"#Person1#: 루시, 학교 첫날 잘 다녀왔구나. 어땠어, 학교는 어땠어? 
#Person2#: 정말 좋았어. 아주 재미있었어. 
#Person1#: 무슨 수업 들었어? 
#Person2#: 음, 9시부터 11시까지는 영어, 12시부터 2시까지는 미술, 2시부터 4시까지는 수학 시간이었어. 
#Person1#: 선생님들은 어떠셨어? 
#Person2#: 솔직히 말해서, 수학 선생님 빼고 다 괜찮았어. 젊으신 줄 알았는데, 엄청 졸리게 하셨어. 
#Person1#: 아쉽네. 영어 선생님은 어땠어? 
#Person2#: 정말 좋았어. 수업에서 좋은 학생이 되는 법에 대해 얘기해주셨어. 시험에 너무 목숨 걸지 말고, 암기보다 소통에 중점을 두라고 하셨어. 
#Person1#: 그 선생님은 어디 출신이래? 
#Person2#: 미국 중부의 작은 마을 출신이라고 하셨어. 
#Person1#: 말씀 다 알아들었어? 
#Person2#: 전부는 아니지만 거의 다 이해했어. 말씀하시는 게 명확하고 쉬운 단어를 써서 이해하기 쉬웠어. 
#Person1#: 좋은 선생님이시네. 영어 수업 잘 해낼 것 같아? 
#Person2#: 응... A+로 통과할 거야! 
#Person1#: 그게 무슨 뜻이야? 
#Person2#: 오늘 배운 새로운 표현이야. 단순히 통과하는 게 아니라 아주 잘 해낸다는 뜻이야. 
#Person1#: 벌써 수업이 마음에 들었다니 확실히 이번 학기 잘 해낼 것 같아. 
#Person2#: 나도 그러길 바래. 
#Person1#: 오늘 숙제는 나와서 하래? 
#Person2#: 오늘은 숙제를 안 내셨어. 오늘 밤은 숙제를 안 하고 쉬라고 하셨어. 
#Person1#: 그래서 그 수업이 마음에 드는구나.","루시가 첫날 학교 생활을 #Person1#에게 이야기합니다. 영어, 미술, 수학 수업을 들었으며, 수학 선생님은 좋아하지 않지만 영어 선생님은 매우 좋아합니다. 루시는 영어 수업에서 'A+'로 잘 해낼 수 있을 것이라고 믿습니다."
train.csv,그 수업,"#Person1#: 지난 학기에 앨버트 칸에 관한 논문을 썼지 않았어?
#Person2#: 응, 건축사 수업 과제로 썼어.
#Person1#: 아, 나 그 수업 지금 듣고 있는데 산업 건축에 대해 좀 조사를 해야 해. 칸의 공장에 대해 읽어야 해. 네가 쓴 글을 좀 보고 싶어.
#Person2#: 내 논문이 도움이 되진 않을 거야. 나는 클래식한 디자인, 예를 들어 클레멘츠 도서관이나 사무실 건물에 초점을 맞췄거든. 근데 넌 그가 유명한 현대 건축에 관심 있는 것 같네.
#Person1#: 맞아, 그는 특히 디트로이트의 자동차 공장으로 잘 알려져 있어. 그가 산업 디자인에 획기적인 변화를 가져왔거든. 그의 시대 이전에는 공장들이 좁고 비효율적이었지만, 그의 공장은 충분한 빛, 공기, 개방 공간을 제공해서 큰 공장에서 자동차를 조립할 수 있게 했다고.
#Person2#: 나도 읽어보니까, 이전에 공장들은 나무로 된 틀 때문에 무거운 기계도 많고 건물이 흔들리고 화재 위험도 있었대. 그런데 칸이 20세기 초에 자동차 공장을 설계하기 시작할 즈음에, 철근 콘크리트가 막 발명되었대. 이게 획기적인 변화지, 건물들이 튼튼하고 방화기능도 있고, 게다가 건축 비용도 저렴했거든!
#Person1#: 너 그의 산업 경력에 대해 꽤 많이 알고 있는 것 같은데.
#Person2#: 사실 그의 다른 작업에 썼지만, 배경 자료를 많이 읽었어. 네가 쓸 만한 참고 문헌이 있을지 내가 쓴 논문을 찾아볼게. 서지에 포함된 몇몇 책들이 잘 맞을지도 몰라, 도서관에서 찾아볼 만한 책들이 있을 거야.","#Person1#은 산업 건축에 대한 연구를 위해 #Person2#의 앨버트 칸 논문을 참고하고 싶어한다. #Person2#는 본인의 논문이 #Person1#의 필요와는 다르다고 생각하지만, 서지의 참고 문헌이 도움이 될 것이라고 제안한다."
train.csv,그 자리,"#Person1#: 자, 이제 모든 걸 한 번 더 살펴보자. 네가 꼭 이 직장을 얻길 바래! 
#Person2#: 알아! 정말 대단한 성장 기회야. 그 회사는 업계의 진정한 리더들이고, 비즈니스 프로세스 플랫폼 개발 분야에서 무언가를 할 수 있는 조직이 되는 건 정말 흥미로울 거야.
#Person1#: 그럼, 그 회사에 대해 조사했어?
#Person2#: 응, 웹사이트도 방문해 보고 그들이 무슨 일을 하는지도 알아봤어. 그 회사는 대기업을 위한 포괄적인 비즈니스 솔루션을 제공하는 IT 서비스 회사야. ARM 개발 같은 서비스도 제공하고, 맞춤형 애플리케이션도 만들어.
#Person1#: 그럼 너의 역할은 뭔데?
#Person2#: 음, 그 자리의 직함은 계정 관리자야. 그게 우리와 개발 팀 사이의 연결 고리가 되는 거야.
#Person1#: 좋아 보이네, 그런데 왜 거기서 일하고 싶어?
#Person2#: 음, 말했듯이 그 회사는 업계의 리더고, 정말 좋은 성장 전략과 직원들을 위한 놀라운 개발 기회를 가지고 있어. 그리고 강력한 기업 지배 구조도 있는 것 같아. 그들의 목표는 기업이 성장하고 잠재력을 발휘할 수 있도록 돕는 거야. 내가 생각하기에 그들의 핵심 가치와 목표가 나랑 잘 맞는 것 같아. 오, 그리고 6주 휴가, 주식 옵션, 보너스도 준다고 하더라... 이 기회 놓치지 않을 거야.
#Person1#: 그래, 진짜 좋은 기회인 것 같아! 이 일자리 꼭 얻었으면 좋겠다!",#Person1#은 #Person2#가 면접 준비를 할 수 있도록 돕고 있다. #Person1#은 면접관 역할을 하며 #Person2#에게 회사에 대한 사전조사와 직무 적합성 등에 대해 질문을 한다.
train.csv,그 자리,"#Person1#: 우리 영업부에 새로 온 여자 만나봤어? Maggie가 육아휴직 가 있는 동안 대신하고 있대.
#Person2#: 드디어 그 자리 채운 거야? 난 아직 못 봤는데, 입사 교육도 안 받았나 보네.
#Person1#: 아마도, 직원들한테 공식적으로 소개도 안 했어. 어제 막 시작했거든.
#Person2#: 임시로 일하는 거야? Maggie 휴직 끝나고 돌아오면 어떻게 하려고?
#Person1#: 새로 온 사람이 능력 있으면 그때 가서 승진시킬 수도 있지 뭐.",#Person1#과 #Person2#는 영업부에서 Maggie의 육아휴직 자리를 대신할 새로 온 여직원에 대해 이야기한다.
train.csv,그 자리,"#Person1#: 너 옛 상사가 강등된 후에 그 자리를 맡는 게 좀 이상하지 않아?
#Person2#: 응, 처음엔 정말 어색했어. Bill이 강등되고 나서 사직한 후엔 마치 누군가가 죽은 것 같았어! 사무실 분위기가 장례식장 같달까. 그리고 관리팀이 나한테 그 자리를 맡아달라고 했을 때 사람들이 날 배신자처럼 볼까 봐 걱정했어…
#Person1#: 반발하진 않았어?
#Person2#: 다행히도, 아니. 내 경력에 있어 리더 역할을 맡을 기회라는 걸 모두가 이해했던 것 같아. 이제는 내가 책임자로 여겨지면서 정말 승진하고 있거든. 몇 주 지나니 아무 일도 없었던 것처럼 됐어.
#Person1#: 너에게 직장에서 더 많은 노출 획득할 정말 좋은 기회지. 책임자가 되면 밑에 있는 사람들의 노력을 가로채기도 하잖아.
#Person2#: 맞아, 그리고 잘못되면 책임도 져야 해. 그게 내 옛 상사에게 일어난 일이거든...","#Person2#는 #Person1#에게 이전 상사가 강등된 후 그 자리를 맡으며 어색했지만, 지금은 모두가 #Person2#를 책임자로 여긴다고 말한다."
train.csv,저 사람,"#Person1#: 저 왔어요. 안녕하세요, 아빠. 
#Person2#: 잠깐, 잠깐... 어디 가니? 
#Person1#: 아빠, 엄마한테 벌써 말씀드렸잖아요. 오늘 밤 외출하기로 했다고요. 
#Person2#: 누구랑? 데이트 가는 거야? 
#Person1#: 네. 엄마가 어제 Dirk도 만났어요. 그 사람 진짜 멋있어요. Cindy랑 Evan하고 더블데이트할 거예요. 
#Person2#: Dirk. 
#Person1#: 이제 가야 돼요. 
#Person2#: 잠깐, 잠깐. 그 사람 좀 보고 싶어. 
#Person1#: 기다리고 있어요. 
#Person2#: 그래서 오늘 밤 뭐 할 계획이야? 도서관 가는 거야? 
#Person1#: 아빠! 우리 저녁 먹으러 가고, 영화 볼 거예요. 
#Person2#: 무슨 영화고, 등급은 뭐야? 
#Person1#: SF 스릴러인데... 제목은 잘 모르겠지만 PG 등급이에요. 
#Person2#: 그 영화 어디서 상영하는데? 
#Person1#: 캠퍼스 플라자 영화관이에요. 
#Person2#: 나도 오늘 밤 그쪽에서 영화 보려 했는데. 
#Person1#: 아, 아빠. 
#Person2#: 그 친구 좀 보게 해 줘. [아빠가 거실 창밖을 봄] ... 저 사람 콧수염 있었네! 
#Person1#: 아빠, 저 사람 Dirk 아니에요. Dirk의 형이에요. 우리 거기까지 데려다줄 거예요! 이제 가도 돼요? 
#Person2#: 음... 
#Person1#: 엄마가 괜찮다고 했고, 엄마가 그 부모님도 아세요. 
#Person2#: 음... 
#Person1#: 아빠. 
#Person2#: 그래, 하지만 8시까지 집에 와. 
#Person1#: 8시!? 영화가 7시 반에 시작하잖아요. 제발요, 아빠. 
#Person2#: 그래. 11시까지 들어와. 
#Person1#: 사랑해요, 아빠. 
#Person2#: 나도 사랑해. 
#Person1#: 안녕. 
#Person2#: 안녕.","#Person1#은 오늘 밤 Dirk와 외출하여 식사를 하고 영화를 볼 예정이라고 아빠에게 말합니다. 아빠는 #Person1#에게 11시까지 돌아오라고 하였고, #Person1#은 동의합니다."
train.csv,저 사람,"#Person1#: 얘들아, 나랑 같이 있어. 길 잃으면 안 돼. 
#Person2#: 난 아빠가 아니야. 슈퍼마켓에서 길을 잃을 리 없어.
#Person3#: 엄마, 이제 난 애기 아니야. 
#Person1#: 그래도 나랑 같이 있어. 생필품 좀 보려고.
#Person3#: 안 돼, 엄마. 난 전자 제품 코너에 가고 싶어. Westlife 새 앨범 나왔거든.
#Person2#: 난 스포츠 용품 좀 보고 싶어.
#Person1#: 알겠어. 가도 돼. 점심에 다시 만나자.
#Person3#: 아빠는 어떡해? 밖에서 우리 짐 들고 계셔.
#Person2#: 그때 전화하면 되잖아.
#Person1#: 좋아, 얘들아. 12시에 2번 계산대에서 만나자.
#Person3#: 저 사람 누구야?
#Person1#: 아빠야. 무료 보관함 얻으셨대.
#Person3#: 드디어 손이 자유로워지셨네.
#Person1#: 아빠가 전화해서 책 코너에 계시다고 하셨어.","#Person1#은 슈퍼마켓에서 #Person2#와 #Person3#에게 같이 다니자고 하지만, 그들은 각자 다른 코너에 가기로 하고 점심에 다시 만나기로 한다."
train.csv,저 사람,"#Person1#: 아빠, 여기 와서 앉으세요.
#Person2#: 아, 좋아. 우리 경주 같이 볼 수 있겠네!
#Person1#: 네, 저기 봐요! 윌리엄 저기 있어요!
#Person2#: 어디?
#Person1#: 저기요! 이번 경주에 뛰고 있어요. 저 빨간 반바지 입은 아이요.
#Person2#: 아, 그렇구나. 정말 빨리 달리네. 내가 보기엔 우승할 것 같아. 저 까만 머리 소년은 누구야? 저 친구가 2등 하고 있네.
#Person1#: 아, 해리예요. 저 친구도 달리기를 참 잘해요.
#Person2#: 저기 테이블 위에 있는 은색 컵들 좀 봐.
#Person1#: 네, 이긴 팀을 위해 준비된 거예요.
#Person2#: 테이블 옆에 앉아 있는 저 형은 누구야?
#Person1#: 저 사람은 마이클이에요, 달리기에서 상 많이 받은 사람이에요. 이긴 아이들에게 컵을 주려고 해요. 제 친구 캐시 보이세요?
#Person2#: 아니요. 어디 있어?
#Person1#: 저기 음료수 쪽에 있어요. 수영 대회에 참가했어요.
#Person2#: 저기 있는 소년은 누구야? 다리를 다쳤나 봐.
#Person1#: 아, 리처드예요. 점프 대회에서 넘어졌나 봐요. 괜찮아졌으면 좋겠어요.","#Person1#와 아버지가 함께 스포츠 경주를 관람하고 있습니다. 아버지는 참가자들에 대해 물어보고, #Person1#은 윌리엄, 해리, 마이클, 캐시, 리처드를 소개합니다."
train.csv,이 셔츠,"#Person1#: Tina, 내 셔츠가 너무 꽉 끼는 것 같지 않아? 친구들이 오늘 좀 웃더라고.
#Person2#: 응, 좀 끼는 것 같아. 새 셔츠 하나 사자. 여기 봐봐, 이 셔츠가 인터넷에서 24달러밖에 안 해. 가게에선 40달러였어.
#Person1#: 근데 좀 촌스러워 보이지 않아?
#Person2#: 아니야, 너한테 잘 어울릴 거야. 내가 하나 사줄게.
#Person1#: 인터넷으로?
#Person2#: 응, 그러면 밖에 나갈 필요 없잖아. 48시간 안에 배달된대.
#Person1#: 근데 우리 신용카드 정보를 모르는 사람한테 주는 게 안전할까?
#Person2#: 걱정 마. 안전하게 제3자가 관리한대.
#Person1#: 근데 사기 전에 입어볼 수 없잖아.
#Person2#: 걱정하지 마. 사이즈랑 색깔 다양해. 너 사이즈랑 네가 좋아하는 색상, 갈색 맞지?
#Person1#: 근데 품질이 마음에 안 들면 어떡해?
#Person2#: 우리가 만족하지 않으면 반품하면 돼. 그러면 돈도 돌려준대.
#Person1#: 알겠어. 그럼 인터넷 쇼핑 한번 해보자.","Tina는 #Person1#에게 온라인으로 새 셔츠를 사주고 싶어 하며, 제3자가 안전하게 관리하고, #Person1#이 만족하지 않을 경우 반품할 수 있다고 설득한다. 이후 #Person1#은 시도하기로 동의한다."
train.csv,이 셔츠,"#Person1#: 저기요, 캐주얼 반팔 셔츠 어디 있는지 알려주실 수 있나요?
#Person2#: 여기 있어요, 손님. 어떤 사이즈 찾으세요?
#Person1#: 미디엄이요.
#Person2#: 여기 있는 것들이 전부 미디엄 사이즈예요.
#Person1#: 감사합니다. 이 셔츠랑 바지도 같이 살게요. 친구 선물이에요.
#Person2#: 포장해 드릴까요, 손님?
#Person1#: 네, 부탁드려요.",#Person2#는 #Person1#에게 셔츠의 위치를 알려주고 사이즈를 묻습니다. #Person1#은 친구에게 줄 선물로 셔츠와 바지를 구매합니다.
train.csv,이 셔츠,"#Person1#: 이 셔츠 정말 마음에 드는데, 사이즈가 안 맞을까 봐 걱정돼요.
#Person2#: 먼저 한번 입어보세요. 사이즈가 안 맞으면 다른 걸 입어보면 되죠.
#Person1#: 아, 탈의실이 어디에 있나요?
#Person2#: 거울 옆에 있어요.
#Person1#: 지금 셔츠 두 벌 입어봐도 되나요?
#Person2#: 네, 한 번에 셔츠 세 벌까지 입어볼 수 있어요.
#Person1#: 저는 이 두 벌만 입어보고 싶어요.
#Person2#: 좋아요, 다 입어보시면 도와드릴게요.",#Person1#은 셔츠 두 벌을 입어보며 #Person2#의 도움을 받고 있습니다.
train.csv,이 선물,"#Person1#: 메리 크리스마스, Lily.
#Person2#: 너도 메리 크리스마스, Joey.
#Person1#: 이번이 미국에서 맞는 첫 번째 크리스마스지? 이 선물을 받았으면 해.
#Person2#: 정말 고마워. 와, 너무 예쁘다. 미국 사람들은 크리스마스를 어떻게 보내?
#Person1#: 음, 사람들은 집을 꾸미고, 크리스마스 트리를 방에 두고 크리스마스 캐롤도 함께 부르곤 해.","Lily와 Joey는 서로에게 메리 크리스마스를 인사하고, Joey는 미국에서의 크리스마스 관습에 대해 설명한다."
train.csv,이 선물,"#Person1#: 무엇을 도와드릴까요, 손님?
#Person2#: 네, 부탁드려요. 동생에게 선물을 사주려고 해요. 남미로 여행을 가거든요.
#Person1#: 비행기로 가시나요, 아니면 배로 가시나요?
#Person2#: 비행기로요. 그래서 선물이 좀 가벼웠으면 해요. 뭐 추천해 주실 만한 게 있을까요?
#Person1#: 이 지갑 어때요? 고급 가죽으로 만들어졌어요.
#Person2#: 누나가 이미 하나 줬어요. 좀 독특한 걸로 하고 싶어요.
#Person1#: 모든 걸 다 가진 분께는 이 선물이 최고죠.
#Person2#: 아, 손수건 좋네요. 좋은 생각이에요. 이걸로 할게요.","#Person2#는 동생에게 줄 가벼운 선물을 찾고 있으며, #Person1#이 손수건을 추천합니다."
train.csv,이 선물,"#Person1#: 엄마, 어머니날 축하해요! 목걸이 선물이요.
#Person2#: 깜짝 놀랐네요! 지금까지 받은 선물 중에 제일 좋은 것 같아요.
#Person1#: 그동안 사랑과 보살핌 너무 감사해요. 정말 많이 사랑해요.
#Person2#: 나도 사랑해.
#Person1#: 오늘 저녁은 어때요? 제가 쏠게요.
#Person2#: 사실 집에서 먹고 싶어요. 그래야 얘기할 시간도 더 많잖아요.
#Person1#: 좋아요. 제가 저녁 준비할게요.",#Person1#은 어머니날에 엄마에게 목걸이를 선물하고 집에서 저녁을 함께 먹기로 했다.
train.csv,이 자리,"#Person1#: 전공이 뭐예요?
#Person2#: 전공은 경영학이에요. 특히 마케팅에 관심이 많아요.
#Person1#: 어느 대학교 다녔어요?
#Person2#: 쑤저우 대학교를 다녔어요.
#Person1#: 학위 받은 적 있어요?
#Person2#: 네, 경영학 학사 학위를 받았어요.
#Person1#: 어떤 과목을 제일 좋아했어요?
#Person2#: 프로젝트 관리요. 학생 때 이 과목이 정말 흥미로웠어요. 그리고 지금 일하는 데도 매우 유용하다고 생각해요.
#Person1#: 전반적으로 좋은 교육 받았다고 느끼세요?
#Person2#: 맞아요, 대학 졸업 후 영어 교육 프로그램과 컴퓨터 교육 프로그램에 참여했어요. 현재는 한 교육원에서 금융 공부를 하고 있어요.
#Person1#: 영어와 컴퓨터 기술이 이 자리에서 특히 초기엔 중요하죠. 이 두 분야의 능력은 어떤가요?
#Person2#: 대학 영어 4급 시험을 합격했어요. 듣기, 말하기, 읽기, 쓰기 모두 능숙해요. 컴퓨터 기술 관련 자격증은 따지 않았어요. 컴퓨터를 다루는 것만 필요하면 자격증이 꼭 필요하다고 생각하지 않거든요. 컴퓨터 사용법을 아는 것이 더 중요하다고 생각해요. 그리고 마이크로소프트 오피스는 잘 알고 있어요.","#Person1#은 #Person2#와 인터뷰를 진행하며, #Person2#는 경영학 학사 학위를 소지하고 있으며, 영어와 컴퓨터, 금융 분야에서 교육을 받았습니다. 특히 영어 실력이 좋고 마이크로소프트 오피스를 잘 다루지만, 컴퓨터 기술 자격증은 없습니다."
train.csv,이 자리,"#Person1#: 안녕하세요. ABC Imports입니다. 무엇을 도와드릴까요?
#Person2#: 네, Mr. James Johnson 좀 바꿔주실래요?
#Person1#: 죄송하지만, 지금 Mr. Johnson이 자리에 없으세요. 메시지를 남기시겠어요?
#Person2#: 여기 Star Electronics의 Richard Alexander입니다. 오늘 오후에 꼭 전화 부탁드립니다.
#Person1#: 혹시 사무실 번호랑 휴대폰 번호 알고 계세요?
#Person2#: 아마 알고 있을 겁니다. 그래도 다시 알려드릴게요.
#Person1#: 네.
#Person2#: 제 사무실 번호는 #PhoneNumber#이고, 휴대폰 번호는 #PhoneNumber#입니다. 사무실 번호로는 오후 6시 전까지, 그리고 오늘 하루 종일 휴대폰으로 연락 가능합니다.
#Person1#: 알겠습니다. 돌아오시면 바로 전해드리겠습니다.","Richard Alexander가 Mr. James Johnson과 통화하기 위해 연락을 시도했으나, James가 부재중이라 메시지를 남겼습니다."
train.csv,이 자리,"#Person1#: 저기요, 이 자리 비어 있나요?
#Person2#: 죄송하지만, 이 자리는 이미 누가 앉아 있어요.
#Person1#: 아, 그렇군요. 그래도 감사합니다.
#Person2#: 천만에요. 승무원이 지나가면 한 번 물어보세요.
#Person1#: 감사합니다.","#Person1#이 #Person2#에게 비어 있는 자리가 있는지 물어보고, #Person2#가 이미 누가 앉아 있다고 답합니다."
train.csv,그 정보,"#Person1#: 새로운 프로젝트에 내가 도와줄까?
#Person2#: 도와주면 좋지! 글 쓰는 쪽이 좋을까, 아니면 프로그래밍 쪽이 더 잘 맞아?
#Person1#: 글 쓰는 부분을 도와주는 게 좋을 것 같아.
#Person2#: 완벽해! 그 부분은 혼자 맡아야 해. 혼자 일하는 거 좋아해?
#Person1#: 가끔은 괜찮아.
#Person2#: 첫 미팅이 다음 주 월요일인데, 만날 수 있어?
#Person1#: 그날은 못 갈 것 같아.
#Person2#: 그러면 미팅 전에 배경 정보를 좀 보내줘. 보고 싶어.
#Person1#: 그 정보 보내줄게.
#Person2#: 알겠어. 같이 일하는 걸 기대할게. 좋은 주말 보내!","#Person2#는 글쓰기 부분에서 #Person1#의 도움을 받게 되지만, #Person1#은 다음 회의에 참석할 수 없어 #Person2#는 회의 전에 배경 정보를 요청합니다."
train.csv,그 정보,"#Person1#: 안녕하세요, Mr. James. 다음 달 강연 관련해서 전화드렸어요. 이제 날짜가 얼마 안 남아서 몇 가지 확인해야 할 게 있어서요.
#Person2#: 네.
#Person1#: 강연을 홀, 회의실, 강당 중 어디에서 하고 싶으신지 알고 싶어요.
#Person2#: 가능하다면 강당이 좋겠어요.
#Person1#: 그건 전혀 문제 없어요. 대부분 강연자들이 그쪽을 선호하거든요. 장비는요? 특별히 필요한 게 있으신가요?
#Person2#: 뭐, 보통 쓰이는 화이트보드와 마이크 외에는 CD 플레이어가 필요해요.
#Person1#: 아쉽게도 우리가 CD 플레이어는 없어요. 대신 카세트 플레이어면 괜찮으신가요?
#Person2#: 네, 그거면 괜찮아요.
#Person1#: 알겠습니다. 적어둘게요. 아, 한 가지 더요. 강연료를 확인하고 싶어요. 200파운드 맞으신가요?
#Person2#: 맞아요.
#Person1#: 네, 알겠습니다. 그 정보를 회계 부서에 전달할게요. 그럼 19일에 뵙길 기대하겠습니다.","#Person1#은 Mr. James에게 전화하여 다음 달 강연에 대해 논의합니다. Mr. James는 강연 장소와 필요 장비에 대해 이야기하고, 강연료를 확인합니다."
train.csv,그 정보,"#Person1#: 우리 회사가 새로운 방법으로 우리를 테스트하려고 한다는 소식 들었어?
#Person2#: 나도 조금 들었어. 우리 회사가 직무 능력을 향상시키기 위해 여러 가지 강연을 자주 열잖아.
#Person1#: 이런 지루한 강연 듣느라 주말 대부분을 허비하는 게 참 힘들어. 관리 능력을 체크하기 위한 테스트도 준비하고 있다는 말이 있더라고.
#Person2#: 진짜?
#Person1#: 당연하지!
#Person2#: 그 정보가 맞다면, 우리 회사가 승진시킬 사람을 찾고 있는 것 같아.","#Person1#은 회사 강연이 지루함을 느끼고 있으며, #Person2#는 이 강연이 승진과 관련이 있을 것이라고 생각합니다."
train.csv,그 영화,"#Person1#: 지금까지 본 영화 중에 뭐가 제일 좋아?
#Person2#: 난 Superbad가 최고라고 생각해.
#Person1#: 그래? 왜 그렇게 생각해?
#Person2#: Superbad가 진짜 웃기거든.
#Person1#: 맞아, 나도 그 영화 정말 재미있게 봤어.
#Person2#: 너가 Superbad 본 줄 몰랐네.
#Person1#: 나 영화 처음 나왔을 때 줄 서서 봤어.
#Person2#: 나도 영화 내내 웃음을 멈출 수가 없었어.
#Person1#: 나도 진짜 웃기다 못해 배가 아플 정도였어.
#Person2#: 나도 딱 그런 느낌이었어.
#Person1#: 나 DVD 나왔을 때 샀는데, 우리 집에 와서 같이 볼래?
#Person2#: 너무 좋지.",#Person1#과 #Person2#는 Superbad가 매우 재미있다고 생각합니다. 그들은 영화를 보며 웃음을 멈출 수 없었다고 말합니다. #Person1#은 #Person2#를 집으로 초대하여 함께 DVD를 보자고 합니다.
train.csv,그 영화,"#Person1#: 그 영화에서 두 주연 배우의 연기 어떻게 생각해? 
#Person2#: 주인공 연기가 여주인공보다 좀 부족하다고 생각해. 너는 어때? 
#Person1#: 음, 나는 그렇게 생각 안 해. 주인공이 더 믿을 만하다고 봐.","#Person2#는 주인공 연기가 여주인공보다 부족하다고 생각하지만, #Person1#은 주인공이 더 믿음이 간다고 본다."
train.csv,그 영화,"#Person1#: 영화를 사랑하는 여러분, 프리미어 무비 리뷰에 오신 것을 환영합니다. 저는 리처드 클라크입니다. 오늘은 매우 박식한 데이비드 왓슨과 함께합니다. 
#Person2#: 고마워, 딕. 오늘 우리는 영화 라이온 킹에 대해 이야기할 건데, 데이브, 이 영화에 대한 당신의 인상은 어떤가요? 
#Person1#: 음, 나는 이 영화가 인간의 영원한 권력 욕심을 그린 우화라고 생각해. 내 생각엔 아주 훌륭한 영화야. 다른 나라의 전통 동화를 표절했다는 비난에도 불구하고, 음악은 훌륭했고, 애니메이션은 훌륭히 만들어졌으며, 이야기는 정말 매력적이었어.
#Person2#: 내 생각은 달라. 애니메이션 기술은 강력했고, 네가 말한 것처럼 엘튼 존의 음악도 대단했지만, 영화에는 독창성이 부족해서 감동적이지 않았어. 예측가능하다고까지 말할 수 있어.
#Person1#: 예측 가능하다니! 어떻게 그런 말을! 딕, 이거 전체 관람가 영화야! 스릴러가 아니잖아!
#Person2#: 바로 그게 문제야. 굉장히 극적이고 강렬한 장면들도 있었어. 예를 들어 무파사가 죽을 때나 스카의 어두운 면모 같은 것. 그래도 이야기가 단순해. 무파사가 죽고, 심바는 도망가고 사랑에 빠진 후 돌아와서 그가 마땅히 가져야 할 것을 되찾으려 해. 너무 흔해.
#Person1#: 어떻게 그걸 흔하다고 할 수가 있어? 이건 우화야, 오랜 시간동안 전해져 내려온 이야기야! 영화는 권력에 대한 욕심이 부패를 초래한다는 걸 보여주고, 아이들에게 존중과 생명, 사랑의 가치를 가르쳐주지.
#Person2#: 넌 항상 그렇게 따뜻하게 보더라, 데이브!
#Person1#: 마음을 좀 열어, 딕. 우리를 방해하지 마.
#Person2#: 어쨌든… 오늘은 여기까지입니다, 여러분! 다음 시간에는 '10일 안에 남자 버리는 방법'에 대해 이야기할 거예요. 데이브, 네가 그 영화도 좋아할 거라고 확신해!","리처드 클라크와 데이비드 왓슨이 영화 '라이온 킹'에 대해 논의합니다. 리처드는 애니메이션, 음악, 이야기의 매력을 강조하며 훌륭하다고 평가하지만, 데이비드는 독창성이 부족하고 예측 가능했다고 비판합니다."
train.csv,이 요즘,"#Person1#: 나랑 같이 양복 원단 좀 골라줄 수 있어? 친구 결혼식 때 입을 양복 맞추려고. 
#Person2#: 물론이지. 양복 원단은 어떤 재질로 생각하고 있어? 
#Person1#: 가격에 따라 다르겠지만, 울/캐시미어 혼방으로 생각하고 있어. 
#Person2#: 그건 꽤 비쌀 거야. 그래도 원단에 돈을 많이 쓰면 오래 입을 수 있고 자태도 더 멋질 거야. 양복 색상은 어떤 걸로 원해? 
#Person1#: 브라운 줄무늬 양복을 생각하고 있어. 
#Person2#: 브라운이라... 좀 밋밋하지 않아? 
#Person1#: 몰랐어? 브라운이 요즘 블랙만큼 인기라고. 
#Person2#: 그냥 블랙으로 하지 그래? 블랙 양복은 언제나 유행이고 뭐든지, 장례식, 결혼식, 면접 다 입을 수 있잖아! 
#Person1#: 맞는 말이긴 한데, 블랙은 너무 지루해. 어차피 내가 블랙 양복이 세 벌이나 있거든. 남들과 다른 양복을 하나 갖는 것도 좋잖아. 
#Person2#: 여기 두 가지 다른 브라운 색상이 있어. 어느 쪽이 더 맘에 들어? 
#Person1#: 왼쪽 게 마음에 드는데, 패턴이 너무 과하다. 좀 더 은은한 패턴으로 하고 싶어. 
#Person2#: 이건 어때? 
#Person1#: 이게 괜찮은 것 같아. 양복 맞추러 재단사한테 가보자. 
#Person2#: 그래, 가자.","#Person1#은 #Person2#에게 양복 원단을 골라달라고 부탁한다. #Person1#은 울/캐시미어 혼방을 원하며, 브라운 줄무늬 양복을 고려한다. #Person2#는 브라운이 밋밋하다고 생각하여 블랙을 제안하지만, #Person1#은 블랙 양복이 이미 세 벌이라며 브라운에 더 은은한 패턴의 원단을 선택한다."
train.csv,이 요즘,"#Person1#: 무슨 일이야, Nada? 기분이 안 좋아 보여. 
#Person2#: 잘 모르겠어. 내 인생이 엉망이야. 모든 게 너무 복잡해. 
#Person1#: 에이, 그렇게 나쁘진 않을 거야. 
#Person2#: 근데, 비밀로 해줄 거지? 
#Person1#: 그래, 약속할게. 그래서 뭐가 그렇게 걱정이야? 
#Person2#: 나, 상사랑 사랑에 빠졌어. 
#Person1#: 정말? 결혼했어? 
#Person2#: 아니, 당연히 아니지. 아직 미혼이야. 
#Person1#: 그럼 뭐가 문제야? 
#Person2#: 나 혼자만 간직하려고 했는데, 우리 둘에 대한 소문이 많아. 
#Person1#: 아, 그렇구나. 사내 연애는 소문이 많지. 
#Person2#: 게다가, 그 사람이 요즘 나를 피하려 해. 
#Person1#: 사내 연애가 참 까다롭지. 
#Person2#: 그래서 너무 스트레스 받고 우울해. 
#Person1#: 기운 내, Nada. 잘 될 거야.","Nada는 상사와 사랑에 빠져서 사무실에서 많은 소문이 돌고 있으며, 상사가 자신을 피하고 있어서 우울해하고 있다. #Person1#은 그녀를 격려한다."
train.csv,이 요즘,"#Person1#: 쇼핑 갈 준비됐어? 
#Person2#: 아직 안 됐어. 나 아직 조사 못 끝냈어.
#Person1#: 무슨 조사?
#Person2#: 패션 잡지 읽는 중이야! 내가 최신 유행을 잘 아는 이유가 뭔 줄 알아?
#Person1#: 근데 그거 다 광고잖아...
#Person2#: 그래서 보는 거야. 광고에 나오는 사람들이 요즘 유행하는 걸 입고 있으니까. 게다가 새로운 트렌드에 대한 기사도 있고...","#Person1#가 #Person2#와 함께 쇼핑을 가자고 하지만, #Person2#는 패션 잡지를 읽느라 시간이 걸린다. 그들은 패션 잡지의 가치에 대해 다른 의견을 가지고 있다."
train.csv,그 회사,"#Person1#: 혹시 영업 쪽에서 일해본 경험 있으세요?
#Person2#: 네, 있습니다. 사실 무역 회사에서 거의 2년 정도 일했어요. 그동안 여러 회사와 사업 관계를 맺었어요.
#Person1#: 그 회사에서 구체적으로 무슨 일을 하셨나요?
#Person2#: 고객 방문하고, 화물 발송하고 그런 것들이요.
#Person1#: 그 일이 마음에 드셨나요?
#Person2#: 네, 마음에 들었어요.
#Person1#: 그런데 언제, 왜 그 회사를 떠났나요?
#Person2#: 두 달 전에 떠났어요. 거기서는 많이 배울 수 없다고 생각했거든요. 자기 개발의 기회도 별로 없었고요.
#Person1#: 그렇군요. 우리 회사를 선택한 이유는요?
#Person2#: 귀사에서는 자기 발전의 기회가 많다고 들었습니다. 게다가 저는 동북 지역 도시에서 자라서, 그 지역에서 아는 사람이 많아 판매에 도움이 될 수 있을 것 같아요.","#Person1#은 #Person2#를 인터뷰하며 영업 경력, 이전 회사에서의 업무와 그 회사를 떠난 이유 등에 대해 물어보았습니다."
train.csv,그 회사,"#Person1#: 자, 이제 모든 걸 한 번 더 살펴보자. 네가 꼭 이 직장을 얻길 바래! 
#Person2#: 알아! 정말 대단한 성장 기회야. 그 회사는 업계의 진정한 리더들이고, 비즈니스 프로세스 플랫폼 개발 분야에서 무언가를 할 수 있는 조직이 되는 건 정말 흥미로울 거야.
#Person1#: 그럼, 그 회사에 대해 조사했어?
#Person2#: 응, 웹사이트도 방문해 보고 그들이 무슨 일을 하는지도 알아봤어. 그 회사는 대기업을 위한 포괄적인 비즈니스 솔루션을 제공하는 IT 서비스 회사야. ARM 개발 같은 서비스도 제공하고, 맞춤형 애플리케이션도 만들어.
#Person1#: 그럼 너의 역할은 뭔데?
#Person2#: 음, 그 자리의 직함은 계정 관리자야. 그게 우리와 개발 팀 사이의 연결 고리가 되는 거야.
#Person1#: 좋아 보이네, 그런데 왜 거기서 일하고 싶어?
#Person2#: 음, 말했듯이 그 회사는 업계의 리더고, 정말 좋은 성장 전략과 직원들을 위한 놀라운 개발 기회를 가지고 있어. 그리고 강력한 기업 지배 구조도 있는 것 같아. 그들의 목표는 기업이 성장하고 잠재력을 발휘할 수 있도록 돕는 거야. 내가 생각하기에 그들의 핵심 가치와 목표가 나랑 잘 맞는 것 같아. 오, 그리고 6주 휴가, 주식 옵션, 보너스도 준다고 하더라... 이 기회 놓치지 않을 거야.
#Person1#: 그래, 진짜 좋은 기회인 것 같아! 이 일자리 꼭 얻었으면 좋겠다!",#Person1#은 #Person2#가 면접 준비를 할 수 있도록 돕고 있다. #Person1#은 면접관 역할을 하며 #Person2#에게 회사에 대한 사전조사와 직무 적합성 등에 대해 질문을 한다.
train.csv,그 회사,"#Person1#: 안녕, Ann. 아직 여기서 일하고 있어?
#Person2#: 어, 안녕, Jack. 응, 여전히 내가 할 수 있는 만큼 회사에서 아르바이트하고 있어. 근데 수업 때문에 너무 바빠서 일할 시간이 부족해.
#Person1#: 할 일 많아?
#Person2#: 음, 지금 당장은 그렇게 많지 않아.
#Person1#: 그 회사에서 계속 일할 거야?
#Person2#: 그랬으면 좋겠어. 일이 정말 좋거든. 다음 학기엔 시간이 더 있을 거야.
#Person1#: 좋네. 여기서 더 자주 볼 수 있으면 좋겠다.
#Person2#: 그래, 나도 그렇게 되길 바라. 그럼 안녕.","Ann은 수업 때문에 바빠서 일할 시간이 부족하지만, 일을 좋아해 계속 일할 계획이라고 Jack에게 말합니다."
train.csv,이 신발,"#Person1#: 안녕, Jackie. 뭐 하고 있어?
#Person2#: 별거 없어. 오늘 그냥 쉬고 있어. 왜? 무슨 일 있어?
#Person1#: 나 몰에 갈까 하는데 같이 갈래?
#Person2#: 세일하나?
#Person1#: 응. Bon이랑 Nordstrom에서 연례 세일 중이야. 그동안 벼르고 있던 옷 사기 딱 좋은 기회야.
#Person2#: 좋네! 어디서 만날까?
#Person1#: Nordstrom 앞에서 30분 뒤에 만나자.
#Person2#: 좋아. 거기서 보자.
#Person1#: 이 신발 어때?
#Person2#: 귀엽네. 근데 자주 신을 것 같아?
#Person1#: 아니, 별로.
#Person2#: 이 스웨터 너무 예쁘다. 이 브이넥 디자인이 너무 마음에 들어.
#Person1#: 비쌀 것 같아.
#Person2#: 세일해서 80달러야. 어때? 입어볼까?
#Person1#: 80달러면 괜찮은데? 한 번 입어봐.",#Person1#은 Nordstrom에서 연례 세일 중인 옷을 사러 가자고 Jackie에게 초대한다. Jackie가 마음에 드는 스웨터를 보고 #Person1#은 입어보라고 권한다.
train.csv,이 신발,"#Person1#: 이 신발을 사고 싶어요.
#Person2#: 아, 네. 확인해볼게요. 총 104달러 99센트입니다.
#Person1#: 가격표에는 99달러 99센트라고 적혀 있는데요.
#Person2#: 네, 고객님, 하지만 메릴랜드에서는 5퍼센트의 판매세가 붙습니다.
#Person1#: 아, 그렇죠. 제가 깜빡했네요.
#Person2#: 괜찮아요. 어떻게 결제하시겠어요?
#Person1#: 현금이 있는 것 같아요. 확인해볼게요. 아, 여기요.
#Person2#: 110달러네요, 거스름돈은 5달러 1센트입니다. 감사합니다.
#Person1#: 감사합니다.",#Person1#은 메릴랜드에서 5% 판매세를 포함하여 현금으로 신발을 구매하기로 했습니다.
train.csv,이 신발,"#Person1#: 봐봐! 나 이 신발 3주 전에 샀는데 벌써 구멍이 났어.
#Person2#: 나 같으면 가게에 가져다 줄 거야.
#Person1#: 나도 그랬지. 그런데 가게에서 안 바꿔준대.
#Person2#: 그게 말이 돼? 안 바꿔주면, 내가 뭘 할지 알아?","#Person1#가 3주 전에 구입한 신발에 문제가 생겼지만, 가게에서 교환을 거부했다."
train.csv,이 책들,"#Person1#: 저기, 온라인 카탈로그를 꽤 오래 사용하고 계신데, 뭐 도와드릴 거 없나요?
#Person2#: 음, 제가 1930년대와 1940년대 할리우드에 관한 논문을 써야 해서 정말 힘들어요. 책이 수백 권이나 되고 어디서부터 시작해야 할지 모르겠어요.
#Person1#: 주제가 꽤 넓어 보여요. 그 시대의 스튜디오 역사로 좁혀보는 건 어때요?
#Person2#: 그런 생각도 했었는데, '영화 스튜디오'라고 입력하니까 30권 넘게 나왔어요.
#Person1#: 더 구체적으로 하려면 원하는 연도를 지정해 보는 건 어떠세요? '1930년대', '1940년대', 아니면 '황금기'를 추가해 보세요.
#Person2#: '황금기'라는 게 좋은 생각이네요. 한번 입력해볼게요. 오, 이거 봐요, 이번엔 6권만 나왔네요. 훨씬 낫네요.
#Person1#: 그리고 또 한 가지 생각해볼 게 있어요. 잡지나 신문 기사를 찾아봤나요?
#Person2#: 아니요, 책만 찾고 있었어요.
#Person1#: 그러면, 잡지 기사들은 Reader's Guide to Periodical Literature에서 찾아볼 수 있어요.
#Person2#: 알겠어요. 일단 이 책들로 시작해보고 그다음에 잡지로 넘어갈게요.
#Person1#: 도움이 필요하면, 제가 참고 데스크에 있을게요.
#Person2#: 좋네요, 정말 감사합니다.",#Person2#는 30년대와 40년대 할리우드에 관한 책을 찾는 데 어려움을 겪고 있습니다. #Person1#은 주제를 특정 연도로 좁히라고 조언합니다. 또한 #Person1#은 #Person2#에게 잡지 기사를 검색해 보라고 제안합니다.
train.csv,이 책들,"#Person1#: 도와드릴까요?
#Person2#: 이 책들을 대출하고 싶어요.
#Person1#: 도서관 카드 있으세요?
#Person2#: 여기 있어요.
#Person1#: 연체료가 있는 것 같네요.
#Person2#: 정말요?
#Person1#: 네, 맞아요.
#Person2#: 얼마나 내야 하나요?
#Person1#: 연체료로 24.50달러를 내셔야 해요.
#Person2#: 오늘은 그만큼 없어요.
#Person1#: 죄송하지만, 연체료를 내실 때까지 다른 책을 대출할 수 없어요.
#Person2#: 가능한 빨리 낼게요.","#Person1#은 #Person2#의 책 대출을 도와주고자 하나, 연체료를 먼저 납부해야 한다고 안내합니다. #Person2#는 연체료를 조속히 납부할 예정입니다."
train.csv,이 책들,"#Person1#: 도와드릴까요?
#Person2#: 이 책들 대출하려고요.
#Person1#: 도서관 카드를 보여주시겠어요?
#Person2#: 네, 여기요.
#Person1#: 연체료가 남아있네요.
#Person2#: 그래요?
#Person1#: 돈을 좀 내셔야 해요.
#Person2#: 정확히 얼마나 내야 하나요?
#Person1#: 24.50달러를 내야 해요.
#Person2#: 지금은 그걸 못 낼 것 같아요.
#Person1#: 그걸 내기 전에는 책을 대출할 수 없어요.
#Person2#: 낼게요. 걱정하지 마세요.",#Person2#는 연체료를 지불하기 전까지 책을 대출할 수 없습니다.
train.csv,이 수업,"#Person1#: 계속해! 할 수 있어! 넌 강하니까 포기하지 마! 
#Person2#: 이 운동 수업이 이렇게 힘들 줄은 몰랐어. 물 좀 마셔야겠어. 
#Person1#: 어, 뭐 하는 거야? 내가 쉬라고 안 했잖아! 여기에 살 빼러 온 거 맞지? 물 마신다고 건강해지는 건 아니야. 
#Person2#: 목말라! 물 없인 운동 못 하겠어. 이 수업 싫어. 혼자 운동하는 게 낫겠어. 
#Person1#: 더 열심히 해야지! 할 수 있어! 계속해! 느려지지 마! 
#Person2#: 나 이 수업 이제 다 한 것 같아. 너무 어려워. 나 가야겠어.","#Person1#은 #Person2#에게 계속 운동하라고 격려하지만, #Person2#는 수업이 너무 힘들다고 느끼고 혼자 운동하는 게 더 낫다고 생각합니다."
train.csv,이 수업,"#Person1#: 이 수학 강좌에 등록하고 싶어요.
#Person2#: 죄송하지만, 등록이 이미 마감됐습니다.
#Person1#: 마감이라고요? 직원이 수업 첫 주에는 언제든지 등록할 수 있다고 했어요.
#Person2#: 음, 그건 불가능합니다. 학생의 공식 계정은 이미 주 정부에 제출되었고, 예산도 그것을 기반으로 합니다. 대체 누가 그렇게 말했나요?
#Person1#: 세 주 전에 등록하려고 했을 때 여기 있던 어떤 여자분이 그렇게 말했어요. 추가 요금만 내면 된다고요.
#Person2#: 아마 그 사람은 시간제 직원일 겁니다. 제대로 교육받지 않았던 것 같네요. 그때 왜 등록 안 하셨나요?
#Person1#: 출생증명서가 필요하다고 해서요. 여기 있습니다.
#Person2#: 저런, 출생증명서를 요구할 이유가 없습니다. 우리는 거주지가 확인되면 됩니다. 이름과 주소가 적힌 전화 요금 청구서면 충분했을 텐데요.
#Person1#: 정말요? 주소 증명만 있으면 되는 거였나요.
#Person2#: 네, 그녀가 잘못된 정보를 준 게 맞습니다.
#Person1#: 하지만 불공평해요.
#Person2#: 문제는 이해하지만, 솔직히 아무도 도와드릴 수 있는 게 없을 것 같아요. 시스템에 갇히신 겁니다. 원하시면, 관리자와 이야기해 보세요. 도와주실 수 있다면 도와주실 거예요.
#Person1#: 알겠습니다.
#Person2#: 너무 기대하진 마세요.","#Person1#은 수학 강좌에 등록하고 싶지만, #Person2#는 등록 마감 소식을 전합니다. 이전에 듣지 못한 등록 가능 정보가 잘못된 것으로 확인되었고, 불공평함에도 불구하고 #Person2#는 시스템상 도울 방법이 없다고 설명합니다."
train.csv,이 수업,"#Person1#: 아, Mrs. Smith. 지금 시험 볼 수 있을까요? 방금 도착해서요. 
#Person2#: 무슨 말씀이세요? 시험은 10분 전에 끝났고, 당신은 시험을 보지 않았어요. 안타깝네요. 
#Person1#: 아, Mrs. Smith. 제발요, 이건 공평하지 않아요. 
#Person2#: 공평하지 않다니요. 다른 사람들은 다 있었는데요. 왜 수업에 안 왔나요? 
#Person1#: 아, 오늘 아침 버스가 제시간에 안 왔어요. 그래서요. 
#Person2#: 정말인가요? 당신 친구 Tony는 수업에 왔다고 하네요. 그리고 한 시간 전에 당신이 침대에 있었다고 들었어요. 
#Person1#: 네, 뭐 그게 사실일 수도 있지만, 저는 시험을 봐야 해요. 
#Person2#: 잠깐. 방금 저한테 거짓말했다고 깨닫지 못했나요? 
#Person1#: 음, Mrs. Smith, 들어보세요. 오늘 아침에 알람이 안 울려서 늦은 건 제 잘못이 아니에요. 
#Person2#: 그래서 또 알람 시계를 탓하는 건가요? 여기에 있어야 하는 건 당신 책임이에요. 지난번 수업 빠졌을 때도 똑같이 변명하지 않았나요? 
#Person1#: 하지만 Mrs. Smith, 제발요. 
#Person2#: 들어보세요. 우리 프로그램의 정책을 알고 있잖아요. 변명 없이 놓친 시험은... 그리고 거짓말은 확실히 변명도 없고, 그러면 시험에서 0점을 받을 거예요. 예외는 없어요. 
#Person1#: Mrs. Smith, 왜 저를 도와주고 싶지 않은 거예요? 저를 결코 도와주지 않잖아요. 제발, 정말 이 수업을 통과해야 해요. 
#Person2#: 아니요, 당신 말 좀 잘 들어보세요. 지금 당신이 스스로를 피해자로 만드는 거예요. 나쁜 결정을 내렸고 이제 그 결과를 받아들여야 해요. 기억하세요: 다른 사람을 탓할 때, 세 손가락은 자신을 가리킨다는 것을. 
#Person1#: 하지만 Mrs. Smith, 수업에서 점수를 못 받으면 장학금이 날아가요. 부모님이 정말 실망하실 거예요. 
#Person2#: 미안하지만 그건 제 문제가 아니에요. 제가 그걸 도와드릴 수 없고, 여기서 책임을 전가하려고 하지 마세요. 당신은 스스로 꼼짝 못하게 만든 거예요. 자신의 행동에 대해 책임을 회피하려 하지 말고 스스로 책임을 져야 해요. 당신이 제 수업에서 잘하지 못했지만, 나쁜 선택의 결과를 피하려는 노력에는 거의 A를 줘야 할 것 같네요. 
#Person1#: Mrs. Smith, Mrs. Smith. 
#Person2#: 들어보세요. 한 가지는 배우고 있어요. 
#Person1#: 뭐요? 
#Person2#: 제 이름이요. 
#Person1#: 아이고.","#Person1#은 시험을 보려고 했으나 이미 시험이 끝나 문제가 발생합니다. #Person1#은 버스 지연과 알람 시계를 탓하지만, Mrs. Smith는 그 변명이 거짓임을 알고 책임을 회피하지 말라고 경고합니다. 결국 Mrs. Smith는 #Person1#에게 자신의 선택에 대한 결과를 받아들이라고 조언합니다."
train.csv,그 시간,"#Person1#: 너 다음 학기에 수강할 과목 정했어?
#Person2#: 음, 나는 영어 전공이잖아. 그래서 내가 제대로 된 과목을 듣고 있는지 확인하려고 왔어.
#Person1#: 잘했어. 회의를 하는 게 좋은 생각인 것 같아. 우리 학과도 이런 미팅을 요구해야 해.
#Person2#: 나는 4년 안에 학위를 마치고 싶거든. 그래서 필수과목을 깜빡하고 놓치고 싶지 않아. 내 친구 중에 한 명은 대학에 1년 더 있어야 돼. 그녀는 최근에야 졸업하려면 들어야 할 과목이 있다는 걸 알게 됐거든.
#Person1#: 네, 그런 일도 있죠.
#Person2#: 내 1학년 성적표를 가져왔어. 여기 있어. 그리고 가을에 듣기로 한 과목 리스트도 여기 있어.
#Person1#: 좋아, 보자. 넌 이미 기초과목으로 6학점을 이수했네. 식물학 수업 하나랑 화학 수업 하나. 그리고 정치학까지. 그래서 9학점이야. 영어 작문 201은 들었니?
#Person2#: 아뇨, 필요 없어요. 고등학교 때 AP 영어를 들어서 작문 수업은 필요 없어요.
#Person1#: 잘했네. 다음 학기에 18세기 시 수업을 듣는구나. 그리고 현대 소설 수업이랑. 아직 셰익스피어 수업은 안 들었지?
#Person2#: 응, 나중에 들으려고 했어.
#Person1#: 사실, 셰익스피어 수업은 빨리 듣는 걸 추천해.
#Person2#: 음, 18세기 시 수업을 빼고 셰익스피어 수업을 들어야겠네. 그 수업이 언제 있는지 봐야겠어.
#Person1#: 시간표 볼게. 셰익스피어 수업은 월요일, 수요일, 금요일 11시에 있어.
#Person2#: 그때 들을 수 있어. 그 시간대가 비어 있어.
#Person1#: 잘됐네. 추천할게. 셰익스피어는 굉장히 중요한 수업이니까 학생들이 최대한 빨리 듣기를 원해. 그리고 프리드먼 교수님이 아주 훌륭한 선생님이야.
#Person2#: 그럼 그거 들어야겠네.
#Person1#: 그럼, 리사, 왜 영어 전공을 하기로 했어?
#Person2#: 나중에 영어 교수가 되고 싶어. 문학 공부하는 거 정말 좋아하고, 나도 가르치고 싶어.
#Person1#: 정말? 멋진데!
#Person2#: 그래서 4년 안에 학사 학위를 마치려고 하는 거야. 앞으로 학교를 오래 다닐 거라는 걸 아니까. 최대한 빨리 석사와 박사 과정을 시작하고 싶어.","#Person2#는 4년 내 학위 취득을 위해 필수 과목을 계획적으로 수강해야 합니다. #Person1#은 #Person2#에게 셰익스피어 수업이 중요하다고 조언하며, #Person2#는 18세기 시 수업 대신 셰익스피어 수업을 듣기로 합니다. #Person2#는 영어 교수가 되고 싶어 영어 전공을 선택했다고 설명합니다."
train.csv,그 시간,"#Person1#: 우리 투자자들과 함께하는 점심 회의는 식당에 예약을 해야 하나요, 아니면 그냥 가면 될까요?
#Person2#: 보통 점심때는 예약하지 않아도 되는데, 그냥 가도 된다고 하죠. 하지만 안전하게 반 시간 전인 열두 시 반에 예약해 놓을게요. 그 시간 괜찮으세요?
#Person1#: 저는 열두 시에 식당에서 만날 약속을 해뒀어요. 예약을 조금 더 일찍 할 수 있을까요? 일찍 시작하면 좀 더 여유로운 점심 시간을 가질 수 있잖아요.
#Person2#: 투자자들한테 풀코스 요리라도 대접하시려는 건가요?
#Person1#: 네, 에피타이저로 시작하고, 이어서 스프와 샐러드 코스를 먹고, 메인 메뉴로 프라임 립이나 치킨 꼬르동 블루를 먹고, 맛있는 디저트로 마무리할 계획이에요.
#Person2#: 한낮에 먹기엔 좀 무거운 메뉴 같지 않아요?
#Person1#: 알코올만 피하면 괜찮을 거예요.
#Person2#: 프라임 립과 치킨을 선택했으니, 채식하는 사람이 없기를 바래야겠네요.
#Person1#: 특별한 식단이 필요하면 준비할 수 있어요. 어차피 회사에서 비용을 지불하는 거니까요.",#Person1#과 #Person2#는 투자자들과의 점심 회의에 대해 이야기하고 있습니다. #Person1#은 #Person2#에게 열두 시로 예약을 요청하며 투자자들에게 풀코스 요리를 대접할 계획입니다. #Person2#는 채식주의자도 있을 수 있음을 상기시킵니다.
train.csv,그 시간,"#Person1#: 아파트 관리자를 좀 만날 수 있을까요?
#Person2#: 제가 아파트 관리자입니다. 어떻게 도와드릴까요?
#Person1#: 메인 스트리트에 있는 아파트가 아직 임대 중인지 알고 싶어요.
#Person2#: 아직 임대하지 않았어요. 보러 가시겠어요?
#Person1#: 네, 보고 싶습니다.
#Person2#: 오늘 오후 6시는 어떠세요?
#Person1#: 그 시간 괜찮습니다.
#Person2#: 좋습니다. 6시에 만나요. 길 안내가 필요하세요?
#Person1#: 아니요, 괜찮아요. 출근길에 그곳을 지나니까요.
#Person2#: 마음에 드시면 신청서를 작성하시면 됩니다.
#Person1#: 좋은 생각이네요. 제가 따로 가져가야 할 게 있나요?
#Person2#: 아닙니다. 운전면허증만 보여주시면 됩니다.","#Person1#이 메인 스트리트 아파트를 보기 위해 아파트 관리자와 통화하여 오후 6시에 만나기로 했으며, #Person1#은 운전면허증을 가져와야 합니다."
train.csv,그 부분,"#Person1#: 그러니까 우리가 해야 할 일은 제시간에 끝내는 거야. 
#Person2#: 미안해요, 톰. 방금 말씀하신 부분 다시 말씀해 주시겠어요? 우리가 그 부분을 못 들었어요. 
#Person1#: 아, 알겠어요. 제가 말한 건 제시간에 끝내야 한다는 거예요. 
#Person2#: 미안해요, 톰. 저희 쪽에서 듣기 어렵네요. 좀 많이 끊기는데요. 저희 말 들리세요? 
#Person1#: 여보세요? 
#Person2#: 여보세요? 
#Person1#: 제 말 들리세요? 아마도 잘 안 들리겠죠. 여보세요? 저희 말 안 들리시나 봐요. 
#Person2#: 톰, 제 말 들리시면요, 연결이 끊어진 것 같네요. 문제가 있는 것 같아요. 다시 시도해볼게요. 저희가 전화하겠습니다. 
#Person1#: 네, 알겠습니다. 기다리고 있을게요.","Tom은 #Person2#에게 일정 내에 업무를 완료하라고 지시하지만, 전화 연결 문제로 소통에 어려움을 겪습니다."
train.csv,그 부분,"#Person1#: 컴퓨터 관련 일을 해본 경험이 있으신가요?
#Person2#: 네, 3년 동안 데이터 입력 업무를 했습니다.
#Person1#: 어떤 소프트웨어를 사용할 수 있나요?
#Person2#: 윈도우와 도스를 다룰 줄 알고, 자바와 C 프로그래밍 언어에도 꽤 익숙해요.
#Person1#: 다른 컴퓨터 관련 자격증이 있나요?
#Person2#: ACRE 자격증 2급을 가지고 있습니다.
#Person1#: 관리 정보를 처리할 때 PC를 사용할 줄 아시나요?
#Person2#: 죄송하지만, 그 부분은 익숙하지 않아요. 하지만 빨리 배울 수 있을 거라고 확신합니다. 제가 이해력이 빠른 편이라 어떤 문제든 해결할 수 있을 겁니다.","#Person1#은 데이터 입력 업무를 3년 동안 했던 #Person2#를 인터뷰하고 있습니다. #Person2#는 다양한 소프트웨어와 프로그래밍 언어에 익숙하며, 컴퓨터 관련 자격증도 가지고 있고 빠르게 새로운 업무를 배울 수 있다고 답변합니다."
train.csv,그 부분,"#Person1#: 우리 동물원에 조금 더 지원해 주실 수 있나요?
#Person2#: 죄송하지만, 지방 정부에서는 더 이상 동물원에 지원할 돈이 없어요.
#Person1#: 하지만 조만간 해결책을 찾지 않으면 문을 닫아야 해요. 여기는 도시의 명소이자 관광지였잖아요.
#Person2#: 그렇죠, 하지만 문제는 충분한 관광객을 끌어들이지 못하고 있다는 거예요. 다른 방법으로 자금을 찾아야 할 거예요.
#Person1#: 동시에 여기는 동물 보호에도 중요한 장소예요. 여기 있는 동물 중 일부는 멸종 위기종이에요. 만약 이 동물원이 없었다면, 이 동물들은 살지 못했을 거예요.
#Person2#: 그 부분은 이해해요, 하지만 다른 방법을 찾아봐야 해요. 동물원을 홍보하는 건 어때요? 예를 들면 신문이나 라디오 광고요.
#Person1#: 하지만 자금이 없으면 광고를 할 수가 없잖아요.
#Person2#: 음, 다른 방법도 시도해보는 게 좋겠어요. 예를 들어 기업에 후원을 받아보는 건 어떨까요?
#Person1#: 사실 그건 괜찮은 생각 같아요. 맞는 말일지도 몰라요.
#Person2#: 제가 연락해볼 만한 기업 대표 몇 분을 알고 있어요.","#Person1#은 동물원 지원을 위해 #Person2#에게 더 많은 지원을 요청하지만 정부 지원금이 부족하다는 답변을 받습니다. #Person2#는 기업에서 후원을 받는 등의 대안을 제안하며, 연락할 수 있는 기업 대표들을 알고 있다고 합니다."
train.csv,그 여자,"#Person1#: 예전에 네가 맥주 싸다고 해서 중국 좋아한다고 했던 거 기억나. 
#Person2#: 응, 진짜 싸. Carlsborg가 1달러도 안 해. 
#Person1#: 왜 술 마셔? 술 마시면 뭐가 좋아? 
#Person2#: 멋있잖아. 
#Person1#: 에이, 그냥 따라 하는 건 미성숙하다는 거 모르는 것 같은데. 
#Person2#: Mary, 그게 그냥 따른다는 건 아니야. 중요한 건 내가 술 마시는 걸 즐긴다는 거야. 일을 마치면 진짜 지치잖아. 좀 쉬어야지. TV만 켜 놓고 보는 것보다는 퇴근 후 시간을 더 재미있게 보내야지. 
#Person1#: 그래서? 술 마시면서? 
#Person2#: 술 마시는 것도 그중 하나야. 친구들이랑 모여서 노는 거지. 마시고 얘기하고. 더 마시다 보면 더 많이 얘기하게 되고 자연스럽게 풀리거든. 
#Person1#: 언제부터 술 마시기 시작했어? 
#Person2#: 오래 전이야. 처음으로 여자들 꼬시러 바에 갔을 때, 가장 예쁜 여자가 콜라를 마시고 있었어. 그래서 다가가서 '술 한 잔 살까?'라고 했지. 
#Person1#: 그리고 나서? 
#Person2#: 그 여자랑 얘기 나누고 번호를 땄어. 그런 거 알잖아? 무슨 말할지 모를 때는, 그냥 마셔. 
#Person1#: 그래서 매일 취해 있는 거야?",#Person1#은 #Person2#에게 술 마시는 이유와 첫 술 경험에 대해 이야기합니다. #Person2#는 술이 멋있고 편안하다고 말합니다.
train.csv,그 여자,"#Person1#: Frank가 결혼한다니 믿을 수 있어? 
#Person2#: 정말? 
#Person1#: 응, 그 여자를 정말 사랑한대. 
#Person2#: 누구랑 결혼해? 
#Person1#: 스페인 여행에서 만난 여자랑 결혼한대. 내 생각엔. 
#Person2#: 결혼 날짜는 정해졌어? 
#Person1#: 아직 아니래.",#Person1#은 Frank가 스페인 여행에서 만난 여자와 결혼할 예정이라고 #Person2#에게 말한다.
train.csv,그 여자,"#Person1#: Peter가 왜 그래? 표정이 안 좋아 보여서 걱정되네.
#Person2#: 여자친구가 헤어지자고 해서 많이 힘들어하고 있어.
#Person1#: 참 안타깝네. 그 여자 매력적이라고 다른 남자들한테 자주 관심 받는다던데.
#Person2#: 사랑은 맹목적이라는 말이 딱 맞아.",#Person1#과 #Person2#는 Peter가 여자친구와 헤어져 힘들어하는 상황에 대해 이야기합니다.
train.csv,이 가게,"#Person1#: 안녕하세요, 점심 먹으러 어디로 갈지 추천해줄 수 있나요?
#Person2#: 물론이죠! 어떤 종류의 음식을 찾고 계세요?
#Person1#: 피자나 이탈리아 음식이 좋을 것 같아요.
#Person2#: 딱 좋은 곳을 알고 있어요!
#Person1#: 정말요? 어디인가요?
#Person2#: 저 왼쪽 마지막 건물 지나면 있어요. 제가 같이 가드릴까요?
#Person1#: 그렇다면 정말 좋겠어요.
#Person2#: 같이 가게 되어 기뻐요. 즐거울 거예요!","#Person1#가 #Person2#에게 피자나 이탈리아 음식을 추천해달라고 요청하였고, #Person2#는 자신이 알고 있는 장소로 함께 가자고 제안합니다."
train.csv,이 가게,"#Person1#: 이 가게 어떻게 생각해? 큰 도시에만 지점이 있는 고급 가게라고 들었어.
#Person2#: 나 이 가게 좋아해. 하나 문제가 있다면 너무 비싸다는 거야.
#Person1#: 걱정 마. 네 생일에 새 드레스 사주려고 쇼핑하러 가기로 했어.
#Person2#: 정말? 너 쇼핑 싫어하는 줄 알았는데?
#Person1#: 맞아, 그래서 이 선물 감사히 받아야 해!
#Person2#: 물론이지. 정말 고마워. 들어가서 몇 개 입어보자.
#Person1#: 이 빨간 드레스 어때? 너한테 정말 잘 어울릴 것 같아.
#Person2#: 완전 예쁘다! 8 사이즈도 있나 봐봐.
#Person1#: 여기 있어. 평소 같으면 엄청 비쌀 텐데, 오늘은 특별 할인 중이야.
#Person2#: 이 색상은 나한테 잘 안 어울리는 것 같아. 같은 드레스 흰색으로도 있나 봐줄래?
#Person1#: 내가 찾아볼게. 음... 파란색, 초록색, 분홍색, 검정색... 그리고 흰색 있다. 여기 있어.
#Person2#: 이거 완벽해! 너는 어떻게 생각해?
#Person1#: 네가 환상적으로 보여. 생일 축하해!
#Person2#: 정말 운이 좋아. 이런 기회는 흔치 않아! 고마워, 자기야!",#Person1#과 #Person2#가 쇼핑을 하고 있다. #Person1#은 #Person2#의 생일 선물로 고급 매장에서 환상적인 흰색 드레스를 산다.
train.csv,이 가게,"#Person1#: 할인 중인 신선한 농산물을 찾고 있어요.
#Person2#: 음, 방금 망고가 들어왔어요.
#Person1#: 망고가 뭐예요?
#Person2#: 큰 씨가 들어있는 과일이에요.
#Person1#: 씨는 먹을 수 있나요?
#Person2#: 아니요, 껍질을 벗기고 씨는 버리셔야 해요.
#Person1#: 얼마인가요?
#Person2#: 할인 가격으로 하나에 1달러입니다.
#Person1#: 망고는 어떤 맛인가요?
#Person2#: 시트러스 과일 같은 맛이에요.
#Person1#: 어떻게 익었는지 알 수 있나요?
#Person2#: 딱딱한 상태로 사셔서 며칠 후에 부드러워질 때까지 기다리시면 됩니다.
#Person1#: 어디에서 왔나요?
#Person2#: 이 가게의 망고는 대부분 멕시코에서 왔습니다.","#Person1#이 할인 중인 신선한 농산물을 찾고 있으며, #Person2#가 망고를 추천하고 맛과 익는 방법에 대해 설명합니다."
train.csv,이 근처,"#Person1#: 어떻게 아파트 찾았어?
#Person2#: 학교 게시판에서 주변 주택 정보 확인할 수 있어.
#Person1#: 룸메이트가 필요하면 어떻게 해?
#Person2#: 룸메이트 구해주는 웹사이트들 있어.
#Person1#: 이 근처 아파트는 가격이 어떻게 돼?
#Person2#: 원하는 거에 따라 다르지. 원룸 필요해, 아니면 투룸 필요해?
#Person1#: 난 그냥 원룸만 필요해.
#Person2#: 그럼 한 달에 대략 1,200달러 정도 할 거야.
#Person1#: 아파트 보러 갈 때 같이 가줄래?
#Person2#: 응, 같이 아파트 보러 갈게.",#Person2#는 #Person1#에게 주택 정보를 위해 학교 게시판과 웹사이트를 확인하라고 조언합니다. 이후 #Person1#은 #Person2#에게 아파트를 보러 같이 가자고 요청합니다.
train.csv,이 근처,"#Person1#: 이 시설 정말 좋지 않아? 
#Person2#: 응, 작년보다 훨씬 나아졌어. 이번에는 잘 해놨네. 
#Person1#: 우리 부스가 1층에 있어서 다행이야. 더 많은 사람들이 우리 전시를 볼 수 있을 거야. 
#Person2#: 누군가가 우리를 찾으려면 이 층 계획도를 보면 돼. 모든 회사 부스 위치가 나와 있어. 
#Person1#: 그거 좀 보여줘. 나 입장할 때 못 받았거든. 
#Person2#: 정말? 입장권 받을 때 안 줬어? 
#Person1#: 응, 안 줬어. 
#Person2#: 이상하네. 
#Person1#: 이 근처에서 점심 먹으려면 어디로 가야 해? 
#Person2#: 배 고파? 
#Person1#: 심하진 않지만, 곧 고파질 거 같아. 
#Person2#: 길 건너편에 갔어. 호텔 옆에 꽤 괜찮은 중국집이 있어. 
#Person1#: 이 층 계획도에서 Cortex가 안 보여. 여기 부스 없는 거야? 
#Person2#: 있을 텐데. 잠깐만, 찾아볼게. 여기 있네, Cortex. 2층에 있어, Roll 부스 옆에. 
#Person1#: 아, 그럼 그들한테 불편하겠네. 
#Person2#: 누구? Cortex? 
#Person1#: 응. Cortex가 Rolly에서 Darren McDowell을 뺏어갔거든. 아마도 Darren도 여기 있을 걸. 그럼 전시 기간 내내 옛 동료들 옆에 서 있어야 할 거야. 
#Person2#: Darren을 만나본 적은 없지만, 맞아. 불편할 수 있겠어. 
#Person1#: 부스를 예약할 때 누구랑 이웃할지 잘 확인해야겠어. 그렇지 않아? 
#Person2#: 응, 그럴지도. 만약 네가 Darren McDowell이라면, 확인하는 게 좋겠어. 
#Person1#: 맞아. 그럼 난 점심 먹으러 갈게. 같이 갈래? 
#Person2#: 아니, 난 부스에 있을게. 아까 먹었어. 중국집 갈 거야? 
#Person1#: 글쎄, 둘러볼게.","#Person1#과 #Person2#는 시설이 좋아졌다고 생각하며, 부스 위치가 Darren McDowell에게 불편할 수 있다고 논의합니다. #Person1#은 점심을 먹으러 갈 계획이지만 #Person2#는 이미 식사했기에 부스에 남을 예정입니다."
train.csv,이 근처,"#Person1#: 동물 좋아해? 나는 강아지를 정말 좋아해. 
#Person2#: 나도 그래. 고양이는 별로야. 
#Person1#: 왜? 나는 고양이도 괜찮던데. 
#Person2#: 고양이 근처에 있는 건 못 참겠어. 고양이들도 나를 싫어하는 것 같아. 
#Person1#: 나는 야생동물이 좋아. 거미랑 뱀은 안 좋아해. 거미랑 뱀은 징그러운 것 같아. 
#Person2#: 나는 뱀이 좋아. 뱀은 멋지다고 생각해. 거미에 대해서는 네 말에 동의해. 거미는 끔찍해. 다리가 너무 많아서 그런 것 같아. 
#Person1#: 나는 곰이 멋진 것 같아. 판다는 환상적이야. 털 때문에 그들을 죽이는 사람들은 싫어. 
#Person2#: 맞아. 나는 쥐를 정말 좋아해. 쥐는 너무 귀여운 것 같아! 
#Person1#: 정말? 나는 매력을 잘 모르겠어. 나는 쥐가 무서워.",#Person1#과 #Person2#는 다양한 동물에 대한 서로 다른 견해를 나누고 있다. 그들은 뱀과 쥐에 대해 상반된 취향을 가지고 있다.
train.csv,이 도움,"#Person1#: 지난 학기에 앨버트 칸에 관한 논문을 썼지 않았어?
#Person2#: 응, 건축사 수업 과제로 썼어.
#Person1#: 아, 나 그 수업 지금 듣고 있는데 산업 건축에 대해 좀 조사를 해야 해. 칸의 공장에 대해 읽어야 해. 네가 쓴 글을 좀 보고 싶어.
#Person2#: 내 논문이 도움이 되진 않을 거야. 나는 클래식한 디자인, 예를 들어 클레멘츠 도서관이나 사무실 건물에 초점을 맞췄거든. 근데 넌 그가 유명한 현대 건축에 관심 있는 것 같네.
#Person1#: 맞아, 그는 특히 디트로이트의 자동차 공장으로 잘 알려져 있어. 그가 산업 디자인에 획기적인 변화를 가져왔거든. 그의 시대 이전에는 공장들이 좁고 비효율적이었지만, 그의 공장은 충분한 빛, 공기, 개방 공간을 제공해서 큰 공장에서 자동차를 조립할 수 있게 했다고.
#Person2#: 나도 읽어보니까, 이전에 공장들은 나무로 된 틀 때문에 무거운 기계도 많고 건물이 흔들리고 화재 위험도 있었대. 그런데 칸이 20세기 초에 자동차 공장을 설계하기 시작할 즈음에, 철근 콘크리트가 막 발명되었대. 이게 획기적인 변화지, 건물들이 튼튼하고 방화기능도 있고, 게다가 건축 비용도 저렴했거든!
#Person1#: 너 그의 산업 경력에 대해 꽤 많이 알고 있는 것 같은데.
#Person2#: 사실 그의 다른 작업에 썼지만, 배경 자료를 많이 읽었어. 네가 쓸 만한 참고 문헌이 있을지 내가 쓴 논문을 찾아볼게. 서지에 포함된 몇몇 책들이 잘 맞을지도 몰라, 도서관에서 찾아볼 만한 책들이 있을 거야.","#Person1#은 산업 건축에 대한 연구를 위해 #Person2#의 앨버트 칸 논문을 참고하고 싶어한다. #Person2#는 본인의 논문이 #Person1#의 필요와는 다르다고 생각하지만, 서지의 참고 문헌이 도움이 될 것이라고 제안한다."
train.csv,이 도움,"#Person1#: 안녕, Mike. 요즘 뭐 하고 지내?
#Person2#: 별거 없어. 운동 시작했어.
#Person1#: 몸매 가꾸려고?
#Person2#: 응, 건강도 챙겨야 해서.
#Person1#: 나도 그래. 운동 말고 또 뭐 하고 있어?
#Person2#: 그게 다야.
#Person1#: 먹는 것도 좀 더 신경 쓰면 많이 도움 될 거야.
#Person2#: 잠도 중요해. 사람들이 평균 8시간 자면 건강 문제가 덜 생긴다고 들었어.
#Person1#: 건강 유지하려면 할 게 많아 보이네.
#Person2#: 맞아. 그래도 가치 있는 것 같아. 나이 들면 건강하고 활기찬 게 좋잖아.
#Person1#: 완전 동의해.","Mike와 #Person2#는 건강을 위해 운동, 식단 관리, 충분한 수면의 중요성을 논의하며 동의한다."
train.csv,이 도움,"#Person1#: 로션 고르는 거 좀 도와줄 수 있어요?
#Person2#: 네, 기꺼이 도와드릴게요. 어떤 도움 필요하세요?
#Person1#: 하이킹 중에 옻나무에 닿아서 계속 가려워서 미치겠어요.
#Person2#: 테크네 제품이 있는데, 로션이나 크림으로 나와요.
#Person1#: 둘 중에 뭐가 더 효과가 좋아요?
#Person2#: 크림이 더 오래 간다고 들었어요.
#Person1#: 가려움에 도움이 될 만한 다른 약도 있나요?
#Person2#: 항히스타민제를 드시면 많이 도움이 될 거예요.
#Person1#: 옻나무 때문에 어떻게 해야 할지 도와줘서 고마워요.
#Person2#: 도와드릴 수 있어서 좋았어요. 언제든지 다시 오세요.","#Person2#는 #Person1#에게 테크네 크림을 추천하고, 가려움을 완화할 수 있는 약으로 항히스타민제를 권장합니다."
train.csv,그 가격,"#Person1#: 저희는 대학 근처에 아파트를 임대하고 싶어요.
#Person2#: 두 사람이 지낼 곳을 찾고 계신가요?
#Person1#: 네, 맞아요. 당연히 최대한 저렴한 곳을 원해요. 저희가 들은 바로는 월 80에서 100파운드 정도로 살 수 있는 곳이 있다고 하더라고요.
#Person2#: 네, 대학 근처에 그 가격대에 맞는 곳들이 몇 군데 있어요. 다른 요구사항은 없으세요?
#Person1#: 특별한 건 없고요, 조용한 거리였으면 좋겠어요.
#Person2#: 몇 개의 방이 필요하세요?
#Person1#: 두 개의 침실이 필요해요. 부엌과 식당은 분리되거나 합쳐져 있어도 괜찮아요.
#Person2#: 알겠습니다. 요구사항에 맞는 목록을 가지고 있어요. 한 번 살펴볼게요. 첫 번째는 월 80파운드인데, 시끄러운 거리에 있고 캠퍼스에서 조금 멀리 떨어져 있어요.
#Person1#: 캠퍼스에서 얼마나 멀리 떨어져 있나요?
#Person2#: 약 2마일 정도입니다. 걸어가기엔 조금 멀 수 있죠. 여기 캠퍼스에서 반 마일 정도 떨어진 곳이 있어요. 가격은 월 100파운드이고, 조용한 작은 거리에 있어요.
#Person1#: 이상적이네요. 그곳을 보러 갈 수 있을까요? 최종 결정을 내리기 전에 한 번 보고 싶어요.
#Person2#: 물론이죠. 지금은 그다지 바쁘지 않으니까요. 15분에서 20분 정도만 기다려주시면 그곳으로 모시고 갈게요.
#Person1#: 감사합니다. 정말 좋네요.","#Person1#은 대학 근처의 조용한 거리에서 두 사람이 지낼 저렴한 아파트를 찾고 있습니다. #Person2#는 #Person1#의 요구사항에 맞는 아파트를 추천하며, #Person1#는 그것을 보러 가고 싶어 합니다. #Person2#는 #Person1#을 그곳으로 데려갈 예정입니다."
train.csv,그 가격,"#Person1#: 안녕하세요, 잘 지내세요? 저는 Jack입니다.
#Person2#: 안녕하세요, 저는 Amy입니다.
#Person1#: 여기 무슨 일로 오셨어요?
#Person2#: 코롤라가 할인 중이라서요.
#Person1#: 네, 정말 좋은 딜이에요. 1,000달러 할인입니다. 이렇게 좋은 세일은 본 적이 없어요.
#Person2#: 코롤라에 대해 얘기해 주세요.
#Person1#: 물론이죠. 1.8리터 엔진이 있고요. 모든 파워 옵션, 에어컨, CD 플레이어, 풀 사이즈 스페어 타이어, 자동 변속기 그리고 ABS가 포함되어 있어요. 정가는 17,000달러인데, 당신께는 16,000달러에 드릴 수 있어요.
#Person2#: 좋아요. 15,000달러는 어때요?
#Person1#: 농담하시는 거죠? 그 가격으로는 못 살 거예요.
#Person2#: 진지해요. 15,000달러요.
#Person1#: 2,000달러를 선금으로 내실 수 있으면, 제가 매니저와 상의해볼게요.
#Person2#: 아니요. 매니저에게 말씀해 보시고 알려주세요.
#Person1#: 알겠어요, 바로 다녀올게요... 축하드립니다! 매니저가 최종 가격인 15,000달러를 승인했어요.
#Person2#: 가격은 괜찮은데, 무료 보안 시스템과 무료 카펫 매트도 주셔야 해요.
#Person1#: 정말 강하시네요. 그렇게 거래합시다.
#Person2#: 감사합니다!","Amy는 코롤라가 할인 중이라 방문했고, Jack은 1,000달러 할인된 16,000달러에 제공한다 했습니다. Amy는 15,000달러를 제안했고, 매니저가 최종 승인을 했습니다. Amy는 보안 시스템과 카펫 매트도 요구했습니다."
train.csv,그 가격,"#Person1#: 주된 제품은 무엇인가요?
#Person2#: 보통 저희는 신사와 숙녀용 자전거를 제공해요. 크기는 19, 21, 23, 25, 27인치가 있습니다. 고객의 요구에 따라 색상을 변경할 수 있어요. 여기 있는 카탈로그와 패턴 북을 보시면 저희 제품에 대한 정보를 알 수 있습니다.
#Person1#: 저는 Flying Pigeon 자전거에 관심이 있어요. 이 중 몇몇 제품은 캐나다 시장에서 인기가 있을 것 같아요. 하지만 저희 고객들이 가장 중시하는 것은 믿을 수 있는 제품입니다.
#Person2#: 신뢰성은 저희 제품의 강점이에요. 사실 저희는 항상 합리적인 가격에 높은 품질의 제품을 제공하는 것을 원칙으로 삼고 있습니다. Flying Pigeon은 그 가격대에서 최고입니다.
#Person1#: 그럼 제품의 재고 상황과 결제 방식, 배송, 할인 등의 판매 조건을 알고 싶어요.","#Person1#은 #Person2#의 Flying Pigeon 자전거에 관심을 가지며, #Person2#는 제품의 신뢰성을 강조합니다. #Person1#은 재고 상황 및 판매 조건에 대해 알고 싶어 합니다."
train.csv,이 소포,"#Person1#: 안녕하세요, 무엇을 도와드릴까요?
#Person2#: 이 소포를 프랑스로 보내고 싶어요. 다음 5일 내에 배달될 수 있을까요?
#Person1#: 네, 바로 다음날 배달 서비스가 있습니다. 비용은 $70입니다.
#Person2#: 아, 그건 좀 비싸네요. 3일 서비스는 없나요?
#Person1#: 아닙니다만, 일주일 내에 프랑스로 보내드릴 수 있고 비용은 $40입니다.
#Person2#: 음, 그거 괜찮네요. 그걸로 할게요. 서비스는 보장되나요?
#Person1#: 네, 소포를 추적할 수 있는 서비스도 제공하지만, 그건 추가로 $10이 듭니다.
#Person2#: 아, 추적 서비스는 필요 없어요.",#Person1#는 #Person2#의 소포를 추적 서비스 없이 $40에 일주일 내로 프랑스로 보내기로 했습니다.
train.csv,이 소포,"#Person1#: 저기요. 뉴욕으로 보내는 이 편지의 우편 요금이 얼마인가요?
#Person2#: 어떤 방법으로 보내실 건가요?
#Person1#: 등기 항공 우편으로요.
#Person2#: 80센트입니다. 그리고 주소에 우편번호를 적어주세요. 더 필요하신 건 없나요?
#Person1#: 네. 엽서 6장과 50센트짜리 우표 10장 주세요.
#Person2#: 네, 여기 있습니다.
#Person1#: 그리고 이 소포는 런던으로 보낼 건데요. 무게 좀 재주시겠어요?
#Person2#: 네, 물론이죠. 이 소포는 10그램 초과입니다. 초과 요금으로 50센트를 더 내셔야 해요.","#Person2#는 #Person1#에게 편지의 우편 요금과 소포의 무게를 알려주고, #Person1#에게 주소와 우편번호를 적어달라고 요청합니다."
train.csv,이 소포,"#Person1#: 이 소포를 중국 상하이로 보내려면 어떻게 해야 하나요? 안에는 책만 들어 있어요.
#Person2#: 인쇄물로 보내시면 될 것 같아요.
#Person1#: 여기서 보험 처리도 할 수 있나요?
#Person2#: 물론이죠. 얼마로 보험 드시겠어요?
#Person1#: 음... 제 생각에는 500달러로 보험 들면 좋겠어요.
#Person2#: 500달러 군요, 그러면 보험료로 10달러를 내시면 됩니다. 총 가액의 2%에 해당합니다.
#Person1#: 여기 10달러 수표입니다.",#Person1#은 책이 들어 있는 소포를 중국 상하이로 보내기 위해 #Person2#에게 보험료 10달러를 지불합니다.
train.csv,그 기간,"#Person1#: 이력서를 보니까 Oklahoma State University를 졸업하셨네요. 케이블 TV 산업과 연관이 있는 어떤 훈련을 받으셨는지 말씀해 주시겠어요?
#Person2#: 음, 이 분야에서 몇몇 컨퍼런스에 참석한 적이 있습니다. 하지만 가장 관련 있는 훈련은 컴퓨터 디자인을 배운 것입니다. 이 지식을 대학 학위와 결합하여 디자인할 수 있을 것 같습니다.
#Person1#: 알겠습니다. 구체적으로 생각해 놓은 게 있나요?
#Person2#: 네, 현재 화면에 TV 가이드를 제공하고 계시더라고요. 지금은 프로그램 이름이 반복적으로 스크롤되는 방식으로 나오는데요. 채널이 많으면 오래 기다려야 합니다.
#Person1#: 인상적이네요. 그걸 통해 어떻게 수익을 창출할 계획인가요?
#Person2#: 유료 채널 서비스와 결합하면, 돈을 벌 수 있는 방법이 있을 것 같습니다.
#Person1#: 좋은 아이디어가 여러 개 있군요. 이제 이력서에 대해 몇 가지 질문이 있습니다. 마지막 직장과 지금 사이에 5년의 공백이 있는 것을 발견했습니다.
#Person2#: 네, 그 기간 동안 일을 쉬고 있었습니다. 아이가 있었고, 장애를 가지고 태어나서 제 경력을 중단하기로 결정했습니다. 하지만 계속해서 업계의 변화에 맞춰 공부해 왔습니다.
#Person1#: 그래서 이제 다시 시작하시는군요. 경험에 대해 조금 더 말씀해 주시겠어요?","#Person2#는 컴퓨터 디자인을 공부했으며, 유료 채널 서비스를 제안합니다. #Person1#은 #Person2#가 좋은 아이디어를 가지고 있다고 생각하지만, 이력서에 5년의 공백이 있다고 지적합니다. #Person2#는 그 기간 동안 장애를 가진 아이를 돌보았다고 설명합니다."
train.csv,그 기간,"#Person1#: 새로운 생산 관리 프로그램이 월요일에 시작돼요. 새 프로그램과 기존 프로그램은 4주에서 6주 동안 함께 운영될 텐데, 그 기간 동안 작은 문제들은 해결할 수 있을 거예요.
#Person2#: 잘됐으면 좋겠어요. 요즘 너무 바빠서 이 시기에 문제는 정말 피하고 싶어요.
#Person1#: 네, 저도 그 점 잘 알고 있어요. 변환을 위해 오랜 시간 계획하고 준비해 왔으니, 큰 문제는 없을 거라고 확신해요.",#Person1#과 #Person2#는 월요일에 시작되는 새 프로그램에 대한 기대를 논의합니다.
train.csv,그 기간,"#Person1#: 사무실에 누군가 제 급여에 대해 좀 도와줄 수 있을까요?
#Person2#: 궁금한 점 있으시면 말씀해 주세요. 도와드릴게요.
#Person1#: 제 급여가 지난주보다 줄어든 것 같아요.
#Person2#: 소득과 관련된 문제인가요? 그 기간 동안 소득이 있었나요?
#Person1#: 그 기간 동안 예전 직장 상사가 며칠 일을 줬어요.
#Person2#: 그 소득을 계속 기록하셨나요?
#Person1#: 네, 물론 제가 한 일을 계속 보고했어요.
#Person2#: 소득이 있으면 일부 혜택이 줄어드는 게 맞아요.
#Person1#: 그럼 앞으로는 소득을 신고하지 않겠어요.
#Person2#: 그렇게 하시는 건 좋지 않을 것 같아요. 허위로 신고하면 큰 불이익이 있을 수 있어요.","#Person1#은 급여가 지난주보다 줄어든 이유를 묻고, #Person2#가 소득 발생으로 인해 일부 혜택이 차감되었음을 설명하며 허위 신고 시 처벌 가능성을 경고합니다."
train.csv,이 서류,"#Person1#: Bob, 우리 상사 봤어? 이 서류에 사인 받아야 하는데.
#Person2#: 사무실에 계셔. 근데 말 조심히 하는 게 좋을 거야.
#Person1#: 왜 그래?
#Person2#: 아니, 별일은 없는데 오늘 기분이 안 좋으신 것 같아.
#Person1#: 알려줘서 고마워.
#Person2#: 괜찮아.",#Person1#이 상사에게 서류에 사인을 받아야 하는 상황에서 #Person2#가 상사의 기분이 좋지 않으니 말조심하라고 조언한다.
train.csv,이 서류,"#Person1#: 국제사업부에 오신 것을 환영합니다. 무엇을 도와드릴까요?
#Person2#: 안녕하세요. 저는 Lexington Software의 Ms. Dawson입니다. 이 서류들을 베트남으로 L/C 방식으로 보내야 합니다.
#Person1#: 문제없습니다, 지금 바로 처리해드릴 수 있습니다. 서류는 확인하셨나요?
#Person2#: 확인하긴 했는데, 처음 해 보는 거라서 혹시 괜찮으시면 한 번 더 확인해 주실 수 있을까요?
#Person1#: 물론이죠, 그게 저희 서비스의 일부입니다.
#Person2#: 감사합니다. 문제는 없을 거라 생각하지만, 그냥 확실히 해두려고요...
#Person1#: 걱정하지 마세요, 잘 될 겁니다. 궁금한 점이 생기면 연락드릴게요, 괜찮으시죠?
#Person2#: 네, 괜찮습니다. 다시 한 번 감사합니다.",#Person1#은 Ms. Dawson이 베트남으로 L/C를 통해 보낼 서류를 다시 확인하는 것을 도와줍니다.
train.csv,이 서류,"#Person1#: 다음 분이요. 도와드릴까요, 손님?
#Person2#: 안녕하세요, 은행 계좌를 열고 싶습니다.
#Person1#: 네, 제가 도와드리겠습니다. 어떤 종류의 계좌를 열고 싶으세요? 당좌예금이나 저축예금 중 하나요?
#Person2#: 그 계좌들은 어떤 특징이 있나요?
#Person1#: 당좌예금 계좌는 소정의 월 사용료로 일일 거래 횟수가 무제한이고, 저축예금 계좌는 더 높은 이자율을 제공하지만 최소 $10,000의 잔고를 유지해야 합니다.
#Person2#: 알겠습니다, 당좌예금에 관심이 있습니다. 돈에 쉽게 접근할 수 있었으면 좋겠어요.
#Person1#: 알겠습니다, 당좌예금 계좌를 개설하면 직불카드와 수표책을 발급해 드립니다. 초과 인출 보호가 필요하신가요? 추가 요금이 있습니다.
#Person2#: 아니요, 필요 없습니다.
#Person1#: 그럼 이 서류를 작성해 주세요. 사회보장번호와 정부 발급 신분증 두 개가 필요합니다. 여기, 여기, 그리고 여기에 서명해 주세요. 이제 모두 준비되었습니다. 오늘 입금하실 건가요?
#Person2#: 네, 일십억 달러를 입금하고 싶습니다.",#Person2#는 쉽게 돈을 인출할 수 있기 위해 #Person1#의 도움을 받아 당좌예금 계좌를 개설합니다. 그는 오늘 일십억 달러를 입금하기로 했습니다.
train.csv,이 영화,"#Person1#: 영화를 사랑하는 여러분, 프리미어 무비 리뷰에 오신 것을 환영합니다. 저는 리처드 클라크입니다. 오늘은 매우 박식한 데이비드 왓슨과 함께합니다. 
#Person2#: 고마워, 딕. 오늘 우리는 영화 라이온 킹에 대해 이야기할 건데, 데이브, 이 영화에 대한 당신의 인상은 어떤가요? 
#Person1#: 음, 나는 이 영화가 인간의 영원한 권력 욕심을 그린 우화라고 생각해. 내 생각엔 아주 훌륭한 영화야. 다른 나라의 전통 동화를 표절했다는 비난에도 불구하고, 음악은 훌륭했고, 애니메이션은 훌륭히 만들어졌으며, 이야기는 정말 매력적이었어.
#Person2#: 내 생각은 달라. 애니메이션 기술은 강력했고, 네가 말한 것처럼 엘튼 존의 음악도 대단했지만, 영화에는 독창성이 부족해서 감동적이지 않았어. 예측가능하다고까지 말할 수 있어.
#Person1#: 예측 가능하다니! 어떻게 그런 말을! 딕, 이거 전체 관람가 영화야! 스릴러가 아니잖아!
#Person2#: 바로 그게 문제야. 굉장히 극적이고 강렬한 장면들도 있었어. 예를 들어 무파사가 죽을 때나 스카의 어두운 면모 같은 것. 그래도 이야기가 단순해. 무파사가 죽고, 심바는 도망가고 사랑에 빠진 후 돌아와서 그가 마땅히 가져야 할 것을 되찾으려 해. 너무 흔해.
#Person1#: 어떻게 그걸 흔하다고 할 수가 있어? 이건 우화야, 오랜 시간동안 전해져 내려온 이야기야! 영화는 권력에 대한 욕심이 부패를 초래한다는 걸 보여주고, 아이들에게 존중과 생명, 사랑의 가치를 가르쳐주지.
#Person2#: 넌 항상 그렇게 따뜻하게 보더라, 데이브!
#Person1#: 마음을 좀 열어, 딕. 우리를 방해하지 마.
#Person2#: 어쨌든… 오늘은 여기까지입니다, 여러분! 다음 시간에는 '10일 안에 남자 버리는 방법'에 대해 이야기할 거예요. 데이브, 네가 그 영화도 좋아할 거라고 확신해!","리처드 클라크와 데이비드 왓슨이 영화 '라이온 킹'에 대해 논의합니다. 리처드는 애니메이션, 음악, 이야기의 매력을 강조하며 훌륭하다고 평가하지만, 데이비드는 독창성이 부족하고 예측 가능했다고 비판합니다."
train.csv,이 영화,"#Person1#: 안녕, Lucy. 나 Mac이야. 잘 지내?
#Person2#: 잘 지내, 고마워. 좀 많이 바빠. 새 아파트에서 정리 좀 하느라.
#Person1#: 아, 그렇구나. 근데 내일 저녁에 콘서트 보러 갈래? 네가 팝 음악 좋아한다고 했던 것 같은데.
#Person2#: 맞아, 좋아해. 물어봐줘서 고마워, Mac. 근데 안 될 것 같아. Margaret가 이미 친구 만나자고 했고, 같이 영화 보러 가기로 했어. 사실 오늘 저녁에 표 사기로 했거든.
#Person1#: 아, 그래. 괜찮아. 그럼 다음 주말은 어때? 다음 주 토요일이면 이 콘서트 아직 할 텐데, 시간 괜찮아?
#Person2#: 아, 그건 좋지! 근데 정확히 몇 시에 시작해?
#Person1#: 음... 7시일 거야.
#Person2#: 아, 좋아. 그때면 괜찮아. 농구 경기도 5시 30분이면 끝날 거야, 확실해.
#Person1#: 좋아, 표 사면 다시 연락할게.
#Person2#: 그래. 그럼 이만 안녕.","Mac이 Lucy에게 전화를 걸어 내일 콘서트에 가자고 하지만, Lucy는 이미 약속이 있다. 그래서 Mac은 시간대를 다음 주로 바꾸고, Lucy는 기쁘게 동의한다."
train.csv,이 영화,"#Person1#: Wanda 국제 극장에 오신 것을 환영합니다. 도와드릴까요?
#Person2#: 오늘 'Operation Red Sea'가 언제 상영되는지 알고 싶어요.
#Person1#: 오늘은 총 6번 상영됩니다. 아침 한 번, 정오에 한 번, 그리고 오후 3시, 6시, 9시, 자정에 상영됩니다.
#Person2#: 좋아요, 오늘 오후 9시 상영에 티켓 5장 주세요. 다섯 장 같이 앉을 수 있을까요?
#Person1#: 죄송하지만, 지금 남은 티켓이 3장밖에 없네요. 오후 6시 상영은 어떠세요? 그 시간대는 7장은 아직 남아 있습니다.
#Person2#: 하지만 저희가 오후 5시에 저녁 약속이 있어서 영화 시작 시간에 맞출 수가 없어요.
#Person1#: 그럼 다른 영화 보시는 건 어떠세요? 'Detective China Town 2'도 인기 많아요.
#Person2#: 아니요, 저희 모두 이 영화를 보고 싶어요. 금요일 상영 티켓을 지금 살 수 있을까요?
#Person1#: 지금부터 3일 이내의 티켓은 예약 가능합니다. 오늘은 수요일이니 괜찮습니다. 몇 시 상영 원하세요?
#Person2#: 오후 9시 상영으로 할게요. 금요일에는 영화를 보고 싶어하는 사람이 더 많을 것 같아요. 한 번에 몇 장까지 구매할 수 있나요?
#Person1#: 사전 예약 티켓은 최대 10장까지 가능합니다.
#Person2#: 그럼 'Operation Red Sea' 금요일 상영으로 8장 주세요. 티켓 가능한가요?
#Person1#: 네, 운 좋게도 가능합니다.
#Person2#: 그런데, 티켓은 언제 받을 수 있죠?
#Person1#: 지금 결제하시면 바로 드릴 수 있습니다.
#Person2#: 좋아요! 감사합니다!","#Person2#는 오늘 오후 9시 'Operation Red Sea' 영화 티켓 5장을 구매하려 하지만, 충분하지 않자 #Person1#은 오후 6시로 변경하거나 다른 영화를 보라고 제안합니다. 그러나 #Person2#는 이를 거부하고, 결국 #Person1#의 도움으로 금요일 상영 티켓 8장을 구매합니다."
train.csv,이 계약,"#Person1#: Jim, 지난주에 봤던 멋진 파란색 Ford 차 살 계획 있어? 
#Person2#: 그건 불가능할 것 같아. 돈을 마련하지 못했는데 이미 다른 사람이 계약금을 걸었거든.",Jim은 파란색 Ford 차를 살 계획이 없다.
train.csv,이 계약,"#Person1#: 안녕 Linda, 내년에 새로 나오는 급식 옵션에 관한 편지 받았어?
#Person2#: 아직 못 받았어, 많은 변화가 있어?
#Person1#: 정말 많아. 전에는 학기 전체 식사를 한 번에 내야 했는데, 이제는 주마다 몇 끼를 먹을지 선택해서 그에 맞게 계약할 수 있어. 처음에 1년치를 내야 하지만 주당 7, 10, 14, 21끼 중에서 선택할 수 있어. 카드에 그 주에 먹을 끼 수가 표기돼 있어.
#Person2#: 큰 변화네, 시스템도 복잡하구나.
#Person1#: 맞아, 하지만 일주일 내내 매일 세 끼를 먹지 않는 사람들에게는 좋을 거야. 안 먹는 식사에 돈을 안 내도 되니까.
#Person2#: 그럼 항상 학교에서 식사하는 사람들에게는 어떻게 되는 거야?
#Person1#: 그 사람들에게도 좋아, 식사를 많이 계약할수록 한 끼당 가격이 더 싸지니까.
#Person2#: 알겠어, 그래도 복잡해 보이네.
#Person1#: 맞아, 나도 이해하는데 시간이 좀 걸렸어. 그래서 나는 주 10끼 플랜으로 하기로 했어.
#Person2#: 왜 그렇게 했어?
#Person1#: 음, 나는 아침을 먹지 않고 주말에는 자주 외출하니까, 주중 점심과 저녁 10끼 플랜이 가격면에서도 합리적이고, 내가 먹지 않는 끼에 돈을 안 낼 수 있어.","학교는 새롭게 변경된 급식 서비스 옵션을 제공하며, 학생들은 일주일에 먹을 끼 수를 선택하여 계약할 수 있다. 이 시스템은 식사를 자주 하지 않는 학생들에게 유리하며, 많이 계약할수록 한 끼당 가격이 저렴하다. Tom은 개인 식습관에 맞춰 주 10끼 플랜을 선택했다."
train.csv,이 계약,"#Person1#: 계약 조건을 정확히 이해한 게 맞다면, 계약 기간이 1년에 1년 옵션이 붙는 건가요? 맞나요?
#Person2#: 장비 대여 계약을 말씀하시는 건가요, 아니면 교육 계약을 말씀하시는 건가요?
#Person1#: 둘 다 같은 조건이라고 알고 있었어요.
#Person2#: 맞기도 하고 아니기도 해요. 제가 좀 더 명확히 설명해드릴게요. 교육 계약에는 첫 6개월 후에 취소할 수 있는 조항이 있는 것을 제외하면, 조건은 같습니다.
#Person1#: 그 부분에 대해 더 설명해 주실래요?
#Person2#: 네, 물론이죠. 제가 말하고 싶은 건, 6개월 후 서면으로만 한다면 어느 쪽이든 교육 계약을 취소할 수 있다는 거예요.
#Person1#: 그러니까, 이 계약은 6개월 동안의 교육을 포함하고, 취소되지 않으면 추가로 6개월 더 지속된다는 얘기죠? 맞나요?
#Person2#: 네, 맞아요.
#Person1#: 알겠어요, 이제 충분히 이해했어요. 다른 조건으로 넘어가죠.",#Person2#는 #Person1#에게 장비 대여 계약과 교육 계약의 조건을 명확히 설명합니다. #Person1#은 교육 계약에만 존재하는 취소 조항을 이해합니다.
train.csv,이 주소,"#Person1#: 정부가 집중해야 할 가장 큰 사회 문제가 뭐라고 생각해?
#Person2#: 나는 주택 문제가 크다고 생각해. 거리엔 수많은 노숙자들이 있어.
#Person1#: 그 문제를 어떻게 해결할 거야?
#Person2#: 해결할 좋은 아이디어가 있어. 정부가 노숙자들에게 그들만의 집을 지을 자금을 지원할 수 있을 거야.
#Person1#: 아마도 비용이 많이 들겠지.
#Person2#: 정부는 그 정도는 할 수 있다고 생각해. 게다가 장점도 많아. 노숙자들이 주소가 있으면 일자리 찾기가 더 쉬워지고, 건설업이나 주택 개보수에 필요한 기술도 배우게 될 거야.
#Person1#: 나쁘지 않은 생각이야. 난 교육이 현재 가장 큰 문제라고 생각해. 학교들이 아이들을 제대로 교육할 예산이 부족해 보이거든.
#Person2#: 교육에 더 많은 자금을 투자하려면 세금을 올려야 해. 그럼 유권자들에게 인기가 없을 거야.
#Person1#: 대부분의 유권자들은 양쪽 다 원하는 걸. 정부가 많은 걸 해주길 바라면서도 세금은 안 올리길 원해.
#Person2#: 정부는 자금을 효율적으로 사용하고 있다는 걸 보여줘야 해. 가끔 정부가 프로젝트에 돈을 낭비했다는 소문을 듣잖아.
#Person1#: 맞아. 정부는 제한된 자금으로 돈을 책임감 있게 사용하고 있다는 걸 보여줘야 해.",#Person2#는 주택 문제가 크다고 생각하고 #Person1#는 교육이 가장 큰 문제라고 생각합니다. 두 문제를 해결하기 위해서는 더 많은 세금이 필요합니다. #Person1#과 #Person2#는 정부가 자금을 효율적으로 사용하고 있다는 것을 보여줘야 한다고 생각합니다.
train.csv,이 주소,"#Person1#: 이 주소로 가주세요. 
#Person2#: 네, 도착했습니다.
#Person1#: 얼마나 드려야 하나요? 
#Person2#: 30달러입니다.
#Person1#: 뭐라고요? 미터기에는 15달러라고 나와 있잖아요?
#Person2#: 네, 하지만 추가 요금과 팁도 있어서 그렇습니다.
#Person1#: 이해가 안 가네요. 우리 도어맨한테 얘기해 볼게요.
#Person2#: 알겠습니다. 진정하세요, 15달러만 받겠습니다.","#Person2#는 #Person1#에게 30달러를 요구하지만, #Person1#은 미터기에는 15달러라고 나와 있다고 반박합니다."
train.csv,이 주소,"#Person1#: 너 민족 음식 좋아해?
#Person2#: 응! 내가 좋아하는 건 멕시코, 태국, 인도 음식이야.
#Person1#: 정말? 모로코 음식 먹어본 적 있어?
#Person2#: 아니, 먹어본 적 없어. 기본 재료가 뭐야?
#Person1#: 잘 모르겠어. 친구가 먹어보라고 하더라고.
#Person2#: 모로코 식당이 어디 있는지 알아?
#Person1#: 사실 친구가 이 주소를 줬어. #Address#
#Person2#: 점심으로 거기 가자! 모험할 준비됐어!",#Person2#는 #Person1#에게 다양한 민족 음식을 좋아하지만 모로코 음식은 먹어본 적이 없다고 말한다. #Person1#은 친구에게 받은 모로코 식당의 주소를 제시하며 점심으로 그곳에 가자고 제안한다.
train.csv,그 이후,"#Person1#: 다 왔어요.
#Person2#: 감사합니다. 요금이 얼마죠?
#Person1#: 10달러입니다.
#Person2#: 어떻게 그게 가능하죠?
#Person1#: 음, 기본 요금이 2킬로미터까지 2달러이고, 그 이후로 200미터마다 20센트씩이에요.
#Person2#: 알겠어요. 태워주셔서 감사합니다.",#Person1#이 #Person2#에게 택시 요금을 설명합니다.
train.csv,그 이후,"#Person1#: 안녕하세요, 롤링님. 처음 글을 쓰기 시작했을 때 몇 살이셨어요? 첫 번째 책은 무엇이었나요?
#Person2#: 제가 여섯 살쯤 처음 책을 썼어요. 작은 호랑이에 대한 이야기였죠. 그 이후로 계속 글을 쓰고 있어요.
#Person1#: 작가가 되기로 선택하신 이유가 있나요?
#Person2#: 음, 행복을 찾으려면 먼저 가장 사랑하는 일을 찾아야 한다고 생각해요. 그다음에는 그 일을 하면서 돈을 받을 수 있는 사람을 찾는 거죠. 저는 글을 써서 생계를 유지하는 데 매우 운이 좋다고 생각해요.
#Person1#: 성인을 위한 책을 쓸 계획이 있으신가요?
#Person2#: 아마도 쓸 수도 있겠지만, 글을 쓸 때 특정한 독자층을 상상하지 않아요. 아이디어가 먼저예요. 그래서 다음에는 어떤 아이디어가 저를 사로잡을지에 달려 있어요.
#Person1#: 해리 포터 책에 대한 아이디어는 어디서 오신 건가요?
#Person2#: 어디서 아이디어가 왔는지는 잘 모르겠어요. 그리고 그걸 굳이 찾고 싶지 않아요. 흥미를 잃을까 봐요.",롤링은 작가로서의 경험과 해리 포터 시리즈의 아이디어에 대해 이야기합니다.
train.csv,그 이후,"#Person1#: 집 구하는 거 어떻게 돼가고 있어?
#Person2#: 잘 안 돼. 내가 원하는 가격대에 맞는 걸 아직 못 찾았어.
#Person1#: 얼마 정도 쓸 계획인데?
#Person2#: 한 달에 300파운드 정도밖에 못 써.
#Person1#: 그 정도면 셰어하는 아파트에서 방 하나 이상은 얻기 힘들 거야.
#Person2#: 진짜? 방 하나 때문에 그렇게 많은 돈을 내야 한다니.
#Person1#: 음, 런던에 살려면 그만큼의 가격을 지불해야 돼!
#Person2#: 룸메이트 필요로 하는 사람 없어? 
#Person1#: 직장에서 알아봐 줄게. 흡연자나 비흡연자 선호사항 있어?
#Person2#: 비흡연자면 좋겠지만, 구할 수 있는 걸로 해야지 뭐.
#Person1#: 계약은 얼마나 오래 하고 싶어?
#Person2#: 1년 정도는 계약할 수 있어. 그 이후에는 어떻게 될지 몰라.
#Person1#: 가구가 있는 집이야, 없는 집이야?
#Person2#: 가구가 없어서 가구가 있는 집이면 좋겠어.
#Person1#: 월세 외에 관리비도 더 내야 하는 것 알지?
#Person2#: 아니, 월세에 포함된다고 생각했어.
#Person1#: 보통 포함되지 않아서 한 달에 100파운드 정도 더 생각해야 해.
#Person2#: 그럼 내가 감당할 수 없을 것 같아.
#Person1#: 걱정 마. 청소나 아이 돌보기를 약속하면 할인을 해주는 사람도 있어.
#Person2#: 좋은 생각이야. 그런 방법을 좀 찾아봐야겠어.","#Person2#는 #Person1#에게 런던에서 월세로 300파운드 정도밖에 감당할 수 없다고 말합니다. #Person1#은 #Person2#에게 룸메이트를 찾는 데 도움을 줄 것입니다. 그들은 계약 기간, 가구 유무, 관리비, 할인 등에 대해 이야기합니다."
train.csv,그 순간,"#Person1#: 안녕, Ruth. 나 Steve야. 어제 축구 경기 어땠어?
#Person2#: 정말 좋았어. 근데 왜 안 왔어, Steve?
#Person1#: 부모님이 내가 열이 있어서 못 가게 하셨어. 아직도 침대에 있어.
#Person2#: 네가 못 와서 아쉬웠어. 우리 다 같이 갔거든. Jenny, Jimmy, George, 그리고 나.
#Person1#: 밖에서 앉아 있느라 많이 추웠겠다?
#Person2#: 맞아. 이불이랑 털모자, 두꺼운 코트로 다 싸매고 있었어.
#Person1#: 경기 중간에 눈이 왔다면서?
#Person2#: 맞아, 처음엔 살짝 오다가 나중엔 더 많이 왔어. 그래도 경기는 멈추지 않았어. 그 순간이 가장 흥미로웠고, 선수들이 눈 속에서 미끄러지는 게 정말 웃겼어.",Steve는 열이 나서 축구 경기에 가지 못했다. Ruth는 그에게 전화를 걸어 경기에 대해 이야기한다. 추운 날씨 속에서 Ruth는 경기가 흥미로웠다고 생각했다.
train.csv,그 순간,"#Person1#: 아기가 처음으로 말을 배울 때에 관한 재미있는 이야기가 많습니다. 이제 Mike, 당신의 이야기를 우리와 함께 나눠주시겠어요?
#Person2#: 좋아요, 제 이야기입니다. 제가 18개월 정도였을 때인 것 같아요. 그때 처음으로 말을 하기 시작했어요. 트럭이 지나갈 때마다 제가 '트랙'처럼 들리는 말을 외쳤는데, 다른 사람들에겐 전혀 다르게 들렸어요. 부모님은 저를 바로잡으려고 했지만, 실패했어요. 그리고 약 3개월 후, 저희는 뉴욕으로 여행을 갔는데, 공항에서 비행기를 기다리면서 큰 창문을 보고 있었어요. 그 순간, 세상에서 제일 큰 트럭을 보았어요. 이걸 누군가에게 말해야겠다고 생각했죠. 제 옆에 서 있던 아버지를 향해 천 명 가까이 되는 사람이 같은 비행기를 기다리고 있었는데도 '트랙! 트랙!'이라고 소리쳤어요. 아버지는 저를 조용히 시키려 했지만, 너무 흥분해서 계속 제 특별한 단어를 외쳤어요. 불쌍한 엄마는 저를 모르는 척하고 숨어버리려고 여자화장실로 달려갔어요. 결국 제가 멈출 때까지 숨으셨죠. 나중에 저는 트럭이라는 말을 제대로 배웠고, 곧 일반 아이들처럼 말하게 되었어요. 하지만 부모님은 제가 처음으로 냈던 말을 절대 잊지 않을 거예요.",Mike는 자신이 아기로서 처음 단어를 배울 때의 재미있는 경험을 나누고 있습니다.
train.csv,그 순간,"#Person1#: 아기들이 처음 말을 배울 때 재미있는 이야기가 참 많잖아요. 이제 Mark, 네 이야기를 우리와 나눠볼래요?
#Person2#: 좋아요. 내 이야기를 들려줄게요. 아마도 내가 18개월쯤 되었을 때였는데, 첫 단어를 말하기 시작했어요. 매번 트럭이 지나갈 때마다 트럭처럼 들리는 단어를 외치곤 했는데, 다른 사람들에겐 전혀 트럭같이 안 들렸어요. 부모님은 나를 고치려고 했지만, 실패했죠. 그렇게 시간이 지나 약 3개월 후, 뉴욕으로 여행을 가게 되었어요. 공항에서 비행기를 기다리고 있었죠. 굉장히 큰 창문 밖을 바라보고 있었을 때였어요. 바로 그 순간, 세계에서 가장 큰 트럭을 봤어요. 누군가에게 이걸 꼭 말해야겠다고 생각했죠. 그래서 비행기를 기다리며 서 있는 많은 사람들 옆에 있던 아버지에게 돌아서서는 '트럭, 트럭'이라고 소리쳤어요. 아버지는 나를 조용히 시키려고 애썼지만, 나는 너무 흥분했었어요. 내가 특별히 만든 단어를 외치기를 멈추지 않았죠. 엄마는 이 아기를 모른다고 생각하려고 여자 화장실로 숨어버리셨어요. 결국 내가 멈출 때까지 숨어계셨어요. 뭐, 이제는 트럭 발음을 제대로 할 수 있고, 곧 일반적인 아이들처럼 대화를 할 수 있게 되었어요. 하지만 부모님은 내가 처음 말했던 단어를 절대 잊지 않으실 거예요.",Mark는 18개월쯤 되었을 때 첫 단어로 '트럭'을 배운 재미있는 경험을 공유합니다.
train.csv,그 근처,"#Person1#: 저기요, 실례합니다. 
#Person2#: 네, 무엇을 도와드릴까요? 
#Person1#: 제가 여기 초행길이라서요. 르네상스 호텔 가는 길 좀 알려주실 수 있나요? 
#Person2#: 물론이죠. 메인 스트리트를 따라가시면 교차로가 나와요. 거기서 쇼핑몰이 보일 겁니다. 그 교차로에서 오른쪽으로 돌아 씨티은행이 나오기 전까지 쭉 가세요. 커피숍이 보이면 르네상스 호텔은 그 근처에 있습니다. 
#Person1#: 거기까지 얼마나 걸리나요? 11시까지는 가야 해서 30분 후에 도착해야 해요. 
#Person2#: 걱정 마세요, 걸어서 약 20분 정도 걸릴 겁니다. 
#Person1#: 정말 감사합니다.","#Person1#은 #Person2#에게 르네상스 호텔로 가는 길을 묻고, #Person2#는 길을 안내하며 걸어서 약 20분이 걸린다고 답합니다."
train.csv,그 근처,"#Person1#: 안녕, Elizabeth. 잘 지내? 
#Person2#: 응, 잘 지내. 
#Person1#: 정말 괜찮아? 오늘 좀 걱정 있어 보이는데, 무슨 문제 있어? 
#Person2#: 음, 사실 좀 문제가 있어. 네가 좀 조언해줄 수 있을까 해서. 
#Person1#: 물론이지, 내가 도울 수 있는 한 해볼게. 
#Person2#: 어젯밤에 극장에서 돌아왔을 때, 지갑을 잃어버린 걸 알았어. 
#Person1#: 아, 이런! 정말 안 좋네! 지갑 안에 뭐 들어 있었어? 
#Person2#: 음, 돈이랑 비자, 모든 신분증이랑 사진 몇 장이 있었어. 
#Person1#: 내가 너라면 바로 경찰서에 가서 신고할 거야. 
#Person2#: 그래, 이미 했어. 경찰이 찾겠다고 했는데, 곧 떠나야 해서 비자랑 신분증이 정말 필요해. 
#Person1#: 아, 정말 안됐네! 극장에서 지갑 잃어버린 게 확실해? 
#Person2#: 응, 확실해. 
#Person1#: 언제 어디서 잃어버렸는지 인터넷 광고에 올리는 게 좋을 것 같아. 
#Person2#: 그건 너무 오래 걸려. 
#Person1#: 잠깐만! 내 삼촌이 그 근처에 사는데 극장 쪽에 가서 확인해 달라고 할게. 너는 아침 먹고 나중에 만나자.","Elizabeth는 #Person1#에게 극장에서 지갑을 잃어버렸다고 말하고, 경찰에 신고했지만 지갑 속 물건들이 절실히 필요하다고 한다. #Person1#은 극장 근처에 사는 삼촌에게 도움을 요청하기로 한다."
train.csv,그 근처,"#Person1#: 안녕하세요, 아파트 관리자분과 이야기할 수 있을까요?
#Person2#: 제가 아파트 관리자입니다. 어떻게 도와드릴까요?
#Person1#: 메인 스트리트에 있는 아파트가 아직 가능한지 알고 싶어요.
#Person2#: 네, 아직 비어 있어요. 아파트 보러 오실 건가요?
#Person1#: 네, 꼭 보고 싶어요.
#Person2#: 그럼 오늘 6시에 아파트에 있을게요.
#Person1#: 네, 6시에 갈 수 있어요.
#Person2#: 좋아요. 그럼 6시에 뵙겠습니다. 위치는 아시나요?
#Person1#: 네, 그 근처에 사는 친구가 있어요.
#Person2#: 신청서를 가져오세요.
#Person1#: 네, 제가 뭐 가져가야 하나요?
#Person2#: 아니요. 신분증만 필요하실 수 있어요, 그 정도예요.","#Person1#은 메인 스트리트의 아파트를 보러 가고 싶어 하며, #Person2#는 오늘 오후 6시에 아파트에서 만나자고 제안하고, #Person1#은 동의합니다."
train.csv,이 음악,"#Person1#: 오늘 멋진 오페라가 있는데, 보러 가고 싶어. 
#Person2#: 나는 줄거리가 복잡한 연극은 별로야. 오늘 뭐 하는데? 
#Person1#: '사운드 오브 뮤직'이야. 이 음악은 모두가 아는 곡이고, 모든 연령층에게 어울려. 성이나 폭력, 나쁜 말 없이 행복한 가족에 관한 이야기야. 
#Person2#: 그거 알아. 영화로도 봤어. 앤드류스가 마리아 역할로 명랑한 가정교사까지 평생 기억에 남을 공연을 하잖아. 
#Person1#: 응, 맞아. 영화에서 '에델바이스'라는 노래 좋아하는데, 기억나? 
#Person2#: 당연하지, 관객을 차분하고 기분 좋게 만드는 아름다운 노래지. 
#Person1#: 저 어린 배우들이 역할을 정말 잘 해내 있어. 
#Person2#: 오페라가 영화보다 더 장대했으면 좋겠어. 티켓은 샀어? 
#Person1#: 아니, 너한테 같이 보러 갈 건지 물어보려는 거야. 
#Person2#: 같이 가자. 티켓 미리 사고 식당에서 저녁 먹는 게 좋겠다.","#Person1#은 #Person2#에게 오늘 '사운드 오브 뮤직'이 상연된다고 말합니다. 그들은 이 오페라에 대해 이야기하면서, 함께 보러 가기로 합니다."
train.csv,이 음악,"#Person1#: 여기 너무 덥다! 
#Person2#: 시끄럽기도 한데, 음악은 진짜 좋지! 
#Person1#: 맞아, 나 이 음악 진짜 좋아해. 자주 와? 
#Person2#: 가끔 주말에 와. 너는 어때? 
#Person1#: 여기는 두 번째야. 내 친구가 여기 좋다고 해서 같이 왔어. 
#Person2#: 그럼 지금은 어때? 재미있어? 
#Person1#: 당연하지. 내 이름은 Patrick이야. 넌 이름이 뭐야? 
#Person2#: 내 이름은 Diane이야.",Diane은 Patrick을 술집에서 만나 주말에 가끔 온다고 말한다. Patrick은 두 번째 방문이다.
train.csv,이 음악,"#Person1#: 와서 앉아. 뭐 마실래?
#Person2#: 아, 네! 진토닉 한 잔 좋겠어.
#Person1#: 올리브 좋아해? 아니면 감자칩이 좋아?
#Person2#: 아, 올리브만 줘. 이 음악 뭐야?
#Person1#: 마음에 들어? 아일랜드 음악이야.
#Person2#: 너무 좋다! 이 CD 어디서 샀어?
#Person1#: 음, 몰 안에 있는 CD 가게에서 산 것 같아. 거기 가본 적 있어?
#Person2#: 응, 거기서 물건 많이 사. 좋은 가게지?
#Person1#: 맞아. 헤이, 우리 아일랜드 여행 사진 좀 있어. 보고 싶어?
#Person2#: 왜 안 보겠어? 보고 싶어!","#Person1#은 #Person2#에게 음료를 준비해주고, 음악 CD를 어디서 구매했는지 설명한다. 그리고 나서 #Person1#은 #Person2#에게 아일랜드 여행 사진을 함께 보자고 제안한다."
train.csv,이 가방,"#Person1#: 죄송하지만, 태그랑 영수증을 잃어버렸는데 어떻게 해야 하나요?
#Person2#: 알겠습니다. 짐이 어떤 건지요? 혹시 태그 번호나 색깔 기억하시나요?
#Person1#: 가방이에요. 파란색입니다.
#Person2#: 가방에 대해 좀 더 자세히 말씀해 주시겠어요?
#Person1#: 네모나고 가죽 커버가 되어 있어요.
#Person2#: 확인해 볼게요. 혹시 이 가방 맞나요?
#Person1#: 네, 맞아요.
#Person2#: 열쇠 카드를 보여주시겠어요?
#Person1#: 여기 있습니다.
#Person2#: 네, 이제 가방을 가져가셔도 됩니다.","#Person1#이 태그와 영수증을 분실하였으나, #Person2#의 도움으로 가방을 찾았습니다."
train.csv,이 가방,"#Person1#: 여권과 출입국카드 주세요.
#Person2#: 여기 있습니다.
#Person1#: 어디서 오셨나요?
#Person2#: 중국에서 왔습니다.
#Person1#: 신고할 물건 있나요?
#Person2#: 아니요, 없습니다.
#Person1#: 이 가방 좀 열어주시겠어요?
#Person2#: 네, 알겠습니다.
#Person1#: 이 가방도 좀 볼게요. 열어주실 수 있나요?
#Person2#: 물론이죠.
#Person1#: 이 카메라 누군가에게 줄 선물인가요?
#Person2#: 아니요, 제 개인 카메라입니다.
#Person1#: 이 카메라에 대해 세금을 내셔야 합니다.
#Person2#: 아니요, 제발요. 이건 개인용이에요.
#Person1#: 선물이 많으시네요. 그래서 카메라에 대한 세금을 내셔야 합니다.
#Person2#: 거의 다 미국에 있는 친구들에게 줄 거예요.","#Person1#은 #Person2#의 가방을 검사하고, 개인용이라도 카메라에 대해 세금을 부과합니다."
train.csv,이 가방,"#Person1#: 우리 사무실로 와, Billy. 머리가 엉망이잖아. 이번 주에만 벌써 세 번째 수업에 늦었어. 그리고 들어갈 때마다 선생님 수업을 방해했잖아.
#Person2#: 죄송해요, 선생님. 그러려던 게 아닌데, 제 알람시계가 저를 깨워주지 않아서요.
#Person1#: 그건 변명으로 적절하지 않아. 알람을 조금 더 일찍 설정하면 더 빨리 일어나서 늦지 않을 수 있었잖아.
#Person2#: 그렇게 했는데, 오늘 아침에 일어나보니 배터리가 다 떨어져서 아무 소용이 없었어요. 학교에 급히 오는데 운 좋게도 이웃 Mr. Green이 차로 학교까지 데려다줬어요.
#Person1#: 그래서 결국 올 수 있었던 거잖아. 그런데도 수업에 늦었어.
#Person2#: 문제는 차에서 내리면서 가방을 그 차에 두고 내린 거죠. 미처 깨달았을 땐 이미 늦었고, 근처 가게로 가서 그분에게 전화를 했어요. Mr. Green이 다시 돌아올 때까지 5분을 기다렸어요.
#Person1#: 결국, 그분이 가방을 주어서 교실에 왔지만 그때는 이미 수업에 15분이나 늦었잖아. 그게 다야?
#Person2#: 선생님이 이미 다 알고 계신 것 같은데요. 이제 수업에 돌아가도 될까요? 안 그러면 다음 수업도 늦을 것 같아요.","Billy는 알람시계가 작동하지 않아 수업에 늦었으며, 이웃의 도움으로 학교에 도착했지만 차에 가방을 두고 내려 더 지체했습니다."
train.csv,이 동네,"#Person1#: 이런, 몰랐어. 난 정말 몰랐어... 
#Person2#: ... 누구랑 있었는지? 나는 네가 누구랑 있었는지 몰랐어. 
#Person1#: 뭐라고? 
#Person2#: 미안해, '대부' 영화에서 나온 대사야. 영화 제작자가 Tom Higgins가 Vito Corleone의 사절이라는 사실을 알게 되는 장면에서 나오는 거야. 말 머리가 피 묻은 이불 옆에 있는 장면 바로 직전이야, 깨어나면 아-악! 됐어. 
#Person1#: 너 나 감시하고 있었지? 그 어린애들도 대여한 거잖아. 
#Person2#: 내가 왜 널 감시해? 
#Person1#: 내가 네 경쟁자니까. 너도 잘 알잖아, 아니면 코너에 그 간판을 달지 않았겠지. 
#Person2#: 우리 가게 입구가 코너에 있어. 다른 방법으로 말할 수 없잖아. 우리 가게 이름도 아니야. 그냥 위치야. 그리고 네가 그 '코너'라는 말을 독점하는 것도 아니고. 
#Person1#: 뭐야? 지금 뭐 하는 거야? 네가 전부 캐비어를 가져가잖아! 그 캐비어는 장식이거든? 
#Person2#: 들어봐, 내가 네 가게에 들어간 이유는 Annabell이랑 Matt랑 하루를 보내고 있었기 때문이야. 난 내 친척 아이들 마음에 들기 위해 선물을 사주는 타입이거든. 이 동네에서 어린이 책을 찾을 수 있는 곳이 딱 하나 있었어. 항상 그런 건 아닐 걸. 하지만 지금은 네 가게였지. 정말 멋진 작은 서점이야. 넌 아마 1년 동안에 책을 35만 달러어치 팔겠지.","#Person1#은 #Person2#가 자신을 감시한다고 의심하지만, #Person2#는 어린이 책을 사기 위해 #Person1#의 가게에 방문했다고 설명한다."
train.csv,이 동네,"#Person1#: 저기, Cindy 어디 갔어?
#Person2#: 오늘 테니스 연습 있다고 했어.
#Person1#: 너 Mary 맞지?
#Person2#: 어떻게 알았어?
#Person1#: 우리 체육 수업에서 Cindy가 너 얘기했어.
#Person2#: 그렇구나. 너도 이 동네 사니?
#Person1#: 우리 집 네 집 바로 옆이야.
#Person2#: 아, Cindy가 너 얘기한 적 있어. 너 Alexander Newman이지.
#Person1#: 그냥 Alex라고 불러. Alex랑 Alexander랑 같아.",Alex와 Mary는 서로에게 Cindy가 언급한 적이 있다는 것을 확인합니다.
train.csv,이 동네,"#Person1#: 안녕하세요, 저는 Lucas예요. 옆집에 이사 왔어요.
#Person2#: 아, 안녕하세요 Lucas, 들어오세요. 저는 Barbara예요. 만나서 반가워요.
#Person1#: 저도 반가워요.
#Person2#: 뭐 좀 마실래요? 차랑 포도 주스가 있어요.
#Person1#: 고마워요. 차가 좋겠어요. 중국차가 최고죠. 당신의 찻세트 정말 멋져요. 어디서 샀어요?
#Person2#: 아, 여기서 멀지 않은 슈퍼마켓에서 샀어요. 그런데 모퉁이 돌아서 있는 차집에서도 차랑 찻세트를 살 수 있어요.
#Person1#: 맞다, 얼마 전에 그 차집 봤어요. 언젠가 가서 한번 구경할까 생각 중이에요. 이 동네 참 좋네요.
#Person2#: 맞아요. 조용하고 아주 편리해요. 버스랑 지하철역까지 걸어서 10분 내로 갈 수 있어요. 식료품점, 서점, 헬스장, 여러 식당도 있답니다.
#Person1#: 헬스장도 있어요? 정말 좋네요! 저는 빨리 헬스장 다니고 싶어요. 여름 방학 동안 게을러져서 살이 좀 쪘거든요.
#Person2#: 원하시면 같이 가도 돼요. 사실 오늘 오후에 갈까 생각 중이었어요. 괜찮으면 저랑 같이 가서 동네도 구경시켜줄게요.
#Person1#: 너무 좋죠. 고마워요!","Lucas가 옆집으로 이사를 왔고, Barbara는 그를 초대하여 음료를 권합니다. Barbara는 찻세트를 근처 슈퍼마켓에서 샀다고 하고, 동네가 조용하고 편리하다고 설명합니다. 그리고 Lucas에게 함께 헬스장에 가자고 제안합니다."
train.csv,이 모델,"#Person1#: 뭐 도와드릴까요?
#Person2#: MP3 플레이어를 찾고 있는데요. 어떤 브랜드가 품질이 좋은가요?
#Person1#: 저는 파이오니어를 추천합니다.
#Person2#: 어떤 모델이 가장 잘 팔리나요?
#Person1#: 이 모델이 여성분들 사이에서 인기가 많아요.
#Person2#: 한 번 볼 수 있을까요?
#Person1#: 물론이죠, 이 제품은 다기능입니다. 음악 재생뿐만 아니라 문서 저장과 녹음도 가능합니다.
#Person2#: 이 모델은 흰색도 있나요?
#Person1#: 죄송하지만, 노란색만 있습니다.
#Person2#: 그럼 노란색으로 할게요.
#Person1#: 잠시만 기다리세요. 가져다 드리겠습니다.
#Person2#: 네.","#Person2#는 MP3 플레이어를 찾고 있고, #Person1#은 파이오니어 브랜드를 추천하였으며, #Person2#는 노란색 모델을 선택합니다."
train.csv,이 모델,"#Person1#: 빌, 뭐 읽고 있어?
#Person2#: 이번 주 뉴 사이언티스트야. 왜?
#Person1#: 그냥 궁금해서. 재미있어 보이는데, 나는 한 번도 읽어본 적이 없어서. 진짜 과학자들만 읽는 거야, 아니면 나 같은 일반 사람도 이해할 수 있어?
#Person2#: 아, 누구나 읽을 수 있어. 보통 과학 관련한 시사나 연구 개발에 관한 기사나 이야기들이 실려 있어. 지금은 상대방의 목소리뿐만 아니라 화면에서 얼굴까지 볼 수 있는 새로운 전화기에 대해 읽고 있어.
#Person1#: 아, 그거 들어봤어. 시장에 나왔어? 하나 살 수 있어?
#Person2#: 아니, 이 모델은 아직 아니야. 하지만 회사에서 비즈니스용으로 다른 모델들을 시험해 보고 있어. 이 모델은 색상과 움직이는 이미지가 특별해.
#Person1#: 아, 그거 흥미롭네.
#Person2#: 처음 비디오폰—그게 이름이야—은 일본에서 만들어졌어. 근데 그건 단지 정지된 흑백 이미지만 보여줄 수 있었어, 그래서 이 비디오폰이 훨씬 낫지. 근데 말이지, 난 갖고 싶지 않을 것 같아, 너는?
#Person1#: 음, 나도 별로. 엄청 비쌀 것 같은데. 가격이 얼마인지 나와 있어?
#Person2#: 응. 초기에 나온 흑백 모델은 수백 파운드야. 근데 이 모델은 수천 파운드쯤 돼.
#Person1#: 흠. 왜 사람들이 이걸 갖고 싶어 할까?
#Person2#: 해외와 자주 연락해야 하는 회사들이 필요로 할 거야. 마치 얼굴을 맞대고 대화하는 것처럼. 그래서 해외 출장을 많이 줄일 수 있을지도 몰라.
#Person1#: 응, 그럴 수도 있겠다.","빌은 새로운 전화기에 대해 설명하면서, 비디오폰의 발전 과정과 그 유용성에 대해 #Person1#과 대화를 나눴습니다. 두 사람 모두 그 전화기를 사지 않을 것 같다고 결론지었습니다."
train.csv,이 모델,"#Person1#: 이 제품의 판매 포인트는 첨단 기술이에요.
#Person2#: 하지만 대부분의 소비자가 구매하기엔 너무 비싸요.
#Person1#: 왜 가격이 이렇게 높은가요?
#Person2#: 단지 가격만 높은 게 아니라, 전체 컴퓨터 시스템을 호환되게 업데이트하는 데 드는 간접비가 많이 들어요.
#Person1#: 컴퓨터 모델이 호환되지 않나요?
#Person2#: 현재 대부분의 컴퓨터 시스템이 이 모델의 엄청난 성능을 감당하지 못해요.
#Person1#: 아마도 다음 세대 기술이 나오면, 이 모델의 가격이 좀 더 합리적이 될 거예요.
#Person2#: 하지만 그때가 되면 기술이 구식이 되겠죠.
#Person1#: 맞아요, 그렇지만 우리는 가격에 집중하지 않았어요. 품질 면에서는 확실히 경쟁력을 가지고 있어요.
#Person2#: 맞아요, 현시점에서는 비교할 만한 제품이 없어요.
#Person1#: 이 모델은 첨단 기술, 우수한 부품, 컴팩트한 설계로 최고 품질의 제품이에요.
#Person2#: 역시 돈 값을 하는 것 같네요.",#Person1#과 #Person2#은 첨단 기술을 가진 제품에 대해 이야기하고 있습니다. #Person2#은 전체 컴퓨터 시스템을 호환되게 업데이트하는 데 드는 간접비 때문에 가격이 비싸다고 말합니다.
train.csv,그 생각,"#Person1#: 이 아파트 어떻게 생각해? 
#Person2#: 그렇게 좋지는 않은 것 같아. 침실이 우리한테는 좀 작아. 
#Person1#: 작다고? 우리 필요에는 충분할 것 같은데. 
#Person2#: 그런데 밤 10시 이후에는 온수가 안 나온대. 겨울에는 자기 전에 따뜻한 샤워하는 게 좋잖아. 
#Person1#: 그건 그렇지, 하지만 거실이 정말 멋지잖아. 크고 햇빛도 잘 들어와. 
#Person2#: 맞아, 그리고 부엌도 좋아. 새롭고 잘 갖춰져 있어. 
#Person1#: 발코니가 엄청난 공원 뷰를 갖고 있더라고. 
#Person2#: 네 말이 맞아. 그 뷰는 정말 멋져. 하지만 침실이 너무 작아서 우리 물건들을 다 넣기엔 힘들 거야. 
#Person1#: 좋은 가구로 바꾸면 어때? 더 활용도 높은 걸로. 
#Person2#: 그 생각은 못 해봤네.","#Person2#는 아파트가 그다지 좋지 않다고 생각하고, 특히 작은 침실과 제한된 온수 사용 문제를 우려하고 있습니다. 반면, #Person1#은 새로운 가구를 들여놓으면 충분히 사용할 수 있을 것으로 생각하고 있습니다."
train.csv,그 생각,"#Person1#: 너 Jackie가 다른 부서로 간다는 소식 들었어? 우리 정말 멋진 송별 파티를 해야겠어. 어떻게 하면 좋을까?
#Person2#: Maggie, 깜짝 파티 하는 거 어때?
#Person1#: 좋은 생각이야. Holiday Inn 호텔에 가는 건 어떨까?
#Person2#: 그건 좀 비싸지 않을까? Carrie한테 케이크 만들어달라고 하는 건 어때?
#Person1#: 그래, 좋네. 그냥 사무실에서 파티하고 풍선 몇 개 달아놓으면 될 것 같아.
#Person2#: 좋아. 그리고 정말 큰 카드, 아주 큰 카드를 사서 모두에게 사인 받으면 좋을 것 같아.
#Person1#: 음악도 틀까?
#Person2#: 나도 그 생각하고 있었어. 그런데 ...",Maggie와 #Person2#는 Jackie를 위한 깜짝 파티를 계획 중이다. 그들은 사무실에서 풍선과 모든 이의 서명이 적힌 큰 카드를 준비하여 파티를 열기로 합의했다.
train.csv,그 생각,"#Person1#: 나 신난 거 안 보여? 
#Person2#: 뭐 때문에 신난 거야? 
#Person1#: 오늘 투표했어. 
#Person2#: 처음이야? 
#Person1#: 한 달 전에 18살 됐거든. 
#Person2#: 운이 좋네. 
#Person1#: 무슨 뜻이야? 
#Person2#: 선거하는 해에 18살이 됐으니까. 
#Person1#: 그 생각은 못 했네. 
#Person2#: 진짜 못 했어? 
#Person1#: 진짜로 몰랐어. 그래도 신나. 
#Person2#: 그럴 만해, 역사에 한 부분이 됐으니까.","#Person1#은 오늘 처음으로 투표하여 무척 신나하며, #Person2#는 #Person1#이 선거가 있는 해에 18살이 된 것을 행운이라는 이야기를 합니다."
train.csv,이 가격,"#Person1#: 이 가격이 저희가 제시할 수 있는 최저가입니다, Mr. Lee.
#Person2#: 그렇다면 더 이야기할 필요가 없겠군요. 거래를 취소해야 할 것 같습니다.
#Person1#: 제 말은, 당신이 원하는 가격으로는 절대로 가격을 낮출 수 없다는 겁니다. 차이가 너무 큽니다.
#Person2#: 우리 둘 다 고집 부리는 건 현명하지 않다고 봅니다. 서로 절충안을 찾아보는 게 어떨까요?
#Person1#: 어떤 제안을 하실 건가요?
#Person2#: 당신의 단가가 우리가 원하는 것보다 100달러 높습니다. 그래서 절충안을 제시하고 싶습니다.
#Person1#: 우리 가격에서 50달러 더 내리자는 겁니까? 그건 힘들어요!
#Person2#: 그럼 어떻게 하실 건가요?
#Person1#: 우리가 할 수 있는 최선은 30달러 더 내리는 겁니다. 그게 저희가 제시할 수 있는 최저가입니다.
#Person2#: 아직도 20달러 차이가 나네요. 다시 절충해서 차이를 줄여보죠; 이 가격이면 우리 둘 다 만족할 수 있을 것 같습니다.
#Person1#: 좋아요. 다시 절충할 수 있겠습니다.",#Person1#과 Mr. Lee가 가격 협상에서 최종적으로 다시 절충하여 차이를 줄이기로 합의합니다.
train.csv,이 가격,"#Person1#: 안녕 Linda, 내년에 새로 나오는 급식 옵션에 관한 편지 받았어?
#Person2#: 아직 못 받았어, 많은 변화가 있어?
#Person1#: 정말 많아. 전에는 학기 전체 식사를 한 번에 내야 했는데, 이제는 주마다 몇 끼를 먹을지 선택해서 그에 맞게 계약할 수 있어. 처음에 1년치를 내야 하지만 주당 7, 10, 14, 21끼 중에서 선택할 수 있어. 카드에 그 주에 먹을 끼 수가 표기돼 있어.
#Person2#: 큰 변화네, 시스템도 복잡하구나.
#Person1#: 맞아, 하지만 일주일 내내 매일 세 끼를 먹지 않는 사람들에게는 좋을 거야. 안 먹는 식사에 돈을 안 내도 되니까.
#Person2#: 그럼 항상 학교에서 식사하는 사람들에게는 어떻게 되는 거야?
#Person1#: 그 사람들에게도 좋아, 식사를 많이 계약할수록 한 끼당 가격이 더 싸지니까.
#Person2#: 알겠어, 그래도 복잡해 보이네.
#Person1#: 맞아, 나도 이해하는데 시간이 좀 걸렸어. 그래서 나는 주 10끼 플랜으로 하기로 했어.
#Person2#: 왜 그렇게 했어?
#Person1#: 음, 나는 아침을 먹지 않고 주말에는 자주 외출하니까, 주중 점심과 저녁 10끼 플랜이 가격면에서도 합리적이고, 내가 먹지 않는 끼에 돈을 안 낼 수 있어.","학교는 새롭게 변경된 급식 서비스 옵션을 제공하며, 학생들은 일주일에 먹을 끼 수를 선택하여 계약할 수 있다. 이 시스템은 식사를 자주 하지 않는 학생들에게 유리하며, 많이 계약할수록 한 끼당 가격이 저렴하다. Tom은 개인 식습관에 맞춰 주 10끼 플랜을 선택했다."
train.csv,이 가격,"#Person1#: 새로운 집을 찾아야 해. 
#Person2#: 그래? 왜? 나랑 같이 사는 게 싫어? 
#Person1#: 아니, 너 때문이 아니야. 그냥 나만의 공간이 있었으면 해서. 
#Person2#: 그럼 신문 한번 봐봐. 
#Person1#: 아휴... 요즘 원룸 아파트가 이렇게 비쌌나? 
#Person2#: 맞아, 요 몇 년 사이 가격이 정말 많이 올랐어. 
#Person1#: 아, 여기 하나 있네. 이 동네 같은데, 한 달에 600달러야. 나쁘지 않네. 
#Person2#: 응, 꽤 괜찮은데? 주인한테 전화해 보는 게 어때? 
#Person1#: 여보세요. 링컨 파크에 있는 원룸 때문에 전화드렸습니다. 한번 볼 수 있을까요? 네. 오늘 저녁 6시에 괜찮습니다. 감사합니다.","#Person1#은 새로운 집을 찾고 싶어 한다. #Person2#는 신문을 확인해보라고 제안한다. #Person1#은 만족스러운 아파트를 찾았고, 오늘 저녁에 그 아파트를 보러 갈 예정이다."
train.csv,저 건물,"#Person1#: 여기저기 안내하면서 운영 방식도 설명해 드릴게요.
#Person2#: 정말 도움이 될 것 같아요.
#Person1#: 저 건물이 우리 사무실 건물이에요. 저기는 모든 행정 부서가 있어요. 저 아래가 연구개발 부서입니다.
#Person2#: 매년 개발에 얼마나 쓰세요?
#Person1#: 총 매출의 3-4% 정도입니다.
#Person2#: 저희 앞에 있는 저 건물은 뭐예요?
#Person1#: 저기는 창고예요. 빠르게 나가는 품목을 여기에 보관해서 급한 주문이 들어오면 빠르게 처리할 수 있도록 합니다.
#Person2#: 지금 주문하면 배송 받는데 얼마나 걸릴까요?
#Person1#: 주문 크기나 필요한 품목에 많이 좌우될 거예요.",#Person1#은 #Person2#에게 시설을 안내하며 운영 방식을 설명합니다. 그리고 연구개발 비용과 주문 배송에 대해 자세한 정보를 제공합니다.
train.csv,저 건물,"#Person1#: 오늘 신문 봤어? 저기 중심가에 있는 저 건물이 네 번째 번개를 맞았다던데.
#Person2#: 난 별로 놀랍지 않아. 번개가 칠 조건이 한 번 충족되면, 다른 때도 그렇게 될 가능성이 있는 거지 뭐.
#Person1#: 나는 어떤 위험도 안 감수해. 천둥번개 치면 건물이나 닫힌 차 안으로 들어가려고 해. 야외에 갇히면 땅에 가까이 붙어있고 물가를 피하는 게 제일 좋다던데.
#Person2#: 사실 집에 있을 때도 천둥번개 치면 목욕이나 샤워 안 해. 그리고 전기로 작동하는 건 뭐든 안 써. 내가 너무 걱정이 많은 걸까?
#Person1#: 그런 건 아니지. 기사에 따르면, 번개가 매년 미국에서 수천 건의 화재를 일으킨다고 해. 수백 명의 사람들이 다치거나 심지어 사망하기도 하잖아. 넌 그냥 현명하게 행동하고 있는 거야.",#Person1#이 #Person2#에게 번개를 맞은 건물에 대한 뉴스를 말합니다. 그들은 천둥번개가 칠 때 어떻게 안전하게 행동할지에 대해 이야기합니다.
train.csv,저 건물,"#Person1#: 저 책 참 재미있어 보이네.
#Person2#: 맞아, 이 책에는 세계 곳곳의 흥미로운 건물 사진이랑 그 건물들이 어떻게 지어졌는지, 그 목적 같은 간단한 설명이 있어.
#Person1#: 아, 저기 피라미드가 있네. 이름이 왜 그렇게 붙었는지 쉽게 알 수 있다! 그런데 면이 매끄럽지 않아.
#Person2#: 지금은 그러지 않지만, 원래 대부분 그렇지 않았대. 미국의 오각형 건물 사진도 있네. 그 독특한 다섯 면이 인상적이야.
#Person1#: 저 원통형 사무실 건물 좀 봐. 저런 모양은 처음 봤어.
#Person2#: 응, 보통 TV 타워만 원통형으로 생겼지.
#Person1#: TV 타워는 보통 아래가 위보다 두껍잖아. 완벽한 원통형은 아니야.
#Person2#: 여기는 세계에서 가장 큰 스포츠 경기장이야. 거대한 타원이야.
#Person1#: 거기서 어떤 스포츠를 하지?
#Person2#: 주로 큰 축구 경기랑 육상 대회에 사용된다고 나와 있어.
#Person1#: 저 건물은 완벽한 정육면체야?
#Person2#: 책에 따르면 그렇대. 나는 완벽한 정육면체 건물 본 적이 없어. 이 건물 봐. 공중에서 보면 네 면 각각에 반원이 붙어 있는 사각형처럼 보여.
#Person1#: 전쟁 기념관이라고 하네. 저기, 브뤼셀의 독특한 구조물이 있어. 봐봐, 여러 개가 원통으로 연결되어 있어. 안에 들어가서 위아래로 이동할 수 있는 것 같아.","#Person1#과 #Person2#는 전 세계의 흥미로운 건물들, 예를 들어 피라미드, 오각형 건물, 원통형 사무실 건물, 세계 최대의 스포츠 경기장 등을 소개하는 책에 대해 이야기한다."
train.csv,이 바지,"#Person1#: 도와드릴까요?
#Person2#: 네, 이 바지를 반품하고 싶어요.
#Person1#: 좋습니다. 영수증 가지고 계세요?
#Person2#: 네, 여기 있어요. 지난주에 샀어요.
#Person1#: 왜 반품하시려는 건가요?
#Person2#: 제 블라우스와 맞추려고 샀는데, 잘 안 어울리네요.
#Person1#: 알겠습니다. 잠시만요. 손님, 죄송하지만 이 바지는 세일 상품이었네요.
#Person2#: 네, 30% 할인이었어요.
#Person1#: 죄송하지만, 저희는 세일 상품은 반품이 안 됩니다.
#Person2#: 다른 가게들도 그런 정책이 있는 거 알아요. 하지만 여기서는 세일 상품을 반품해 본 적이 있어요.
#Person1#: 죄송하지만, 보통은 그렇게 안 해 드려요. 그게 저희 정책입니다.
#Person2#: 이 바지를 산 지 일주일밖에 안 됐어요. 그리고 저는 여기 단골이에요. 이번에는 예외로 해 주실 수 없나요?
#Person1#: 음, 잠깐만요, 매니저와 이야기해 볼게요. 손님, 매니저가 이번에는 예외로 해 드릴 수 있다고 합니다.
#Person2#: 좋네요. 저는 여기 단골이에요. 이번에 예외로 해 줘서 기뻐요.
#Person1#: 영수증 다시 보여 주세요.
#Person2#: 여기 있습니다.
#Person1#: 손님에게 스토어 크레딧을 드려야 할 것 같아요. 가게에서 다른 마음에 드는 물건을 찾으시면 크레딧을 사용하시면 됩니다.
#Person2#: 스토어 크레딧 괜찮아요. 마음에 드는 게 있을 거예요. 자주 여기서 쇼핑하거든요.
#Person1#: 이용해 주셔서 감사합니다, 손님.","#Person2#는 블라우스와 어울리지 않아 바지를 반품하려고 하지만, #Person1#은 바지가 세일 상품이라 반품이 불가하다고 설명합니다. #Person2#가 단골 손님이라는 이유로 매니저가 예외를 허락하여, #Person1#은 스토어 크레딧을 제공합니다."
train.csv,이 바지,"#Person1#: 여보, 빨리 와! 우리 늦겠어! 정말, 준비하는데 너가 나보다 더 오래 걸려! 
#Person2#: 머리 말리고 셔츠 다리고 있었어! 잠깐 와줄 수 있어? 좀 도와줘. 
#Person1#: 무슨 일이야? 왜 옷이 침대에 다 펼쳐져 있어? 
#Person2#: 뭘 입어야 할지 모르겠어! 자, 네 의견 줘봐. 이거 어떻게 보여? 줄무늬 반팔 셔츠에 이 체크무늬 스웨터랑 행운의 샌들. 이 반바지의 컷과 헴라인이 마음에 들어서 이것도 입으려 해. 
#Person1#: 농담하는 거야? 너 정말 어쩌면 좋니? 우리 저녁 파티에 가는 거지, 해변 가는 게 아니야! 내가 사준 실크 타이랑 이 코듀로이 바지 입어. 밖이 쌀쌀하니까 이 코트 입어. 
#Person2#: 고마워, 여보! 패션 센스가 참 좋네. 이제 머리는 어떻게 해야 하지?",#Person1#이 #Person2#에게 서두르라고 재촉합니다. #Person2#가 옷 고민을 하자 #Person1#이 실크 타이와 코듀로이 바지를 추천합니다. #Person2#가 이후 헤어스타일 조언을 구합니다.
train.csv,이 바지,"#Person1#: 어떻게 도와드릴까요?
#Person2#: 아들한테 줄 스웨터를 사고 싶은데요. 이 노란색은 가격표가 없네요. 얼마예요? 혹시 아세요?
#Person1#: 네, 42.33달러예요.
#Person2#: 너무 비싸요.
#Person1#: 여기 나일론 소재의 좋은 제품이 15.88달러에 있어요. 이 제품 많이 팔려요.
#Person2#: 맞아요, 괜찮네요. 이걸로 할게요.
#Person1#: 다른 필요하신 건 없으세요? 이 바지는 할인 중이에요. 한 벌에 13달러밖에 안 해요.
#Person2#: 괜찮네요. 그럼 한 벌 살게요.",#Person1#은 #Person2#가 아들을 위해 나일론 소재의 옷과 바지를 사도록 도와줍니다.
train.csv,그 외에,"#Person1#: 요즘 많은 사람들이 재사용 가능한 장바구니를 많이 쓰더라. 
#Person2#: 맞아, 그게 비닐봉투보다 훨씬 튼튼하고 많이 들어가잖아. 
#Person1#: 마트에서도 좋아하지, 팔면서 돈도 벌 수 있으니까. 
#Person2#: 그리고 그거 여러 용도로도 쓸 수 있잖아. 비닐봉투는 겨우 3%만 재사용된다고 하더라. 그 외에는 다 낭비야. 
#Person1#: 우리 동네 마트에서는 이제 비닐봉투가 공짜가 아니야. 그리고 재사용 가능한 장바구니를 가져가면 계산할 때 10센트씩 할인해줘. 
#Person2#: 우리가 건강한 환경을 만들기 위한 조치를 취하고 있는 거 같아서 기분 좋다.","많은 사람들이 재사용 가능한 장바구니를 사용하며, 이는 건강한 환경을 위한 조치로 여겨집니다."
train.csv,그 외에,"#Person1#: 안녕하세요, 손님. 어떻게 도와드릴까요?
#Person2#: 요즘 좀 운동이 부족한 것 같아서 건강을 위해 운동을 좀 해보려구요.
#Person1#: 아, 그거 좋은 생각이네요.
#Person2#: 어떤 서비스가 있나요?
#Person1#: 우선, 고객님의 습관에 맞춰서 맞춤형 운동 계획을 디자인해드립니다.
#Person2#: 그건 어떻게 진행되나요?
#Person1#: 저희는 자격 있는 개인 트레이너를 배정해드리고, 피트니스 평가 후 필요에 맞는 운동 계획을 세워드립니다.
#Person2#: 그 외에는 어떤 게 있나요?
#Person1#: 각자의 상태가 다르기 때문에 개인 트레이너가 가장 적합한 운동 기구를 추천하고, 원하는 몸 상태와 목표를 달성할 수 있도록 모든 기술을 가르쳐 드립니다.
#Person2#: 괜찮네요. 비용은 어떻게 되나요?
#Person1#: 경우에 따라 다르지만, 저희는 한 달, 반 년, 1년 회원권을 제공하고 있습니다.
#Person2#: 일단 한 달만 시도해볼게요. 처음부터 너무 무리는 하지 않으려고요.
#Person1#: 현명한 선택이십니다. 절대 후회하지 않으실 거예요.","#Person2#는 운동을 시작하기 위해 #Person1#에게 상담을 요청합니다. #Person1#은 맞춤형 운동 계획과 개인 트레이너 서비스, 비용에 대해 안내하며, #Person2#는 한 달간 시도해보기로 결정합니다."
train.csv,그 외에,"#Person1#: 네 도시의 계절은 어때?
#Person2#: 여름은 덥고 보통 오래 지속돼. 겨울은 짧지만 춥고, 습하고, 바람이 불어. 나는 우리 도시의 여름을 좋아하지만 겨울은 싫어.
#Person1#: 여름에 비가 오기도 해?
#Person2#: 보통 2주에 한 번 큰 뇌우가 오는데, 그 외에는 여름이 건조해. 뇌우가 오면 공기가 맑아져서 대부분의 사람들은 그걸 싫어하지 않아.
#Person1#: 봄과 가을은 어때?
#Person2#: 나는 봄을 좋아해. 꽃이 피고 나무에 다시 잎이 돋아나거든. 봄에는 날씨가 아주 변덕스러워서 가끔은 춥고 가끔은 따뜻해. 보통 바람이 불고 비도 조금 와. 가을에는 주로 맑고 건조하지만 겨울이 가까워질수록 점점 추워져. 네 도시의 계절은 어때?
#Person1#: 음, 나는 남반구에 살아서 여름이 네 도시의 겨울이고 그 반대야. 우리 도시는 모든 계절에 비가 오지만 주로 겨울에 많이 와. 겨울에 가끔은 춥기도 하지만 대개는 꽤 온화해. 여름도 따뜻하지만 덥지는 않아. 봄과 가을은 아주 짧아서 각각 몇 주도 안 돼. 그때는 날씨가 많이 변덕스러워서 네 도시의 봄이랑 비슷해.
#Person2#: 보통 여름휴가 가?
#Person1#: 아니, 나는 안 가. 오히려 겨울휴가를 가. 따뜻한 곳으로 가.
#Person2#: 나는 보통 봄이나 가을에 휴가 가. 우리 도시보다 날씨가 좀 더 안정적인 곳으로 가려고 해.","#Person1#과 #Person2#는 각자의 도시에서의 계절에 대해 이야기한다. #Person2#의 도시는 여름이 길고 덥고 건조하며, 겨울은 짧고 춥고 습하다. 반면, #Person1#의 도시는 남반구에 있어 여름과 겨울이 반대이고, 주로 습하고 온화하다."
train.csv,이 코트,"#Person1#: 안녕하세요, 손님. 도움이 필요하신가요?
#Person2#: 아니요, 아직 도움 받지 않았어요. 겨울 코트를 찾고 있어요.
#Person1#: 제가 도와드릴게요. 이거 어때요? 아주 좋은 품질의 울로 만들어졌어요.
#Person2#: 예쁘긴 한데, 더 따뜻한 게 필요해요. 이 코트는 로스앤젤레스에서는 괜찮겠지만, 시카고 겨울에는 너무 얇아요.
#Person1#: 아, 그럼 아주 두꺼운 코트를 찾으셔야겠네요. 이쪽으로 오세요. 이 코트 보세요. 저희가 가장 따뜻한 코트고, 패션감각도 뛰어나고 아주 편해요.
#Person2#: 이거 할인 받을 수 있을까요?
#Person1#: 5% 할인해드릴 수 있을 것 같아요.
#Person2#: 좋아요. 그럼 이걸로 할게요.
#Person1#: 장갑도 한번 보실래요? 지금 10% 할인 중이에요.
#Person2#: 괜찮아요. 제가 코네티컷에서 살았어서 이미 장갑은 있어요.",#Person2#는 겨울 코트를 구입하기 위해 #Person1#의 도움을 받아 할인된 가격에 코트를 구매합니다.
train.csv,이 코트,"#Person1#: 이 코트 살게요. 수표 받으세요?
#Person2#: 네, 물론이죠.
#Person1#: 여기요. 영수증 좀 주세요.
#Person2#: 죄송합니다, 손님. 계산대에서 결제하셔야 해요. 저쪽이에요.
#Person1#: 알겠어요. 그럼 먼저 포장 좀 해주세요.","#Person1#은 수표로 코트를 구매하고자 하며, #Person2#는 계산대에서 결제를 요청합니다."
train.csv,이 코트,"#Person1#: 이 코트를 살게요. 수표로 결제해도 되나요?
#Person2#: 네, 물론입니다.
#Person1#: 여기 있어요. 영수증도 부탁드릴게요.
#Person2#: 죄송하지만, 계산대에서 결제하셔야 해요. 저쪽에 있습니다.
#Person1#: 알겠어요, 그럼 포장 먼저 부탁드려요.",#Person2#는 #Person1#에게 계산대에서 결제할 것을 요청합니다.
train.csv,그 마음,"#Person1#: 내가 그 모든 걸 알게 됐을 때, 그에게 좋지 않은 감정이 들었어. 
#Person2#: 하지만 Ben은 나쁜 사람이 아니야. 나는 그를 속속들이 알고 있어. 
#Person1#: 그래도 이번에는 우리를 정말 실망시켰어. 
#Person2#: 그 마음은 이해해. 하지만... ","#Person2#는 Ben을 옹호하고, #Person1#는 Ben에 대해 불만을 토로합니다."
train.csv,그 마음,"#Person1#: 너희 가족은 크리스마스에 어떤 전통이 있어?
#Person2#: 아, 있어! 근데 내가 제일 좋아하는 건 크리스마스 이브에 하는 거야.
#Person1#: 그게 뭐야?
#Person2#: 형제자매들이 모여서 아이들을 위해 크리스마스 양말을 채워주는 거야.
#Person1#: 그게 다야? 그게 전통이야?
#Person2#: 사실, 다 같이 모여서 그걸 하는 것 자체가 재미있어.
#Person1#: 전통을 특별하게 만드는 건 그 마음인 것 같아.
#Person2#: 크리스마스 이브에 한 번 와 봐.","#Person1#은 #Person2#에게 크리스마스 가족 전통을 묻고, #Person2#는 형제자매들이 크리스마스 이브에 아이들을 위해 크리스마스 양말을 채우는 것을 즐긴다고 설명합니다. #Person1#은 그 전통을 마음에 들어 합니다."
train.csv,그 마음,"#Person1#: 미셸, 빨리 타! 밖에 비가 엄청 오네! 
#Person2#: 아, 안녕 멜리사. 너도 컨퍼런스에 가는 거야? 나 캠벨 씨 태우러 가는 중이었어.
#Person1#: 맞아, 그분이 말했어. 우리가 호텔에서 그분을 태우고 컨퍼런스에 가야 해.
#Person2#: 아, 그렇구나. 알겠어. 그런데 너 결혼했다며, 축하해!
#Person1#: 아, 고마워! 정말 신나. 원래 내년에 결혼하려고 했는데, 그냥 휴가 때 하기로 했어. 정말 멋졌어.
#Person2#: 정말 낭만적이다! 나도 잭이랑 내년에 유럽에서 결혼하려 했는데, 계획을 미뤄야 했어. 돈이 부족해!
#Person1#: 그 마음 이해해. 상하이가 점점 더 비싸지는 것 같아, 안 그래?
#Person2#: 정말 그래. 내 생각엔 한국보다 더 비싸지고 있는 것 같아.
#Person1#: 맞아. 저기 캠벨 씨네. 기사님, 여기 좀 멈춰주세요.","멜리사와 미셸은 컨퍼런스에 가면서 캠벨 씨를 태운다. 미셸은 멜리사의 결혼을 축하하고, 둘 다 결혼 준비에 많은 비용이 든다는 것에 동의한다."
train.csv,이 노래,"#Person1#: 어젯밤에 이 노래 썼어. 요새 창의력이 막 샘솟아. 
#Person2#: 흥미로웠어. 벌에 대한 노래는 처음 들어봐. 
#Person1#: 어젯밤엔 그냥 꽃 주변에서 윙윙거리는 벌을 생각했어. 그래서 기타를 잡고 곡을 쓰기 시작했지. 
#Person2#: 너 노래 많이 있을 것 같은데. 
#Person1#: 맞아, 며칠 전에 바다에 대한 것도 썼어. 그리고 양말, 우리 엄마, 사과 따기 등등 다른 주제로도 많아. 이걸 앨범에 전부 넣을까 해. 
#Person2#: 좋은 생각이야. 
#Person1#: 아마도 정말 유명해져서 투어도 갈지도 몰라. 같이 밴드 할래? 
#Person2#: 글쎄, 내 스타일은 너랑 좀 다른데. 너의 노래는 정말 밝고 경쾌하더라고. 
#Person1#: 나도 슬픈 노래 있어. 우리가 팀을 이룬다면 정말 좋을 것 같아. 나중에 우리 집에 와서 같이 맞춰보자.",#Person1#은 #Person2#에게 자신의 창작곡을 소개하고 밴드에 참여할 것을 권유합니다.
train.csv,이 노래,"#Person1#: 피터, 이 노래 가사 한번 들어봐. 
#Person2#: 이 노래가 뭐가 특별해? 
#Person1#: 지금 뉴욕에서 엄청 인기 있는 뮤지컬에 나오는 곡이야. 마음에 들어? 
#Person2#: 별로야. 나한텐 너무 감정적이야. 
#Person1#: 그래서 인기가 많은 거야. 바바라 투틴이 이 노래를 불렀는데, 개막 첫날 밤 무대에서 그녀가 이 노래를 부르니까 큰 반향을 일으켰다고 들었어. 
#Person2#: 미안한데, 난 브로드웨이 뮤지컬엔 별로 익숙하지 않아. 
#Person1#: 그럼 내가 소개해 줄게. 우리 학교 연극부에서 뮤지컬 공연을 하니까 같이 갈래? 
#Person2#: 내 생각엔 그보다 재즈 콘서트에 가서 내가 너한테 재즈를 제대로 보여주는 게 나을 것 같아.","#Person1#은 피터에게 학교 연극부를 통한 뮤지컬을 소개하려 하지만, 피터는 오히려 #Person1#에게 재즈 콘서트에서 자신의 음악 취향을 보여주고 싶어 합니다."
train.csv,이 노래,"#Person1#: 안녕하세요, 저는 Jake라고 해요. 합창단에 새로 왔는데, 이름이 뭐예요?
#Person2#: 안녕하세요, 저는 Tonia예요.
#Person1#: 알토 부르세요?
#Person2#: 사실 소프라노도 할 수 있는데, 지휘자님이 다음 공연에 알토로 부르셨거든요. 당신은요?
#Person1#: 우리 둘 다 여기저기 왔다 갔다 하네요. 저는 바리톤이에요.
#Person2#: 우리 베이스 파트 정말 좋아요. 같이 노래하면 마음에 드실 거예요.
#Person1#: 아까 워밍업하면서 들어봤는데 맞아요.
#Person2#: 합류해 줘서 고마워요. 좋은 바리톤 목소리가 필요했거든요.","Jake는 합창단에 새로 합류했고, Tonia는 그를 환영합니다. Tonia는 소프라노와 알토를 소화할 수 있으며, Jake는 바리톤입니다."
train.csv,이 주말,"#Person1#: 너네 아파트는 어떤 곳이야?
#Person2#: 가구가 비치된 2베드룸 아파트인데, 캠퍼스 내 3층짜리 건물에 있어.
#Person1#: 캠퍼스 기숙사에서 사는 건 어때?
#Person2#: 생각보다 그렇게 나쁘진 않아. 근처에 사는 신입생들이 주말에 엄청 시끄럽지만, 민간 주택보다 월세가 훨씬 싸서 만족하고 있어.
#Person1#: 매달 월세 외에 추가로 내야 할 돈이 있어?
#Person2#: 아니, 다 포함되어 있어. 게다가 학생들은 주세를 안 내도 되니까 여기서 살면 돈을 꽤 저축할 수 있어.
#Person1#: 계약 기간은 얼마나 돼?
#Person2#: 그게 좀 아쉬운 부분이야. 계약이 6월에 끝나거든. 하지만 여름에 학생들이 도시를 떠날 테니까 아마 그때 싸게 방을 찾을 수 있을 것 같아.",#Person2#는 캠퍼스 기숙사 생활에 대해 #Person1#에게 설명합니다. 조금 시끄럽긴 하지만 월세가 저렴하고 주세가 면제되어 경제적입니다. 계약이 곧 만료되어 새 거주지를 찾아야 합니다.
train.csv,이 주말,"#Person1#: 안녕하세요, 만나서 반가워요. 들어오세요.
#Person2#: 고마워요. 파티가 정말 신나 보이고 다들 기분이 좋아 보여요.
#Person1#: 제 동생 톰이 주말에 저를 보러 왔어요.
#Person2#: 그는 어디에 있나요?
#Person1#: 저기 구석에 앉아있어요, 저 젊은 여성 옆에요.
#Person2#: 그리고 저 젊은 여성은 누구예요? 아, 빨간 코트를 입은 여성요.
#Person1#: 아, 저 사람은 제 피아노 선생님인 앤이에요.
#Person2#: 피아노 선생님이라니! 당신이 피아노를 연습하고 있는 줄 몰랐어요.","#Person1#과 #Person2#는 파티에 참석해 있으며, #Person1#은 #Person2#에게 톰과 앤을 소개합니다."
train.csv,이 주말,"#Person1#: 네 아파트는 어떤 곳이야? 
#Person2#: 캠퍼스에 있는 3층 건물에 있는 가구가 갖춰진 2베드룸 아파트야. 
#Person1#: 캠퍼스 내에 사는 거 어때? 
#Person2#: 생각보다 나쁘지 않아. 근처에 사는 새내기들이 주말에 엄청 시끄러워. 그래도 사설 주택보다 월세가 훨씬 싸니까 괜찮아. 
#Person1#: 보증금은 필요했어? 
#Person2#: 아니, 근데 9개월 치 월세를 6개월 동안 내야 해서 처음엔 매달 월세의 반만 내. 
#Person1#: 월세 외에 공과금도 따로 내야 해? 
#Person2#: 아니, 다 포함이야. 게다가 학생들은 지방세도 면제라서 꽤 많이 절약하고 있어. 
#Person1#: 계약 기간은 얼마나 돼? 
#Person2#: 그게 문제야. 6월에 계약이 끝나서 곧 새 아파트를 찾아야 해. 
#Person1#: 벌써 알아보고 있어? 
#Person2#: 아직 아니야. 여름에 학생들이 도시를 떠나면 저렴한 곳을 찾을 수 있을 것 같아. 
#Person1#: 행운을 빌어!","#Person2#는 #Person1#에게 자신이 캠퍼스 내 아파트에 사는 것에 대해 설명한다. #Person2#는 월세의 조건과 공과금, 계약 기간에 대해 이야기하며, 6월 계약 만료에 따라 새 아파트를 찾아야 한다고 전한다."
train.csv,이 반지,"#Person1#: 어서 오세요. 오늘 뭐 찾고 계신가요?
#Person2#: 그냥 둘러보는 중이에요.
#Person1#: 그럼 특별한 사람을 위한 반지는 어때요?
#Person2#: 그런 특별한 사람은 없어요.
#Person1#: 그럼 이 CD 플레이어 한번 보세요. 오늘 정말 저렴한 가격이에요.
#Person2#: 아뇨. 이미 하나 가지고 있는데, 손잡이가 깨졌어요.
#Person1#: 알겠어요. 그럼 이 진정한 가죽 재킷은 어때요? 입으면 멋질 거예요.
#Person2#: 흠. 한번 볼게요.
#Person1#: 물론입니다.
#Person2#: 음. 소매에 얼룩이 있네요. 그냥 둘게요.
#Person1#: 알겠어요. 자, 이런 멋진 음반을 들고 집에 가지 않으실래요? 1960년대 최고의 히트곡들이에요.
#Person2#: 네, 한번 봅시다. 아, 음반에 긁힘이 있네요.
#Person1#: [웃음] 여기저기 조금 있어요. 들어보세요. 이 열 장의 음반을 오십 달러에 드릴게요. 정말 싼 거예요!
#Person2#: 와! 너무 비싸요. 이십오 달러 드릴게요.
#Person1#: 에이, 서른 달러 아래로는 손해보기에요.
#Person2#: 저쪽 남자는 비슷한 음반을 더 좋은 가격에 팔고 있던데요. 그래도 고마워요.
#Person1#: 기다려요, 기다려요. 흥정에 능하시네요. 이십팔 달러면 정말 마지막 가격이에요.
#Person2#: 흠 ... 생각해볼게요.
#Person1#: 기다려요, 들어보세요. 이 꽃병도 얹어드릴게요.
#Person2#: 이제 그 꽃병으로 뭘 하죠?
#Person1#: 그럼 특별한 사람을 찾으면 선물하세요... 그리고 이 반지도 잘 어울릴 거예요.
#Person2#: 아, 음반으로 할게요.","#Person2#는 가게를 둘러보고 있고, #Person1#은 반지, CD 플레이어, 진정한 가죽 재킷 등 여러 물건을 추천합니다. #Person2#는 흥정을 잘하여 결국 음반을 구매합니다."
train.csv,이 반지,"#Person1#: 안녕하세요. 도와드릴까요?
#Person2#: 네. 이 반지 좀 볼 수 있을까요?
#Person1#: 물론이죠. 제가 꺼내드릴게요. 사이즈가 어떻게 되세요?
#Person2#: 여섯 사이즈일 거예요.
#Person1#: 여기 있습니다.
#Person2#: 이 반지에 잘 어울리는 목걸이도 있나요?
#Person1#: 몇 가지 선택할 수 있는 게 있어요. 여기 있습니다.
#Person2#: 이 목걸이에는 가격표가 없네요.
#Person1#: 아, 죄송해요. 가격 확인해드릴게요. 199달러입니다.
#Person2#: 이 목걸이는 좀 짧네요. 더 긴 건 없나요?
#Person1#: 네. 이걸 한번 착용해 보세요.
#Person2#: 이게 훨씬 나아요. 이 목걸이랑 반지 같이 착용해 봐도 될까요?
#Person1#: 물론이죠. 여기 있습니다.
#Person2#: 좀 생각해볼게요.
#Person1#: 네, 천천히 하세요.
#Person2#: 도와주셔서 감사합니다.
#Person1#: 전혀 문제없어요.",#Person1#은 #Person2#이 여섯 사이즈의 반지와 어울리는 목걸이를 고르는 것을 도와주고 있습니다.
train.csv,이 반지,"#Person1#: 정말 멋진 시계네요. 반지랑도 잘 어울려요.
#Person2#: 감사합니다.
#Person1#: 결혼반지인가요?
#Person2#: 아직 결혼은 안 했어요. 약혼반지예요.
#Person1#: 아, 축하드려요. 결혼식은 언제예요?
#Person2#: 6월이요.
#Person1#: 반지 사기 전에 시계 먼저 사신 건가요?
#Person2#: 사실은, 시계를 사고 나서 같이 반지를 샀어요.
#Person1#: 정말 잘 선택하셨네요. 정말 멋져요.
#Person2#: 정말 감사합니다.
#Person1#: 어떤 시계예요?
#Person2#: 태그호이어예요.
#Person1#: 실례가 안 된다면, 가격이 얼마나 하는지 물어봐도 될까요?
#Person2#: 이건 1500달러예요. 그런데 600달러에서 3000달러까지 다양해요.
#Person1#: 그러니까 멋져 보이네요. 역시, 싼 게 비지떡이죠. 돈 쓴 만큼 가치가 있네요.
#Person2#: 맞아요. 평범한 시계 여러 개 살 바에는 좋은 시계 하나 사는 게 나아요.",#Person1#은 #Person2#의 시계가 아름답고 #Person2#의 약혼반지와 잘 어울린다고 생각합니다. #Person2#는 #Person1#에게 시계가 태그호이어 브랜드이고 가격은 1500달러라고 설명합니다.
train.csv,이 사진,"#Person1#: 봐봐! 엄마가 학사모 쓰고 가운 입은 이 사진 좀 봐. 
#Person2#: 정말 멋진데! 그때가 Miami University에서 석사 학위 받았을 때지. 
#Person1#: 응, 우리 모두 그녀가 정말 자랑스러워. 
#Person2#: 오, 이거 너희들 다 같이 찍은 사진 좋다. 혹시 네거티브 있어? 복사 하나 받을 수 있어? 
#Person1#: 물론이지, 만들어줄게. 인화해줄까? 
#Person2#: 아니, 슬라이드로 부탁할게, 새 프로젝터가 생겼거든. 
#Person1#: 나도 그거 직접 보고 싶다. 
#Person2#: 지갑 크기로도 하나 인화 부탁해. 
#Person1#: 그럼, 그렇게 해줄게.","#Person2#는 사진이 멋지다고 생각하며, #Person1#에게 슬라이드와 지갑 크기의 인화를 요청합니다."
train.csv,이 사진,"#Person1#: 어제 벽에 붙인 그 사진 마음에 들어요.
#Person2#: 아, 고마워요. 저 사진은 작년 휴가 때 제가 직접 찍은 거예요.
#Person1#: 직접 찍었어요? 사진작가인 줄 몰랐네요.
#Person2#: 네, 사실 몇 년 동안 사진을 찍어왔어요.
#Person1#: 재밌겠군요! 다른 사진도 여기 더 있나요? 볼 수 있을까요?
#Person2#: 네, 물론이죠! 주로 인물 사진인데, 그냥 돌아다니면서 본 사람들의 얼굴을 찍어요.
#Person1#: 찍을 때 사람들이 사진 찍히는 걸 알고 있나요?
#Person2#: 최대한 모르게 하려고 해요. 저는 카메라를 의식하고 포즈를 잡는 사람들보다, 자연스러운 모습을 좋아해요.
#Person1#: 장비가 많이 필요하겠어요. 카메라는 몇 대나 있어요?
#Person2#: 대여섯 대쯤 있는데, 그중 두 대를 가장 자주 써요.","#Person1#은 #Person2#의 사진을 칭찬하고, #Person2#는 사진작가로서 여러 해 동안 사진을 찍어왔다고 설명합니다. #Person1#은 이러한 사진의 배경과 사용한 장비에 대해 질문합니다."
train.csv,이 사진,"#Person1#: 이 사진에 있는 사람들은 누구야?
#Person2#: 아, 그건 우리 홈스테이 가족이야. 나 1년 동안 교환학생 프로그램으로 호주에 가. 그곳에서 같이 살 사람들이야. 저분들이 부모님, Smith 부부야. 딸 이름은 Jenny랑 Cindy, 아들 이름은 George야.
#Person1#: 저 사람 George야?
#Person2#: 아니, 저 사람은 Jenny의 남편인 Charlie야. 방금 결혼했어. George는 앞에 있는 사람이야.
#Person1#: 잘생긴 남자네. 결혼 안 했어?
#Person2#: 응, Cindy도 결혼 안 했어. 하지만 Jenny랑 Charlie는 다음 주에 자기들 집으로 이사 가. 그래서 그렇게 복잡하지 않을 거야. 한 달 뒤에 시드니로 떠나.
#Person1#: 음, 잘 다녀와.","#Person2#는 #Person1#에게 사진 속에 있는 호주 홈스테이 가족을 소개하며, 교환학생으로 호주에 갈 것이라고 설명한다."
train.csv,이 여기,"#Person1#: Jenny, 즐거운 시간 보내고 있어요? 
#Person2#: 네, 물론이죠. 정말 흥미로운 사람들과 맛있는 음식이 있는 멋진 파티에요. 
#Person1#: 즐기고 있다니 기쁘네요. 
#Person2#: 초대해주셔서 감사해요. 
#Person1#: 제 기쁨입니다. 샴페인 한 잔 더 드릴까요? 
#Person2#: 네, 한 잔 더 마시고 싶어요. 정말 멋진 주인이세요. 모든 것에 감사해요. 
#Person1#: 당신이 여기 있어 기쁜걸요.",Jenny는 #Person1#의 파티를 즐기고 #Person1#에게 감사의 인사를 전했다.
train.csv,이 여기,"#Person1#: 인도에 있는 이 호텔이 세계 1위 호텔로 뽑혔다네! 
#Person2#: 뭐? 광고 팔려고 상위 리스트 만들던 그런 사이트가 아니라?
#Person1#: 아니, Travel + Leisure 매거진에서 선정한 거야.
#Person2#: 오, 진짜? 그럼 확실히 전문가들이 뽑았겠네. 와, 저거 거의 궁전 같은데!
#Person1#: 북인도의 고대 궁전을 본떠서 디자인했대.
#Person2#: 방들 보니까 발코니가 되게 많아.
#Person1#: 응, 저건 개인 수영장과 바로 연결된 스위트룸들이야. 근데 모든 방에 와이파이, 평면 TV, 킹사이즈 침대, 매일 신문도 제공돼.
#Person2#: 오케이, 그만 말해! 예약해야겠어!
#Person1#: 잠깐만. 너 인도 음식 별로 안 좋아하잖아.
#Person2#: 근데 인도 음식 말고도 다른 것도 제공할 것 같은데...
#Person1#: 아마 그렇겠지. 근데 이곳은 정말 조용해. 쇼핑이나 클럽은 없어. 사람들이 여기 와서 휴식을 취하거든.
#Person2#: 괜찮아. 나 쇼핑은 어디서든 할 수 있어.
#Person1#: 방이 1박에 350달러부터 시작이고, 스위트룸은 1박에 750달러야.
#Person2#: 와우! 인도가 원래 저렴한 줄 알았는데!","#Person1#은 #Person2#에게 세계 1위로 선정된 인도의 한 호텔을 소개하며, #Person2#는 그 호텔에 예약을 하고 싶어 합니다. 두 사람은 호텔의 세부 사항과 가격에 대해 이야기하며, #Person2#는 가격에 놀랍니다."
train.csv,이 여기,"#Person1#: 옷에 로고나 슬로건 붙이는 거 어떻게 생각해?
#Person2#: 한 번도 생각해본 적 없는데. 뭐, 별로 상관은 없는 것 같아.
#Person1#: 광고가 쇼핑할 때 선택에 영향을 준다고 생각해?
#Person2#: 그런 것 같아. 보통은 유명 브랜드의 옷, 신발, 전자제품을 사거든. 너는 어때?
#Person1#: 난 사실 유명 브랜드 제품은 피하려고 해. 대기업들이 여기저기 광고하는 거 정말 싫어.",#Person2#는 보통 유명 브랜드 제품을 사지만 #Person1#은 유명 브랜드 제품을 피하려고 합니다.
train.csv,그 후에,"#Person1#: 여보세요, 저는 링컨 은행의 루시 징입니다. Mr. Was와 통화할 수 있을까요?
#Person2#: 네, 접니다.
#Person1#: 안녕하세요, Mr. Was님. 새로운 신용카드 때문에 전화 드렸어요. 카드가 저희 은행에 도착했습니다. 직접 수령하시거나 저희가 보내드릴 수 있습니다.
#Person2#: 보내주실 필요 없어요. 오늘 오후에 개인 은행원과 미팅이 있어서 그때 갈 예정입니다.
#Person1#: 정말 좋은 타이밍이네요!
#Person2#: 그러게요. 수령하기 전까지 제가 해야 할 일이 있을까요?
#Person1#: 특별한 건 없어요. 하지만 혹시라도 마음에 들지 않는 부분이 있을 수 있으니, 서명 전에 약관을 다시 한 번 읽어보시는 걸 추천드립니다.
#Person2#: 괜찮을 겁니다. 그럼 제 비밀번호는 어떻게 되나요?
#Person1#: 그건 근무일 기준 2일 내로 발송될 겁니다. 그 후에 새 카드를 사용할 수 있습니다.
#Person2#: 알겠습니다. 그럼 오늘 오후에 뵙겠습니다. 전화해 주셔서 감사합니다. 안녕히 계세요.","루시 징이 Mr. Was에게 그의 새로운 신용카드에 대해 전화했습니다. Mr. Was는 카드를 직접 수령할 예정이며, 루시는 그가 카드에 서명하기 전에 약관을 다시 읽어보라고 권장했습니다."
train.csv,그 후에,"#Person1#: 안녕하세요, Mrs. Turnbull. 잘 지내세요? 
#Person2#: 네, 잘 지내요. 감사합니다. 아드님 Jack은 어떻게 지내나요? 
#Person1#: 좀 피곤해요. 매일 아침 여덟 시에 학교에 가고, 오후 네 시가 넘어서야 집에 와요. 그 후에 차를 마시고 숙제를 해요. 숙제를 끝내는 데 보통 두 시간 정도 걸리거든요. 
#Person2#: 안됐네요. 요즘 아이들이 학교에서 열심히 하네요, 그렇죠? Jack은 학교를 좋아하나요? 
#Person1#: 네, 학교를 좋아해요. 선생님들도 잘해주셔서 큰 도움이 되죠. 
#Person2#: 맞아요, 큰 차이가 나죠. Jack은 버스를 타고 가나요? 
#Person1#: 아니요, 걸어서 가요. 걷는 걸 좋아해서 모퉁이에서 친구들을 만나 같이 가요. 
#Person2#: 비가 올 때는 어떻게 해요? 
#Person1#: 남편이 차로 데려다줘요. 사무실 가는 길에 학교를 지나거든요.","#Person1#은 Mrs. Turnbull에게 아들 Jack이 학교 때문에 피곤하지만, 학교를 좋아한다고 말합니다. Jack은 보통 걸어서 학교에 가지만, 비가 오면 남편이 차로 데려다줍니다."
train.csv,그 후에,"#Person1#: 그래서, 바다 여행은 어땠어?
#Person2#: 아주 재밌었어.
#Person1#: 좀 더 자세히 말해줘.
#Person2#: 아침에 거기로 가는 길에 계곡을 지나갔는데, 정말 멋진 장관이었어.
#Person1#: 큰 폭포에서 사진 찍었어?
#Person2#: 물론이지, 절대 놓칠 수 없었어. 그 후에 공원으로 가는 지름길로 갔는데, 차가 별로 없어 한 시간도 안 걸렸어.
#Person1#: 그럼 정말 운이 좋았네. 그다음엔 뭐 했어?
#Person2#: 바다에 가서 수영했어. 그게 하루 중 가장 좋았던 부분이야. 내 멋진 선탠 좀 봐.
#Person1#: 그래서 어제 정말 바쁘고 즐거운 하루 보냈겠네.
#Person2#: 응, 맞아. 너무 피곤해서 돌아오는 길에 잠들었어. 어제 수영한 것 때문인지 팔이 아직도 뻐근해.",#Person2#가 #Person1#에게 바다 여행의 경험을 이야기합니다.
train.csv,그 다음,"#Person1#: 스노우 씨, 그 공격에 대해 기억나는 게 뭐죠?
#Person2#: 음, 어제 저녁에 늦게까지 일했어요.
#Person1#: 사무실에서 몇 시에 나왔어요?
#Person2#: 대략 9시 44분쯤이에요.
#Person1#: 확실해요?
#Person2#: 네, 시계를 봤으니까요.
#Person1#: 그 다음에 뭐 했어요?
#Person2#: 음, 문을 잠그고 차로 가고 있었는데 누가 제 머리를 쳤어요.
#Person1#: 공격자를 봤나요?
#Person2#: 아니요, 그는 머리에 스타킹을 쓰고 있었어요.
#Person1#: 스노우 씨, 다리는 어떻게 다친 거죠?
#Person2#: 음, 의사들이 저를 차로 옮기다가 떨어뜨렸어요.","#Person1#은 스노우 씨에게 공격에 대해 질문합니다. 스노우 씨는 9시 44분쯤 사무실을 떠났고, 차로 가는 도중 머리를 맞았지만 공격자를 보지 못했다고 설명합니다."
train.csv,그 다음,"#Person1#: 우리 내일 밤에 나가자. 술집 가서 네 여자친구 좀 찾아보자.  
#Person2#: 아, 난 그런 거 별로야. 사람한테 다가가서 말을 거는 게 잘 안 되거든.  
#Person1#: 몇 가지 작업 멘트만 있으면 되잖아, 그걸로 분위기 깨보는 거지.  
#Person2#: 작업 멘트는 잘 안 통해!  
#Person1#: 에이! 그냥 가서 '너가 콧물이라면 제일 먼저 널 고르겠어'라고 해 봐.  
#Person2#: 뭐라고? 진짜 별로다! 여자애들이 그걸로 넘어갈 리 없잖아!  
#Person1#: 그래, 그럼 이건 어때? '드디어 찾았네! 내가 꿈꾸던 여자를!'라고 해.  
#Person2#: 그건 괜찮은 것 같은데! 꽤 웃기다.  
#Person1#: 그렇지, 그렇게 웃기게 하고, 좀 바보처럼 굴고, 그 다음엔 음료수 한 잔 사주는 거야.  
#Person2#: 그럼 이건 어때, '당신의 아름다움에 홀려서 저쪽 벽에 부딪힐 뻔했어요. 그러니 보험 목적으로 이름과 번호를 좀 주세요.'  
#Person1#: 좋네! 가자!","#Person1#이 #Person2#에게 술집에서 여자에게 말을 거는 법을 가르치기 위해 작업 멘트를 제안합니다. 처음에는 #Person2#이 작업 멘트가 잘 통할지 의심하지만, 결국 즐거운 분위기를 만들어 가기로 합니다."
train.csv,그 다음,"#Person1#: 내일 너 관심 있어 할 만한 곳들로 데려가 줄게.
#Person2#: 어디 아직 가보지 못한 곳이 있어?
#Person1#: 많이는 아니지만, 여긴 어때. 이곳은 민속 고가구 수공예품과 수집품 전시관이야!
#Person2#: 멋지다! 민속 수집품은 얼마나 많아?
#Person1#: 글쎄, 이 도시에만도 200종 이상의 민속 수집품이 있어. 중국 전체 기준으로 보면 절반 정도지. 여러 수집품을 위한 전시홀이 있고, 개인 수집품을 전시하는 방도 여러 개 있어.
#Person2#: 개인 수집가들! 그들은 분명 대단한 수집품을 갖고 있겠지. 다 보러 갈래. 어떤 수집품들을 볼 수 있어? 데이빗, 왜 이렇게 궁금하잖아.
#Person1#: 급할 것 없어! 이제 말해줄게. 고대 상자와 보관함, 다기 세트, 주판, 귀한 조개와 소라, 연구용 항아리와 물 주판, 드라마 의상, 마노, 고대 동전, 나비, 부채, 미니 악기, 뿌리 조각품, 희귀 돌과 바위, 모형 배, 모형 자동차가 있어.
#Person2#: 데이빗, 이제 알겠어! 더 이상 못 기다리겠어. 당장 가자!
#Person1#: 알겠어, 알겠어. 먼저 민속 수집 전시관부터 시작할 거야. 지역의 최고 고가구가 항상 전시되는 곳이지. 그 자체가 오래전 청나라 시절의 지역 클럽이었던 잘 보존된 고가구 건축물이야. 국내외 전문가들 간의 학술 연구 세미나와 교류도 종종 열린다.
#Person2#: 정말 흥미롭네. 꼭 가봐야 할 곳이야. 그 다음에는?
#Person1#: 나비에 관심이 있다면, 나비 전시관에 가봐야 해. 개인 박물관을 운영하는 진 선생님이 20개 이상의 국가에서 1,000종 이상의 나비 표본을 소장하고 있어. 그 중 많은 것들이 국가 보물급이야.
#Person2#: 그 자체로도 나비 표본 제작에 있어 권위자로 인정받지, 진 선생님은.","데이빗은 #Person2#에게 민속 고가구 수공예품과 수집품 전시관으로 데려가겠다고 말한다. 다양한 방에 전시된 수집품들의 수와 종류를 소개하고, #Person2#는 기다릴 수 없어 한다. 데이빗은 민속 수집 전시관과 진 선생님이 운영하는 나비 전시를 추천한다."
train.csv,이 편지,"#Person1#: 뭐라고 했어?
#Person2#: 날씨가 정말 좋다고 했어. 산책하러 갈래?
#Person1#: 음, 나 좀 피곤해.
#Person2#: 아, 빨리 움직여! 가만히 있으면 녹슬어.
#Person1#: 그럼 몇 분만 기다려줄래? 이 편지 좀 마저 쓸게.
#Person2#: 너무 오래는 안 걸리지? 이렇게 좋은 날씨 놓치면 아깝잖아.
#Person1#: 오래 안 걸려. 10분도 안 걸릴 거야. 먼저 가면 내가 공원에서 만날게.
#Person2#: 좋아! 이따 봐!",#Person2#는 #Person1#에게 산책을 제안합니다. #Person1#은 편지를 빨리 끝내고 공원에서 #Person2#와 만나기로 합니다.
train.csv,이 편지,"#Person1#: 저기요. 뉴욕으로 보내는 이 편지의 우편 요금이 얼마인가요?
#Person2#: 어떤 방법으로 보내실 건가요?
#Person1#: 등기 항공 우편으로요.
#Person2#: 80센트입니다. 그리고 주소에 우편번호를 적어주세요. 더 필요하신 건 없나요?
#Person1#: 네. 엽서 6장과 50센트짜리 우표 10장 주세요.
#Person2#: 네, 여기 있습니다.
#Person1#: 그리고 이 소포는 런던으로 보낼 건데요. 무게 좀 재주시겠어요?
#Person2#: 네, 물론이죠. 이 소포는 10그램 초과입니다. 초과 요금으로 50센트를 더 내셔야 해요.","#Person2#는 #Person1#에게 편지의 우편 요금과 소포의 무게를 알려주고, #Person1#에게 주소와 우편번호를 적어달라고 요청합니다."
train.csv,이 편지,"#Person1#: Emory 씨, 오늘 퇴근하시기 전에 이 편지들 좀 검토해 주시면 감사하겠습니다.
#Person2#: 그러죠. 제 책상 위에 놓아두세요. 이렇게 빨리 끝낼 줄은 몰랐네요.
#Person1#: 감사합니다, 선생님. 여기 놓아두겠습니다. 문제 없으시면 오늘 오후에 발송하겠습니다.
#Person2#: 좋습니다. 잘하셨어요.","#Person1#이 Emory 씨에게 퇴근 전에 편지를 검토해 달라고 요청하자, 그는 그러겠다고 응답합니다."
train.csv,이 선반,"#Person1#: Penny, 그 꽃병 어떻게 할 거야?
#Person2#: 이 테이블에 놓으려고, Sam.
#Person1#: 그러지 마. 나한테 줘.
#Person2#: 그거 가지고 뭐하려고?
#Person1#: 여기 창문 앞에 놓으려고.
#Person2#: 조심해. 떨어뜨리지 마! 거기 놓지 마, Sam. 여기 이 선반에 놓아.
#Person1#: 됐어! 정말 멋진 꽃병이야.
#Person2#: 저 꽃들도 멋지네.",Penny와 Sam은 꽃병을 어디에 놓을지 논의한 끝에 선반에 놓기로 했습니다.
train.csv,이 선반,"#Person1#: 어떻게 도와드릴까요?
#Person2#: 제가 찾고 있는 책이 있는데요.
#Person1#: 어떤 문제가 있으신가요?
#Person2#: 이 도서관에는 없는 것 같아요.
#Person1#: 혹시 컴퓨터로 조회해 보셨나요?
#Person2#: 네, 이미 확인했어요.
#Person1#: 뭐라고 나왔나요?
#Person2#: 책이 선반에 있다고 나오는데, 거기에는 없었어요.
#Person1#: 다른 도서관에서 책을 빌려오는 게 가능해요.
#Person2#: 그게 가능해요?
#Person1#: 네, 제가 전화를 해서 책이 들어오면 연락드리겠습니다.
#Person2#: 너무 좋네요. 감사합니다.",#Person2#가 도서관에서 찾는 책을 발견하지 못하자 #Person1#이 다른 도서관에서 책을 빌려오기로 했다.
train.csv,이 선반,"#Person1#: 안녕하세요, Dennis 교수님. 대학 신문에서 언어 실습실 조교로 일할 학생을 찾고 있다고 읽었어요.
#Person2#: 네, 맞아요. 일을 하고 싶으신가요?
#Person1#: 네, 생각 중이에요. 신청하기 전에 그 일에 대해 더 설명해 주실 수 있나요?
#Person2#: 음, 대부분의 수업은 카세트 테이프로 진행되고, 그 테이프는 이 선반에 순서대로 보관되어 있어요. 수업이 끝날 때마다 테이프를 정리하면 돼요.
#Person1#: 매주 얼마나 많은 시간을 일해야 하나요?
#Person2#: 월요일부터 금요일까지 오후 4시부터 6시까지 필요한데, 그 시간대가 실습실에서 가장 바쁜 시간이거든요.
#Person1#: 제 일정과 잘 맞네요. 바로 지원서를 작성할까요?
#Person2#: 네, 그렇게 하세요. 지원서를 다 검토한 후, 일주일 정도 뒤에 연락드릴게요.",Dennis 교수님이 #Person1#에게 월요일부터 금요일까지 오후 4시부터 6시까지 테이프 정리 업무를 맡는 언어 실습실 조교직에 대해 설명하십니다. #Person1#은 즉시 지원합니다.
train.csv,이 지금,"#Person1#: 제 딸이 지금 직장을 그만두고 다른 일을 찾고 싶대요. 더 좋은 직장에서 더 높은 월급을 받고 싶다는군요.
#Person2#: 그거 아주 자연스러운 것 같아요. 저도 비슷한 생각을 하고 있어요.
#Person1#: 그런데 가정을 꾸리면서 안정을 찾는 건 어떻게 생각하나요? 결혼하고 싶어하는 사람은 없는 건가요?
#Person2#: 요즘은 좀 달라졌어요. 세상이 다양해지면서 제 친구들 중에는 결혼에 대한 압박을 느끼지 않는 사람도 많아요. 모두 각자의 알맞은 때를 기다리고 싶어해요.
#Person1#: 그럼 알맞은 때라는 건 언제일까요?
#Person2#: 억지로 사랑을 찾기보다는 때가 오면 자연스레 다가오는 사랑을 선호해요. 가장 중요한 건 행복한 거예요. 사랑은 그다음 문제죠. 그게 우리 생각이에요.","#Person1#의 딸은 가정을 꾸리기보다는 더 나은 직장을 찾아 일하고 싶어합니다. #Person2#는 현대인들이 자연스러운 사랑을 선호하며, 억지로 사랑을 찾기보다는 행복을 중요하게 여긴다고 말합니다."
train.csv,이 지금,"#Person1#: 제 딸에게 줄 선물을 고르는 데 도와주실 수 있나요?
#Person2#: 노트북에 관심 있을까요?
#Person1#: 네, 그걸 생각하고 있었어요.
#Person2#: 맥북이 좋은 선물이 될 거예요.
#Person1#: 맥북 좋네요. 가격은 어떻게 되나요?
#Person2#: 15인치 프로 모델이 지금 $2,100에 판매되고 있어요.
#Person1#: 그럼 맥북으로 하죠. 하나 구매할게요.
#Person2#: 따님이 정말 기뻐할 거예요. 결제는 어떻게 하실 건가요?
#Person1#: 비자로 할게요. 괜찮을까요?
#Person2#: 여기 서명해 주시면 맥북은 바로 가져가실 수 있어요.
#Person1#: 이 상자에 있는 것 말고 다른 게 필요할까요?
#Person2#: 필요한 건 모두 상자에 들어 있어요.
#Person1#: 도와주셔서 감사해요. 나중에 컴퓨터 관련 물건도 사러 올게요.
#Person2#: 따님이 이제부터는 A 학점을 받을 거예요. 안녕히 가세요.","#Person1#은 딸을 위한 선물로 $2,100짜리 15인치 맥북 프로를 #Person2#의 추천으로 구매하기로 결정했습니다."
train.csv,이 지금,"#Person1#: 안녕하세요, Mr. Croft. 
#Person2#: 안녕하세요, 간호사님. 치과 의사 선생님을 좀 보고 싶어요. 
#Person1#: 예약이 있으신가요? 
#Person2#: 아니요, 없어요. 
#Person1#: 급하신가요? 
#Person2#: 네, 맞아요. 정말 급해요. 너무 아파요. 치통이 심해서요. 
#Person1#: 그러면 4월 24일 월요일 오전 10시에 오실 수 있나요? 
#Person2#: 지금 좀 봐주셔야 해요, 간호사님. 
#Person1#: 치과 의사 선생님이 지금 많이 바쁘세요. 오후 2시에 오실 수 있을까요? 
#Person2#: 너무 늦어요. 지금 봐주실 수 있나요? 
#Person1#: 죄송하지만, 지금은 어렵습니다, Mr. Croft. 오후까지 기다리실 수 없나요? 
#Person2#: 저는 기다릴 수 있지만, 제 치통은 못 기다려요!","Mr. Croft는 심한 치통으로 인해 즉시 치과 의사를 만나고 싶지만, 간호사는 치과 의사가 현재는 시간이 없으니 오후까지 기다려야 한다고 말한다."
train.csv,이 제품,"#Person1#: 뭐 도와드릴까요?
#Person2#: MP3 플레이어를 찾고 있는데요. 어떤 브랜드가 품질이 좋은가요?
#Person1#: 저는 파이오니어를 추천합니다.
#Person2#: 어떤 모델이 가장 잘 팔리나요?
#Person1#: 이 모델이 여성분들 사이에서 인기가 많아요.
#Person2#: 한 번 볼 수 있을까요?
#Person1#: 물론이죠, 이 제품은 다기능입니다. 음악 재생뿐만 아니라 문서 저장과 녹음도 가능합니다.
#Person2#: 이 모델은 흰색도 있나요?
#Person1#: 죄송하지만, 노란색만 있습니다.
#Person2#: 그럼 노란색으로 할게요.
#Person1#: 잠시만 기다리세요. 가져다 드리겠습니다.
#Person2#: 네.","#Person2#는 MP3 플레이어를 찾고 있고, #Person1#은 파이오니어 브랜드를 추천하였으며, #Person2#는 노란색 모델을 선택합니다."
train.csv,이 제품,"#Person1#: 안녕하세요, 무엇을 도와드릴까요?
#Person2#: 안녕하세요. 향수 한 병 사고 싶어요.
#Person1#: 알겠습니다. 여기 다양한 종류의 향수가 있어요. 자유롭게 골라보세요.
#Person2#: 어떤 브랜드를 추천해주시겠어요? 품질에 문제가 있는 것은 사고 싶지 않아요.
#Person1#: 걱정하지 마세요, 그런 문제는 없어요. 이 제품 어때요? 잘 팔리는 제품이에요.
#Person2#: 음, 향이 좋네요. 가격이 얼마죠?
#Person1#: 한 병에 400위안입니다. 동시에 두 병을 사시면 10% 할인이 돼요. 또 다른 특별 혜택도 있어요. 립스틱이나 페이스 크림을 구매하시면 무료 선물을 드립니다.
#Person2#: 고마워요. 저는 지금 향수만 필요해요. 립스틱 살 때 다시 올게요.",#Person2#는 향수를 사고 싶어 합니다. #Person1#은 립스틱이나 페이스 크림 구매 시 특별 혜택이 있는 제품을 추천합니다. #Person2#는 향수만 필요해서 떠납니다.
train.csv,이 제품,"#Person1#: 이 제품의 판매 포인트는 첨단 기술이에요.
#Person2#: 하지만 대부분의 소비자가 구매하기엔 너무 비싸요.
#Person1#: 왜 가격이 이렇게 높은가요?
#Person2#: 단지 가격만 높은 게 아니라, 전체 컴퓨터 시스템을 호환되게 업데이트하는 데 드는 간접비가 많이 들어요.
#Person1#: 컴퓨터 모델이 호환되지 않나요?
#Person2#: 현재 대부분의 컴퓨터 시스템이 이 모델의 엄청난 성능을 감당하지 못해요.
#Person1#: 아마도 다음 세대 기술이 나오면, 이 모델의 가격이 좀 더 합리적이 될 거예요.
#Person2#: 하지만 그때가 되면 기술이 구식이 되겠죠.
#Person1#: 맞아요, 그렇지만 우리는 가격에 집중하지 않았어요. 품질 면에서는 확실히 경쟁력을 가지고 있어요.
#Person2#: 맞아요, 현시점에서는 비교할 만한 제품이 없어요.
#Person1#: 이 모델은 첨단 기술, 우수한 부품, 컴팩트한 설계로 최고 품질의 제품이에요.
#Person2#: 역시 돈 값을 하는 것 같네요.",#Person1#과 #Person2#은 첨단 기술을 가진 제품에 대해 이야기하고 있습니다. #Person2#은 전체 컴퓨터 시스템을 호환되게 업데이트하는 데 드는 간접비 때문에 가격이 비싸다고 말합니다.
train.csv,이 사람,"#Person1#: 어떤 음악 듣는 거 좋아해?
#Person2#: 나는 빠른 비트에 신나는, 댄스 음악 같은 거 좋아해. 거의 매주 디스코 가거든. 가끔 너무 시끄럽긴 하지만. 너는 클래식 음악 좋아하지?
#Person1#: 응, 맞아. 난 그게 정말 편안하더라. 힘든 하루 끝나고 저녁에 모차르트나 바흐 같은 거 자주 들어.
#Person2#: 솔직히 말하자면, 나도 클래식 음악 몇 곡은 좋아해. 현대 댄스 음악보다 확실히 더 세련됐지.
#Person1#: 클래식 음악은 뇌에 좋다고 하잖아. 연구에 따르면 뇌를 더 활성화시켜 준대. 공부할 때 클래식 음악 듣는 학생이 더 잘한대.
#Person2#: 진짜? 나도 클래식 음악 자주 들어야겠네. 클래식 음악 듣는 게 스트레스 해소에 도움이 된다고 들었어.
#Person1#: 맞아. 그래서 저녁에 많이 들어. 주로 요리하거나 집안일 할 때 배경 음악으로 틀어놓거든.
#Person2#: 나도 클래식 음악 CD 몇 장 있는데. 너 따라 뇌 능력 좀 키워봐야겠다.
#Person1#: 인터넷에서 녹음된 거 많으니까. 샘플 들어보고 마음에 들면 싸게 살 수 있어.
#Person2#: 그거 좋은 아이디어네. 너도 다른 음악으로 그렇게 해봐. 좋아할 만한 거 찾을 수도 있어. 클래식 음악이 똑똑하게 만들 수도 있지만, 댄스 음악은 더 활기차고 행복하게 만들 수도 있어.
#Person1#: 맞아. 신나는 음악 듣는 사람이 활기찬 사람이란 명백한 증거가 많잖아. 음악이 사람의 기분과 성격에 영향을 줄 수 있어.","#Person2#는 댄스 음악을 좋아하고 #Person1#은 클래식 음악을 선호한다. #Person1#은 #Person2#에게 클래식 음악을 더 많이 들으면 뇌가 활성화되고 스트레스가 줄어든다고 제안한다. #Person2#는 클래식 음악이 자신을 더 똑똑하게 만들 수 있지만, 댄스 음악은 더 활기차고 행복하게 만들 수도 있다고 말한다."
train.csv,이 사람,"#Person1#: 그래서 내가 5층에 있는 거야? 왜 이 호텔은 4층이 없는 거지?
#Person2#: 여기는 4라는 숫자가 불길한 숫자라서 그래. 중국어에서 4가 죽음이랑 비슷하게 들려. 그래서 호텔들은 4층을 안 두는 경우가 많아.
#Person1#: 아, 그렇구나. 그리고 물어보고 싶었던 게 있었어. 이 사람한테 얼마나 팁을 줘야 할까?
#Person2#: 여기서는 보통 팁을 안 주지만, 줘도 괜찮아. 50달러면 충분해.",#Person2#는 4라는 숫자가 중국어에서 죽음과 비슷하게 들리기 때문에 호텔에 4층이 없는 경우가 많다고 설명합니다.
train.csv,이 사람,"#Person1#: 지금 저희와 함께하신 분은 Visionary Vehicles의 CEO, Malcolm Bricklin님입니다. 
#Person2#: 안녕하세요, 여러분. 
#Person1#: 최근 포드 모터 컴퍼니가 전국적으로 14개의 공장을 폐쇄하고, 최대 30,000개의 일자리를 줄인다는 소식을 들었습니다. 이제 더 이상 이 차를 생산하지 않게 되면 큰 문제가 생길까요, Malcolm님? 
#Person2#: 네, 큰 문제라고 생각해요. 이런 대기업들은 직접적이든 간접적이든 대규모 고용주인데요. 포드의 구조조정 이후를 보면, 실제로 87,000명의 직원을 보유하고 있는데, 이는 전 세계적으로 마이크로소프트의 두 배나 되는 수치죠. 또한, 이런 일자리들은 매우 높은 급여를 주는 일자리들이에요. 이 사람들은 자기 제품을 스스로 구매할 수 있을 만큼 급여를 받습니다. 
#Person1#: 그러니까, 이 일자리가 사라지면 우리 경제에 큰 타격이겠네요. 
#Person2#: 네, 미국에게는 정말로 슬픈 날입니다. 
#Person1#: 하지만 자동차 생산이 완전히 중단되는 건 아니죠? 
#Person2#: 맞습니다. 여전히 많은 수의 자동차가 미국 제조업체에 의해 생산되고 있습니다. 미국에서 판매되는 자동차의 절반 이상은 미국산이에요. 그래서 시장 점유율이 떨어지면서 외국 자동차 회사들이 들어와 공장을 인수하고 새 공장을 세우면서 그 생산능력을 가져가게 된 거죠. 그러니 30년 전보다 미국에서 생산되는 자동차가 줄어든 건 아니에요. 
#Person1#: 중국이 자동차 시장에 진입하는 것에 대해 물어볼게요. 그런 일이 생기면 미국의 일자리에 어떤 영향을 미칠까요? 
#Person2#: 지금까지 본 중국 자동차들은 그렇게 훌륭하지 않고, 세계 무대에서 큰 영향을 미칠 만한 브랜드가 아직 없는 것 같습니다.","Visionary Vehicles의 CEO, Malcolm Bricklin이 미국 자동차 제조업에 대한 질문에 답변했습니다. 그는 더 이상 자동차를 생산하지 않으면 미국 경제에 큰 타격이 될 것이라고 보며, 30년 전보다 미국에서 생산되는 자동차는 줄지 않았다고 진단합니다."
train.csv,이 직업,"#Person1#: 이 직업에서 장기 목표가 어떻게 되세요? 
#Person2#: 제 목표는 이 분야의 전문가가 되는 거예요. 
#Person1#: 그 목표를 위해 무엇을 하실 건가요? 
#Person2#: 목표를 달성하려면 한 걸음씩 나아가고, 추가로 공부할 계획이에요.",#Person1#은 #Person2#에게 장기 목표와 계획에 대해 질문합니다.
train.csv,이 직업,"#Person1#: 안녕하세요, Thompson 씨. 제 이름은 Mary Brown이에요.
#Person2#: 안녕하세요, Brown 씨, 자리에 앉으세요.
#Person1#: 감사합니다.
#Person2#: 그럼, Brown 씨, 본인에 대해 말씀해 주시겠어요?
#Person1#: 네, 물론이죠. 저는 18살이고, 방금 Peterson 비서 학교를 졸업했어요. 신문에서 광고를 보고 당신이 비서를 찾고 계신다는 걸 알게 되었어요.
#Person2#: 어떤 일을 할 수 있는지 말씀해 주시겠어요?
#Person1#: 비서로서 필요한 모든 일을 할 수 있어요. 예를 들면, 타이핑, 전화 받기, 팩스 보내기, 보고서 작성 같은 것이요.
#Person2#: 좋군요, 이 직업에 필요한 자격이 충분하시네요. 기대하는 급여가 어떻게 되나요?
#Person1#: 광고에서 이 직책의 월급이 대략 800달러라고 봤어요.
#Person2#: 맞습니다.
#Person1#: 그 정도면 괜찮습니다.
#Person2#: 이 직업에 대해 궁금한 점이 있으신가요?
#Person1#: 아직 없습니다.
#Person2#: 좋습니다. 와주셔서 감사합니다, Brown 씨. 만나서 이야기해서 반가웠고, 결과는 최대한 빨리 알려 드리겠습니다.
#Person1#: 시간을 내주셔서 감사합니다.","Mary Brown은 Thompson 씨에게 비서로서 필요한 업무를 모두 수행할 수 있다고 말하며, Thompson 씨는 그녀가 직무에 적합하다고 평가합니다. Brown 씨는 급여에 만족하고, Thompson 씨는 결과를 곧 알려주겠다고 합니다."
train.csv,이 직업,"#Person1#: 지금 어디서 일하고 계신가요?
#Person2#: 저는 BBC 월드 서비스에서 일하고 있어요. BBC에서 일한 지 5년 됐어요. 그전에는 EU에서 동시통역사로 일했어요.
#Person1#: 이 직업은 제네바에서 일하게 될 거라는 걸 알고 계시죠? 해외에서 살아본 적 있으세요?
#Person2#: 네, 물론이죠. 저는 아르헨티나에서 태어나서 11살까지 거기서 살았어요.
#Person1#: 흥미롭네요. 여행은 많이 하셨나요?
#Person2#: 네, 유럽 전역과 남미 여러 곳을 여행했어요.
#Person1#: 거기에는 왜 가셨나요?
#Person2#: 대부분은 즐기기 위해 갔어요. 하지만 3년 전에는 부에노스아이레스로 BBC를 위해 여러 정치 뉴스를 취재하러 갔었어요.","#Person1#는 #Person2#의 직업에 관심을 보입니다. #Person2#는 BBC에서 근무하며, 주로 여행을 즐기기 위해 많은 곳을 방문합니다."
train.csv,그 분야,"#Person1#: 대학 졸업하고 뭐 할 계획이야?
#Person2#: 난 관리직을 하고 싶어. 이미 몇 군데 지원했어, 좋은 소식이 오길 기대하고 있어. 너는?
#Person1#: 난 변호사가 되려면 시험을 더 봐야 해. 잘할 수 있을 것 같아. 런던의 법률 회사에 들어갈 수도 있고.
#Person2#: 우리 둘 다 목표를 이루려면 여러 장애물을 넘어야 하네.
#Person1#: 만약 인생이 쉬웠다면 목표를 빨리 이루고도 지루했을 거야.
#Person2#: 열심히 해도 성공하지 못하는 사람들도 많으니 현실적이어야 해.
#Person1#: 그래서 목표는 현실적이어야 해. 불가능한 걸 이루려고 하면 안 돼.
#Person2#: 계획만 제대로 세우면 대부분 가능해. 일이 어긋나도 대비책이 있어야 하지.
#Person1#: 진짜로 흥미 있는 분야에서 성공하는 게 중요하다고 생각해. 다른 사람들이 억지로 끌어당길 순 없어.
#Person2#: 아버지는 내가 의사가 되길 원했지만, 그 분야에서 성공은 힘들다고 느꼈어.
#Person1#: 우리 부모님도 내가 선택한 길에 간섭 안 했으면 좋겠어.","#Person1#과 #Person2#는 졸업 후의 목표에 대해 이야기합니다. 신중한 계획과 현실적인 목표 설정의 중요성을 강조하며, 자신이 진정으로 흥미 있는 일을 하는 것이 중요하다고 생각합니다."
train.csv,그 분야,"#Person1#: 너희 나라에서는 어떤 직업이 인기를 끌어? 
#Person2#: 다른 나라들처럼, 컴퓨터 관련 일이 많이 성장하고 있어. 특히 젊은 층이 그 분야에 많이 끌리는 것 같아. 교육 분야도 성장하고 있어. 
#Person1#: 우리나라에서도 그 분야가 발전하고 있어. 많은 사람들이 실용적이고 전문적인 기술을 배우고 싶어해. 
#Person2#: 흥미로운 건 많은 교사들이 사실 교육 전공자가 아니라는 거야. 주로 자신의 일을 쉬면서 다른 사람에게 기술을 전수하는 전문가들이 많이 활약하고 있어. 
#Person1#: 나도 그거 봤어. 사람들은 주로 어떤 걸 배우고 있어? 
#Person2#: 우리나라에서는 주로 마케팅, 경영기법, 인적 자원 관리 등 비즈니스 관련 공부를 하고 있어. 
#Person1#: 나는 여가 산업과 관련된 직업이 앞으로 더 인기를 끌 것 같아. 
#Person2#: 우리나라에서는 그 트렌드가 이미 시작됐어. 특히 피트니스 센터에서 일할 사람들에 대한 수요가 많아. 덜 인기 있는 직업은 뭐야? 
#Person1#: 전통적인 직업들, 예를 들어 농업이나 중공업 같은 것들. 젊은 사람들은 이런 직업들에 관심이 없고, 다른 나라에서는 더 저렴하게 물건을 생산할 수 있어. 
#Person2#: 맞아. 우리나라도 서비스와 하이테크 분야는 확장 중인데, 중공업과 1차 산업은 축소되고 있어. 하지만 자동차나 항공기 제조업체들은 아주 잘하고 있어. 
#Person1#: 그들은 높은 품질로 잘 알려져서 그렇지.","#Person1#과 #Person2#의 나라에서는 컴퓨터와 교육 분야가 성장하고 있다. #Person2#의 나라에서는 사람들이 주로 비즈니스 관련 공부를 하며, 서비스 및 하이테크 분야가 확장되고 있다. #Person1#은 여가 산업이 앞으로 인기를 끌 것이라고 생각하고, 젊은 세대는 전통적인 분야에 관심이 없다."
train.csv,그 분야,"#Person1#: 나 학교로 돌아가고 싶어, Paul.
#Person2#: 좋은 생각이네, Cindy. 그런데 뭐 공부할 거야?
#Person1#: 잘 모르겠어. 심리학에 항상 관심 있었거든. 잘할 수 있을 것 같아.
#Person2#: 음, 내가 널 못 믿는 게 아니라, 넌 항상 공부 잘했잖아. 근데 성인이 되어서 다시 학교 가는 건 좀 다르지.
#Person1#: 음, 친구 만드는 건 문제 없을 것 같은데. 꽤 많은 나이 드신 분들이 나처럼 인생 후반에 2학사 학위 따지 않잖아. 그리고 난 항상 마음이 젊었으니까, 다른 학생들과도 잘 어울릴 것 같아. 그리고 지금은 공부도 시험도 더 잘할 것 같아. 10대 후반이나 20대 초반 때보다는 말이야.
#Person2#: 그래, 근데 내가 걱정하는 건 그게 아니라구. 졸업하고 나서 뭘 할지 생각해 본 적 있어?
#Person1#: 아마 일을 구해야겠지.
#Person2#: 심리학 분야의 일에 대해서 아는 게 있어?
#Person1#: 많이는 모르겠어, 근데 작은 곳에서 시작해서 차근차근 올라가면 되지 않을까?
#Person2#: 그건 월스트리트의 큰 회사 얘기 같네. 심리학은 달라. 지금 그 분야에는 일자리가 많지 않고, 박사 학위 없으면 급여도 많지 않아. 우리 아이들 두 명도 먹여 살려야 하는데, 알지?","Cindy는 심리학 2학사 학위를 받으려고 학교로 돌아가고 싶어하지만, Paul은 그 분야에 일자리가 많지 않고 두 아이를 부양해야 한다는 점 때문에 걱정하고 있다."
train.csv,이 학교,"#Person1#: 안녕하세요, Mrs. Turnbull. 잘 지내세요? 
#Person2#: 네, 잘 지내요. 감사합니다. 아드님 Jack은 어떻게 지내나요? 
#Person1#: 좀 피곤해요. 매일 아침 여덟 시에 학교에 가고, 오후 네 시가 넘어서야 집에 와요. 그 후에 차를 마시고 숙제를 해요. 숙제를 끝내는 데 보통 두 시간 정도 걸리거든요. 
#Person2#: 안됐네요. 요즘 아이들이 학교에서 열심히 하네요, 그렇죠? Jack은 학교를 좋아하나요? 
#Person1#: 네, 학교를 좋아해요. 선생님들도 잘해주셔서 큰 도움이 되죠. 
#Person2#: 맞아요, 큰 차이가 나죠. Jack은 버스를 타고 가나요? 
#Person1#: 아니요, 걸어서 가요. 걷는 걸 좋아해서 모퉁이에서 친구들을 만나 같이 가요. 
#Person2#: 비가 올 때는 어떻게 해요? 
#Person1#: 남편이 차로 데려다줘요. 사무실 가는 길에 학교를 지나거든요.","#Person1#은 Mrs. Turnbull에게 아들 Jack이 학교 때문에 피곤하지만, 학교를 좋아한다고 말합니다. Jack은 보통 걸어서 학교에 가지만, 비가 오면 남편이 차로 데려다줍니다."
train.csv,이 학교,"#Person1#: 야, 수영장 열렸어! 
#Person2#: 오늘부터 열렸어. 현충일이 학교 학년말이 끝나고 여름이 시작되는 날이거든. 
#Person1#: 이제 애들이 밖에 나가야 할 때가 왔네... 
#Person2#: ...그리고 우리는 새 비키니 입고 선탠하러 나가야겠지. 
#Person1#: 나는 그렇지 않아. 우리 대만 사람들은 선탠하는 거 안 좋아해. 
#Person2#: 요즘에는 그게 현명한 선택이야, 피부암에 대한 뉴스도 많잖아. 야, 다들 왔나 봐! 우리가 해냈다!","#Person2#는 여름이 시작될 때 선탠을 하고 싶어 하지만, #Person1#은 선탠을 선호하지 않는다."
train.csv,이 학교,"#Person1#: 왜 선생님이 되고 싶으세요?
#Person2#: 오랫동안 꿈꿔온 직업이라서요. 어렵긴 하지만, 이보다 더 보람 있는 일은 없다고 확신해요.
#Person1#: 우리 학교에 대해 알고 있나요?
#Person2#: 네, 조금 압니다. 이 학교가 이 마을에서 가장 유명한 학교 중 하나라고 알고 있어요. 학생이 약 200명 정도라고 들었어요.",#Person2#는 교사가 되는 것이 오랫동안 꿈꿔온 직업이기 때문에 되고 싶어합니다.
train.csv,이 양식,"#Person1#: 안녕하세요, 고객님. 룸서비스입니다. 무엇을 도와드릴까요?
#Person2#: 안녕하세요. 관광 일행을 위한 방을 예약하고 싶어요.
#Person1#: 알겠습니다. 어떤 방을 원하시나요?
#Person2#: 저희 일행이 각기 다른 요구가 있어서 좀 더 자세히 설명해 주실 수 있을까요?
#Person1#: 물론입니다. 저희 호텔에는 싱글룸, 더블룸, 스위트룸, 럭셔리 스위트룸 등이 있습니다. 여기 호텔 소개서도 참고하실 수 있습니다.
#Person2#: 좋네요. 싱글룸 4개, 더블룸 5개, 스위트룸 3개를 예약하고 싶어요.
#Person1#: 알겠습니다. 예약은 언제부터로 하시겠습니까?
#Person2#: 내일부터 1월 8일까지, 총 5일간입니다.
#Person1#: 알겠습니다. 이제 이 양식을 작성해 주세요.
#Person2#: 여기 있어요. 다 괜찮나요?
#Person1#: 잠시만요, 고객님. 미리 500위안의 보증금을 내셔야 합니다.
#Person2#: 네, 여기 있습니다.
#Person1#: 감사합니다. 이 영수증을 보관해 주세요.
#Person2#: 감사합니다. 그런데 이 그룹에 대한 할인 혜택이 있나요?
#Person1#: 네, 15% 할인이 있습니다.
#Person2#: 정말 좋네요. 감사합니다.
#Person1#: 천만에요. 모두 즐거운 시간 보내시길 바랍니다.","#Person1#은 #Person2#가 관광 일행을 위해 싱글룸 4개, 더블룸 5개, 스위트룸 3개를 내일부터 1월 8일까지 5일간 예약하도록 도와주고, 500위안의 보증금을 받고 #Person2#에게 15% 할인을 제공합니다."
train.csv,이 양식,"#Person1#: 안녕하세요. 제가 도와드릴까요, 손님?
#Person2#: 네, 독일 은행에 계좌가 있는 사람에게 돈을 보내는 방법을 알려줄 수 있나요?
#Person1#: 네, 우편 송금, 전신환 또는 SWIFT 송금으로 보낼 수 있어요. 아니면 은행환을 끊어서 직접 수취인에게 우편으로 발송할 수도 있어요.
#Person2#: 가장 좋은 방법이 뭐죠?
#Person1#: 그건 금액과 상대방이 돈을 얼마나 빨리 받아야 하는지에 따라 달라요. SWIFT 송금이 가장 빠르지만, 보통 은행환이 가장 저렴해요. 얼마를 보내시려고요?
#Person2#: 800달러요.
#Person1#: 우편 지급 명령으로 보내시는 게 어때요?
#Person2#: 얼마나 걸리나요?
#Person1#: 약 일주일 정도요.
#Person2#: 잘 모르겠어요. 더 빨리 보낼 수 있을까요?
#Person1#: 물론이죠. 전신환이나 SWIFT 송금을 이용할 수 있어요.
#Person2#: 그래서 그 두 가지는 얼마나 걸리죠?
#Person1#: 전신환과 SWIFT 송금은 보통 수취인 계좌에 3~4 영업일 이내에 입금됩니다. 수취인의 은행이 우리 은행의 제휴 은행인지 아니면 다른 은행을 거쳐야 하는지에 따라 다릅니다.
#Person2#: 알겠습니다. 전신환으로 보내려면 어떻게 해야 하나요?
#Person1#: 이 양식을 작성하셔야 합니다, 손님.","#Person1#은 #Person2#에게 독일 은행에 계좌가 있는 사람에게 돈을 보내는 방법을 설명하며, 빠르게 보내기 위한 방법으로 전신환과 SWIFT 송금을 추천합니다."
train.csv,이 양식,"#Person1#: 어떤 계좌를 선호하세요? 입출금 계좌 아니면 저축 계좌 중에서요? 
#Person2#: 입출금 계좌를 열고 싶어요. 
#Person1#: 알겠습니다. 이 양식을 작성해 주시고 신분증을 보여주세요. 
#Person2#: 여기 있어요.",#Person1#이 #Person2#의 입출금 계좌 개설을 돕습니다.
train.csv,이 종이,"#Person1#: 우리 파티는 언제 열리죠?
#Person2#: 다음 주 수요일이요.
#Person1#: 제가 이 종이에 적은 사람들한테 집들이 초대장은 다 보냈나요?
#Person2#: 네, 다 보냈어요.
#Person1#: 언제 보냈어요?
#Person2#: 열흘 전에 보냈어요.
#Person1#: 좋아요. Dr. Cole은 파티에 올까 싶네요?
#Person2#: 네, 오실 거예요.
#Person1#: 그럼 됐네요.",#Person1#는 #Person2#와 함께 파티의 시간과 초대장 발송 여부에 대해 확인합니다. 또한 Dr. Cole의 참여 여부에 대해서도 이야기합니다.
train.csv,이 종이,"#Person1#: 시장에서 뭐 샀어?
#Person2#: 특별한 지역 상품 좀 샀어.
#Person1#: 너 시장을 다 산 것 같아 보이네.
#Person2#: 응, 정말 그랬으면 좋겠어. 그 수공예품들, 특히 종이공예품을 정말 좋아해.
#Person1#: 종이공예품은 다 수작업이잖아. 너 산 종이공예품 좀 보여줘. 어, 전부 동물이네.
#Person2#: 맞아, 동물 모양이잖아? 중국 종이공예품의 주요 테마지.
#Person1#: 그래, 동물이 종이공예품에서 흔한 주제인데, 다른 주제도 있어.
#Person2#: 내일 좀 더 살 거야.
#Person1#: 왜 그렇게 많이 사고 싶어?
#Person2#: 친구들한테 보내고 싶어서.",#Person2#는 #Person1#에게 자신이 산 지역 상품을 보여줍니다. #Person2#는 친구들에게 보내기 위해 더 많은 종이공예품을 살 계획입니다.
train.csv,이 종이,"#Person1#: 저기요, 도와드릴까요?
#Person2#: 음... 편지지랑 봉투 좀 살 수 있을까요?
#Person1#: 편지 쓸 때 쓰는 종이를 말씀하시는 건가요?
#Person2#: 네.
#Person1#: 여기 진열장에 있습니다. 어떤 걸 원하세요?
#Person2#: 이 종이랑 저 봉투로 주세요.
#Person1#: 네, 손님. 더 필요한 거 없으신가요?
#Person2#: 네, 50센트짜리 우표 다섯 장이요.
#Person1#: 음... 모두 합해서 4달러 60센트입니다.
#Person2#: 여기 5달러요.
#Person1#: 감사합니다. 여기 거스름돈입니다.
#Person2#: 감사합니다.","#Person2#는 #Person1#의 도움으로 편지지와 봉투, 50센트짜리 우표 다섯 장을 구입합니다."
train.csv,이 분야,"#Person1#: 이 직업에서 장기 목표가 어떻게 되세요? 
#Person2#: 제 목표는 이 분야의 전문가가 되는 거예요. 
#Person1#: 그 목표를 위해 무엇을 하실 건가요? 
#Person2#: 목표를 달성하려면 한 걸음씩 나아가고, 추가로 공부할 계획이에요.",#Person1#은 #Person2#에게 장기 목표와 계획에 대해 질문합니다.
train.csv,이 분야,"#Person1#: 당신의 가장 큰 강점은 무엇인가요?
#Person2#: 저는 계획을 잘 세우고, 시간을 철저하게 관리해서 항상 제시간에 일을 끝낼 수 있어요.
#Person1#: 이 일을 잘할 자신이 있는 이유는 무엇인가요?
#Person2#: 제 경험상 이 분야에서 충분한 역량을 가지고 있다고 생각해요.
#Person1#: 압박 속에서도 일을 잘할 수 있나요?
#Person2#: 네, 압박 속에서도 잘 일할 수 있어요. 계획과 시간 관리를 통해 촉박한 상황을 극복할 수 있다고 믿어요.
#Person1#: 리더십이나 팀워크 중 어느 쪽에 더 중점을 두나요?
#Person2#: 사람들을 이끄는 것보다는 팀과 협력해서 함께 목표를 달성하는 것이 더 좋다고 생각해요.","#Person1#이 #Person2#을 인터뷰하면서 강점, 압박 상황에서의 일 처리, 리더십과 팀워크에 대한 질문을 하고 있습니다. #Person2#는 계획과 시간 관리 능력을 강조하며 협력을 중요시합니다."
train.csv,이 분야,"#Person1#: 이게 우리 입찰서 제출물이예요. 여기에는 프로젝트의 규모나 비용 같은 내용이 포함되어 있어요.
#Person2#: 알겠습니다! 검토해볼게요.
#Person1#: 어떤 보증을 제공할 계획이세요?
#Person2#: 중국은행에서 발급한 보증 신용장을 제공할 수 있어요.
#Person1#: 계약금을 지불해야 하나요?
#Person2#: 네, 기한 내에 지불해야 합니다. 입찰 보증금을 제때 제출하지 않으면 귀하의 입찰은 고려되지 않을 거예요. 상품의 상세한 기술 자료도 제공해야 하고요.
#Person1#: 어디에 입찰서를 제출하죠?
#Person2#: 우리 사무실 3층에 제출하시면 됩니다.
#Person1#: 아, 알겠습니다. 그런데, 입찰서 개봉은 공개되나요?
#Person2#: 네, 모든 입찰자들이 입찰서 개봉 과정을 감독하러 초대됩니다.
#Person1#: 그리고 가격은 미화로 표기되나요?
#Person2#: 네, 그렇습니다. 귀사는 이 분야에서 많은 경험을 가지고 있어서 진지하게 고려해 주시길 바랍니다.
#Person1#: 네! 알겠습니다. 안녕히 계세요!
#Person2#: 안녕히 계세요!","#Person1#은 #Person2#에게 입찰서 제출물을 보여줍니다. #Person2#은 중국은행에서 발급한 보증 신용장을 제공할 수 있으며, #Person1#은 계약금을 제시간에 지불하고 그들의 사무실에 입찰서를 제출해야 한다고 설명합니다. 입찰서 개봉은 공개적으로 진행됩니다."
train.csv,이 기계,"#Person1#: 실례지만, 주머니에 있는 금속 물건을 모두 꺼내서 이 트레이에 넣어주세요.
#Person2#: 열쇠도 포함인가요?
#Person1#: 네, 그리고 저쪽으로 가주시겠어요?
#Person2#: 알겠습니다. 이제 뭘 하면 되나요?
#Person1#: 가방을 열어주시면 확인하겠습니다. 그 후에는 뒤쪽 X-ray 기계 뒤에서 가방을 찾으시면 됩니다.
#Person2#: 가방에 필름이 들어있어요.
#Person1#: 괜찮습니다. 이 기계는 필름을 손상시키지 않습니다.
#Person2#: 그러면 괜찮네요.
#Person1#: 탑승권 좀 주시겠어요? 스탬프를 찍어야 해서요.
#Person2#: 물론이죠. 여기 있습니다.
#Person1#: 감사합니다.
#Person2#: 이제 통과된 건가요?
#Person1#: 네. 여기 탑승권입니다.
#Person2#: 감사합니다. 안녕히 계세요.",#Person2#가 보안 검사를 받고 있습니다. #Person1#은 #Person2#의 가방을 확인하고 탑승권에 스탬프를 찍습니다.
train.csv,이 기계,"#Person1#: 안녕하세요, 돈을 어떻게 인출하는지 궁금한데요.
#Person2#: 은행 창구 앞에 줄이 조금 기네요. 이 기계를 사용해 보세요.
#Person1#: 어떻게 사용하는 거예요?
#Person2#: 여기에 카드를 넣고 안내에 따라 조작하시면 돼요.
#Person1#: 카드를 넣었는데 안 나오면 어떻게 해야 하나요?
#Person2#: 보통 그런 일은 없어요.
#Person1#: 500위안을 인출했는데 100위안만 나오면 어떻게 하죠?
#Person2#: 손님, 진정하세요.
#Person1#: 500위안을 인출했는데 5000위안이 나오면 얼마나 좋을까요! 하하.
#Person2#: 손님, 현실로 돌아오세요. 기다리는 사람들이 많아요.","#Person2#는 #Person1#에게 기계를 사용하여 돈을 인출하는 방법을 설명하고, #Person1#은 기계가 고장 나는 상황을 상상합니다."
train.csv,이 기계,"#Person1#: 이 자판기 사용하는 법 좀 도와줄 수 있어?
#Person2#: 물론이지, 기꺼이 도와줄게. 뭐 사고 싶어?
#Person1#: 저 사탕 사고 싶어.
#Person2#: 알았어. 이 기계는 돈을 거슬러줄 거야. 돈 준비됐어?
#Person1#: 응, 지금까지는 괜찮아.
#Person2#: 그다음엔, 돈을 기계에 넣는 거야. 돈이 구겨지지 않도록 해.
#Person1#: 아, 그건 이미 알고 있었어.
#Person2#: 그래도 돈이 걸릴 때도 있어서 다시 넣어야 할 때가 있어.
#Person1#: 알겠어, 다음으로 넘어가자!
#Person2#: 이제 선택만 하면 돼, 잘 나오길 기도하면서. 안 나오면 다시 해보거나 기계 옆에 있는 번호로 연락해.
#Person1#: 잘 됐으면 좋겠어!
#Person2#: 자, 행운을 빌어!",#Person2#가 #Person1#에게 사탕을 사기 위해 자판기 사용하는 법을 가르쳐 준다.
train.csv,그 잡지,"#Person1#: 나랑 서점에 같이 갈래?
#Person2#: 좋은 생각이야. 가자.
#Person1#: 제프리가 두 번째 탐정 소설을 출간한 거 알아?
#Person2#: 응, 들었어. 네가 그 책 사고 싶어하는 거 알아. 하지만 나는 탐정 소설엔 관심 없어.
#Person1#: 그럼 넌 뭐에 관심 있어?
#Person2#: 코스모폴리탄 같은 패션 잡지.
#Person1#: 그 잡지 알아. 되게 유명하지.
#Person2#: 맞아. 몇 권 빌려줄게.
#Person1#: 고마워. 근데 난 관심 없어.","#Person1#은 제프리의 탐정 소설에 관심이 있으며, #Person2#는 패션 잡지에 관심을 가지고 있습니다."
train.csv,그 잡지,"#Person1#: 내 사무실에 이 잡지 더미 누가 둔 거야?
#Person2#: Alice가 그랬어. 너 보고 도서관에 갖다 달라고 했다고.
#Person1#: 아, 맞다. Alice가 나한테 그 잡지들 좀 갖다달라고 했었지. 완전 잊고 있었네.",#Person2#는 #Person1#에게 Alice가 잡지들을 도서관에 가져다달라고 부탁했었다고 상기시킵니다.
train.csv,그 잡지,"#Person1#: 오, 와. 오늘이 학교 마지막 날이라니 믿기지 않아. 이제 세 달 동안 수업이 없네! 여름 방학 때 어디로 가려고 해? 
#Person2#: 몇 달 전에 학생 중 한 명이 잡지를 줬거든. 그 잡지가 너무 흥미로워서 이제 매달 우편으로 받아보고 있어. 
#Person1#: 그냥 온라인에서 읽지 그래? 
#Person2#: 음, 사진을 정말 좋아해서, 가끔 사진을 잘라서 벽에 붙여두기도 해. 
#Person1#: 응? 
#Person2#: 첫 잡지를 받은 이후로 여행 계획을 계속 세우고 있어. 가장 흥미로운 사진들을 골라서 잘라붙여 두지. 그걸 보면서 어디가 제일 가고 싶은지 결정해. 
#Person1#: 대부분 사람들은 그걸 그냥 페이스북에서 하잖아... 
#Person2#: 음, 난 그냥 이 방식이 더 좋아. 
#Person1#: 그래서 벽에 사진이 몇 장이나 있어? 
#Person2#: 대략 열두 장 정도. 
#Person1#: 그래서 어디로 갈지 결정했어? 
#Person2#: 아, 응. 이미 비행기 표도 있어. 
#Person1#: 어디로 가는지 너무 궁금해. 두 달 동안 사진을 보고 계획했으니... 자, 어디로 가? 
#Person2#: 모로코야! 한 달 동안 있을 거야! 
#Person1#: 정말 멋지다!","#Person1#은 #Person2#에게 방학 계획을 묻고, #Person2#은 잡지에서 사진을 오려 벽에 붙여 여행지를 선택했다고 말합니다. 최종적으로 모로코로 여행을 가기로 결정했습니다."
train.csv,그 전에,"#Person1#: 오늘 밤의 전설적인 삶에 오신 것을 환영합니다. 저는 Shirley Morgan입니다. 오늘 밤에는 30년 경력의 유명한 요리사, David Hopkins를 초대하게 되어 매우 영광입니다. 작년에 그의 신간 'Secrets in the Kitchen'이 6개월간 뉴욕 타임스 베스트셀러에 올랐습니다. 우리 프로그램에 오신 것을 환영합니다, David.
#Person2#: 안녕하세요, Shirley. 여기 오게 되어 기쁩니다.
#Person1#: David, 요리의 비법을 공개하시는 걸 보고 싶어서 참을 수가 없네요. 요리의 방법과 이유를 탐구하죠. 그 전에 하나 질문 드려도 될까요? 셰프와 요리사는 어떤 차이가 있을까요?
#Person2#: 제 생각에 요리사는 보통 입문직에서 일하고, 주방에서 다양한 곳에서 경험을 쌓으며 레시피를 따릅니다. 반면 셰프는 특별한 훈련을 받고, 어떤 음식이 잘 어울리는지를 더 잘 이해해서 새로운 레시피를 만들어낼 수 있습니다.
#Person1#: 그렇군요, 셰프는 전문적인 교육을 받은 요리사고, 요리사는 기본적으로 요리를 하는 사람이라는 거군요. 그럼 어떻게 셰프가 되셨나요?
#Person2#: 저는 전문적으로 훈련을 받았습니다. 95%는 전문적인 훈련이고, 나머지 5%는 재능입니다.
#Person1#: 셰프의 하루를 설명해 주실 수 있을까요? 정말 궁금하거든요.
#Person2#: 특별한 건 없어요. 보통 서비스가 시작하기 2시간 전에 출근합니다. 전날 밤에는 다음날 준비해야 할 것들의 목록을 작성하죠. 역할에 따라 다양한 임무를 맡습니다.
#Person1#: 도전적이네요. 하루에 몇 시간씩 일하세요?
#Person2#: 하루에 10시간에서 12시간 정도 일합니다.
#Person1#: 정말 거의 풀타임이군요! 저 같은 평범한 요리사에게 조언이 있을까요?
#Person2#: 요리는 당신의 열정과 창의성을 필요로 합니다. 주방은 단순히 야채를 자르고 빠르게 아침을 만드는 곳이 아닙니다. 사람들이 정말 즐길 수 있는 음식을 만드는 것이 중요합니다.
#Person1#: 정말 동의해요. 주방에서는 기적이 일어나죠. 참여해 주셔서 감사합니다, David.
#Person2#: 제 기쁨입니다.","#Person1#은 유명 셰프 David를 프로그램에 초대하여 그에게 요리사와 셰프의 차이점, 셰프의 하루 일과, 평범한 요리사를 위한 조언 등에 대해 질문합니다. David는 요리가 열정과 창의성을 필요로 한다고 말합니다."
train.csv,그 전에,"#Person1#: 요즘 숨 쉬는 게 좀 힘들어서 월요일 아침에 병원 예약했어.
#Person2#: 같은 문제로 얼마 전에 병원 다녀오지 않았어?
#Person1#: 아니, 지난 화요일에는 기침 때문에 갔었어. 그 전에는 다리에 감각이 없었는데, 알고 보니 너무 오래 서 있어서 그랬던 거야.
#Person2#: 우리 삼촌도 그런 적이 있었어. 아무 일 없길 바라. 내일 진료 끝나고 필요한 거 있으면 내가 가져다줄게.
#Person1#: 고마워. 정말 좋은 친구야.",#Person1#은 최근 호흡에 어려움을 겪고 있어 월요일 아침에 병원 예약을 했다고 #Person2#에게 말한다. #Person2#는 걱정하며 도와주겠다고 한다.
train.csv,그 전에,"#Person1#: 회의를 시작하겠습니다. 바쁘신 와중에 참석해 주셔서 감사합니다. 오늘 다뤄야 할 내용이 많습니다. 모두 안건 받으셨나요?
#Person2#: 안건 한 부 필요한데요. 그리고 제안 하나 해도 될까요? 오늘 검토할 사항이 많은 건 알지만, 회의를 4시 전에 마칠 수 있을까요? 우리 중 많은 사람이 오늘 끝내야 할 일이 산더미처럼 남아있습니다.
#Person1#: 그 전에 다 마칠 수 있을 거예요. 주요 사항부터 먼저 살펴보고 진행 상황을 봅시다. 첫 번째는 지난 회의의 회의록 승인입니다.
#Person2#: 회의록 승인을 제안합니다.
#Person1#: 좋아요. 동의해 주실 분 있으신가요?
#Person2#: 제가 동의합니다.
#Person1#: 가결되었습니다. 이제 다음 안건은 예산 검토입니다. Margaret, 예산 검토 진행 상황에 대해 말씀해 주세요.
#Person2#: 지난주에 매뉴얼을 모두에게 한 부씩 나눠드렸습니다. 검토 위원회가 모든 것을 검토했고 최종 검토를 완료했습니다. 여기 각자 한 부씩 드릴게요, 그리고 궁금한 점이 있으면 회의 후에 저와 이야기하세요. 기본적으로 예산 검토는 완료되었고, 아마도 몇 가지 세부 사항만 손봐야 할 것 같습니다.
#Person1#: 어떤 조치가 필요한가요?
#Person2#: 모두 최종 검토 자료를 보고 의견이나 수정 사항이 있으면 말씀해 주세요. 다음 주에 최종 승인을 할 수 있을 겁니다.","#Person1#은 4시 전에 회의를 끝내기로 합의하고, 지난 회의의 회의록 승인부터 시작합니다. 그 후 Margaret에게 예산 검토의 진행 상황에 대해 설명해 달라고 요청하며 최종 승인은 다음 주에 할 예정입니다."
train.csv,그 버스,"#Person1#: 알타데나에서 LA 다운타운까지 가는 버스 알아?
#Person2#: 486번 타면 될 거야.
#Person1#: 그 버스가 정말로 LA까지 가?
#Person2#: 응, 맞아.
#Person1#: 많이 걸려?
#Person2#: 45분에서 한 시간 정도 걸려.
#Person1#: 정말?
#Person2#: 별로 오래 걸리지 않아.
#Person1#: 그 버스를 타는 사람이 많아?
#Person2#: LA 쪽으로 가면 사람들이 점점 더 많이 타.
#Person1#: 와, 고마워.
#Person2#: 아냐, 괜찮아.","#Person2#는 #Person1#에게 알타데나에서 LA 다운타운까지 486번 버스를 타면 되고, 약 45분에서 한 시간 정도 소요된다고 말합니다."
train.csv,그 버스,"#Person1#: 죄송한데, 기차역 가려면 어떻게 해야 하나요?
#Person2#: 네, 45번 버스를 타셔야 해요.
#Person1#: 그 버스가 바로 역까지 가나요?
#Person2#: 네, 버스에서 내리면 바로 앞에 역이 있을 거예요.
#Person1#: 좋아요, 그런데 버스 정류장은 어디에 있죠?
#Person2#: 길을 쭉 따라가시다가 첫 번째 교차로에서 오른쪽으로 돌면 돼요. 쉽게 찾을 수 있을 거예요.
#Person1#: 감사합니다. 얼마나 빨리 갈 수 있을까요?
#Person2#: 음, 길이 많이 막히지 않으면 30분 정도 걸릴 거예요.
#Person1#: 정말 감사합니다.
#Person2#: 천만에요.",#Person2#가 #Person1#에게 기차역으로 가는 방법을 안내합니다.
train.csv,그 버스,"#Person1#: 정말 PCC로 가는 버스를 찾아야 해요.
#Person2#: 그 버스를 어디서 타야 하나요?
#Person1#: 라스 플로레스 드라이브랑 페어 오크스까지 올라가야 해요.
#Person2#: 어떤 버스를 타야 하는지 알려줄 수 있는데, 조금 걸어야 해요.
#Person1#: 걷는 건 괜찮아요.
#Person2#: 267번이 알타디나 드라이브랑 페어 오크스에 정차해요.
#Person1#: 어느 방향으로 가야 하나요?
#Person2#: 서쪽으로 가는 버스를 타세요.
#Person1#: 어디서 내려야 할지 알아요?
#Person2#: 델 마르랑 힐에서 내리면 돼요.
#Person1#: 알려줘서 고마워요, 친구야.
#Person2#: 문제없어요.",#Person1#이 PCC로 가기 위해 267번 버스를 타고 알타디나 드라이브와 페어 오크스에서 출발하여 델 마르와 힐에서 내리도록 #Person2#가 안내합니다.
train.csv,이 신문,"#Person1#: 돌아오세요. 아직 돈을 안 내셨어요.
#Person2#: May, 그냥 놔두세요.
#Person1#: 하지만 그 사람이 신문을 돈도 안 내고 가져갔잖아요.
#Person2#: 알고 있어요.
#Person1#: 왜요? 헷갈리게 하네요.
#Person2#: 그 분은 근처에 사셔서 신문 제목만 훑어보시고 정치면만 읽고 나중에 돌려주시거든요.
#Person1#: 왜 그런 특별 대우를 받는 거예요?
#Person2#: 그 분은 전쟁 때 영웅이었고, 모두가 그를 존경해요.
#Person1#: 그렇군요. 혼자 사세요?
#Person2#: 네, 자식이 없고 전투 중에 아내분이 돌아가셨어요.
#Person1#: 외로우시겠네요?
#Person2#: 아마도요. 하지만 아이들한테 이야기해주는 게 항상 바쁘세요.
#Person1#: 존경스럽네요!","#Person2#는 May에게 그 신문을 가져간 남자가 나중에 돌려줄 것이며, 그가 전쟁 영웅이었다고 설명합니다."
train.csv,이 신문,"#Person1#: Jim, 샌디에이고에 다녀왔다고 들었는데 맞아요?
#Person2#: 네, 저희 딸 Emily가 샌디에이고 대학교에 입학하게 돼서 데려다줬어요.
#Person1#: 가면서 도시도 좀 둘러봤어요?
#Person2#: 네, 그런데 거기서 이틀밖에 없어서 많이 즐기진 못했어요.
#Person1#: 그럼 뭐 했어요?
#Person2#: 샌디에이고 대학교를 구경하고, 해변도 가고, 시내도 좀 걸어다녔어요. 그리고 암으로 고생하는 용감한 소년도 잠깐 방문했어요. 그 소년에 대해 저희 딸이 신문에서 읽었거든요. 더 알고 싶으면 인터넷에서 관련 뉴스를 찾아볼 수도 있어요.
#Person1#: 사진도 찍었어요?
#Person2#: 네, 여기 있어요. 한 번 볼래요?
#Person1#: 그럼요, 사진 보는 거 좋아해요.
#Person2#: 이건 해변에서 저희 딸과 찍은 거고, 이건 출발하기 전에 박물관에서 찍은 거예요.
#Person1#: 거기 유명한 동물원도 갔어요?
#Person2#: 아니요, 다음번에 꼭 가보고 싶어요.","Jim은 샌디에이고 대학교에 입학한 딸을 데려다 주었습니다. Jim은 #Person1#에게 여행 경험을 이야기하고, 그곳에서 찍은 사진을 보여줍니다."
train.csv,이 신문,"#Person1#: 너희 나라의 평균 수명은 얼마나 돼?
#Person2#: 잘 모르겠는데, 아마 75살 정도 될 것 같아. 너희 나라는 어때?
#Person1#: 한 70살 정도 되는 것 같아. 이 신문 기사에 노령화 문제에 대해 나와 있어. 이건 곧 전 세계에 영향을 미칠 문제야.
#Person2#: 정부가 은퇴 연령을 높여야 할지도 모른다고 들었어. 안 그러면 젊은이들과 노인을 부양할 노동력이 부족할 거야.
#Person1#: 아마 더 많은 아기를 낳아야 할지도 모르겠네! Tina가 어제 남자아이를 낳았어.
#Person2#: 정말? 너무 좋다. 하지만 아이를 너무 많이 낳으면 환경에 나쁜 영향을 줄 거야.
#Person1#: 너희 아들은 요즘 어때?
#Person2#: 잘 지내. 요즘 애들은 참 빨리 크는 것 같아.
#Person1#: 금방 청소년이 될 거야! 청소년들은 종종 반항적이야! 넌 몇 살이 아이 갖기에 좋다고 생각해?
#Person2#: 나는 24살 때 가졌어. 좀 어린 나이였지. 너는 20대 후반이나, 아니면 직장이 안정적이면 30대 초반까지 기다리는 게 좋을 것 같아.
#Person1#: 맞아, 네 말이 맞아. 아이를 가질 생각은 있지만, 지금은 아니야.
#Person2#: 너희 나라에서는 부모와 아이들 사이에 큰 세대 차이가 있어?
#Person1#: 응, 있어. 청소년들은 전통적인 삶을 원하지 않아. 그들은 나가서 놀고, 세상을 탐험하고 싶어해. 그들만의 인생관을 개발하고 싶어해. 부모들은 보통 그걸 막으려 하지만, 자주 성공하지 못해.
#Person2#: 우리나라에서는 부모들이 보통 아이들에게 더 많은 자유를 줘. 때로는 너무 많은 자유를 주기도 해.
#Person1#: 적절한 균형을 맞추는 건 거의 불가능해. 너무 엄격하면 아이들이 널 무시할 수도 있고, 너무 관대하면 걷잡을 수 없게 될 수도 있어.",#Person1#은 노령화 문제가 세계적으로 매우 심각하다고 생각하며 #Person2#은 정부가 은퇴 연령을 높여야 할 수도 있다고 말합니다. #Person1#은 더 많은 아기를 낳는 것을 제안하지만 이는 환경에 부정적인 영향을 미칠 수 있다고 #Person2#이 우려합니다. 대화는 자연스럽게 자녀와 부모 간의 관계로 이어집니다.
train.csv,이 모두,"#Person1#: 어떻게 도와드릴까요, 마담?
#Person2#: 네, 남편에게 줄 스웨터를 사고 싶어요. 어떤 스타일이 최신인가요?
#Person1#: 여기 있는 것들이 모두 최신 패션입니다. 이 흰색 터틀넥은 어떠세요?
#Person2#: 이 스타일 마음에 들어요. 그런데 다른 색상도 있나요? 이 색은 남편 피부에 잘 안 어울릴 것 같아요.
#Person1#: 회색도 있습니다.
#Person2#: 좋아요! 이걸로 할게요. 그리고 이 스웨터에 어울리는 바지도 추천해 주시겠어요?
#Person1#: 물론이죠. 이 청바지가 스웨터에 잘 어울릴 것 같네요.
#Person2#: 한번 볼게요. 네, 정말 잘 어울리네요!",#Person2#는 #Person1#의 추천에 따라 남편을 위해 회색 스웨터와 청바지를 구입합니다.
train.csv,이 모두,"#Person1#: 초대해 주셔서 정말 감사해요.
#Person2#: 와주셔서 정말 기뻐요, Mr. Liu. 테이블 상석에 앉으시겠어요? 비공식적인 저녁식사니까 너무 격식 차리지 마세요. Mr. Liu, 치킨 좀 드시겠어요?
#Person1#: 감사합니다. 중국 음식점에 온 건 처음이에요. 중국 음식의 특징에 대해 좀 설명해 주실 수 있나요?
#Person2#: 일반적으로 광둥 음식은 담백하고, 상하이 음식은 기름진 편이고, 후난 요리는 아주 매워요.
#Person1#: 중국 요리는 정말 정교하고, 맛있으며, 먹기 좋아요. 색깔, 향, 맛이 모두 훌륭하네요.
#Person2#: Mr. Liu, 한 접시 더 드시겠어요?
#Person1#: 아니에요, 감사합니다. 배가 꽉 찼어요.
#Person2#: 식사는 즐거우셨나요?
#Person1#: 오랫동안 먹은 저녁 중 가장 맛있었어요. 아주 푸짐한 저녁이었네요.
#Person2#: 맛있게 드셨다니 기뻐요.
#Person1#: 환대해 주셔서 정말 감사합니다.","#Person2#는 Mr. Liu를 중국 음식점에 초대해 다양한 중국 음식의 특징을 설명하고, Mr. Liu는 그 환대에 감사를 표합니다."
train.csv,이 모두,"#Person1#: 지금 할 일이 많긴 한데, 이 프로젝트는 천천히 진행해. 실수하면 안 되니까.
#Person2#: 알겠어. 금요일 오후까지 끝낼 수 있을 것 같아. 그러면 주말 동안 그 계정들을 확인할 수 있어. 월요일까지 완료해야 하잖아, 맞지?
#Person1#: 맞아. 딱 맞춰 끝낼 수 있을 거야. Macy 프로젝트는 당분간 미뤄도 돼. 그 프로젝트는 며칠 필요하긴 한데, 이달 말까지 끝내면 되니까 시간이 충분해.
#Person2#: 다음 주부터는 좀 더 여유로울 것 같아.
#Person1#: 팀에 있는 모두에게 하루씩 더 쉴 수 있도록 할 거야. 다들 그 정도는 받아야지.
#Person2#: 그렇게 말하기엔 아직 일러. 갑자기 새 프로젝트가 생길 수도 있어.
#Person1#: 그치. 알겠어. 회의로 다시 들어갈게. 벌써 몇 시간째인데 끝날 기미가 없어.
#Person2#: Carol이 모두가 진행 상황에 맞춰가고 있는지 확인할 거라고 했어.
#Person1#: 좋아. 나 지금 가야 돼. 이 회의가 너무 길게 안 걸리길 바라.
#Person2#: 보통 엄청 오래 하잖아.
#Person1#: 시간이 되면 들를게. 모두에게 마감일을 꼭 지켜야 한다고 알려줘.
#Person2#: 알았어. 회의 잘 다녀와!","#Person1#과 #Person2#는 월요일까지 한 프로젝트를 제때 완료할 예정입니다. 그런 후에 Macy 프로젝트에 충분한 시간을 쓸 수 있습니다. #Person1#은 오래 계속되고 있는 회의로 돌아가면서, #Person2#에게 모두가 마감일을 지키도록 해달라고 요청합니다."
train.csv,이 운동,"#Person1#: 나도 요즘 헬스클럽에 가입할까 생각 중이야. 의사 선생님이 운동 좀 더 하라고 하셔서. 너는 어느 클럽에 다니고 있어?
#Person2#: Good-life Health Club이라는 곳이야. 나는 올해 1월부터 다니기 시작했는데, 벌써 큰 변화를 느끼고 있어. 새 사람이 된 기분이야.
#Person1#: 진짜? 거기서 뭐 해?
#Person2#: 운동기구가 있는 체육관과 실내 수영장이 있어. 보통 30분 정도 운동을 먼저 하고, 그 다음에 수영을 하지. 운동 후에 물에 들어가면 정말 좋아.
#Person1#: 좋겠다. 그런데 과하게 운동하다가 지치지 않아?
#Person2#: 아니, 아니. 모든 게 철저하게 관리되고 감독돼. 궁금하면 화요일에 같이 가볼래? 내 손님으로 초대할게. 분명히 즐겁게 보낼 수 있을 거야.
#Person1#: 좋은 생각이야. 고마워. 한번 가볼지도 모르겠네.","#Person1#은 헬스클럽 가입을 고민 중이고, #Person2#는 Good-life Health Club에서 많은 개선을 느끼고 있다고 이야기합니다. #Person2#는 #Person1#을 초대하여 함께 가자고 제안합니다."
train.csv,이 운동,"#Person1#: 계속해! 할 수 있어! 넌 강하니까 포기하지 마! 
#Person2#: 이 운동 수업이 이렇게 힘들 줄은 몰랐어. 물 좀 마셔야겠어. 
#Person1#: 어, 뭐 하는 거야? 내가 쉬라고 안 했잖아! 여기에 살 빼러 온 거 맞지? 물 마신다고 건강해지는 건 아니야. 
#Person2#: 목말라! 물 없인 운동 못 하겠어. 이 수업 싫어. 혼자 운동하는 게 낫겠어. 
#Person1#: 더 열심히 해야지! 할 수 있어! 계속해! 느려지지 마! 
#Person2#: 나 이 수업 이제 다 한 것 같아. 너무 어려워. 나 가야겠어.","#Person1#은 #Person2#에게 계속 운동하라고 격려하지만, #Person2#는 수업이 너무 힘들다고 느끼고 혼자 운동하는 게 더 낫다고 생각합니다."
train.csv,이 운동,"#Person1#: 체력 좀 키우고 근육도 스트레칭하려고 하는데, 운동 몇 가지 추천해 줄 수 있어?
#Person2#: 물론이지. 다리 스트레칭하려면 이렇게 무릎을 몸 앞쪽으로 들어 올리는 게 좋아. 아주 간단한 운동인데, 효과가 커.
#Person1#: 팔도 운동해야 하는데, 어떻게 하면 좋을까?
#Person2#: 팔 운동에는 푸쉬업이 좋고, 아니면 덤벨을 사용하는 것도 좋아. 덤벨은 꼭 꽉 잡아야 해. 발에 떨어트리면 큰일이니까!
#Person1#: 푸쉬업 할 때, 코가 땅에 닿을 정도로 팔꿈치를 구부려야 해?
#Person2#: 그렇게까지 팔꿈치를 구부릴 필요는 없어. 90도 정도 각도로 구부리면 돼. 가장 중요한 건 몸을 곧게 펴는 거야. 많은 사람들이 허리를 구부리는데, 그러면 운동 효과가 줄어들거든.
#Person1#: 가슴 근육 운동에는 좋은 게 뭐가 있을까?
#Person2#: 추천하는 건 등을 대고 누워서 양손에 무게를 들고 팔을 몸 양옆으로 뻗는 거야.
#Person1#: 그러면 이 운동하려면 공간이 좀 필요하겠네.
#Person2#: 응, 맞아. 팔을 곧게 유지하면서 무게를 들어 올려봐.
#Person1#: 좋다. 조언 고마워!","#Person1#은 체력 단련을 위해 #Person2#에게 운동 추천을 요청하고, #Person2#는 다리 스트레칭을 위한 무릎 들어 올리기, 팔 운동으로 푸쉬업과 덤벨 사용, 그리고 가슴 근육을 강화하기 위해 등을 대고 눕는 방법을 제시한다."
train.csv,이 우리,"#Person1#: 이 주제에 대한 정보를 어디서 찾을 수 있을까?
#Person2#: 잘 모르겠어. 카탈로그를 한번 찾아보자.
#Person1#: 이 실험에 대해 조언 좀 해줄래?
#Person2#: 먼저 전원 쪽을 조치하는 게 좋겠어.
#Person1#: 그가 이 작업에 대해 뭐라고 제안했어?
#Person2#: 바로 작업을 시작하라고 제안했어.
#Person1#: 내 생각에는 그들이 우리와 합류할 것 같아.
#Person2#: 나도 그렇게 생각해.","#Person1#과 #Person2#는 실험에 대해 논의하며, #Person1#은 #Person2#에게 조언과 제안을 요청합니다."
train.csv,이 우리,"#Person1#: 책 좀 찾는 거 도와줄 수 있을까요? 수업 때문에 필요한데 미국 역사에 대한 보고서를 쓰고 있어요.
#Person2#: 물론이에요. 우리 도서관 컴퓨터 사용 방법 아세요? 모든 책 목록이 우리 웹사이트에 있어요. 필요한 책을 찾으면 본관의 위치로 안내해 드릴게요.
#Person1#: 고마워요. 그런데 컴퓨터에서 어떤 책을 찾아야 할지 잘 모르겠어요. 주제가 너무 막연해서 특정 책이 아니라 주제에 맞는 여러 책을 어떻게 찾을 수 있을까요?
#Person2#: 제가 보여드릴게요. 화면의 검색창에 주제를 입력하면 관련된 책 목록이 나와요. 그중에서 몇 권을 선택해서 서가에서 찾아보죠.
#Person1#: 감사합니다.
#Person2#: 참고로, 한 번에 세 권까지 대출할 수 있다는 점 기억하세요.","#Person2#는 #Person1#에게 도서관 컴퓨터를 이용하여 주제와 관련된 책을 찾는 방법을 안내하고, 한 번에 최대 세 권까지 대출할 수 있다고 설명합니다."
train.csv,이 우리,"#Person1#: 안녕하세요. 제가 도와드릴까요, 손님?
#Person2#: 네, 독일 은행에 계좌가 있는 사람에게 돈을 보내는 방법을 알려줄 수 있나요?
#Person1#: 네, 우편 송금, 전신환 또는 SWIFT 송금으로 보낼 수 있어요. 아니면 은행환을 끊어서 직접 수취인에게 우편으로 발송할 수도 있어요.
#Person2#: 가장 좋은 방법이 뭐죠?
#Person1#: 그건 금액과 상대방이 돈을 얼마나 빨리 받아야 하는지에 따라 달라요. SWIFT 송금이 가장 빠르지만, 보통 은행환이 가장 저렴해요. 얼마를 보내시려고요?
#Person2#: 800달러요.
#Person1#: 우편 지급 명령으로 보내시는 게 어때요?
#Person2#: 얼마나 걸리나요?
#Person1#: 약 일주일 정도요.
#Person2#: 잘 모르겠어요. 더 빨리 보낼 수 있을까요?
#Person1#: 물론이죠. 전신환이나 SWIFT 송금을 이용할 수 있어요.
#Person2#: 그래서 그 두 가지는 얼마나 걸리죠?
#Person1#: 전신환과 SWIFT 송금은 보통 수취인 계좌에 3~4 영업일 이내에 입금됩니다. 수취인의 은행이 우리 은행의 제휴 은행인지 아니면 다른 은행을 거쳐야 하는지에 따라 다릅니다.
#Person2#: 알겠습니다. 전신환으로 보내려면 어떻게 해야 하나요?
#Person1#: 이 양식을 작성하셔야 합니다, 손님.","#Person1#은 #Person2#에게 독일 은행에 계좌가 있는 사람에게 돈을 보내는 방법을 설명하며, 빠르게 보내기 위한 방법으로 전신환과 SWIFT 송금을 추천합니다."
train.csv,이 나라,"#Person1#: 오늘 스튜디오에는 잘 알려진 브라질의 반세계화 운동 지지자인 알베르토 코르테즈 씨가 나와 있습니다. 그는 2050년까지 브라질이 세계에서 가장 부유하고 성공적인 국가 중 하나가 될 것이라는 최근 보고서에 대해 이야기하러 왔습니다. 알베르토 씨, 그 보고서에 대해 어떻게 생각하시나요?
#Person2#: 아시다시피, 브라질이 대국이 될 거라는 이야기는 이번이 처음이 아닙니다. 100년도 전에 같은 말이 있었지만, 현실이 되지 않았습니다.
#Person1#: 맞아요, 하지만 이제 세상은 많이 달라졌잖아요.
#Person2#: 물론입니다. 사실 이번에는 어느 정도 예측이 맞을 수도 있다고 생각합니다. 하지만 먼저 브라질이 현재 직면한 문제들을 잊지 말아야 합니다.
#Person1#: 어떤 문제들이요?
#Person2#: 이 나라에는 빈부 격차가 엄청납니다. 상파울루에서는 명품으로 가득 찬 쇼핑몰이 수도와 전기 공급이 제대로 되지 않는 슬럼 지역 바로 옆에 있는 것을 볼 수 있습니다. 그런 지역의 사람들의 삶을 개선하기 위해 많은 노력이 필요합니다.
#Person1#: 무엇을 해야 할까요?
#Person2#: 예를 들면 교육입니다. 브라질이 성공하려면 모든 브라질인에게 교육을 제공해야 합니다. 한국과 싱가포르 같은 성공적인 국가들은 뛰어난 교육 시스템을 가지고 있습니다. 브라질은 그런 나라들로부터 배워야 합니다.
#Person1#: 그러면 미래에 대해 희망이 있으신가요?
#Person2#: 앞서 말했듯이, 저는 희망을 갖고 있습니다. 이건 쉽지 않은 일이지만, 브라질이 과거처럼 중요한 기회를 놓치지 않도록 해야 합니다.","#Person1#은 브라질의 반세계화 운동 지지자인 알베르토 코르테즈와의 인터뷰를 통해, 2050년까지 브라질이 세계에서 가장 부유하고 성공적인 나라 중 하나가 될 것이라는 보고서에 대해 이야기합니다. 알베르토는 브라질이 직면한 빈부 격차 문제와 교육 시스템의 개선 필요성을 언급하며, 미래에 대한 희망을 표현합니다."
train.csv,이 나라,"#Person1#: 제가 이곳에 온 이유는 우리 시장에 이 의류가 정말 잘 맞고, 고객들이 훌륭한 품질에 매우 만족하고 있다는 걸 말씀드리려고요.
#Person2#: 그 말 들으니 기쁘네요. 저희 제품이 이 나라에서 더 큰 시장을 가질 거라고 확신해요.
#Person1#: 그렇다면, 저희는 폭넓은 판매 조직과 아시아 시장에 대한 깊은 이해를 가지고 있습니다. 당신의 제품은 여기서 아주 잘 팔릴 겁니다. 우리는 당신과 더 많은 사업을 할 준비가 되어 있고, 단독 대리인 역할에도 관심이 있습니다.
#Person2#: 노력해 주셔서 정말 감사드립니다. 본격적으로 논의하기 전에, 우리 대리인으로서 운영할 수 있는 방안에 대해 아이디어를 주실 수 있나요?
#Person1#: 네, 문제없습니다.","#Person1#은 #Person2#의 제품이 아시아 고객들 사이에서 인기가 많다고 하며, #Person2#의 단독 대리인을 맡고 싶다고 이야기합니다."
train.csv,이 나라,"#Person1#: 누구 선거에서 이겼는지 들었어?
#Person2#: 응, 오바마가 이겨서 너무 신나.
#Person1#: 나도 그가 이겨서 정말 기뻐.
#Person2#: 그 사람은 진짜 역사를 썼지.
#Person1#: 너 그 사람한테 투표했어?
#Person2#: 당연하지! 넌 어땠어?
#Person1#: 물론 나도 했어!
#Person2#: 그가 당선됐다는 게 아직도 믿기질 않아.
#Person1#: 나도 그래!
#Person2#: 그가 진짜 이 나라를 좋게 만들어주길 기도해.
#Person1#: 분명히 그렇게 할 거야.
#Person2#: 나도 그럴 거라고 믿어.","#Person1#와 #Person2#는 모두 오바마에게 투표했고, 그가 승리한 것에 대해 행복해하고 있다."
train.csv,이 제안,"#Person1#: 이 집에 제안하고 싶지만, 어떻게 해야 할지 잘 모르겠어요.
#Person2#: 제가 부동산 중개인이니까 절차는 제가 처리해드릴게요. 얼마로 제안할까요?
#Person1#: 이 집이 정말 마음에 들어서, 제시된 가격인 삼십오만 달러 전액을 지불하고 싶어요.
#Person2#: 조금 협상 여지를 두면 좋을 것 같아요. 삼십이만 달러로 제안해보죠.
#Person1#: 그거 좋네요, 하지만 이 집을 놓치고 싶진 않아요.
#Person2#: 지금 시장이 좀 침체되어 있어서, 그 제안도 괜찮아요.
#Person1#: 집주인이 제안을 언제쯤 수락할지 알 수 있을까요?
#Person2#: 보통 집주인들은 며칠 안에 답변해요.
#Person1#: 그동안 은행에 연락해야 할까요?
#Person2#: 이미 대출 사전 승인 받으셔서 괜찮아요.","#Person1#는 부동산 중개인의 조언에 따라, #Person1#가 정말 마음에 드는 집에 대해 삼십오만 달러의 전액 제시 가격보다 낮은 가격을 제안합니다."
train.csv,이 제안,"#Person1#: 이게 저희 최저 가격입니다, Mr. Li. 더 이상 양보는 어렵습니다.
#Person2#: 그렇다면 더 논의해도 의미가 없네요. 거래를 무산시키는 게 낫겠습니다.
#Person1#: 제 말은, 우리는 당신이 제안하신 가격에 맞출 수 없다는 것입니다. 차이가 너무 큽니다.
#Person2#: 서로 제시한 가격을 고집하는 건 현명하지 않다고 생각합니다. 중간 지점에서 만나서 거래를 마무리하는 게 어떤가요?
#Person1#: 제안이 무엇인가요?
#Person2#: 당신의 단가가 우리가 수용할 수 있는 가격보다 100달러 더 높습니다. 서로 중간에서 만나자는 것은 문자 그대로였습니다.
#Person1#: 그러니까 우리 가격을 50달러 더 낮추라는 뜻인가요? 그것은 불가능합니다.
#Person2#: 그럼 어떤 제안을 하시겠습니까?
#Person1#: 우리가 할 수 있는 최선의 방안은 30달러 더 낮추는 것입니다. 그게 정말 최저입니다.
#Person2#: 여전히 20달러의 격차가 남습니다. 다시 중간에서 만나면 격차를 해소할 수 있고 거래를 완료할 수 있습니다.
#Person1#: 정말 설득을 잘하시네요. 좋아요, 한 번 더 중간에서 만납시다.
#Person2#: 가격 협상을 마무리하게 되어 기쁩니다. 다음 회의 때 다른 조건들을 논의하죠.
#Person1#: 네, 하나 더 명확히 하고 싶은 게 있습니다.
#Person2#: 무엇인가요?
#Person1#: 제 사업 친구들 모두 미국 수입·수출 회사들이 최근 더 유연하게 사업을 하고 있다고 하더군요.
#Person2#: 네, 맞습니다. 사실, 우리는 외국 무역에서 국제 관행을 복원하거나 도입했습니다.
#Person1#: 그 소식을 듣게 되어 기쁩니다. 양 당사자 간의 관계를 확대하고 강화하며, 특히 계약 이행 및 집행에 관한 시의적절한 의견을 교환하기 위해, 워싱턴 D.C.에 상주할 수 있는 대표를 두는 것이 가능한가요?
#Person2#: 기본적으로, 가능합니다. 워싱턴 D.C.에 외국 기업의 대표 사무소를 두는 것을 환영합니다. 물론, 처리해야 할 세부 사항들이 더 있습니다. 몇 마디로 해결할 수 있는 문제는 아닙니다.
#Person1#: 네, 당연합니다. 오늘 밤 본사에 전화해서 알려드리겠습니다. 언제 다시 만날까요?
#Person2#: 내일 아침 9시는 어떻습니까?
#Person1#: 좋습니다. 내일 다시 오겠습니다. 그때 구체적으로 더 논의하죠.","Mr. Li는 거래를 성사시키기 위해 중간 가격을 제안하고, 몇 차례의 조정 끝에 #Person1#과 최종 합의를 이끌어냅니다. 이후, #Person1#이 워싱턴 D.C.에 상주할 대표를 두는 가능성을 논의하며 Mr. Li의 허락을 구하고, Mr. Li는 이를 승인합니다. 두 사람은 내일 아침 9시에 다시 만나 구체적인 내용을 논의하기로 합니다."
train.csv,이 제안,"#Person1#: 당신의 제안에 대해 들으러 왔어요.
#Person2#: 제안 준비되어 있습니다. 확인해 보죠. 10박스에 각각 50개의 브로치, 20,000위안; 20박스에 각각 50개의 허리띠, 30,000위안; 기타 장신구 15박스, 7,500위안으로 6월 출하 예정입니다. 이 제안은 5일 동안 유효합니다.
#Person1#: 제가 지금 말씀드릴 수 있는 건 가격이 우리가 기대한 것보다 조금 높다는 것입니다.
#Person2#: 장신구 가격은 최근 몇 년 동안 많이 올랐다는 걸 아세요. 이번에 드리는 가격은 다른 곳에서도 좋은 조건입니다.
#Person1#: 그 점에서는 동의하기 어렵습니다. 다른 회사들로부터 받은 견적보다 가격이 높다는 점을 지적해야 합니다.
#Person2#: 하지만 디자인과 품질을 고려해 보세요. 저희 디자인과 품질은 다른 회사들보다 뛰어납니다. 다양한 스타일로 다른 회사들이 따라잡기 어렵습니다.
#Person1#: 당신의 제품이 최고인 건 인정합니다.
#Person2#: 그렇다면 충분히 큰 주문을 하실 텐데, 대략적인 의견을 주실 수 있나요?
#Person1#: 이 거래를 마무리하려면 최소한 10%의 가격 인하가 필요하다고 말씀드려야겠네요.
#Person2#: 불가능합니다. 5% 인하로는 어떠신가요?
#Person1#: 좋습니다. 5% 인하는 받아들일 수 있습니다.","#Person2#는 #Person1#에게 장신구 제안을 합니다. #Person1#은 다른 회사들보다 가격이 높다고 지적합니다. #Person2#는 디자인과 품질을 고려해달라고 요청하며, 그들은 최종적으로 5% 할인을 합의합니다."
train.csv,그 색상,"#Person1#: 전에 보여주셨던 혼다 어코드가 마음에 들어요. 제 필요에 더 실용적이라고 생각해요.
#Person2#: 네, 고객님. 좋은 선택을 하셨습니다. 혼다는 새로운 어코드 모델에 많은 디자인 개선을 했습니다.
#Person1#: 기본 사양으로 어떤 것들이 포함되나요?
#Person2#: 저희 새로운 차들은 모두 기본적으로 에어컨, ABS 브레이크, 에어백, 그리고 CD 플레이어가 있는 AM/FM 스테레오가 포함됩니다. 하지만 어코드에는 또 다른 기본 옵션이 있습니다.
#Person1#: 크루즈 컨트롤인가요? 그건 별로 안 좋아해요.
#Person2#: 왜 그러시죠, 고객님?
#Person1#: 위험하다고 생각해요. 만약에 끌 수 없으면 어떻게 하죠?
#Person2#: 일부 고객들이 크루즈 컨트롤에 대해 걱정하시는 건 사실입니다. 하지만 혼다에서는 크루즈 컨트롤 결함으로 인한 사고는 전혀 없었습니다.
#Person1#: 크루즈 컨트롤이 없었으면 좋겠어요. 제 아내도 그걸 좋아하지 않아요.
#Person2#: 고객님, 사용하지 않으셔도 괜찮습니다. 켜거나 끌 수 있어요. 원하지 않으시면 아예 켜지 않으시면 됩니다.
#Person1#: 그렇군요. 그리고 선루프는 기본인가요?
#Person2#: 아니요, 선루프는 옵션입니다, 고객님.
#Person1#: 알겠습니다. 또 중요한 질문인데, 제가 이 차를 언제쯤 받을 수 있을까요? 새 차가 꽤 빨리 필요하거든요.
#Person2#: 음, 새 모델은 8월에 들어올 예정입니다. 지금 주문하시면 8월에 받아보실 수 있습니다.
#Person1#: 그 정도면 괜찮네요. 새 어코드는 어떤 색상이 있나요?
#Person2#: 이번 새 모델은 빨간색, 흰색, 검정, 은색이 있습니다. 이게 기본 색상입니다. 물론 다양한 다른 색상으로 특별 주문도 가능합니다.
#Person1#: 제 형이 작년 어코드를 탔는데요. 그 차는 은색이 섞인 부드러운 보라색이에요. 그 색상이 정말 마음에 드는데 제 어코드에도 그 색상을 맞출 수 있는지 궁금하네요.
#Person2#: 어떤 색상인지 알겠습니다. 이게 맞습니까, 고객님?
#Person1#: 네, 그게 맞는 것 같아요. 어코드에 그 색상을 받을 수 있나요?
#Person2#: 네, 가능합니다. 그 색상은 혼다 구매자들에게 매우 인기가 많아서 계속 제공하고 있습니다.
#Person1#: 그럼, 새 어코드를 주문하고 싶습니다. 아주 훌륭한 차로 보이네요.
#Person2#: 좋은 선택을 하셨습니다, 고객님. 저도 어코드를 타고 다닙니다. 정말 튼튼하게 만들어진 신뢰할 수 있는 차량입니다.
#Person1#: 맞아요. 혼다가 가장 신뢰할 수 있는 차라고 생각해요. 다른 차로 갈아타고 싶지 않아요. 지금 타고 있는 혼다는 거의 서비스 문제가 없어요. 매끄럽게 잘 달립니다.
#Person2#: 알겠습니다, 고객님. 서류 작업 준비하겠습니다. 잠시만 기다려주세요.","#Person2#가 #Person1#에게 혼다 어코드 차량을 소개하며 기본 사양으로 에어컨, ABS 브레이크, 에어백, AM/FM 스테레오, 그리고 크루즈 컨트롤이 포함되어 있음을 설명합니다. #Person1#은 크루즈 컨트롤 사용에 대해 우려하지만, #Person2#는 안전함을 강조합니다. #Person1#은 은색과 부드러운 보라색이 혼합된 색상으로 새 모델을 구매하기로 결정합니다."
train.csv,그 색상,"#Person1#: 전에 보여주신 혼다 어코드가 정말 마음에 들어요. 제 필요에 맞을 것 같아요. 
#Person2#: 좋은 선택이세요, 고객님. 혼다는 이번 어코드에서 디자인을 많이 개선했죠. 
#Person1#: 기본 옵션에는 뭐가 들어가나요? 
#Person2#: 모든 신차에는 에어컨, ABS 브레이크, 에어백, 그리고 CD 플레이어가 포함된 AM/FM 스테레오가 기본입니다. 그런데 어코드에는 추가로 기본으로 들어가는 항목이 더 있어요. 
#Person1#: 혹시 크루즈 컨트롤도 포함인가요? 그건 별로 마음에 안 들어요. 
#Person2#: 왜 그러시죠, 고객님? 
#Person1#: 위험하다고 생각해요. 만약 꺼지지 않으면 큰일이잖아요. 
#Person2#: 음, 몇몇 고객님들이 크루즈 컨트롤에 대해 염려하시기도 하죠. 하지만 혼다는 크루즈 컨트롤 오작동으로 인한 사고는 없었습니다. 
#Person1#: 크루즈 컨트롤이 없었으면 좋겠어요. 제 아내도 그 기능을 싫어해요. 
#Person2#: 고객님, 사용하고 싶지 않으시면 켜지 않으셔도 됩니다. 언제든지 사용하거나 끌 수 있어요. 
#Person1#: 그렇군요. 또, 썬루프는 기본 옵션인가요? 
#Person2#: 아니요, 썬루프는 선택 사항입니다, 고객님. 
#Person1#: 알겠습니다. 또 다른 중요한 질문은 차를 언제 받을 수 있느냐인데요. 새 차가 꽤 빨리 필요해요. 
#Person2#: 네, 8월에 새로운 모델이 들어올 예정이에요. 지금 주문하시면 8월에 받으실 수 있습니다. 
#Person1#: 그렇다면 괜찮네요. 새로운 어코드는 어떤 색상이 있나요? 
#Person2#: 새로운 모델은 기본 색상으로 빨강, 흰색, 검정, 은색이 있고, 여러 다른 색상으로도 특별 주문 가능합니다. 
#Person1#: 제 형이 작년에 어코드를 샀는데, 은색과 보라빛이 섞인 색상이에요. 그 색상이 정말 좋더라고요. 제 어코드에도 그 색상을 적용할 수 있을까요? 
#Person2#: 말씀하신 색상이 무엇인지 알 것 같아요. 맞나요, 고객님? 
#Person1#: 네, 맞아요. 어코드에도 그 색상을 사용할 수 있나요? 
#Person2#: 네, 가능합니다. 그 색상은 혼다 구매자들 사이에서 인기가 많기 때문에 계속 제공하고 있어요. 
#Person1#: 그렇다면 새로운 어코드를 주문하고 싶어요. 정말 훌륭한 차 같아요. 
#Person2#: 좋은 선택 하셨습니다, 고객님. 저도 어코드를 타고 있는데, 정말 견고하고 신뢰할 만한 차입니다. 
#Person1#: 네, 그렇죠. 혼다는 도로에서 가장 신뢰할 수 있는 차라고 생각해요. 다른 차로 바꿀 생각이 없어요. 지금 타고 있는 혼다는 거의 문제 없이 잘 달리고 있어요. 
#Person2#: 알겠습니다, 고객님. 서류를 준비하겠습니다. 잠시만 기다려주세요.","#Person1#은 #Person2#가 보여준 혼다 어코드를 좋아하지만, 크루즈 컨트롤 기능에 대해 걱정합니다. #Person2#는 크루즈 컨트롤을 끌 수 있으며, 8월에 새로운 색상의 차량을 받을 수 있다고 설명합니다."
train.csv,그 색상,"#Person1#: 안녕하세요, 손님. 
#Person2#: 안녕하세요. 
#Person1#: 어떻게 도와드릴까요? 
#Person2#: 이 신발 있나요? 
#Person1#: 어떤 사이즈를 찾으세요? 
#Person2#: 230 사이즈요. 
#Person1#: 색상은 어떤 걸로 찾으시나요? 
#Person2#: 진한 빨간색이요. 
#Person1#: 죄송하지만, 그 색상은 현재 없습니다. 
#Person2#: 그런데 제 친구가 지난달에 여기서 그 신발을 샀어요. 
#Person1#: 여기서 샀다고요? 
#Person2#: 네.",#Person1#은 #Person2#에게 원하는 색상의 신발이 없다고 설명합니다. #Person2#는 지난달에 친구가 이곳에서 그 신발을 구매했다고 언급합니다.
train.csv,이 기간,"#Person1#: 들어오세요. 
#Person2#: 안녕하세요! 저는 Anna Lu입니다. 인터뷰 약속이 있어서 왔어요. 
#Person1#: 아, 그렇군요. 저는 인사 담당자 Jack White입니다. 앉으세요. 
#Person2#: 반갑습니다, Mr. White. 
#Person1#: Lu 씨, 혹시 레스토랑 서비스 경험이 있나요? 
#Person2#: 네. 대학에 들어온 이후로 패스트푸드점에서 아르바이트로 웨이트리스를 했어요. 
#Person1#: 얼마나 했죠? 
#Person2#: 3년이요. 
#Person1#: 우리 레스토랑은 외국 손님이 많아요. 영어로 서비스할 수 있나요? 
#Person2#: 그래서 이 직업에 지원했어요. 지금 대학에서 호텔 영어를 공부하고 있어서 서양 예절과 레스토랑 매너에 익숙해요. 고객 서비스 기술로 손님들에게 강한 인상을 남길 수 있을 거예요. 
#Person1#: 우리 근무 시간이 아주 길고, 야근도 자주 있는 거 아시죠? 
#Person2#: 괜찮아요. 
#Person1#: 3개월 동안 시범 근무를 드릴까 합니다. 이 기간 동안 월급은 800위안이고 보너스는 없어요. 그 후 서로 만족하면 정식 계약을 하겠어요. 
#Person2#: 언제부터 시작하면 되나요? 
#Person1#: 다음 주 월요일입니다. 이력서와 졸업증명서를 가져오세요. 
#Person2#: 네, 알겠습니다. 고맙습니다, Mr. White. 안녕히 계세요! 
#Person1#: 안녕히 가세요!",Anna Lu는 Mr. White와의 인터뷰에서 레스토랑 직업에 지원하면서 자신의 웨이트리스 아르바이트 경험을 공유합니다. Mr. White는 3개월 동안 시범 근무 기회를 제공합니다.
train.csv,이 기간,"#Person1#: 혹시 다른 질문 있으신가요?
#Person2#: 네, 혹시 귀사의 급여와 복지에 대해 질문해도 될까요?
#Person1#: 저희 규정에 따르면, 처음 세 달은 수습 기간입니다.
#Person2#: 그럼 수습 기간 동안 급여는 어떻게 되나요?
#Person1#: 이 기간 동안은 기본급만 지급되며, 월 2,500위안입니다.
#Person2#: 괜찮습니다.
#Person1#: 급여는 매달 15일에 은행으로 입금됩니다. 성과에 따라 매년 10월에 급여가 인상될 예정입니다.
#Person2#: 유급 휴가도 포함되나요?
#Person1#: 네, 첫 해에는 7일의 휴가를 누릴 수 있으며, 이후 매년 2일씩 추가됩니다.","#Person1#은 #Person2#에게 회사의 급여와 복지에 대해 설명합니다. 수습 기간 동안 급여는 월 2,500위안입니다."
train.csv,이 기간,"#Person1#: 이 직책은 높은 글쓰기 능력이 필요하니, 당신의 글쓰기 능력에 대해 좀 말씀해 주세요.
#Person2#: 물론입니다. 저는 어렸을 때부터 글쓰기를 아주 좋아했어요. 중학교 때 전국 작문 대회에서 1등을 한 적이 있습니다. 난징 대학에 다니면서도 글쓰기를 포기하지 않았고, '아버지의 담뱃대', '야외 영화관', '구도심' 같은 작품들이 각각 '중국 청년일보', '양쯔 석간', '신베이징'에 발표되었어요. 석사와 박사 학위를 공부하는 동안에는 연구 능력을 더 발전시키는 데 집중했고, 몇몇 논문도 발표했습니다. '중국의 정치 참여에 대한 인터넷의 영향', '개조의 규율', '중국 행정 개혁의 역사적 방향', '중국 마을 자치의 뇌물 사례' 같은 논문이 각각 '중국 행정학회지', '베이징 대학 학보', '이론과 사회', '중국 개혁'에 실렸습니다. 2006년에 '양쯔 석간'에서 파트타임 기자로 일했어요. 이 기간 동안 많은 논평을 썼고, 그로 인해 글쓰기 능력이 한층 향상되었습니다. 제 글쓰기 능력에 대해 충분한 자신감이 있으며, 이 일을 잘 해낼 수 있다고 믿습니다.","#Person2#는 그의 글쓰기 경험, 출판물, 그리고 파트타임 기자로서의 근무 경험을 설명하며 자신의 글쓰기 능력을 입증합니다."
train.csv,이 음식,"#Person1#: 금요일 저녁에 헬렌의 생일 파티 갈 거야?
#Person2#: 절대 놓칠 수 없지! 분명 재밌을 거야. 많은 사람을 초대했더라고. 다들 그녀의 집에 다 들어갈 수 있을까?
#Person1#: 다 와버리면 좀 꽉 차겠지만, 몇몇 사람이 못 온다고 했거든. 그래서 괜찮을 것 같아.
#Person2#: 뭐 가져갈 거야?
#Person1#: 생일 선물 준비했고 와인 한 병도 가져가려고.
#Person2#: 좋은 생각이다. 헬렌이 음식이랑 간식 충분히 샀다고 말했어. 시끌벅적한 파티가 될 것 같아. 이웃들이 너무 신경 쓰지 않으면 좋겠네.
#Person1#: 헬렌은 이웃하고 잘 지내서 그분들도 파티에 올지도 몰라.
#Person2#: 정말 기대돼. 이번 파티 대박일 거야!
#Person1#: 음, 늦지 마. 금요일에 헬렌네서 보자.","#Person1#과 #Person2#은 금요일 저녁 헬렌의 생일 파티에 참석할 예정이며, 그들은 가져갈 물품과 파티 음식에 대해 논의하며 파티를 기대하고 있다."
train.csv,이 음식,"#Person1#: 초대해 주셔서 정말 감사해요.
#Person2#: 와주셔서 정말 기뻐요, Mr. Liu. 테이블 상석에 앉으시겠어요? 비공식적인 저녁식사니까 너무 격식 차리지 마세요. Mr. Liu, 치킨 좀 드시겠어요?
#Person1#: 감사합니다. 중국 음식점에 온 건 처음이에요. 중국 음식의 특징에 대해 좀 설명해 주실 수 있나요?
#Person2#: 일반적으로 광둥 음식은 담백하고, 상하이 음식은 기름진 편이고, 후난 요리는 아주 매워요.
#Person1#: 중국 요리는 정말 정교하고, 맛있으며, 먹기 좋아요. 색깔, 향, 맛이 모두 훌륭하네요.
#Person2#: Mr. Liu, 한 접시 더 드시겠어요?
#Person1#: 아니에요, 감사합니다. 배가 꽉 찼어요.
#Person2#: 식사는 즐거우셨나요?
#Person1#: 오랫동안 먹은 저녁 중 가장 맛있었어요. 아주 푸짐한 저녁이었네요.
#Person2#: 맛있게 드셨다니 기뻐요.
#Person1#: 환대해 주셔서 정말 감사합니다.","#Person2#는 Mr. Liu를 중국 음식점에 초대해 다양한 중국 음식의 특징을 설명하고, Mr. Liu는 그 환대에 감사를 표합니다."
train.csv,이 음식,"#Person1#: 커피포트가 비어 있어. 아무리 안내문을 붙여놔도 누군가는 마지막 잔을 마시고 새 커피를 안 만들더라고. 규칙이 무슨 소용이야, 아무도 안 지키는데.
#Person2#: 맞아. 난 커피는 안 마시지만, 전자레인지 상태에 화가 나. 그 안이 완전히 폭발한 것처럼 보이잖아.
#Person1#: 그래, 아무도 청소 안 하지, 맞지?
#Person2#: 그리고 음식 덮는 사람도 없고.
#Person1#: 전자레인지 옆에 종이 타월을 두는 게 좋겠어. 가까이에 종이 타월이 있으면 사람들이 음식 덮는 걸 더 잘 지킬지도 몰라.
#Person2#: 그게 휴게실에 있는 쓸모없는 안내문들보다는 나을 것 같은데. 음식을 데운 후에 청소하기도 더 쉬울 것 같아.
#Person1#: 안내문이 효과 있는 곳 하나는 있지: 주차장이야.
#Person2#: 그건 안내문이 잘못된 곳에 주차하면 벌금을 내야 한다고 경고하니까 그런 거겠지.",#Person1#과 #Person2#는 사람들이 커피포트와 전자레인지 사용과 관련해 규칙을 잘 지키지 않는 것에 대해 불만을 나타낸다. 그들은 개선 방안을 논의하지만 큰 기대는 하지 않는다.
train.csv,이 건물,"#Person1#: 여기 잔돈 받아가세요.
#Person2#: 아, 정말 감사합니다.
#Person1#: 천만에요. 근데 혹시 근처에 공중전화 있는지 아세요?
#Person2#: 네, 이 건물 반대쪽에 하나 있어요. 잔돈 좀 있으신가요?
#Person1#: 네, 있어요. 고마워요.",#Person2#는 #Person1#에게 건물 반대쪽에 공중전화가 있다고 알려줍니다.
train.csv,이 건물,"#Person1#: Smith 씨, 홍콩은 어때요?
#Person2#: 지금까지 아주 마음에 듭니다. 감사합니다.
#Person1#: 호텔에 묵고 계신가요?
#Person2#: 네, 이 건물 옆에 있는 그랜드 호텔에 있어요.
#Person1#: 아, 좋네요.
#Person2#: 거의 한 시가 다 되어가네요. 배가 고파요. 이 근처에 좋은 식당이 있나요?
#Person1#: 네, 몇 군데 있어요. 중국 음식이 좋으세요, 아니면 유럽 음식이 좋으세요?
#Person2#: 음, 유럽 음식이 좋겠네요. 같이 점심 드실래요?
#Person1#: 그래요!
#Person2#: 식당 선택해주실래요?
#Person1#: 음, 브라운즈라는 곳이 있어요. 음식이 아주 좋지만, 좀 비쌀 거예요.
#Person2#: 괜찮아요, Miss Wu. 거기로 갑시다.
#Person1#: 알겠어요.",Smith 씨가 배가 고파서 Miss Wu는 그의 입맛에 맞는 식당을 추천해 줍니다. 그들은 함께 점심을 먹기로 합니다.
train.csv,이 건물,"#Person1#: 안녕하세요, 저는 Miss Gear입니다. 
#Person2#: 아, 좋은 아침이에요, Miss Gear. 들어오세요. 우리가 전화로 얘기했죠? 이 집을 임대하고 싶다고 하셨죠? 
#Person1#: 네, 이 집을 한번 보고 싶어요. 
#Person2#: 좋습니다. 제가 집을 구경시켜드릴게요. 위치는 어떻게 좋아하세요? 
#Person1#: 여기 위치가 아주 편리하네요. 가장 가까운 버스 정류장에서 걸어서 5분 거리에 있어서요. 여기 침실이네요. 어머나, 이 프렌치 창문 너무 마음에 들어요. 
#Person2#: 좋아하신다니 정말 기쁘네요. 
#Person1#: 거실도 크고 주방도 괜찮네요. 
#Person2#: 그리고 이 건물은 매우 안전해요. 
#Person1#: 그거 좋네요. 광고에서는 월세가 350달러라고 써있던데요. 가격 좀 더 내려주실 수 있을까요? 
#Person2#: 아쉽지만 제가 결정할 수 있는 부분이 아니에요. 가격에 관해서는 저 대신 집주인과 상의하셔야 해요. 내일 그분이 여기 오실 거예요. 
#Person1#: 정말 감사합니다. 오늘 저녁에 남자친구와 상의해볼게요. 뭐, 좋은 곳이잖아요.","Miss Gear가 임대하고 싶어하는 주택을 둘러보며 그 위치와 편리함에 만족해하고 있습니다. 집주인과 월세 관련 논의를 위해 내일 만나기로 하고, 그날 저녁에 남자친구와 상의하기로 합니다."
train.csv,이 때문,"#Person1#: 너무 슬퍼하지 마. 그 사람하고 정말 감정이 없다면, 내 생각엔 이혼이 문제를 해결하는 최선의 방법일지도 몰라.
#Person2#: 나도 마음속으로는 잘 알고 있어. 그런데 아이 때문에 마음이 놓이질 않아. 아직 어리잖아. 우리를 이해하고 이런 진실을 받아들일 수 없을 거야.
#Person1#: 맞아, 아이가 문제지. Jenny에게 진실을 말하지 말고, 하얀 거짓말만 해. 나중에 크면 적당한 기회를 봐서 이야기해 줘.
#Person2#: 알겠어. 그래, 그렇게 할게.","#Person1#은 #Person2#에게 이혼을 권하지만, #Person2#는 딸에 대해 걱정하고 있다. #Person1#은 하얀 거짓말을 하라고 제안한다."
train.csv,이 때문,"#Person1#: 너무 슬퍼하지 마. 그 사람한테 정말 아무런 감정이 없다면, 내 생각엔 이혼하는 게 문제를 해결하는 가장 좋은 방법일 수도 있어.
#Person2#: 마음속 깊이선 잘 알고 있어. 다만 아이 때문에 마음이 놓이질 않아. 애가 너무 어려서 우리 사정을 이해하지도 못하고 이 사실도 받아들이지 못할 거야.
#Person1#: 맞아, 아이가 문제지. Jenny에게 진실은 말하지 말고, 그냥 착한 거짓말만 해. 그리고 나중에 크면 그때 맞는 기회를 찾아서 말하는 거야.
#Person2#: 알겠어. 그래, 그렇게 하자.","#Person1#은 #Person2#에게 상대방에게 감정이 없다면 이혼을 고려하는 것이 좋다고 조언하고, 딸에게는 착한 거짓말을 하라고 권유합니다."
train.csv,이 때문,"#Person1#: 해외 무역에서는 언어 차이가 정말 중요하죠.
#Person2#: 맞아요. 사람들이 쉽게 소통하지 못하면 서로의 사고방식을 이해할 수 없죠.
#Person1#: 다행히도 널리 사용되는 상업 언어인 영어가 있죠.
#Person2#: 많은 수출업자들이 프랑스어나 독일어도 사용해요.
#Person1#: 남미에서는 스페인어와 포르투갈어가 가장 흔하죠.
#Person2#: 언어가 정확해도 문화적 차이 때문에 오해가 생길 수 있잖아요.
#Person1#: 맞아요, 언어도 문화의 일부니까요. 그 나라의 특성을 반영하죠.
#Person2#: 맞아요, 언어에는 그 나라의 역사적, 문화적 배경뿐만 아니라 삶과 사고방식도 담겨 있어요.
#Person1#: 그래서 해외 무역에서는 언어 차이에 대해 명확히 아는 것이 중요해요.","#Person1#과 #Person2#는 해외 무역에서 언어 차이의 중요성과 문화적, 역사적 배경이 반영된 언어의 특성에 대해 논의합니다."
train.csv,이 직책,"#Person1#: 당신은 3년째 영업 관리자시네요. 그 일은 어떠세요?
#Person2#: 아주 좋아요.
#Person1#: 월급에는 만족하세요?
#Person2#: 세후 월급이 3000위안이에요, 괜찮아요.
#Person1#: 보너스나 다른 인센티브 계획은 있나요?
#Person2#: 아쉽게도 없어요. 사장님은 말만 번지르르해요.
#Person1#: 이 직책에서 기대하는 월급은 얼마인가요?
#Person2#: 제 기대는 3800위안에서 4500위안 정도에요. 실수령 금액으로요.","#Person2#는 3년간 영업 관리자로 근무하면서 세후 월급 3000위안을 받고 있지만, 기대 월급은 3800위안에서 4500위안입니다."
train.csv,이 직책,"#Person1#: 지원서 잘 받았어요. 현재 Ray Stones 서점에서 판매 보조로 일하고 계시다고 하네요? 왜 이 직책에 지원하셨나요?
#Person2#: 음, Ray Stones에서의 일은 정말 즐거웠어요. 책에 항상 관심이 있었고, 손님들도 보통 다들 친절하셨어요. 그리고 책을 찾아드리는 것도 좋아했어요.
#Person1#: 그럼 왜 그만두고 싶으신 건가요?
#Person2#: 여기가 꽤 작은 독립 서점이라서요. 하지만 EI books는 훨씬 큰 회사잖아요. 웹사이트에서 봤는데 이제 50개가 넘는 지점이 있고, 계속 성장 중이시더라고요. 그리고 사람들이 책을 주문할 수 있는 웹사이트도 운영 중이시고요.
#Person1#: 최근 몇 년간 빠르게 성장한 건 사실이에요. 우리 회사에 대해 알아봐 줘서 고마워요. 그럼 본인을 야망 있는 사람이라고 생각하세요?
#Person2#: 음... 그렇게 생각하진 않아요. 하지만 성공하고 싶어요.
#Person1#: 그럼 주요 강점은 무엇인가요?
#Person2#: 아, 열심히 일하고 사람들과 함께 일하는 걸 즐겨요. 그리고 문제를 해결할 수 있어요. 언제나 믿어도 돼요.
#Person1#: 좋네요.","#Person2#는 Ray Stones 서점에서 판매 보조로 일했지만, 이제 EI books에 지원합니다. #Person1#은 #Person2#와의 인터뷰에서 성격과 주요 강점에 대해 질문합니다."
train.csv,이 직책,"#Person1#: 안녕하세요, Thompson 씨. 제 이름은 Mary Brown이에요.
#Person2#: 안녕하세요, Brown 씨, 자리에 앉으세요.
#Person1#: 감사합니다.
#Person2#: 그럼, Brown 씨, 본인에 대해 말씀해 주시겠어요?
#Person1#: 네, 물론이죠. 저는 18살이고, 방금 Peterson 비서 학교를 졸업했어요. 신문에서 광고를 보고 당신이 비서를 찾고 계신다는 걸 알게 되었어요.
#Person2#: 어떤 일을 할 수 있는지 말씀해 주시겠어요?
#Person1#: 비서로서 필요한 모든 일을 할 수 있어요. 예를 들면, 타이핑, 전화 받기, 팩스 보내기, 보고서 작성 같은 것이요.
#Person2#: 좋군요, 이 직업에 필요한 자격이 충분하시네요. 기대하는 급여가 어떻게 되나요?
#Person1#: 광고에서 이 직책의 월급이 대략 800달러라고 봤어요.
#Person2#: 맞습니다.
#Person1#: 그 정도면 괜찮습니다.
#Person2#: 이 직업에 대해 궁금한 점이 있으신가요?
#Person1#: 아직 없습니다.
#Person2#: 좋습니다. 와주셔서 감사합니다, Brown 씨. 만나서 이야기해서 반가웠고, 결과는 최대한 빨리 알려 드리겠습니다.
#Person1#: 시간을 내주셔서 감사합니다.","Mary Brown은 Thompson 씨에게 비서로서 필요한 업무를 모두 수행할 수 있다고 말하며, Thompson 씨는 그녀가 직무에 적합하다고 평가합니다. Brown 씨는 급여에 만족하고, Thompson 씨는 결과를 곧 알려주겠다고 합니다."
train.csv,그 학생,"#Person1#: 돈 찾으러 은행 갔어?
#Person2#: 오늘 너무 덥고, 집안일도 정말 많았어. 친구가 찾아와서 두 시간이나 머물렀지 뭐야. 잊은 건 아닌데, 정말 시간이 없었어.
#Person1#: 그래서 안 갔다 이거네?
#Person2#: 응. 미안해.
#Person1#: 왜 내 질문에 바로 답하지 않았어? 왜 이렇게 대답하는지 모르겠어. 내가 단순히 했는지 안 했는지만 물어봤잖아. 굉장히 간단한 질문이야. 그런데 이유부터 설명하고 나서야 답하더라.
#Person2#: 네, 미안해. 당신에게는 불편할 수 있다는 걸 알아. 그런데 왜 가끔 이렇게 답하는지 나도 잘 몰라.
#Person1#: 오늘 한 학생에게 사전을 가져왔는지 물어봤는데, 내가 수업 규칙으로 사전을 가져오라고 했거든. 그런데 그 학생이 이유를 많이 설명하고 직접적인 대답은 없더라고.
#Person2#: 근데 결국 사전을 가져왔는지 알게 됐죠?
#Person1#: 그래, 무겁다든지, 급하다든지 이유를 다 듣고 나서 알게 됐지 뭐.","#Person1#이 #Person2#에게 질문했지만, #Person2#는 직접적으로 대답하지 않아 #Person1#이 불만을 제기합니다. #Person2#는 미안해하지만, 왜 가끔 이렇게 답하는지 모르겠다고 합니다."
train.csv,그 학생,"#Person1#: 안녕, Bob, 요즘 어때?
#Person2#: 그럭저럭. 하나 마음에 걸리는 게 있어.
#Person1#: 뭐가?
#Person2#: 음, 내가 몇몇 석사과정 학생들이 있잖아. 그중 한 명이 나한테 선물을 주려고 했는데 좀 불편했어.
#Person1#: 무슨 선물?
#Person2#: 이집트 카펫이야. 그 학생이 얼마 전에 내 사무실에 와서 고마움의 표시로 그 카펫을 가져왔어. 그 선물을 보고 정말 불편했어. 학생이 교수에게 그렇게 비싼 선물을 주는 건 너무 비싼 것 같아. 그 선물을 받을 만한 일을 했다고 생각하지 않아서 거절했어.
#Person1#: 선물을 거절했다고? 그거 참 안 됐네.
#Person2#: 그러게, 하지만 그렇게 비싼 선물을 받을 수가 없어. 왜 그런지 설명했는데, 그 학생이 너무 속상해하는 것 같았어. 아마 오해한 것 같아.
#Person1#: 그럴 수도 있겠네. 아마도 그 학생은 네가 그 선물을 성적 뇌물로 여긴다고 생각했을 수도 있겠어.
#Person2#: 그게 걱정이야. 그 선물에 담긴 존경은 이해하고 감사해. 하지만 학생이 교수에게 그렇게 큰돈을 쓰는 건 적절하지 않다고 생각해. 우리가 같은 생각을 하고 있는지 확인하기 위해 대화를 나눠야 할 것 같아.","Bob은 #Person1#에게 한 학생이 이집트 카펫을 선물로 주려고 했다고 이야기한다. Bob은 선물이 너무 비싸서 거절했으며, 그 학생이 오해했을까봐 걱정하고 있다."
train.csv,그 학생,"#Person1#: 저기요, 학생 센터의 프린터가 다 멈췄어요. 고칠 수 있을까요?
#Person2#: 음, 저는 그냥 관리자라서 직접 고치긴 어렵고요. 기술자들은 대부분 파트타임 학생들이에요.
#Person1#: 그 학생들은 어디 있나요?
#Person2#: 컴퓨터 실습실에서 일하는 학생들은 대부분 공대에 다니는데, 오늘은 다들 쉬는 날이에요. 내일 시험이 있다고 하네요.
#Person1#: 어떻게든 방법을 찾아봐야겠어요. 사람들이 프린터를 사용해야 하니까요.
#Person2#: 음, 예술 건물에 있는 컴퓨터 실습실에 기술자가 한 명 있어요. 거기서 찾아보시면 될 거예요.","#Person1#이 학생 센터의 프린터가 작동하지 않는다고 #Person2#에게 도움을 요청합니다. #Person2#은 대부분의 학생 기술자가 오늘 쉬고 있지만, 예술 건물의 컴퓨터 실습실에 있는 기술자를 찾을 수 있다고 안내합니다."
train.csv,이 그림,"#Person1#: 어머, 이 벽에 걸린 그림들 좀 봐! 정말 아름답지 않아? Linda가 정말 좋은 그림들을 샀어.
#Person2#: 맞아, 정말 인상적이야. 아, 이건 정말 멋지구나!
#Person3#: 그렇지? 정말 색감이 살아있어.
#Person4#: 고마워. 칭찬해줘서 정말 고마워.
#Person1#: 알지, 중국 학생들이 가장 먼저 묻는 게 이 그림이 얼마냐는 거야.
#Person2#: 맞아. 나도 그런 걸 봤어. 항상 그 질문을 먼저 하더라고.
#Person3#: 맞아, 대부분 중국인들이 그래. 왜 그런지는 모르겠어. 그냥 습관인가 봐. 대신 외국인들은 누군가가 산 물건을 보면 바로 칭찬하곤 하더라고, 진심이 아니어도 말이야.
#Person1#: 응, 우리는 정말 다르지. 왜 중국인들이 자란 후에는 부모님께 크게 안아주지 않는지 이해할 수가 없어.
#Person3#: 응, 우리는 그러지 않아. 적어도 내가 아는 사람들 중에 그렇게 하는 사람은 거의 없어.
#Person2#: 내가 아는 한, 중국인들이 자기 애인한테도 '사랑해'라는 말을 잘 안 하더라고.
#Person4#: Cindy야, 오해하지 마. 우리가 어느 쪽이 더 낫다는 얘기를 하는 게 아니야. 그냥 다를 뿐이야, 그게 전부야.",Linda는 자신이 산 그림들에 대해 칭찬을 받는다. 참가자들은 중국인들의 칭찬에 대한 태도와 문화적 차이에 대해 이야기한다. Linda는 어느 쪽이 더 낫다는 얘기가 아니라 다름을 강조한다.
train.csv,이 그림,"#Person1#: 저기요, 여기서 카메라 사용해도 되나요?
#Person2#: 죄송하지만, 이 그림들을 보호하기 위해서 사진 촬영은 엄격히 금지되어 있습니다.
#Person1#: 아, 그렇군요. 아쉽네요. 그럼 잘 감상해야겠어요.
#Person2#: 정말 죄송합니다.",#Person2#는 #Person1#에게 이곳에서는 카메라 사용이 금지되어 있다고 말했습니다.
train.csv,이 그림,"#Person1#: 내가 좀 수다스럽긴 한데, 당신 생각엔 그녀가 어떻게 해야 할 것 같아, John?
#Person2#: 여보, 우리 지금 박물관에 왔어. 여기서 당신 직장 동료의 연애 이야기를 할 게 아니라 피카소의 멋진 그림들을 즐겨야지!
#Person1#: 알지! 그런데 그녀에겐 정말 중요한 일이야! 그녀의 인생이 이 남자 때문에 망가질 수도 있다고!
#Person2#: 너무 심각하게 생각하지 마. 그냥 나쁜 연애라고 해서 인생이 망가지진 않아. 오히려 더 흥미롭게 변할 수도 있어.
#Person1#: 정말 그렇게 생각해, John?
#Person2#: 그냥 인생이라는 게... 이런... 어... 이 그림 같다는 뜻이야.","#Person1#는 박물관에서 직장 동료의 연애 문제를 걱정하지만, John은 그림 감상을 권장하며 그리 심각하게 생각하지 않는다."
train.csv,그 나라,"#Person1#: 저기, 리사, 뭐 보고 있어?
#Person2#: 일본 영화야. 내년에 일본에 갈 건데, 그 나라 문화를 좀 알 필요가 있어서.
#Person1#: 그러니까 프로그램에 합격했단 말이야?
#Person2#: 맞아.
#Person1#: 대단하다. 많이 설레겠네.
#Person2#: 설레기도 하고 긴장되기도 해. 기본 회화 실력을 좀 길러야 하거든.
#Person1#: 일본어 얼마나 알아듣겠어?
#Person2#: 지금은 조금밖에 못해. 하지만 다음 달에 특별한 어학 수업 들을 예정이야.
#Person1#: 넌 외국어를 참 잘하는구나. 나도 유학 가고 싶어.
#Person2#: 그럼 왜 안 가? 학교에 외국어 실력이 없어도 되는 프로그램 많아. 새로운 환경에 빨리 적응할 수 있는 사람이면 돼.
#Person1#: 모든 프로그램이 외국어 실력을 요구하는 줄 알았는데. 알려줘서 고마워.",리사는 프로그램에 합격하여 내년에 일본으로 갈 예정이다. 외국어 실력이 없어도 되는 프로그램이 있다고 #Person1#에게 소개한다.
train.csv,그 나라,"#Person1#: 어떤 언어 공부해? 
#Person2#: 응, 외국어학부에서 공부해. 
#Person1#: 전공이 뭐야? 
#Person2#: 영어 전공이야. 
#Person1#: 배우기 어렵지 않아? 
#Person2#: 응, 언어 배우는 게 어렵긴 한데 재밌어. 
#Person1#: 영국이나 미국에 대해 아는 거 있어? 
#Person2#: 두 나라에 관한 책을 많이 읽고 있어. 문화가 좋더라. 
#Person1#: 맞아. 언어를 잘 배우려면 그 나라 문화도 배우는 게 중요하지. 
#Person2#: 맞아.","#Person2#는 영어를 전공하고 있으며, #Person1#은 언어를 잘 배우기 위해서는 그 나라의 문화를 배우는 것이 중요하다고 한다."
train.csv,그 나라,"#Person1#: Dan, 부르셨나요?
#Person2#: 아, 맞아, Sue. 앉아봐. 도움이 좀 필요해.
#Person1#: 제가 도울 일이 뭐죠?
#Person2#: 이 일정을 좀 봐봐. 4월에 네 개의 회의가 있는데, 모두 커버할 대표자가 부족해.
#Person1#: 하지만 저는 임원이 아닌데요.
#Person2#: 알아, 하지만 너는 경영과 머천다이징을 공부했잖아. 우리한텐 더 많은 관리직이 필요해. 여기 좋은 기회가 있어.
#Person1#: 정말 좋네요. 근데 제가 뭘 해야 하죠?
#Person2#: 4월 18일 시애틀에서 열리는 회의가 있어. 우리가 너를 대표로 보내고 싶어.
#Person1#: 큰 책임이네요.
#Person2#: 넌 잘 해낼 거야. 난 확신해.
#Person1#: 배워야 할 게 많나요?
#Person2#: 몇 가지 있지만, 어렵진 않아.
#Person1#: 시간이 얼마 남지 않았네요. 바로 시작할 수 있을까요?
#Person2#: 이전 회의에 대한 보고서가 파일에 있으니 공부해 봐.
#Person1#: 다른 나라에서의 예절에 대한 가이드를 주실 수 있나요?
#Person2#: 국제 회의에 적용되는 몇 가지 전반적인 가이드라인이 있어.
#Person1#: 그렇다면 국가별 정보는 어디서 찾을 수 있죠?
#Person2#: 보통 그 나라의 대사관이나 영사관에 전화하면 돼. 대부분 비즈니스 방문자용 자료가 있어. 공공 도서관에서도 여행 관련 책을 찾을 수 있어. 시간이 부족하면 지난번에 거기 다녀온 Sally에게 물어봐도 돼.
#Person1#: 좋아요. 그리고 회사에서 교통편도 마련해 줄까요?
#Person2#: 응. 여행 부서에 필요한 걸 알려주면 일정 잡아줄 거야.
#Person1#: 감사합니다. 최선을 다할게요.","Dan은 Sue에게 시애틀에서 열리는 회의에 참석하여 회사를 대표해달라고 요청하고, 그녀에게 배워야 할 부분과 국제 회의에 적용되는 전반적인 가이드라인을 설명합니다. Sue는 해당 국가의 대사관이나 영사관에 연락하여 국가별 정보를 얻을 수 있습니다."
train.csv,그 식당,"#Person1#: 그 식당 어땠어?
#Person2#: 별로 마음에 들지 않았어.
#Person1#: 문제라고 생각되는 부분이 뭐야?
#Person2#: 글쎄, 아직 새로 오픈한 곳이잖아. 아직 준비가 덜 된 느낌이었어.
#Person1#: 음식은 어땠어?
#Person2#: 그다지 흥미롭지 않았어.
#Person1#: 서비스도 별로 좋지 않았던 것 같아.
#Person2#: 맞아, 서비스가 경험을 살려주진 않았어.
#Person1#: 다시 그 식당 가고 싶어?
#Person2#: 몇 달 후에 상황이 안정되면 다시 가볼까 해.",#Person2#가 새로 오픈한 식당에 대해 부정적인 경험을 이야기합니다. 준비가 부족했고 음식과 서비스가 만족스럽지 않았다고 평가했습니다.
train.csv,그 식당,"#Person1#: 여보세요, 누구세요?
#Person2#: 여보세요, 저 존이에요. 린다 좀 바꿔주세요.
#Person1#: 저예요.
#Person2#: 안녕하세요, 린다. 내일 저녁에 식사하자고 전화했어요.
#Person1#: 정말요? 몇 시에 어디서 만나요?
#Person2#: 오후 7시 30분에 런던-중식당에서요. 필요하시면 7시에 데리러 갈게요.
#Person1#: 네, 부탁드려요. 그럼 기다리고 있을게요.
#Person2#: 내일 7시에 봬요. 복장은 조금 격식 있게 준비하세요. 그 식당이 좀 고급이라고 들었어요.
#Person1#: 고마워요, 그때 봬요.
#Person2#: 네, 그때 봬요.","존이 린다를 런던-중식당에서의 저녁식사에 초대하고, 복장을 격식 있게 준비하길 요청했습니다. 존은 내일 그녀를 데리러 갈 예정입니다."
train.csv,그 식당,"#Person1#: 여기 음식 양 정말 많다. 우린 보통 남은 건 집에 싸 가지고 가게 돼. 
#Person2#: 다 맛있어 보여. 특별히 추천할 만한 게 있어? 
#Person1#: 내가 말했잖아. 메뉴가 마음에 안 들면 다시는 그 식당 안 가! 
#Person2#: 그럼 뭐 시켜도 다 괜찮다는 거네? 그럼... 
#Person1#: 잠깐, 너 연어 좋아하잖아? 여기 연어 파스타가 최고야. 
#Person2#: 진짜 맛있겠다! 수프도 같이 나오니? 
#Person1#: 수프랑 빵, 샐러드 바까지! 내가 말하는 식당은 손님들 발걸음을 다시 부른다니까! 
#Person2#: 이해했어!","#Person1#은 식당 메뉴 전부를 좋아하며 #Person2#에게 수프, 빵, 샐러드 바가 포함된 연어 파스타를 추천합니다."
train.csv,이 하루,"#Person1#: 의사 선생님, 제 아기를 좀 살려주세요. 
#Person2#: 아기가 어떤 증상이 있나요? 
#Person1#: 열이 하루째 있어요. 방금 집에서 열성 경련이 일어나서 이, 주먹을 꽉 쥐고 눈이 뒤집혔어요. 너무 당황해서 어쩔 줄 몰랐어요. 그래서 구급차를 불러 아기를 여기로 데려왔어요. 
#Person2#: 경련은 얼마나 지속되었나요? 
#Person1#: 약 3분 정도요. 
#Person2#: 다른 불편한 점은 없나요? 
#Person1#: 사흘 전부터 기침을 하고 재채기를 하며 코가 막혔어요. 그러다 어제 열이 나기 시작했어요. 
#Person2#: 체온은 재보셨나요? 
#Person1#: 오늘 아침에 38도였고, 방금 전에는 39도였어요. 
#Person2#: 발진이 있는지 확인해볼게요. 발진은 없네요. 
#Person1#: 심각한가요? 뇌수막염인가요? 
#Person2#: 아니요, 뇌수막염은 아닙니다. 단순히 고열과 경련 때문에 그래요. 바이러스에 의한 상기도 감염 때문입니다. 
#Person1#: 입원해야 하나요? 
#Person2#: 아닙니다. 입원할 필요는 없습니다. 우선 열을 내리기 위해 진통제를 투여하고, 처방전을 드릴게요. 분홍색 알약은 아기의 열을 위해 사용합니다. 체온이 38도 이상일 때 한 알씩 먹이세요. 다른 알약은 경련을 위한 안정제입니다. 하얀색 액체는 감기약입니다. 아기에게 물을 충분히 먹이세요. 
#Person1#: 감사합니다, 의사 선생님.",#Person1#의 아기가 열과 열성 경련을 앓고 있습니다. 의사는 증상과 지속 시간에 대해 질문하고 아기를 검사한 후 입원이 필요하지 않다고 설명합니다. #Person1#에게 조치를 안내하고 처방전을 제공합니다.
train.csv,이 하루,"#Person1#: 너 아침형 인간이네, Tom. 아침에 뭐 해?
#Person2#: 운동해. 아침 시간이 하루 중 가장 소중한 시간이잖아. 그냥 보내기 아깝잖아. 그 시간을 잡고 유용한 일을 해야지.
#Person1#: 그래서 보디빌딩으로 시간을 보내는구나. 어디서 운동해?
#Person2#: 주로 워밍업으로 Black Bamboo Park까지 뛰어가. 입장료가 무료거든. 거기서 활동을 시작해.
#Person1#: 매일 같은 운동 해?
#Person2#: 아니, 다양한 운동을 번갈아가면서 해. 평행봉 운동, 푸시업, 윗몸 일으키기, 토끼뜀, 5킬로미터 달리기 등등. 평일에 교대로 해. 가끔 컨디션이 안 좋으면 그냥 공원에서 빈둥대.
#Person1#: 컨디션이 안 좋으면 그냥 침대에 있지 그러니?
#Person2#: 좋은 습관을 유지하는 게 쉽지 않거든. 한번 늦잠 자면 다음번에는 더 일어나기 힘들어질까봐 두려워. 게다가 아침에 걷는 것만으로도 꽤 재미있어. 공원 여기저기서 오페라나 옛날 노래를 부르거나, er'hu 연주하거나, 체스를 두거나, 수다 떠는 노인들 무리를 만날 수 있어. 그들과 어울리는 것도 재미있어.
#Person1#: 아, 맞아. 노래 부르는 것도 건강 유지에 좋은 방법이지, 적어도 정신적으로는.","Tom은 #Person1#에게 아침에 일찍 일어나 운동한다고 말한다. 그는 다양한 운동을 번갈아가며 실시하고, 컨디션이 좋지 않더라도 침대에 머무르지 않는다. 습관 유지를 위해 일찍 일어나는 루틴을 지키며, 노인가와의 어울림도 흥미롭다고 한다."
train.csv,이 하루,"#Person1#: 저기요, 교수님. 제 숙제를 못 한 이유에 대해 말씀드리고 싶어요.
#Person2#: 왜 숙제를 못 했죠?
#Person1#: 축구 경기를 봐야 했어요.
#Person2#: 주어진 시간이 하루만 있었던 건 아닌데, 다른 날에 했으면 되잖아요?
#Person1#: 맞아요, 그렇게 할 수도 있었어요.
#Person2#: 어쨌든 한 학기에 숙제를 못 하는 건 한 번만 가능합니다. 보강은 언제 제출할 건가요?
#Person1#: 다음 주에 할게요.
#Person2#: 좋아요, 하지만 이러면 이번 수업에서 'A' 받긴 힘들어요.
#Person1#: 알겠습니다, 그렇게 할게요.
#Person2#: 이제 고등학교가 아니라 대학교라는 걸 잊지 마세요.",#Person1#은 축구 경기를 보느라 숙제를 제출하지 못했습니다. 교수님은 #Person1#에게 보강 제출을 허용했으나 'A'를 받으려면 이런 일이 다시 발생하지 않도록 경고했습니다.
train.csv,이 얘기,"#Person1#: 어제 강의 내용 알려줘서 정말 고마워.
#Person2#: 별말을. 같이 복습하면 좋겠다 싶었어. 그리고 어쨌든 나한테도 복습이 되잖아. 이젠 좀 괜찮아졌니?
#Person1#: 응, 고마워. 그래서 오징어에 대해 얘기했다는 거지? 좀 이상하게 들리는데.
#Person2#: 음, 사실 해양 생물의 진화에 대한 거였어. 지난주에 다뤘던 내용을 이어서 했거든. 문어랑 오징어는 껍데기가 있는 초기 생물에서 유래했어. 그들이 2억에서 5억 년쯤 전에 껍데기를 벗어버림으로써 생존했대.
#Person1#: 진짜 긴 시간이네.
#Person2#: 나도 알아. 근데 강사님이 그렇게 말씀하셨어. 정확히는 '그들이 언제 나타났는지는 불확실하고 왜인지는 아직 설명되지 않았다'고.
#Person1#: 어떤 오징어들은 진짜 크다면서. 껍데기가 있었으면 그렇게 큰 게 어떻게 보였을지 상상이 가?
#Person2#: 사실, 껍데기를 잃었기 때문에 더 크게 진화할 수 있었던 거래.
#Person1#: 이해가 되네. 근데 어떤 것들은 정말 크잖아. 어부들이 무게 1톤이 넘는 오징어를 잡았다는 얘기 읽은 적 있어. 그거에 대해 강사님이 얘기하셨나?
#Person2#: 자세히 얘기하진 않으셨어. 근데 몇 가지 특이한 사례를 언급하셨어. 1933년에 뉴질랜드에서 오징어를 잡았는데, 봐봐.. 22야드 길이였대. 눈이 18인치였지 뭐야. 상상이 가?
#Person1#: 바다 괴물 이야기들이 생각나네.
#Person2#: 심슨 박사님은 훨씬 더 큰 녀석들이 있을 거라고 생각하시는데, 오징어들이 똑똑하고 빠르기 때문에 인간들로부터 쉽게 도망칠 수 있거든. 어쩌면 그 괴물 이야기가 사실일지도 몰라.","#Person1#은 #Person2#에게 어제 강의 내용을 알려준 것에 대해 감사의 인사를 전합니다. 강의 주제는 해양 생물의 진화로, 지난주 내용의 연속입니다. #Person2#는 오징어가 껍데기를 잃고 진화하여 큰 크기를 가질 수 있었다고 설명하면서 몇 가지 특이 사례를 언급합니다."
train.csv,이 얘기,"#Person1#: 요즘 모두가 얘기하는 그 새로운 쇼 봤어?
#Person2#: 그거 '스트레인저 씽스'라고 해. 주말에 봤는데 진짜 재미있더라.
#Person1#: 아직 못 봤는데, 사람들이 많이 얘기하더라. 어떤 내용이야?
#Person2#: 음, 약간 SF 이야기인데 한 소년이 뒤집힌 세계에 빠지는 얘기야. 우리의 반대 세계지. 괴물도 나오고, 거미도 나오고, 액션도 있고 심지어 코미디도 있어. 제일 멋진 건 출연 배우들이 대부분 우리 또래라는 거야. 꼭 한 번 봐봐.",#Person1#과 #Person2#는 '스트레인저 씽스'라는 새로운 쇼에 대해 이야기하고 있습니다. #Person2#는 #Person1#에게 그 쇼를 추천합니다.
train.csv,이 얘기,"#Person1#: 예전에 네가 맥주 싸다고 해서 중국 좋아한다고 했던 거 기억나. 
#Person2#: 응, 진짜 싸. Carlsborg가 1달러도 안 해. 
#Person1#: 왜 술 마셔? 술 마시면 뭐가 좋아? 
#Person2#: 멋있잖아. 
#Person1#: 에이, 그냥 따라 하는 건 미성숙하다는 거 모르는 것 같은데. 
#Person2#: Mary, 그게 그냥 따른다는 건 아니야. 중요한 건 내가 술 마시는 걸 즐긴다는 거야. 일을 마치면 진짜 지치잖아. 좀 쉬어야지. TV만 켜 놓고 보는 것보다는 퇴근 후 시간을 더 재미있게 보내야지. 
#Person1#: 그래서? 술 마시면서? 
#Person2#: 술 마시는 것도 그중 하나야. 친구들이랑 모여서 노는 거지. 마시고 얘기하고. 더 마시다 보면 더 많이 얘기하게 되고 자연스럽게 풀리거든. 
#Person1#: 언제부터 술 마시기 시작했어? 
#Person2#: 오래 전이야. 처음으로 여자들 꼬시러 바에 갔을 때, 가장 예쁜 여자가 콜라를 마시고 있었어. 그래서 다가가서 '술 한 잔 살까?'라고 했지. 
#Person1#: 그리고 나서? 
#Person2#: 그 여자랑 얘기 나누고 번호를 땄어. 그런 거 알잖아? 무슨 말할지 모를 때는, 그냥 마셔. 
#Person1#: 그래서 매일 취해 있는 거야?",#Person1#은 #Person2#에게 술 마시는 이유와 첫 술 경험에 대해 이야기합니다. #Person2#는 술이 멋있고 편안하다고 말합니다.
train.csv,이 인기,"#Person1#: 있잖아, 나 요즘 살이 많이 쪄서 어떻게 살을 빼야 할지 걱정돼. 
#Person2#: 매일 운동 좀 해봐. 그게 건강하게 몸을 만드는 최고의 방법이야. 
#Person1#: 움직이는 건 별로 하고 싶지 않아. 
#Person2#: TV를 너무 많이 보지 않는 게 좋을 거야. 요즘 중국에서 댄스 머신이 인기 있거든. 하나 사는 걸 추천할게. 
#Person1#: 댄스 머신이 뭐야? 
#Person2#: 쇼핑센터에서 볼 수 있을 거야. 사용법도 배우기 쉬워. TV에 나오는 방향대로 앞뒤로, 좌우로 움직이면서 디스코 음악에 맞춰 춤추면 돼. 
#Person1#: 흥미롭다! 근데 이게 정말 운동에 도움이 돼? 
#Person2#: 그럼. 춤추고 나면 숨이 찰걸. 
#Person1#: 어디서 하나 살 수 있어? 
#Person2#: 우정상점에 가면 될 거야. 
#Person1#: 비싸? 
#Person2#: 아닌 것 같은데. 800위안 정도면 살 수 있어. 
#Person1#: 알겠어. 하나 사야겠다.","#Person1#은 체중 감소 방법에 대해 고민하고 있습니다. #Person2#은 댄스 머신을 추천하며, 그것이 쉽고 재미있을 뿐만 아니라 운동에도 효과적이라고 설명합니다. #Person1#은 재미있어 보여서 하나 사기로 합니다."
train.csv,이 인기,"#Person1#: 도와드릴까요?
#Person2#: 네, 이번 학기에 쓸 컴퓨터를 사야 해요. 여기서 컴퓨터를 사면 더 저렴하다고 들었어요.
#Person1#: 맞아요, 여기에서 새 컴퓨터를 훌륭한 가격에 구매하실 수 있어요. 학생을 위한 좋은 할인도 있어요.
#Person2#: 저는 컴퓨터에 대해 잘 모르지만, 메모리가 많은 데스크톱 컴퓨터를 원해요. 프린터도 필요해요.
#Person1#: 우선 컴퓨터에 대해 생각해 봅시다. 예를 들어, 제가 강력히 추천하는 시스템이 이 파워 매킨토시 G3입니다. 총 64메가바이트 메모리가 제공됩니다.
#Person2#: 64면 많은 건가요?
#Person1#: 네, 그렇습니다. 학생으로서 필요한 모든 것에 충분할 겁니다. 어느 학과에 속해 계신가요?
#Person2#: 역사학과요.
#Person1#: 그러면 주로 논문 작성용으로 워드 프로세서를 사용하시겠네요. 워드 프로세서로는 코렐 워드 퍼펙트를 추천합니다. 소프트웨어에 대해서는 나중에 이야기하죠. 컴퓨터에 대해 더 이야기 해볼까요?
#Person2#: 30% 할인인가요?
#Person1#: 네.
#Person2#: 와, 정말 좋네요. 대학원생에게 정말 좋은 시스템이라고 생각하시나요?
#Person1#: 네, 훌륭한 시스템입니다.
#Person2#: 음. 잠깐만요. 이거 애플 로고가 있네요. 이거 애플 컴퓨터인가요?
#Person1#: 네, 매킨토시입니다. 애플과 매킨토시는 같은 겁니다.
#Person2#: 저는 매킨토시는 싫고 PC를 원해요.
#Person1#: 죄송하지만, 저희 대학 컴퓨터 센터는 매킨토시 장비만 판매합니다.
#Person2#: 뭐라고요? 정말인가요?
#Person1#: 네.
#Person2#: 아무도 매킨토시 안 쓰잖아요!
#Person1#: 그렇지 않아요. 여기 대학에서는 학생과 교수님 대부분이 매킨토시를 사용합니다. 작문과 워드 프로세싱에 더 좋다고 생각하기 때문이죠.
#Person2#: 네, 저는 대만에서 왔어요.
#Person1#: 아시아 대부분의 나라에서는 애플이 인기 없다는 걸 알지만, 여기 미국에서는 특히 대학과 출판사에서 애플이 아주 흔히 사용됩니다.
#Person2#: 하지만 중국어로 쓸 수 있는 컴퓨터가 필요해요.
#Person1#: 매킨토시에서도 사용할 수 있는 중국어 작성 프로그램이 여러 개 있습니다. 애플로 중국어는 문제가 되지 않아요.
#Person2#: 흠. 결정을 내리기 전에 친구들한테 조언을 좀 물어보고 싶어요. 죄송해요.
#Person1#: 아닙니다, 친구에게 물어보는 건 당연합니다. 하지만 이 대학의 대부분의 학생들, 아시아 학생들까지 포함해서, 대부분이 애플을 사용하고 있다는 걸 믿어주세요.
#Person2#: 네, 조언 감사합니다. 아마 나중에 다시 올게요.
#Person1#: 언제든지요. 필요하시면 연락하세요.","#Person2#는 메모리가 많은 데스크톱 컴퓨터를 구매하기 위해 #Person1#의 도움을 요청합니다. #Person1#은 파워 매킨토시 G3를 추천하며, 애플 컴퓨터라는 점을 설명합니다. #Person2#는 중국어를 지원하는 컴퓨터가 필요하다고 하자, #Person1#은 매킨토시에서도 중국어 사용이 문제 없다고 답변합니다. #Person2#는 친구들의 조언을 듣고 난 후에 결정을 내리기로 합니다."
train.csv,이 인기,"#Person1#: 여기야, 내가 제일 좋아하는 곳이야.
#Person2#: 여기 몇 번이나 와봤어?
#Person1#: 셀 수가 없네.
#Person2#: 창가 쪽에 앉고 싶어.
#Person1#: 앉아, 오늘은 내가 쏠게.
#Person2#: 고마워.
#Person1#: 여긴 정말 바쁘네.
#Person2#: 요즘 패스트푸드점이 인기 있잖아.
#Person1#: 뭐 먹고 싶어?
#Person2#: 스테이크 샌드위치랑 중간 크기 감자튀김 주문할게.
#Person1#: 뭐 마실래?
#Person2#: 콜라 주세요. 아, 아니, 핫초코 한 잔이면 돼.","#Person1#이 가장 좋아하는 장소에서 #Person2#에게 한턱을 냅니다. #Person2#는 스테이크 샌드위치, 중간 크기 감자튀김, 그리고 핫초코를 주문합니다."
train.csv,그 소식,"#Person1#: 이게 저희 최저 가격입니다, Mr. Li. 더 이상 양보는 어렵습니다.
#Person2#: 그렇다면 더 논의해도 의미가 없네요. 거래를 무산시키는 게 낫겠습니다.
#Person1#: 제 말은, 우리는 당신이 제안하신 가격에 맞출 수 없다는 것입니다. 차이가 너무 큽니다.
#Person2#: 서로 제시한 가격을 고집하는 건 현명하지 않다고 생각합니다. 중간 지점에서 만나서 거래를 마무리하는 게 어떤가요?
#Person1#: 제안이 무엇인가요?
#Person2#: 당신의 단가가 우리가 수용할 수 있는 가격보다 100달러 더 높습니다. 서로 중간에서 만나자는 것은 문자 그대로였습니다.
#Person1#: 그러니까 우리 가격을 50달러 더 낮추라는 뜻인가요? 그것은 불가능합니다.
#Person2#: 그럼 어떤 제안을 하시겠습니까?
#Person1#: 우리가 할 수 있는 최선의 방안은 30달러 더 낮추는 것입니다. 그게 정말 최저입니다.
#Person2#: 여전히 20달러의 격차가 남습니다. 다시 중간에서 만나면 격차를 해소할 수 있고 거래를 완료할 수 있습니다.
#Person1#: 정말 설득을 잘하시네요. 좋아요, 한 번 더 중간에서 만납시다.
#Person2#: 가격 협상을 마무리하게 되어 기쁩니다. 다음 회의 때 다른 조건들을 논의하죠.
#Person1#: 네, 하나 더 명확히 하고 싶은 게 있습니다.
#Person2#: 무엇인가요?
#Person1#: 제 사업 친구들 모두 미국 수입·수출 회사들이 최근 더 유연하게 사업을 하고 있다고 하더군요.
#Person2#: 네, 맞습니다. 사실, 우리는 외국 무역에서 국제 관행을 복원하거나 도입했습니다.
#Person1#: 그 소식을 듣게 되어 기쁩니다. 양 당사자 간의 관계를 확대하고 강화하며, 특히 계약 이행 및 집행에 관한 시의적절한 의견을 교환하기 위해, 워싱턴 D.C.에 상주할 수 있는 대표를 두는 것이 가능한가요?
#Person2#: 기본적으로, 가능합니다. 워싱턴 D.C.에 외국 기업의 대표 사무소를 두는 것을 환영합니다. 물론, 처리해야 할 세부 사항들이 더 있습니다. 몇 마디로 해결할 수 있는 문제는 아닙니다.
#Person1#: 네, 당연합니다. 오늘 밤 본사에 전화해서 알려드리겠습니다. 언제 다시 만날까요?
#Person2#: 내일 아침 9시는 어떻습니까?
#Person1#: 좋습니다. 내일 다시 오겠습니다. 그때 구체적으로 더 논의하죠.","Mr. Li는 거래를 성사시키기 위해 중간 가격을 제안하고, 몇 차례의 조정 끝에 #Person1#과 최종 합의를 이끌어냅니다. 이후, #Person1#이 워싱턴 D.C.에 상주할 대표를 두는 가능성을 논의하며 Mr. Li의 허락을 구하고, Mr. Li는 이를 승인합니다. 두 사람은 내일 아침 9시에 다시 만나 구체적인 내용을 논의하기로 합니다."
train.csv,그 소식,"#Person1#: 저기요, 여기서 담배 피우지 말아주실래요? 제가 임신 중이라서요.
#Person2#: 아, 물론이죠, 죄송합니다. 사실 저도 담배 싫어해요. 그런데 끊지를 못하네요.
#Person1#: 끊기 어렵다는 건 알아요. 하지만 제 친구들 중에 많은 사람들이 끊었어요.
#Person2#: 정말요? 그분들은 어떻게 끊었대요?
#Person1#: 가족을 위해서 끊었다고 하더라고요. 결혼하고 나서 담배를 끊기로 했대요.
#Person2#: 그럼 결혼하셨어요?
#Person1#: 아니요, 전 22살이에요.
#Person2#: 그럼 담배를 시작한 지 꽤 됐네요.
#Person1#: 네, 5년 전에 시작했어요. 아버지를 따라한 건데, 지금은 그게 실수였단 걸 알아요. 근데 너무 늦었어요.
#Person2#: 아직 늦지 않았어요. 정말 시도하려고 한다면 가능할 거예요.
#Person1#: 감사합니다.
#Person2#: 그럼, 아버지는 아직도 담배 피우세요?
#Person1#: 아니요, 후두암 걸린 이후로는 끊으셨어요. 그 소식 들었을 때 정말 무서웠어요.
#Person2#: 담배는 정말 해로워요. 빨리 끊을수록 좋죠.
#Person1#: 맞아요. 아무튼, 계속 노력해볼게요.","임신 중인 #Person1#은 #Person2#에게 담배를 피우지 말라고 요청합니다. #Person2#는 금연이 어렵다고 말하며, #Person1#은 가족을 위해 금연한 친구들 이야기를 공유합니다."
train.csv,그 소식,"#Person1#: 결국에 다시 정신을 차렸대.
#Person2#: 아, 정말 다행이다. 그 소식 듣고 우리 모두 엄청 겁났었거든.
#Person1#: 맞아. 다행히 때마침 구급차가 지나가서 병원에 바로 데려갔어.
#Person2#: 그래, 아니었으면 어떻게 됐을지 몰라.
#Person1#: 빨리 건강해지길 바래.","#Person1#이 #Person2#에게 어떤 사람이 정신을 차렸다고 전하자, #Person2#는 안도감을 표한다."
train.csv,이 실제,"#Person1#: 주주총회는 얼마나 자주 열리나요?
#Person2#: 주주총회는 일 년에 두 번 열려요. 보통 봄과 가을에 열립니다. 회의 사이에는 각 주주에게 반기 보고서가 발송되고요. 재무제표도 일 년에 한 번 작성됩니다.
#Person1#: 실제로 몇 퍼센트의 주주들이 회의에 참석하나요? 제 생각엔 그렇게 많지 않을 것 같은데요...
#Person2#: 맞아요, 참석률이 높지 않아요. 그리고 회의에 참석하려면 일정량의 주식을 보유하고 있어야 해요. 그 수량이 꽤 많아서 대부분의 주주들은 회의에 참여하지 못하죠.
#Person1#: 그럼 주주들이 실제로 얼마나 발언권을 가지나요?
#Person2#: 특별히 연합하지 않으면 거의 없는 편이에요.","#Person2#는 #Person1#에게 주주총회가 일 년에 두 번 열리며, 일정량의 주식을 보유한 소수의 주주들만 참석할 수 있다고 설명합니다."
train.csv,이 실제,"#Person1#: 안녕, 벤! 어디 가는 중이야?
#Person2#: 영화 보러 가는 중이야.
#Person1#: 오늘 뭐 볼 거야?
#Person2#: 개와 고양이야.
#Person1#: 나 어제 봤어. 고양이랑 개가 싸우는 이야기야.
#Person2#: 재미있겠네.
#Person1#: 응, 정말 멋졌어. 영화에 나오는 배우들이 실제 개와 고양이라니, 만화가 아니라. 참, 지금 몇 시야?
#Person2#: 3시 15분이야.
#Person1#: 나 이제 가봐야 해. 병원에 계신 이모 보러 가야 하거든.
#Person2#: 나중에 보자.
#Person1#: 그래, 나중에 봐.",벤은 개와 고양이라는 영화를 보러 갑니다. #Person1#은 그 영화가 멋지다고 말합니다.
train.csv,이 실제,"#Person1#: 피곤해. 어제 늦게 자서 그래. 
#Person2#: 또 야근했어? 
#Person1#: 아니, 새로운 리얼리티 TV 프로그램 보다가 자정까지 깨어 있었어. 
#Person2#: 아이고, 아직도 그런 걸 보고 있어? 그냥 집에 갇혀서 아무것도 안 하는 사람들 이야기잖아. 처음엔 좀 재미있었는데, 요즘 같은 시대에 그런 프로그램을 보는 게 좀 이상해. 그 프로그램들은 사람들이 미디어의 관심을 받고 싶어하는 욕구를 충족시켜 주는 것 같아. 요즘은 다들 스타가 되고 싶어 하잖아. 
#Person1#: 그래도 그런 프로그램에 참여해서 다른 삶을 경험하거나 돈을 벌고 싶어 하는 사람들이 아직 있어. 
#Person2#: 아무튼 나는 그런 무명인들에게는 관심 없어. 그들의 유명세가 리얼리티 TV에 나왔다는 정도라면 말이야. 나는 진짜 재능 있는 사람들이 실제로 그만큼의 유명세를 얻는 걸 존경해. 그 사람들은 우리와 차원이 다르니까. 
#Person1#: 음, 나는 그렇게 생각하지 않아. 아마도 우리는 유명세가 뭔지 다시 생각해볼 필요가 있을지도 몰라.",#Person1#은 새로운 리얼리티 TV 프로그램을 자정까지 시청했다. #Person2#는 그런 프로그램들이 사람들이 미디어의 주목을 받고 싶어하는 욕구를 충족시키는 것 같아 관심이 없다고 한다.
train.csv,이 직무,"#Person1#: 자기 소개랑 과거에 대해 말해 줄 수 있어요?
#Person2#: 저는 허베이성에서 태어나서 자랐어요. 이후에 베이징으로 이사해서 MBA 과정을 시작했죠. 학위를 마치고 나서 금융 서비스 회사에서 일할 기회를 얻었고, 거기서 8년 동안 근무했습니다.
#Person1#: 가장 중요한 프로젝트는 무엇이었나요?
#Person2#: 360도 성과 시스템을 설계하는 프로젝트를 맡았었어요. 금융 분야 출신으로서는 도전이었죠. 기술 전문가들과 협력해서 가능성과 장애물에 대해 논의하고, 그 정보를 바탕으로 팀을 구성하고 프로젝트 관리를 위한 스프레드시트를 만들었습니다. 계획대로 프로젝트를 완수했고, 탁월한 성과로 포상을 받았으며 팀과 함께 성과를 나눌 수 있었습니다.
#Person1#: 이 직무에 적합한 금융 경험은 무엇인가요?
#Person2#: 지난 8년 동안 은행업에서 일했습니다. 회계 개념에 대해 확실한 이해를 가지고 있고, 분석적인 사고와 세부사항에 대한 주의력이 강합니다. 고객 서비스 훈련과 경험도 많이 쌓았고, 이 분야에서 뛰어나다는 평가를 받아왔습니다.
#Person1#: 동료들이 당신을 어떻게 평가하나요?
#Person2#: 열심히 일하고 진정한 팀 플레이어로 평가받습니다.
#Person1#: 급여 기대치는 어떤가요?
#Person2#: 급여에 대해 논의하기 전에 직무에 관한 정보를 좀 더 알고 싶어요. 그 결정은 나중으로 미루고 싶습니다.","#Person1#은 #Person2#와의 면접에서 #Person2#의 과거 경험, 중요한 프로젝트, 동료 평가, 직무 적합성을 보여주는 금융 경험, 그리고 급여 기대치에 대해 논의합니다."
train.csv,이 직무,"#Person1#: 여기 앉으세요, 존슨 씨. 학교에서 어떤 공부를 했는지 말씀해 주시겠어요? 
#Person2#: 네. 제가 가장 잘한 과목은 역사였고, 그다음으로는 지리를 잘했어요. 하지만, 가장 좋아하는 과목은 수학이었고 수학 시험에서 종종 좋은 성적을 받았어요. 
#Person1#: 이 과목들이 이 직무를 맡는 데 도움이 될 거라고 생각하시나요? 
#Person2#: 물론입니다. 이 회사가 컴퓨터를 만들고 소프트웨어를 개발한다고 알고 있는데, 컴퓨터로 작업할 때는 수학 능력과 함께 논리적인 사고도 중요하죠. 특히 프로그램을 작성할 때 그렇습니다. 제 성적이 그런 능력을 갖췄다고 생각해요. 
#Person1#: 알겠습니다. 오늘 대화 즐거웠습니다. 일주일 내에 결과에 대해 알려드리겠습니다. 
#Person2#: 좋아요. 저는 10일 뒤에 대학으로 돌아가야 해서요.","#Person1#가 Johnson 씨와 면접을 진행합니다. Johnson 씨는 역사, 지리, 수학을 잘한다고 밝히며 자신의 배경이 해당 직무에 적합하다고 생각합니다. #Person1#는 곧 결과를 Johnson 씨에게 알려줄 것입니다."
train.csv,이 직무,"#Person1#: 당신이 생각하는 이상적인 직업은 어떤 건가요?
#Person2#: 제 전문 경력을 잘 살리면서 승진할 수 있는 기회가 많은 직업이 이상적이라고 생각해요.
#Person1#: 우리 회사에서 일하고 싶으신 이유가 뭔가요?
#Person2#: 제 배경과 경험이 이 직무와 잘 맞고, 이 분야에 정말 관심이 많아요. 또한, 귀사는 이 분야에서 굉장히 뛰어난 회사니까요.
#Person1#: 이 직무에서 성공할 자신이 있는 이유는 뭐예요?
#Person2#: 대학원에서 받은 교육과 인턴 경험이 이 직무에 딱 맞는다고 생각해요. 성공할 자신이 있어요.
#Person1#: 이 회사를 어떻게 알게 되었어요?
#Person2#: 이 도시에서 귀사의 명성이 높다는 얘기를 많이 들었어요.","#Person2#는 #Person1#에게 자신의 이상적인 직업에 대해 설명하고, 왜 #Person1#의 회사에서 일하고 싶은지를 이야기합니다. #Person2#는 자신의 학업과 경험이 해당 직무에 적합하다고 믿고 있습니다."
train.csv,그 노래,"#Person1#: 캐나다 데이는 7월 1일이야. 
#Person2#: 그 나라 국가는 뭐야? 
#Person1#: 캐나다의 국가는 '오 캐나다'야. 
#Person2#: 그 노래 불러 줄 수 있어? 
#Person1#: 응, 어렸을 때 잘 불렀어.",#Person1#이 캐나다의 국경일과 국가에 관해 설명합니다.
train.csv,그 노래,"#Person1#: 그 노래 다시 한번 해보자. 잘 쳤는데 이번에는 두 번째 부분을 조금 더 빠르게 쳐봐.
#Person2#: 아, 이미 세 번이나 쳤다고! 손이 너무 차가워서 잘 못 치겠어.
#Person1#: 그래, 그럼 다른 곡 해보자. 네가 좋아하는 짧고 느린 곡, 기타 음악 같은 그거 쳐봐. 그럼 손이 좀 따뜻해질 거야!
#Person2#: 아, 그건 쉬워! 오늘 아침에 네 번이나 연습했어. 내가 제일 좋아하는 곡이야.
#Person1#: 좋아! 네가 좋아하는 곡 계속 연습하면 언젠가 멋진 피아노 연주자가 될 거야!","#Person1#은 #Person2#에게 노래 연주를 제안하지만, #Person2#는 손이 차가워서 어려움을 겪습니다. 그래서 두 사람은 다른 곡을 연주하기로 합니다."
train.csv,그 노래,"#Person1#: 쉬는 시간에는 보통 무엇을 하세요?
#Person2#: 노래 그룹에 가입해서 일주일에 두 번 오후에 연습해요.
#Person1#: 정말 흥미로운 활동이네요.
#Person2#: 네, 저희는 소규모 그룹인데 여자와 남자 합쳐서 열다섯 명이에요. 하지만 아무도 연습에 늦은 적이 없어요.
#Person1#: 그렇군요. 지금 몇 곡이나 부를 수 있어요?
#Person2#: 우리는 시작한 지 석 달밖에 안 되었지만, 여덟 곡을 연습했어요.
#Person1#: 곧 공연하실 건가요?
#Person2#: 네, 다음 달에 학교 쇼가 있는데 그때 노래 한 곡 부를 거예요. 지금 새로운 노래를 연습하고 있어요. 우리 그룹의 멤버 중 한 명이 만든 곡이에요.
#Person1#: 정말요? 그 노래 제목이 뭐에요?
#Person2#: Sunny Days에요.
#Person1#: 멋진 이름이네요. 빨리 들어보고 싶어요. 연습할 때 방문해도 될까요?",#Person2#는 #Person1#에게 자신이 노래 그룹에 가입해서 학교 쇼에서 노래를 부를 예정이라고 말합니다. #Person1#은 #Person2#의 연습을 듣고 싶어합니다.
train.csv,이 비용,"#Person1#: 이제 우린 처참했던 1분기에 대한 세부사항은 다뤘으니, Ed! 좋은 소식 좀 줘 봐. 이번 달 매출 상황은 어때?
#Person2#: 음, 저기... 나쁜 소식 먼저 들을래, 아니면 더 나쁜 소식?
#Person1#: 뭐라고? Ed, 설마 나쁜 소식밖에 없는 거야?
#Person2#: 음, 사장님, 지난달에만 매출이 50%나 급락했습니다. 현재 재고 과잉에 직원이 너무 많고, 이익이 빠르게 줄고 있어요. 시장은 불황 상태고, 재고를 처리하거나 직원들을 줄일 방법도 없습니다. 감원을 고려하면, 새 보상 패키지 규정 때문에 비용이 엄청나게 들 거예요. 정말 엉망진창입니다.
#Person1#: 이런... 우리는 얼마나 빨리 돈을 잃고 있는 건지?
#Person2#: 음... 어떻게 말씀드릴까요? 이 속도라면 석 달 안에 챕터 11을 신청할 겁니다.
#Person1#: 뭐라고? 이런, 어떻게 이런 일이... 그럼 나쁜 소식은 뭐야?
#Person2#: 아, 그게 더 나쁜 소식이에요. 공급업체가 QC 문제를 겪었고, 우리 제품의 절반이 불량입니다. 지난 분기 동안 판매한 모든 물품을 회수해야 할 겁니다. 그리고 최악의 부분은? 이 비용을 우리가 떠안아야 한다는 거죠.
#Person1#: 장난하는 거야? 지금 당장 공급업체 연락해! 이 난장판 비용은 그들이 부담해야지!
#Person2#: 시도해봤지만, 사장님. 공장이 파산했고, 소유주는 해외로 도피한 것 같아요.
#Person1#: 우리 망했어!
#Person2#: 정말 좋은 소식이 하나 있긴 해요!
#Person1#: 정말? 뭐야?
#Person2#: 새로운 직장 제안을 받았어요!","Ed는 #Person1#에게 회사의 매출이 급락하고 판매된 제품의 절반이 불량이라는 두 가지 나쁜 소식을 전합니다. 회사는 파산 신청 가능성을 고려해야 하며, 공급업체의 문제로 인해 제품 회수 비용을 자체 부담해야 하는 상황입니다."
train.csv,이 비용,"#Person1#: 사업을 운영할 때 가장 중요한 게 뭐라고 생각해요?
#Person2#: 음, 여러 가지가 있지만, 당연히 비용을 최대한 낮추고 수익을 늘리는 게 중요하죠.
#Person1#: 그렇다면 직원들 임금은 최대한 적게 주는 게 좋다고 생각하세요?
#Person2#: 아니요. 그렇게 하면 직원들이 일하기를 꺼려하게 되고, 비효율적으로 바뀌면서 이직률이 높아질 거예요. 오히려 그런 것들이 비용을 늘릴 수 있어요.
#Person1#: 그렇다면 수익을 어떻게 최대화할 수 있을까요?
#Person2#: 좋은 광고에 투자하는 게 중요해요. 잠재 고객이 어디에 있는지 파악하고 그들을 목표로 해야 해요. 예를 들어, 나이 든 사람들에게 컴퓨터 게임을 판매하는 건 효과적이지 않을 수 있어요. 시장이 너무 좁으니까요.
#Person1#: 또 다른 조언이 있을까요?
#Person2#: 다른 회사들이 같은 제품이나 서비스에 얼마를 받고 있는지 조사하고, 그 가격대에 맞추세요. 하지만 너무 싸게 책정하면 안 돼요. 많은 소비자들이 가격이 너무 싸면 품질이 낮다고 생각하니까요.","#Person1#은 사업 운영에 관해 #Person2#에게 조언을 구합니다. 대화에서는 비용 절감, 수익 극대화, 잠재 고객 타겟팅, 그리고 제품 가격 책정을 논의합니다."
train.csv,이 비용,"#Person1#: Lili, 우리 여행 가자! 
#Person2#: George, 어떻게 그래? 여행 가려면 돈이 드는데. 이번 달에는 월세 내고 나니 많이 안 남았잖아. 
#Person1#: 음, Lili, 이번에는 비행기나 호텔 대신에 우리 밴을 타고 주변 여러 곳을 돌아보자. 걱정 마, 많이 안 들 거야. 
#Person2#: 그럼 어디서 잘 건데? 
#Person1#: 밴에서 자면 되지. 
#Person2#: 다른 비용은 어쩌고? 
#Person1#: 글쎄, 기름값, 음식, 놀이 비용 정도인데, 별로 많이 안 쓸 거야. 한 번 나가자. 우리 가끔은 집에서 나가야 하잖아. 열심히 일해 왔잖아, 그치? 
#Person2#: 네가 맞을지도 모르겠네. 언제 갈 거야? 
#Person1#: 당장이라도! 빨리 가고 싶어! 
#Person2#: 오, 어디 갈지는 아직 모르겠어. 
#Person1#: 가기만 하면 돼. 어디 갈지는 네가 정해. 네 판단을 믿어. 네가 중국 음식 그리워하는 거 알아. 이번에 중국 음식점 가자. 
#Person2#: 시카고 가자. 차이나타운에서 점심 먹고, Wrigley Field에서 야구 경기도 볼 수 있잖아.","George는 여행을 가고 싶어 하지만 Lili는 비용 문제로 망설입니다. George는 밴 여행을 제안하며 비용을 절감하자고 설득하고, Lili는 시카고에 가고 싶어합니다."
train.csv,이 완벽,"#Person1#: 너가 제일 좋아하는 커피가 뭐야?
#Person2#: 아이리시 커피가 제일 좋아. 근데 막 까다롭게 따지진 않아.
#Person1#: 알겠어. 집에 있을 때 커피 직접 만들어 마셔?
#Person2#: 별로 자주 안 해. 커피 만드는 게 좀 귀찮잖아. 대부분 그냥 스타벅스에서 테이크아웃해. 그리고 인스턴트 커피도 꽤 좋아해.
#Person1#: 인스턴트 커피가 점점 더 인기를 끌고 있는 것 같아. 맛이 완벽하진 않지만 정말 싸고 편리하잖아.
#Person2#: 맞아. 네스카페가 세계에서 가장 인기 있는 커피잖아. 전 세계 사람들이 좋아해.
#Person1#: 맞아. 서양에서는 거의 모든 사람들이 커피를 좋아한다고 들었는데, 맞아?
#Person2#: 응, 틀림없어. 우리한테 커피는 단순한 음료가 아니라 생활 방식이지. 중국 사람들은 커피를 많이 안 마신다고 들었어.
#Person1#: 맞아, 특히 나이 드신 분들은 안 드셔. 하지만 요즘은 젊은 사람들이 점점 커피를 좋아해.
#Person2#: 그럴 것 같아. 그래서 중국에 멋진 커피숍이 그렇게 많은 것 같아.",#Person2#는 아이리시 커피를 좋아하고 스타벅스에서 테이크아웃을 한다. #Person1#과 #Person2#는 인스턴트 커피의 장점과 서양과 중국 사람들의 커피에 대한 태도에 대해 이야기한다.
train.csv,이 완벽,"#Person1#: 다이애나, 너 정말 존경해.
#Person2#: 왜 그래, 제리? 갑자기 그런 말을 해서.
#Person1#: 넌 항상 행복해 보이고, 학교에서도 좋은 성적 받잖아.
#Person2#: 나는 정말 열심히 해서 그래. 연습이 완벽을 만든다고 하잖아.
#Person1#: 그게 전부야?
#Person2#: 잘 모르겠어.
#Person1#: IQ 테스트 점수가 높겠지.
#Person2#: 음, 제리, 비밀 하나 알려줄게.
#Person1#: 말해 봐.
#Person2#: 내 IQ는 평균보다 조금 높아.
#Person1#: 진심이야? 너 정말 천재 같아.
#Person2#: 아마 EQ가 더 높을지도 몰라. 확신은 안 들어.
#Person1#: 뭐, 그럴 수도 있지. 때로는 EQ가 IQ보다 더 중요하잖아.
#Person2#: 맞아, 제리. 그리고 너도 둘 다 높을 거야. 책을 조금 더 열심히 보면 높은 점수 받을 수 있어.
#Person1#: 아, 고마워. 나 도서관에 가려고 하는데, 같이 갈래?
#Person2#: 가자!",제리는 다이애나를 행복하고 학교에서 좋은 성적을 받는 점에 대해 존경합니다. 다이애나는 제리가 더 노력하면 높은 점수를 받을 수 있다고 격려합니다.
train.csv,이 완벽,"#Person1#: 올해 여름에 당신 정원 정말 예쁘네요. 꽃들이 색깔이 참 다채로워요.
#Person2#: 고마워요. 장미, 튤립, 수선화가 있어요. 바위 정원에 있는 작은 꽃들도 마음에 드세요?
#Person1#: 네, 그래요. 그거 제비꽃 맞죠?
#Person2#: 네, 맞아요. 오늘 오후에 이 꽃들에 물 줄 거예요.
#Person1#: 저 나무의 아래쪽 가지가 많이 늘어져 있네요. 제가 잘라드릴까요?
#Person2#: 고마워요. 그렇게 해주시면 정말 좋겠어요. 정원 창고에 톱이 있어요.
#Person1#: 아래쪽 가지를 제거하면 그 나무 아래 앉을 수 있을 거예요.
#Person2#: 내일은 잔디를 깎을 거예요. 그러면 정원이 완벽해 보일 거예요.
#Person1#: 꽃밭에서 아이들이 놀다가 꽃이 망가지지 않도록 주의하세요.",#Person1#은 #Person2#의 정원이 다양한 색의 꽃으로 예쁘다고 칭찬합니다. 이후 #Person1#은 #Person2#를 도와 나무의 아래쪽 가지를 잘라 줍니다.
train.csv,그 목표,"#Person1#: 이 직업에서 장기 목표가 어떻게 되세요? 
#Person2#: 제 목표는 이 분야의 전문가가 되는 거예요. 
#Person1#: 그 목표를 위해 무엇을 하실 건가요? 
#Person2#: 목표를 달성하려면 한 걸음씩 나아가고, 추가로 공부할 계획이에요.",#Person1#은 #Person2#에게 장기 목표와 계획에 대해 질문합니다.
train.csv,그 목표,"#Person1#: 우리가 이 일을 맡기면, 가장 중요하게 기대하는 게 뭘까요?
#Person2#: 음, 저는 그저 제가 하는 일을 즐기고 싶어요. 그게 저한테는 가장 중요해요.
#Person1#: 그거 하나예요?
#Person2#: 네, 저는 재미있다고 생각하는 게 최고의 스승이라고 생각하거든요. 아니면 더 많은 커리어 성장 기회를 갖는 것도 좋고요.
#Person1#: 승진을 원하세요?
#Person2#: 네, 물론이죠.
#Person1#: 5년 후에는 어디에 있고 싶으세요?
#Person2#: 5년 후에는 이 회사의 시니어 매니저가 되고 싶어요.
#Person1#: 어떻게 그 목표를 이루실 계획이세요?
#Person2#: 필요한 건 뭐든지 할 거예요.","#Person1#은 #Person2#에게 입사를 제안하면서, #Person2#의 미래 커리어 계획에 대해 질문합니다."
train.csv,그 목표,"#Person1#: 승진 축하해, 프란시스. 네가 열심히 일한 보람이 드디어 나타났구나. 정말 기뻐. 
#Person2#: 고마워, 모니카. 너랑 동료들 덕분이야. 덕분에 이 자리에 올 수 있었어. 
#Person1#: 언젠가 나도 승진할 수 있기를 바라. 너의 경험을 좀 말해줄래? 
#Person2#: 음, 그냥 승진하고 싶다고 말하는 것만으로는 부족해. 원하는 자리와 그 목표를 이루기 위한 구체적인 계획을 세울 필요가 있어. 도전하는 걸 두려워하지 마. 그게 기회가 될 수도 있고 실패는 끝이 아니야. 오히려 실패에서 더 많이 배울 수 있거든. 때로는 성공을 위해 실패도 필요하더라고. 
#Person1#: 내가 뭔가 자발적으로 일을 해보는 건 어때? 
#Person2#: 그거 좋은 생각인 것 같아. 우리 상사는 직원들이 스스로 나서서 일하는 걸 항상 좋아하시거든.","프란시스가 승진했고, #Person1#에게 자신의 경험을 이야기하며, 계획을 세우고 도전할 것을 조언한다."
train.csv,이 거리,"#Person1#: 오늘 시내에서 무슨 일 있는지 들었어? 공장 노동자들이 다 거리에서 시위 중이야. 이천 명 직원들이 출근 안 하고 시청 앞에 모여서 근무 환경 개선을 요구하고 있어. 
#Person2#: 와, 정말 대단하네. 이천 명이 거리에서 피켓 들고 구호 외치고 있다니. 어떻게 해서 그런 결심을 하게 된 걸까? 
#Person1#: 지난주 시장이 모든 시민이 평등하게 대우받아야 한다고 연설한 후에 용기를 얻은 것 같아. 사실 이 불만은 오래전부터 쌓여왔지. 공장 작업 환경이 정말 안 좋다는 건 다 알고 있었잖아. 
#Person2#: 그럼 그들이 어떤 걸 요구하는 거야? 구체적으로 뭘 원하고 있어? 
#Person1#: 임금 인상이나 의료 보험 같은 거 원하고, 공장의 안전 문제를 해결하길 바라는 것 같아. 아마 그게 제일 큰 문제일 거야.",#Person1#은 #Person2#에게 이천 명의 공장 노동자들이 시청 앞에 모여 근로 조건 개선을 요구하는 시위를 벌이고 있다고 설명합니다. #Person1#은 그들이 주로 안전 문제 해결을 우선시한다고 생각합니다.
train.csv,이 거리,"#Person1#: Hillside Gallery에 전화 주셔서 감사합니다. 어떻게 도와드릴까요?
#Person2#: 안녕하세요. 이번 주말에 사진 전시회가 있나요?
#Person1#: 네, 있습니다.
#Person2#: 티켓 값은 얼마인가요?
#Person1#: 갤러리 티켓은 10파운드이고, 어린이는 반값입니다. 그림 전시회도 포함된 가격이에요. 사진 전시회만 보고 싶으시다면, 1인당 7파운드이고, 어린이는 반값입니다.
#Person2#: 갤러리가 Flower Street에 있지 않나요?
#Person1#: 아니요, 작년에 다른 건물로 이사했습니다. 현재 주소는 #Address#입니다. Town Square 맞은편에 있어요.
#Person2#: 아, 그렇군요. 25번 버스가 거기 지나가나요?
#Person1#: 네, 하지만 버스나 차로 오시는 건 추천드리지 않습니다. 주말에는 이 거리에서 교통 체증에 걸리실 거예요. 지하철이 쉽고 빠릅니다.
#Person2#: 알겠습니다. 도움 주셔서 감사합니다.","#Person2#는 이번 주말 열리는 사진 전시회와 관련된 정보를 얻기 위해 Hillside Gallery에 연락합니다. #Person1#은 티켓 가격, 갤러리의 새로운 주소 및 교통 수단을 안내하며 지하철 이용을 추천합니다."
train.csv,이 거리,"#Person1#: 안녕하세요, 손님. 두 분이신가요?
#Person2#: 아니요, 괜찮습니다. 그런데 저희에게 작은 문제가 있는데 도와주실 수 있을까요?
#Person1#: 물론이죠. 어떤 도움을 드릴까요?
#Person2#: 저희가 호텔을 찾고 있는데요. 이 근처에 호텔이 있나요?
#Person1#: 네, 이 거리에 호텔이 몇 군데 있어요. 가장 가까운 곳은 은행 옆에 있는데, 꽤 현대적이에요.
#Person2#: 혹시 근처에 저렴한 호텔도 있을까요? 저희는 내일 아침에 떠날 예정이라서요.
#Person1#: 네, 서쪽으로 약 2분 정도 차로 가시면 오른쪽에 회색 건물이 있어요. 전통적인 가족 스타일의 호텔인데, 매우 편하고 가격도 저렴해요.
#Person2#: 좋네요. 도움 주셔서 정말 감사합니다.
#Person1#: 아닙니다, 괜찮습니다.","#Person2#가 #Person1#에게 근처에 저렴한 호텔이 있는지 물어보자, #Person1#은 차로 2분 거리에 전통적인 가족 스타일의 호텔이 있다고 알려줍니다."
train.csv,이 세계,"#Person1#: 인도에 있는 이 호텔이 세계 1위 호텔로 뽑혔다네! 
#Person2#: 뭐? 광고 팔려고 상위 리스트 만들던 그런 사이트가 아니라?
#Person1#: 아니, Travel + Leisure 매거진에서 선정한 거야.
#Person2#: 오, 진짜? 그럼 확실히 전문가들이 뽑았겠네. 와, 저거 거의 궁전 같은데!
#Person1#: 북인도의 고대 궁전을 본떠서 디자인했대.
#Person2#: 방들 보니까 발코니가 되게 많아.
#Person1#: 응, 저건 개인 수영장과 바로 연결된 스위트룸들이야. 근데 모든 방에 와이파이, 평면 TV, 킹사이즈 침대, 매일 신문도 제공돼.
#Person2#: 오케이, 그만 말해! 예약해야겠어!
#Person1#: 잠깐만. 너 인도 음식 별로 안 좋아하잖아.
#Person2#: 근데 인도 음식 말고도 다른 것도 제공할 것 같은데...
#Person1#: 아마 그렇겠지. 근데 이곳은 정말 조용해. 쇼핑이나 클럽은 없어. 사람들이 여기 와서 휴식을 취하거든.
#Person2#: 괜찮아. 나 쇼핑은 어디서든 할 수 있어.
#Person1#: 방이 1박에 350달러부터 시작이고, 스위트룸은 1박에 750달러야.
#Person2#: 와우! 인도가 원래 저렴한 줄 알았는데!","#Person1#은 #Person2#에게 세계 1위로 선정된 인도의 한 호텔을 소개하며, #Person2#는 그 호텔에 예약을 하고 싶어 합니다. 두 사람은 호텔의 세부 사항과 가격에 대해 이야기하며, #Person2#는 가격에 놀랍니다."
train.csv,이 세계,"#Person1#: 안녕하세요, 여러분. 훈련 워크숍에 참여해 주셔서 감사합니다. 오늘 멋진 연사들이 기다리고 있습니다. 첫 번째로 모실 분은 국제 경제 개발 분야에서 유명한 하버드의 Dr. James Smith입니다. Dr. Smith는 20년 넘게 경제 연구에 참여하고 있으며, 1995년부터 하버드에서 가르치고 있습니다. 그럼, Dr. James Smith를 환영합니다. 
#Person2#: 감사합니다, Mr. Jackson. 안녕하세요, 여러분. 제 강연 주제는 현대 세계의 국제 관계입니다. 중동의 현재 상황과 그것이 세계 경제에 미치는 영향을 간단히 말씀드리겠습니다. 또한, 겉으로는 관련 없어 보이는 국가들의 경제가 어떻게 서로 얽혀 있는지 설명하겠습니다. 제 강연은 세 부분으로 이루어집니다. 첫 번째는 국제 관계의 개요, 두 번째는 현재 정치 상황에 대한 논의, 마지막으로 미래를 위한 트렌드입니다. 발표는 약 두 시간 걸리고, 중간에 20분 휴식이 있습니다. 점심은 12시에 제공합니다.","Mr. Jackson이 국제 경제 개발 전문가 Dr. James Smith를 소개합니다. Dr. Smith는 현대 세계의 국제 관계에 대해 강연할 예정이며, 강연의 주제와 일정을 안내합니다."
train.csv,이 세계,"#Person1#: 오늘 스튜디오에는 잘 알려진 브라질의 반세계화 운동 지지자인 알베르토 코르테즈 씨가 나와 있습니다. 그는 2050년까지 브라질이 세계에서 가장 부유하고 성공적인 국가 중 하나가 될 것이라는 최근 보고서에 대해 이야기하러 왔습니다. 알베르토 씨, 그 보고서에 대해 어떻게 생각하시나요?
#Person2#: 아시다시피, 브라질이 대국이 될 거라는 이야기는 이번이 처음이 아닙니다. 100년도 전에 같은 말이 있었지만, 현실이 되지 않았습니다.
#Person1#: 맞아요, 하지만 이제 세상은 많이 달라졌잖아요.
#Person2#: 물론입니다. 사실 이번에는 어느 정도 예측이 맞을 수도 있다고 생각합니다. 하지만 먼저 브라질이 현재 직면한 문제들을 잊지 말아야 합니다.
#Person1#: 어떤 문제들이요?
#Person2#: 이 나라에는 빈부 격차가 엄청납니다. 상파울루에서는 명품으로 가득 찬 쇼핑몰이 수도와 전기 공급이 제대로 되지 않는 슬럼 지역 바로 옆에 있는 것을 볼 수 있습니다. 그런 지역의 사람들의 삶을 개선하기 위해 많은 노력이 필요합니다.
#Person1#: 무엇을 해야 할까요?
#Person2#: 예를 들면 교육입니다. 브라질이 성공하려면 모든 브라질인에게 교육을 제공해야 합니다. 한국과 싱가포르 같은 성공적인 국가들은 뛰어난 교육 시스템을 가지고 있습니다. 브라질은 그런 나라들로부터 배워야 합니다.
#Person1#: 그러면 미래에 대해 희망이 있으신가요?
#Person2#: 앞서 말했듯이, 저는 희망을 갖고 있습니다. 이건 쉽지 않은 일이지만, 브라질이 과거처럼 중요한 기회를 놓치지 않도록 해야 합니다.","#Person1#은 브라질의 반세계화 운동 지지자인 알베르토 코르테즈와의 인터뷰를 통해, 2050년까지 브라질이 세계에서 가장 부유하고 성공적인 나라 중 하나가 될 것이라는 보고서에 대해 이야기합니다. 알베르토는 브라질이 직면한 빈부 격차 문제와 교육 시스템의 개선 필요성을 언급하며, 미래에 대한 희망을 표현합니다."
train.csv,이 광고,"#Person1#: 목요일 저녁에 광고에 대한 토론회가 있어서 나도 참여해야 해. 
#Person2#: 흥미롭네. 사람들이 광고에 대해 어떻게 생각하는지 들어보고 싶어.
#Person1#: 무슨 이야기를 해야 할까? 광고는 정말 필요한 걸까?
#Person2#: 왜 그렇게 생각해?
#Person1#: 글쎄, 광고가 없으면 뭘 살 수 있는지 알 수 없잖아.
#Person2#: 맞아, 어느 정도는 그렇지. 광고가 우리가 필요한 정보를 제공하긴 해. 누군가 새로운 제품을 만들면, 판매자가 당연히 우리에게 알리고 싶을 테니까.
#Person1#: 맞아, 그리고 광고가 어떤 제품이 제일 좋은지 알려주잖아.
#Person2#: 그래? 난 그렇게 생각 안 해. 모든 제조사는 자기 제품이 제일 좋다고 강조하니까. 진짜 최고는 하나뿐인데, 나머지는 오해를 불러일으키잖아?
#Person1#: 뭐, 그런 면도 있긴 하지만, 우리가 무조건 믿어야 하는 건 아니지.
#Person2#: 네가 지금 광고가 효과가 없다는 말이니? 나는 아무도 광고를 믿지 않는다면 똑똑한 사업가들이 광고에 수백만 달러를 쓰지 않을 거라고 생각해, 안 그래?
#Person1#: 아마도 그렇지. 어쨌든 그들의 비용이지.
#Person2#: 그렇다고? 난 아니야. 광고 비용은 제품 가격에 포함돼. 결국 너랑 나랑 그 제품을 사는 사람들이 광고 비용을 내는 거지.
#Person1#: 글쎄, 그래도 우리가 낸 돈으로 좀 더 많은 정보를 얻잖아.
#Person2#: 응, 그런데 그게 자주 오해를 불러일으키는 정보라는 걸 잊지 마. 때로는 해롭기도 해.
#Person1#: 해롭다고?
#Person2#: 젊은 사람들에게 담배 피우게 하려는 광고처럼 말이야. 그게 해롭다고 생각하지 않아?
#Person1#: 생각할 거리가 많구나. 이제 토론회를 꽤 기대하게 됐어.","#Person1#은 광고에 대한 토론회에 참석할 예정이다. #Person1#은 광고가 정보를 제공하고 가장 좋은 제품을 알린다고 생각하지만, #Person2#는 광고가 오해를 불러일으키고 때로는 해로울 수 있다고 생각한다. #Person1#은 #Person2#의 의견이 생각할 거리를 제공한다고 느낀다."
train.csv,이 광고,"#Person1#: Farmington 씨, Roger가 만든 이 광고 카탈로그 한번 봐줄래요? 이걸 사용하는 게 괜찮을지 모르겠어요.
#Person2#: 흠, 무슨 말인지 알겠어요. Roger랑 이야기 해봤나요? 그는 보통 일을 잘하는 편인데요.
#Person1#: 알아요, Farmington 씨. 그런데 그에게 이 얘기를 꺼내는 게 조금 그래서요. 당신이 그와 이야기해 주는 게 나을 것 같아요.
#Person2#: 좋아요. 이 광고는 저에게 두세요. 오늘 아침에 그와 이야기할게요.","#Person1#과 Farmington 씨는 Roger가 만든 광고에 대해 불만족스러워하고 있으며, Farmington 씨가 Roger와 직접 이야기할 것입니다."
train.csv,이 광고,"#Person1#: 아, 이 TV 진짜 이제 안 되겠어! 새로 하나 사야겠다. 신호 상태가 엉망이야. 친구들 다 좋은 TV 쓰고 있잖아. 우리도 이제는 바꿀 때가 됐어.
#Person2#: 설마 3D TV 같은 거 사려고 하는 건 아니지?
#Person1#: 음, 잘 모르겠어. 그냥 큰 화면에 화질 좋은 게 필요해.
#Person2#: 아, 그거 이웃집이 며칠 전에 산 거 말하는 거지?
#Person1#: 맞아. 소리도 정말 좋더라고.
#Person2#: 근데 이거 좀 비쌀 것 같은데. 우리 휴가 안 갔다고 해도 돈이 될지 모르겠어.
#Person1#: 야, 이 광고 좀 봐! TV 특별 세일 하잖아. 이거 겨우 300달러래! 그리고 가장 큰 것도 500달러면 살 수 있어.
#Person2#: 음, 그 정도면 우리가 살 수 있을 것 같아. 그럼 그 세일 보러 가자!","#Person1#은 현재 TV에 불만을 가지고 있으며, 화질이 좋은 새 TV를 원합니다. #Person2#는 비용을 걱정하지만, #Person1#이 TV 광고를 찾아보고 그들은 세일을 보러 가기로 합니다."
train.csv,그 정도,"#Person1#: 너 새로운 아이폰에 대해 들어봤어?
#Person2#: 응, 들었어. 6월에 나올 거라고 하던데. 너 살 생각 있어?
#Person1#: 사고 싶어. 그게 휴대폰, 카메라, 패드, MP3 플레이어가 다 합쳐져서 나오는 거라잖아.
#Person2#: 돈만 충분하면 사고 싶은데, 난 심지어 셔플 아이팟 하나 살 돈도 없네.
#Person1#: 셔플 아이팟은 얼마나 작아?
#Person2#: 1세대 아이팟 셔플은 껌 하나 크기쯤 되고, 2세대 아이팟 셔플은 그 반 크기야.
#Person1#: 몇 기가의 음악을 담을 수 있어?
#Person2#: 아마 1기가나 2기가일 거야. 기억이 잘 안 나네.
#Person1#: 가격은 얼마나 해?
#Person2#: 별로 안 비싸. 100달러 정도였던 것 같아.
#Person1#: 맞네, 그 정도면 괜찮네.
#Person2#: 너 아이팟 있어?
#Person1#: 처음 나왔을 때 생일 선물로 받았는데, 배터리 다 방전된 후로는 새거 안 샀어.
#Person2#: 왜 배터리만 새로 사서 쓰지 않았어?
#Person1#: 그게 아이팟의 문제 중 하나야. 아이팟 배터리가 평범한 것보다 오래 가긴 하지만, 배터리가 힘을 다하면 아이팟도 끝나버리잖아.",#Person1#은 새로운 아이폰을 사고 싶어한다. #Person2#는 #Person1#에게 셔플 아이팟에 대해 이야기한다. #Person1#은 아이팟을 가지고 있었지만 배터리가 방전되어 새로 사지 않았다.
train.csv,그 정도,"#Person1#: 손님 차례입니다. 기다리게 해서 죄송합니다. 토요일은 저희가 바쁜 날입니다.
#Person2#: 그런가요. 머리 좀 잘라주세요.
#Person1#: 어떻게 자르길 원하세요? 특별히 원하시는 스타일이 있으신가요?
#Person2#: 그냥 다듬기만 했으면 좋겠어요. 너무 짧게 자르지 마세요.
#Person1#: 네, 손님. 구레나룻은 어떻게 할까요?
#Person2#: 조금만 다듬어 주세요.
#Person1#: 클리퍼를 사용해도 될까요?
#Person2#: 아뇨, 쓰지 말아 주세요.
#Person1#: 알겠습니다, 손님.
#Person2#: 여기 귀 주변도 조금 다듬어 주실 수 있나요?
#Person1#: 여기 조금 더 잘라내 주고 이야기할까요?
#Person2#: 아, 네. 그게 더 좋겠네요.
#Person1#: 이렇게 하면 될까요?
#Person2#: 아니요, 그 정도는 아닙니다. 아, 네, 이제 괜찮네요.
#Person1#: 면도도 해드릴까요, 손님?
#Person2#: 네.
#Person1#: 콧수염은 어떻게 다듬어 드릴까요?",#Person2#는 이발을 원하며 #Person1#에게 특정 부분을 다듬어 달라고 요청합니다. 이발 후 #Person2#는 #Person1#에게 면도를 부탁합니다.
train.csv,그 정도,"#Person1#: 안녕하세요, 뭔가 막히신 것 같은데 도와드릴까요?
#Person2#: 그러니까, 여기 정보가 너무 많은데, 이 전단지를 전혀 못 알아보겠어요!
#Person1#: 아, 그렇군요. 혹시 무엇에 관심이 있으신가요?
#Person2#: 보험을 사는 게 나을지 저축 예금에 돈을 넣는 게 나을지 잘 모르겠어요.
#Person1#: 음, 그건 투자하실 금액에 따라 다르겠네요.
#Person2#: 한 10,000 RIB 정도 생각하고 있었어요.
#Person1#: 그 정도면 좋은 금액이에요! 자, 이 보험을 구매하시면, 매년 고정 수입으로 94.35 RIB를 받게 되실 거예요.
#Person2#: 저축 예금은요?
#Person1#: 저축 예금은 더 많이 받을 수도 있어요. 보세요, 만기일 예금의 경우, 20%의 세금을 떼더라도 1.58%의 이자율이 적용돼요. 그러니까 기술적으로는 더 많은 수익을 받을 수 있어요.
#Person2#: 와! 그게 더 좋네요.","#Person2#는 어떤 항목에 투자할지 고민하고 있습니다. #Person1#은 보험과 저축 예금의 이익을 계산하여, 저축 예금이 더 많은 수익을 줄 수 있음을 발견합니다."
train.csv,이 너희,"#Person1#: 너희 집에 사람이 정말 많네. 다들 뭐 하고 있어?
#Person2#: 우리 파티 중이야. 내가 주최하고, 내 아내가 호스티스야.
#Person1#: 저 사람들이 너희 손님이야?
#Person2#: 응, 맞아. 다 내 친구들이야.
#Person1#: 저 남자는 누구야?
#Person2#: 저 사람은 Zhang 교수님이야. 중국어 선생님이고, 부인도 선생님이야. 그들의 딸은 대학생이야.
#Person1#: 저 젊은 남자는 누구야?
#Person2#: 그 사람은 그녀의 남자친구야. 젊은 의사고, 이름은 Karl Black이야.","#Person1#이 #Person2#에게 집에서 무엇을 하고 있는지 묻고, 파티에 참석한 사람들에 대해 물어봅니다."
train.csv,이 너희,"#Person1#: 기분이 정말 좋아 보이는데? 
#Person2#: 응, 지금 기분 최고야. 
#Person1#: 무슨 기쁜 일이 있었어? 
#Person2#: 나 사랑에 빠진 것 같아. 
#Person1#: 정말? 그 운 좋은 사람은 누구야? 
#Person2#: 이름은 Jenny라고 해. 
#Person1#: 어떻게 만났는데? 
#Person2#: 수학 수업에서 만났어. 선생님이 우리를 옆자리에 앉히셨어. 
#Person1#: 그 애의 어떤 점이 그렇게 좋아? 
#Person2#: 되게 웃겨서 항상 나를 웃게 해. 
#Person1#: 운명이 너희 둘을 만나게 한 것 같네. 
#Person2#: 뭐가 우리를 만나게 했든, 난 정말 행복해.",#Person2#는 #Person1#에게 수학 수업에서 옆자리에 앉은 Jenny와 사랑에 빠져 매우 행복하다고 말합니다.
train.csv,이 너희,"#Person1#: 아니, 네 삼촌이랑 이모가 우리 집에 일주일 동안 온다고 하면서 미리 전화도 안 하고 그냥 왔어.
#Person2#: 존, 그분들은 중국 시골에서 오신 옛날식 사람들이잖아. 그게 그분들의 방식이야.
#Person1#: 알겠는데, 네 가족들이 예고도 없이 우리 집에 오는 게 아직도 익숙하지 않아.
#Person2#: 너희 가족들은 친척 방문 안 해?
#Person1#: 해, 근데 미국인들은 거의 미리 전화 안 하고는 안 오고, 웬만하면 하룻밤 자고 가는 일은 없어.
#Person2#: 아마 중국 가족들이 너희 가족들보다 더 가깝게 지내나 보지.
#Person1#: 그 말이 맞는 것 같아!","존과 #Person2#는 #Person2#의 삼촌과 이모가 미리 연락 없이 방문했을 때, 중국과 미국 친척의 차이에 대해 이야기한다."
train.csv,이 기회,"#Person1#: 자, 이제 모든 걸 한 번 더 살펴보자. 네가 꼭 이 직장을 얻길 바래! 
#Person2#: 알아! 정말 대단한 성장 기회야. 그 회사는 업계의 진정한 리더들이고, 비즈니스 프로세스 플랫폼 개발 분야에서 무언가를 할 수 있는 조직이 되는 건 정말 흥미로울 거야.
#Person1#: 그럼, 그 회사에 대해 조사했어?
#Person2#: 응, 웹사이트도 방문해 보고 그들이 무슨 일을 하는지도 알아봤어. 그 회사는 대기업을 위한 포괄적인 비즈니스 솔루션을 제공하는 IT 서비스 회사야. ARM 개발 같은 서비스도 제공하고, 맞춤형 애플리케이션도 만들어.
#Person1#: 그럼 너의 역할은 뭔데?
#Person2#: 음, 그 자리의 직함은 계정 관리자야. 그게 우리와 개발 팀 사이의 연결 고리가 되는 거야.
#Person1#: 좋아 보이네, 그런데 왜 거기서 일하고 싶어?
#Person2#: 음, 말했듯이 그 회사는 업계의 리더고, 정말 좋은 성장 전략과 직원들을 위한 놀라운 개발 기회를 가지고 있어. 그리고 강력한 기업 지배 구조도 있는 것 같아. 그들의 목표는 기업이 성장하고 잠재력을 발휘할 수 있도록 돕는 거야. 내가 생각하기에 그들의 핵심 가치와 목표가 나랑 잘 맞는 것 같아. 오, 그리고 6주 휴가, 주식 옵션, 보너스도 준다고 하더라... 이 기회 놓치지 않을 거야.
#Person1#: 그래, 진짜 좋은 기회인 것 같아! 이 일자리 꼭 얻었으면 좋겠다!",#Person1#은 #Person2#가 면접 준비를 할 수 있도록 돕고 있다. #Person1#은 면접관 역할을 하며 #Person2#에게 회사에 대한 사전조사와 직무 적합성 등에 대해 질문을 한다.
train.csv,이 기회,"#Person1#: 어, 나 너 알아. 제임스 맞지? 제임스 로버츠. 
#Person2#: 아만다 브라운. 와! 진짜 오랜만이다. 
#Person1#: 그러게. 아, 너 2주 후에 있을 동창회 갈 거야? 
#Person2#: 글쎄, 듣긴 했는데 아직 잘 모르겠어. 어디서 하는데? 
#Person1#: 시티 파크 맞은편의 마운틴 컨트리 클럽에서 열릴 예정이야. 
#Person2#: 몇 시에 시작할 거야? 
#Person1#: 아마 6시에 시작할 걸. 
#Person2#: 입장료는 얼마야? 
#Person1#: 티켓 한 장에 20달러인데, 저녁식사랑 공연이 포함된 가격이야. 
#Person2#: 어떤 공연이 있어? 
#Person1#: 재즈 라이브 밴드랑 춤이 있을 예정이야. 
#Person2#: 누가 이 행사를 주최해? 
#Person1#: 채드 필립스 기억나니? 
#Person2#: 음, 그 친구가 풋볼 팀 쿼터백 아니었나? 
#Person1#: 맞아. 그가 사라 로저스랑 결혼했어. 그 둘이 이번 행사를 담당하고 있어. 그래서, 어떻게 할 생각이야? 갈 거야? 
#Person2#: 잘 모르겠어. 고등학교 때 별로 잘 어울리질 못했거든. 좀 외톨이었던 것 같아. 그리고 나도 사라한테 데이트 신청했었는데 거절당했지. 아프다고 했었는데 같은 날 다른 사람과 나갔더라고. 좀 어색할 수도 있겠는걸. 
#Person1#: 함께 가는 건 어때? 
#Person2#: 정말 그래도 돼? 
#Person1#: 응. 
#Person2#: 그럼, 좋아. 사실 나는 너 무척 좋게 봤어. 단지 널 데이트 신청할 용기가 없었을 뿐이야. 
#Person1#: 그래, 지금이 기회야. 
#Person2#: 좋아. 그럼, 전화번호 좀 알려줄래? 
#Person1#: #PhoneNumber#이야. 
#Person2#: #PhoneNumber#, 알겠어. 너 어디 살아? 
#Person1#: 옛 고등학교에서 두 블록 남쪽에 살아. 
#Person2#: 알았어. 너 사는 곳 기억나. 며칠 전쯤에 전화할게. 
#Person1#: 그래, 좋다. 재미있을 거야.","아만다 브라운과 제임스 로버츠는 2주 후 동창회에 대해 이야기한다. 제임스는 동창회의 시작 시간, 비용, 공연 종류 및 주최자에 대해 묻는다. 아만다는 주최자의 아내에게 과거에 거절당한 경험을 이야기한다. 아만다는 제임스와 함께 가기로 하고, 제임스에게 전화번호를 알려준다."
train.csv,이 기회,"#Person1#: 만나주셔서 감사합니다, Johnson 씨. 오늘 우리의 만남을 위한 분위기가 정말 좋네요! 
#Person2#: 괜찮습니다. 가능하다면 항상 사업과 즐거움을 겸하죠. 이제 당신이 제안하는 초콜릿에 대해 더 들어보죠. 
#Person1#: 음, 아시다시피 저는 미국에서 Grangers Gourmet Bon-bons의 독점 유통업자가 되었습니다. 이들은 새로 시장에 나온 제조업체로 고급시장을 목표로 하고 있습니다. 자연스레, 귀하의 레스토랑이 생각났습니다. 귀하의 브랜드는 Grangers와 많은 공통점을 가지고 있으며, 이 초콜릿을 제공하면 고급스러운 일류 식사를 제공한다는 명성에 큰 도움이 될 것입니다. 
#Person2#: 음, 흥미롭군요... 고급 초콜릿이라니, 어디서 생산되나요? 벨기에인가요? 
#Person1#: 사실, 공장은 스코틀랜드에 있습니다. 
#Person2#: 정말요? 스코틀랜드가 고급 초콜릿으로 유명하지는 않던데요. 
#Person1#: 그래서 이 기회가 더 특별하죠! 정부가 수출 시장을 창출하는 것을 전폭적으로 지원하고 있으며, 대량 주문 시 낮은 관세 혜택을 제공합니다. 또 세관 절차도 간소화했어요. 여기, 특별히 가져왔으니 하나 드셔보세요! 
#Person2#: 아, 감사합니다. 음, 크리미하고 정말 부드럽네요... 
#Person1#: 독특하지 않나요? 전에 이런 맛은 경험해보지 못했을 겁니다. 저는 직접 공장을 방문해서 재료에 속임수가 없는지 확인합니다. 오직 최고만이 검사를 통과합니다. 
#Person2#: 네, 아주 독특한 맛이네요... 약간 매콤하고, 정말 독특합니다. 어떤 재료들이 들어있나요? 
#Person1#: Granger 가문에서 대대로 내려온 비밀 전통 레시피입니다. 기밀은 유지해야죠. 버터밀크, 카카오빈, 설탕, 그리고 해기스가 들어갑니다. 
#Person2#: 해기스요? 해기스가 뭐죠? 
#Person1#: 전통적인 스코틀랜드 별미로, 양의 간, 심장, 폐를 양의 위에 넣어 만드는 요리입니다. 
#Person2#: 아, 다시 연락드릴게요. 
#Person1#: Johnson 씨? Johnson 씨?","#Person1#은 Grangers Gourmet Bon-bons의 독점 유통업자로, 이 회사의 초콜릿을 #Person2#의 레스토랑에 제공하여 고급스러운 이미지에 기여할 것을 제안합니다. 이 초콜릿은 스코틀랜드에서 생산되는데, #Person2#은 이를 맛보고 재료를 궁금해합니다. 해기스가 포함되어 있다는 말을 듣고 #Person2#은 추후에 다시 연락하기로 합니다."
train.csv,이 환전,"#Person1#: 도와드릴까요, 손님?
#Person2#: 네, 미국 달러를 위안으로 환전하고 싶어요.
#Person1#: 얼마를 환전하시겠습니까?
#Person2#: 현재 환율이 어떻게 되나요?
#Person1#: 오늘은 100달러 기준으로 802위안이에요.
#Person2#: 그럼 3,000달러를 환전하고 싶어요.
#Person1#: 이 환전 양식을 작성해 주세요.
#Person2#: 네, 여기 있습니다.
#Person1#: 잠시만 기다려 주세요... 여기 24,060위안과 영수증이 있습니다. 확인해 보세요.
#Person2#: 네, 감사합니다. 안녕히 계세요.
#Person1#: 안녕히 가세요.",#Person1#은 #Person2#에게 환율을 안내하고 환전을 도와줍니다.
train.csv,이 환전,"#Person1#: 안녕하세요. 오늘 어떻게 도와드릴까요?
#Person2#: 독일에서 유로로 돈을 받았어요.
#Person1#: 네, 세부 정보를 주시면 처리 여부를 확인해보겠습니다. 은행 정보와 신분증이 필요해요. 여권이나 그런 것 있나요?
#Person2#: 여기에 여권이 있어요, 그리고 계좌 정보도요. 이름과 계좌번호를 드릴게요.
#Person1#: #Person2#님, 네, 송금이 잘 되었습니다.
#Person2#: 빠르네요! 이렇게 빨리 될 줄 몰랐어요. 좋은 소식이네요. 총 금액은 20,000 유로 맞죠? 그럼, 5,000 유로를 현지 통화로 인출하고 싶습니다, 가능할까요?
#Person1#: 네, 문제 없습니다. 이 환전 양식을 작성하시고 여권을 보여주시면 됩니다.","#Person2#는 본인 계좌에 20,000 유로 송금된 금액에서 현지 통화로 5,000 유로를 인출하고자 합니다."
train.csv,이 환전,"#Person1#: 안녕하세요. 도와드릴까요?
#Person2#: 여기서 위안화를 살 수 있나요?
#Person1#: 네, 가능합니다.
#Person2#: 다행이네요! 내가 급히 영국을 떠나는 바람에 걱정이 됐었거든요.
#Person1#: 얼마나 환전하고 싶으세요?
#Person2#: 아, 여기 3일밖에 안 있을 거라 500파운드 정도면 충분할 것 같아요.
#Person1#: 이 환전 양식을 작성해 주시고, 여권을 보여주세요. 여기 서명도 부탁드립니다. 여깄습니다, 돈과 여권입니다. 물론, 다 쓰지 못한 금액은 다시 가져오시면 저희가 기꺼이 되사도록 하겠습니다.",#Person2#는 위안화를 구매하고자 합니다. #Person1#는 #Person2#에게 환전 양식을 작성하고 여권을 제시해 달라고 요청합니다.
train.csv,이 치마,"#Person1#: 도와드릴까요?
#Person2#: 감사합니다만, 그냥 둘러보고 있어요. 이 치마 얼마예요?
#Person1#: 이게 최신 스타일이에요. 228위안입니다.
#Person2#: 입어봐도 되나요?
#Person1#: 물론이죠, 해보세요.
#Person2#: 좀 깎아주실 수 있나요?
#Person1#: 210위안이에요. 이게 최저 가격이에요.
#Person2#: 음, 그럼 180위안에 살게요.
#Person1#: 음, 200위안에 드릴게요.
#Person2#: 아니요, 이게 제 마지막 제안이에요.
#Person1#: 좋아요, 포장해드릴게요.",#Person2#가 #Person1#과의 흥정 끝에 180위안에 치마를 구매했습니다.
train.csv,이 치마,"#Person1#: 이 치마가 너무 꽉 끼네요. 반품하고 싶어요. 고객 서비스 데스크에 가야 하나요?
#Person2#: 제가 도와드릴 수 있어요. 영수증은 아직 가지고 계신가요?
#Person1#: 아니요, 이건 생일 선물로 받은 거예요. 하지만 가격표는 아직 치마에 붙어 있어요. 괜찮을까요?
#Person2#: 아, 네, 그게 큰 도움이 돼요.
#Person1#: 이 스타일의 치마가 더 있나요? 더 큰 사이즈를 찾고 싶어요.
#Person2#: 죄송하지만, 이 색상의 치마는 다 팔린 것 같아요. 다른 매장에 있는지 확인해드릴까요?
#Person1#: 아니요, 괜찮아요. 다른 걸 찾아볼게요.
#Person2#: 그럼 환불 금액은 50달러입니다.","#Person1#은 치마를 반품하고 싶어 하지만, 해당 스타일의 큰 사이즈는 재고가 없습니다. #Person2#는 환불 절차를 진행해 줍니다."
train.csv,이 치마,"#Person1#: 안녕, 오늘 저녁에 Jane의 파티에 가는데 입을 드레스 좀 찾고 있어. 조언 좀 해줄래? 
#Person2#: 이 치마 어때? 네 피부랑 잘 어울릴 것 같아.
#Person1#: 그래? 좋네, 그걸 파티에 입고 가야겠다. 핸드백도 가져갈까?
#Person2#: 당연하지.
#Person1#: 지난주 너랑 샀던 갈색 가방 어때?
#Person2#: 그거 괜찮겠다. 그리고 이 목걸이 하면 완벽할 거야. 서두르자, 할머니가 우리 기다리고 계셔.","#Person2#는 #Person1#에게 Jane의 파티를 위해 치마와 갈색 핸드백, 목걸이를 추천합니다."
train.csv,그 얘긴,"#Person1#: 아빠, 여기 아침 운동하는 사람들이 정말 많아요. 
#Person2#: 그래. 나도 어릴 때 할아버지랑 여기 나왔었어.
#Person1#: 정말요? 그때 정말 행복했겠어요.
#Person2#: 지금은 안 행복하니? 나 어릴 때는 피아노 본 적도 없었단다.
#Person1#: 아빠, 그 얘긴 하지 마세요.
#Person2#: 공원이 정말 아름답구나. 카메라 가져오길 잘했네.
#Person1#: 아빠, 저 동상 근처에서 사진 찍고 싶어요.
#Person2#: 좋다. 크게 웃어봐. 준비됐니? 치즈!
#Person1#: 아빠, 우리 가족 사진 못 찍잖아요. 여기서 찍을 수 있어요.
#Person2#: 저기요, 선생님. 저희 사진 좀 찍어주실 수 있나요? 이 버튼만 눌러주시면 돼요.","#Person2#는 가족과 함께 공원을 산책합니다. 그는 딸의 사진을 찍어주고, 지나가는 사람에게 가족 사진을 부탁합니다."
train.csv,그 얘긴,"#Person1#: Joanne, 이미 힘든 이혼인데 더 이상 싸우지 말자. 이제 깔끔하게 일을 처리해서 각자 갈 길을 가자고. 어때? 
#Person2#: 나도 그래. 그냥 빨리 끝내고 싶어. 깔끔하게 정리하는 게 중요하니까. 선약이라도 했어야 했는데.
#Person1#: 뭐라고 했어? 
#Person2#: 아무것도 아니야! 어쨌든, 네 말이 맞아. 더 이상 서로에게 상처 줄 필요는 없어. 내 변호사가 너가 우리 양육비 제안과 재산 분할, 그리고 양육권 합의를 수락했다고 했어 - 내가 고양이를 가져가고 넌 개를 가지는 거지. 그래서 다 끝났어... 드디어.
#Person1#: 그 얘긴 하지 말자, Joanne! 그러면, 레코드 컬렉션부터 시작하자. 내가 기부한 앨범 가져가고, 너는 너의 싸구려 디스코 앨범 가져가. 
#Person2#: 좋아, 하지만 할아버지께서 주신 앤티크 축음기는 내가 가져갈 거야. 
#Person1#: 그건 우리 둘에게 주신 결혼 선물이라고, Joanne. 그리고 너는 거의 사용도 안 했잖아! 
#Person2#: 그분은 내 할아버지이고, 솔직히 너를 좋아하지 않으셨어! 
#Person1#: 알았어! 알겠어, 어리석은 축음기는 너가 가져가, 대신 내가 은 티 세트를 가져간다는데 동의하면.
#Person2#: 정말 전형적이야, 은 티 세트를 언제 쓸 건데? 좋아! 이걸 더 끌고 가고 싶지 않아. 다음은? 이 오래된 사진들은? 
#Person1#: 어떤 것들? 한번 보자. 와, 저거 봐! 추억이 새록새록 떠오르네... 저거? 
#Person2#: 우리 이탈리아 여행이야! 그날을 기억해. 트레비 분수를 보러 가다가 비를 맞았잖아... 
#Person1#: ... 그리고 너는 비에 젖은 머리로 정말 귀여웠어. 그 골목에 서서 비 맞으며 웃고 있는 너를 사진에 담아야 했지... 
#Person2#: 그때 정말 재미있었지, 안 그래? 
#Person1#: 아 Joanne, 우리가 큰 실수를 하는 게 아닐까? 생각해보면, 우리 관계가 한동안 어려웠지만, 그래도 화해하고 다시 시도해볼 순 없을까? 난 아직도 널 사랑해. 
#Person2#: 아 Jeff! 나도 널 사랑해! 그리고 우리 누가 오토바이를 가질지 결정할 필요 없어서 정말 다행이야. 
#Person1#: 오토바이? 그건 내 거잖아!","Jeff와 Joanne은 재산 분할 문제로 다투고 있다. Joanne은 앤티크 축음기를 가져가고 싶어하고, Jeff는 은 티 세트를 원한다. 오래된 사진은 그들에게 함께 했던 행복한 시간을 상기시켜 그들은 그들의 관계를 회복할 수 있을지 고민하게 된다."
train.csv,그 얘긴,"#Person1#: 안녕, Jack. 오랜만이야!
#Person2#: 그래. 어떻게 지냈어?
#Person1#: 나쁘지 않아. 적어도 아직 살아있어.
#Person2#: 그냥 살아있다고? 운이 좋은 거야. Jane이랑 사귀고 있다고 들었어.
#Person1#: 그 얘긴 어디서 들은 거야?
#Person2#: 에이, Jane 정말 좋은 사람이잖아. 인생에서 한 번 만날까 말까 한 사람이야.
#Person1#: 맞아. 자랑은 아니지만, 그녀는 정말 똑똑하고 아름다워.
#Person2#: 와, 그런 좋은 사람을 만나다니 정말 부럽다.","#Person1#는 Jane이라는 좋은 사람과 데이트를 하는 중이며, #Person2#는 이를 부러워하고 있다."
train.csv,이 잡지,"#Person1#: 이것 좀 봐. 이 잡지에 건강한 식단에 대한 가이드라인이 있어. 
#Person2#: 너 다 읽고 나면 나도 좀 볼 수 있어? 나도 최근에 식단에 대해 고민하고 있거든. 영양과 건강에 대한 더 많은 아이디어를 얻고 싶어. 
#Person1#: 너 요즘 정크 푸드를 별로 안 먹고 기름진 음식도 피하는 것 같더라. 이 식단이 건강에 좋다고는 하는데... 
#Person2#: 뭐라고 생각하고 있는 거야? 이 식단이 별로 맛이 없다거나 만족스럽지 않다는 거야? 
#Person1#: 음, 솔직히 말해서 맛있는 것 같진 않아. 그래도 건강을 위해 이런 음식을 먹는 게 중요하잖아. 
#Person2#: 건강한 영양 원칙을 따르면 우리가 더 건강해지고 나은 삶을 즐길 수 있지. 
#Person1#: 그래도 가끔은 맛있는 치즈케이크 한 조각쯤은 먹고 싶어. 
#Person2#: 가끔 치즈케이크 한 조각 먹는 건 문제없어. 너무 많이, 너무 자주만 먹지 않으면 돼.","#Person2#는 건강한 식단과 좋은 영양 원칙을 따릅니다. #Person1#는 건강한 식단이 맛있지는 않다고 생각하지만, 건강 유지를 위해 필요하다고 생각합니다."
train.csv,이 잡지,"#Person1#: 내 사무실에 이 잡지 더미 누가 둔 거야?
#Person2#: Alice가 그랬어. 너 보고 도서관에 갖다 달라고 했다고.
#Person1#: 아, 맞다. Alice가 나한테 그 잡지들 좀 갖다달라고 했었지. 완전 잊고 있었네.",#Person2#는 #Person1#에게 Alice가 잡지들을 도서관에 가져다달라고 부탁했었다고 상기시킵니다.
train.csv,이 잡지,"#Person1#: 오, 와. 오늘이 학교 마지막 날이라니 믿기지 않아. 이제 세 달 동안 수업이 없네! 여름 방학 때 어디로 가려고 해? 
#Person2#: 몇 달 전에 학생 중 한 명이 잡지를 줬거든. 그 잡지가 너무 흥미로워서 이제 매달 우편으로 받아보고 있어. 
#Person1#: 그냥 온라인에서 읽지 그래? 
#Person2#: 음, 사진을 정말 좋아해서, 가끔 사진을 잘라서 벽에 붙여두기도 해. 
#Person1#: 응? 
#Person2#: 첫 잡지를 받은 이후로 여행 계획을 계속 세우고 있어. 가장 흥미로운 사진들을 골라서 잘라붙여 두지. 그걸 보면서 어디가 제일 가고 싶은지 결정해. 
#Person1#: 대부분 사람들은 그걸 그냥 페이스북에서 하잖아... 
#Person2#: 음, 난 그냥 이 방식이 더 좋아. 
#Person1#: 그래서 벽에 사진이 몇 장이나 있어? 
#Person2#: 대략 열두 장 정도. 
#Person1#: 그래서 어디로 갈지 결정했어? 
#Person2#: 아, 응. 이미 비행기 표도 있어. 
#Person1#: 어디로 가는지 너무 궁금해. 두 달 동안 사진을 보고 계획했으니... 자, 어디로 가? 
#Person2#: 모로코야! 한 달 동안 있을 거야! 
#Person1#: 정말 멋지다!","#Person1#은 #Person2#에게 방학 계획을 묻고, #Person2#은 잡지에서 사진을 오려 벽에 붙여 여행지를 선택했다고 말합니다. 최종적으로 모로코로 여행을 가기로 결정했습니다."
train.csv,그 학교,"#Person1#: 주니어를 위한 좋은 학교를 찾았어! 정말 괜찮더라니까. 
#Person2#: 아직 학교를 알아보기엔 좀 이르지 않아? 우리 애기 아직 태어나지도 않았는데!
#Person1#: 그래도 미리 알아두면 좋잖아.
#Person2#: 당신 정말 귀여운 아빠가 될 것 같아! 그 학교에 대해 좀 더 말해줘.
#Person1#: 놀이터에 엄청 큰 미끄럼틀이 있고 나무들도 많고 작은 개울도 있어!
#Person2#: 학교 내부는 어때?
#Person1#: 정문에 들어가자마자 도서관이 딱 있어.
#Person2#: 우리 아이가 정말 좋아할 것 같아!","#Person1#은 아이를 위한 좋은 학교를 찾아 #Person2#에게 설명하지만, 아직 아기는 태어나지 않은 상태이다."
train.csv,그 학교,"#Person1#: 요즘 대학교 찾기는 잘 되고 있어?
#Person2#: 머리가 너무 아파. 뭘 하고 싶은지도 모르겠어.
#Person1#: 넌 음악 공부하고 싶지 않아? 쉽게 골라야 하는 거 아닌가?
#Person2#: 그래야 하는데, 선택지가 너무 많아. 성적이 좋아서 선택할 수 있는 학교가 많은데 그 다음엔...
#Person1#: 알겠어. 도시냐 시골이냐, 큰 학교냐 작은 학교냐, 공립이냐 사립이냐 같은 결정도 해야 하잖아.
#Person2#: 맞아, 너도 이해하네. 부모님이 자꾸 나보고 가톨릭 대학 가라고 압박하셔. 두 분 모두 그 학교 나오셔서 좋은 교육이랑 좋은 규율을 동시에 가질 수 있다고 생각하시거든. 그리고 등록금도 싼 편이래.
#Person1#: 그렇구나. 학교 상담 선생님하고 꼭 얘기해봐. 보통 좋은 조언을 해주시고 좋은 방향으로 이끌어 주셔. 나한테도 정보 좀 주셨는데 다음 주에 추천해 준 대학들 둘러보러 갈 거야.
#Person2#: 정보 고마워. 너도 대학교 찾기 잘 되길 바래.",#Person2#는 선택지가 많아 어떤 대학을 선택해야 할지 고민하고 있다. #Person1#은 #Person2#에게 학교 상담 교사와 상담하라고 제안한다.
train.csv,그 학교,"#Person1#: Jack, 너 대학교 시험 안 보고도 들어갈 수 있는 기회가 있다면서? 진짜야?
#Person2#: 소문이 진짜 빠르네. 아, 맞아. 근데 아직 결정 못 했어.
#Person1#: 망설이지 마. 그 학교 정말 유명하잖아. 많은 학생들이 들어가고 싶어하는 곳이야.
#Person2#: 네 말이 맞을 수도 있어. 근데 전공이 나랑 잘 안 맞아. 난 컴퓨터보다는 건축을 더 좋아하거든.
#Person1#: 그래도 이 기회는 정말 소중한 거야.
#Person2#: 알지. 그래서 지금 고민 중이야.
#Person1#: 좋은 선택하길 바래. 어쨌든 이런 기회가 쉽게 오는 게 아니잖아.
#Person2#: 고마워, 네 친절에. 잘 생각해볼게.","#Person1#은 #Person2#에게 시험을 보지 않고 대학교에 들어갈 기회를 살리라고 권유하지만, #Person2#는 전공이 자신과 맞지 않아 망설입니다."
train.csv,그 선물,"#Person1#: 안녕, Bob, 요즘 어때?
#Person2#: 그럭저럭. 하나 마음에 걸리는 게 있어.
#Person1#: 뭐가?
#Person2#: 음, 내가 몇몇 석사과정 학생들이 있잖아. 그중 한 명이 나한테 선물을 주려고 했는데 좀 불편했어.
#Person1#: 무슨 선물?
#Person2#: 이집트 카펫이야. 그 학생이 얼마 전에 내 사무실에 와서 고마움의 표시로 그 카펫을 가져왔어. 그 선물을 보고 정말 불편했어. 학생이 교수에게 그렇게 비싼 선물을 주는 건 너무 비싼 것 같아. 그 선물을 받을 만한 일을 했다고 생각하지 않아서 거절했어.
#Person1#: 선물을 거절했다고? 그거 참 안 됐네.
#Person2#: 그러게, 하지만 그렇게 비싼 선물을 받을 수가 없어. 왜 그런지 설명했는데, 그 학생이 너무 속상해하는 것 같았어. 아마 오해한 것 같아.
#Person1#: 그럴 수도 있겠네. 아마도 그 학생은 네가 그 선물을 성적 뇌물로 여긴다고 생각했을 수도 있겠어.
#Person2#: 그게 걱정이야. 그 선물에 담긴 존경은 이해하고 감사해. 하지만 학생이 교수에게 그렇게 큰돈을 쓰는 건 적절하지 않다고 생각해. 우리가 같은 생각을 하고 있는지 확인하기 위해 대화를 나눠야 할 것 같아.","Bob은 #Person1#에게 한 학생이 이집트 카펫을 선물로 주려고 했다고 이야기한다. Bob은 선물이 너무 비싸서 거절했으며, 그 학생이 오해했을까봐 걱정하고 있다."
train.csv,그 선물,"#Person1#: 도와드릴까요?
#Person2#: 네, 아들이랑 딸이 아내 생일 선물로 여기서 이 펜을 샀는데, 작동이 안 돼서 교환하고 싶습니다.
#Person1#: 한 번 볼게요. 혹시 떨어뜨리거나 그런 적 있나요?
#Person2#: 아니요, 근데 보시면 촉이 조금 구부러져 있어요.
#Person1#: 아, 네, 맞네요. 교환해 드리겠습니다. 그런데 보라색은 재고가 없고, 지금은 검정색이랑 노란색만 있습니다.
#Person2#: 아내가 그 색깔들에는 별로 관심이 없어서요.
#Person1#: 빨간 가죽 케이스가 있는 제품이 있는데, 그건 세 달러 더 비쌉니다.
#Person2#: 아이들이 이거 사느라 11달러를 모았는데, 그 선물에 제가 돈을 더 쓰면 아이들이 좀 실망할 것 같아요.
#Person1#: 그렇다면 똑같은 펜을 주문해 드릴 수도 있습니다.
#Person2#: 그게 좋은 것 같네요. 그렇게 해주세요.
#Person1#: 기쁘게 해드리겠습니다. 1주일에서 10일 정도 걸릴 거예요. 도착하면 연락드릴게요.
#Person2#: 정말 감사합니다.","#Person2#는 아이들이 아내 생일 선물로 산 고장 난 펜을 교환하고자 합니다. #Person1#은 같은 보라색 펜은 없지만, 같은 제품을 주문해 주겠다고 제안했고, #Person2#는 그 제안을 수락했습니다."
train.csv,그 선물,"#Person1#: 안녕, Bob, 별일 없지?
#Person2#: 뭐, 대충 그래. 근데 한 가지 신경 쓰이는 게 있어.
#Person1#: 오? 그게 뭔데?
#Person2#: 있잖아, 나한테 석사 준비하는 학생들이 좀 있잖아. 그중 한 명이 나한테 선물을 주려고 해서 좀 당황했어.
#Person1#: 무슨 선물?
#Person2#: 이집트 카펫이야. 그 학생이 어느 날 내 사무실에 와서 고마움을 표시하려고 카펫을 가져온 거야. 근데 그 선물을 보고 정말 불편했어. 그게 너무 비싼 선물이라서 말이야.
#Person1#: 선물을 거절했어? 그거 안타깝네.
#Person2#: 알아, 근데 너무 비싼 선물이라 받을 수가 없었어. 그래서 왜 그런지 설명했는데, 그 학생은 정말 실망한 것 같았어. 오해했을 수도 있을 것 같아.
#Person1#: 그럴 수도 있지. 아마도 너가 그 선물을 좋은 점수를 위한 뇌물로 생각했다고 생각할 수도 있어.
#Person2#: 내가 걱정되는 게 그거야. 선물에 담긴 존경을 이해하고 나도 영광이지만, 교수에게 그렇게 큰돈을 쓴 선물을 학생이 주는 건 적절하지 않다고 생각해.","Bob은 학생이 준 이집트 카펫 선물을 거절한다. 그는 그 선물이 영광스럽긴 하지만 너무 비싸서 받을 수 없다고 판단한다. 또한, 학생이 그의 선물 거절을 뇌물 거절로 오해할까 걱정한다."
train.csv,이 경기,"#Person1#: 안녕, Jane. 나 Peter야.
#Person2#: 안녕, 잘 지내?
#Person1#: 좋아. 너한테 좋은 소식이 있어.
#Person2#: 정말? 무슨 소식인데?
#Person1#: 네가 골프 경기 보는 거 좋아한다고 기억해. Houston Open이 5월 26일부터 30일까지 열린대. 경기 보는 거 좋아할 거야.
#Person2#: 아, 정말 좋네. 잠깐만, 내가 확인해 볼게. 아... 아쉽게도 그때는 못 갈 것 같아. 5월 25일부터 6월 2일까지 중국에서 출장이야.
#Person1#: 아, 출장 가야 한다니 안타깝네. 기다려 봐. 다른 경기로, US Open이 7월 15일부터 18일까지 열려. 그건 어때?
#Person2#: 그거 정말 좋네. 그때는 내 휴가 기간이야. 같이 경기 보면 좋겠다.","Peter가 Jane에게 Houston Open 골프 경기를 보러 가자고 제안하지만, Jane은 출장으로 인해 참석할 수 없다. 그래서 Peter는 US Open에 가자고 제안하고, Jane은 이에 기쁘게 동의한다."
train.csv,이 경기,"#Person1#: 여기 뉴질랜드 남자 배구 세계 선수권 대회 현장에서 날씨가 정말 좋네요. 저는 Rick Fields입니다. 오늘의 계획을 함께할 Bob Copeland와 있습니다. 
#Person2#: 고맙습니다, Rick. 오늘 정말 흥미로운 경기가 예정되어 있습니다. 브라질과 중국, 두 강팀이 다음 라운드 진출을 위해 맞붙을 예정입니다. 두 팀 모두 최고의 컨디션을 유지하고 있어 치열한 경기가 예상됩니다. 
#Person1#: 심판이 경기를 시작하라고 신호를 주었고, 이제 시작입니다. Ribero가 서브를 하고 중국이 재빠르게 받아냅니다. Chen이 세터에게 공을 넘기고... 와, 정말 멋진 세트네요! 
#Person2#: Xu의 강력한 스파이크! 정말 대단한 공격입니다! 브라질 블로커들이 예상하고 막으려 했는데도 그는 공을 넘겼습니다! 환상적인 플레이네요. 
#Person1#: 이제 중국의 서브입니다. Li의 멋진 점프 서브, 오, 렛 서브입니다. 공이 빠르게 들어와 거의 네트를 넘을 뻔했습니다. 
#Person2#: 브라질이 타임아웃을 요청했습니다. 잠시 광고 후에 다시 돌아오겠습니다.","Rick Fields와 Bob Copeland가 남자 배구 세계 선수권 대회를 해설합니다. 경기에서는 브라질과 중국이 다음 라운드 진출을 위해 경쟁하며, 뛰어난 플레이가 이어집니다."
train.csv,이 경기,"#Person1#: 그래서, 어느 스포츠를 더 좋아해? 농구 아니면 야구?
#Person2#: 솔직히 둘 다 별로 관심 없어.
#Person1#: 나는 모두가 농구를 좋아한다고 생각했는데. 왜 안 좋아해?
#Person2#: 어렸을 때 농구를 했었는데, 한 번도 득점을 못 했어. 농구 경기 볼 때마다 내가 얼마나 형편없었는지 생각나.
#Person1#: 이해가 가네.
#Person2#: 너는? 좋아하는 스포츠가 뭐야?
#Person1#: 나는 아이스하키가 제일 좋아.
#Person2#: 실제 경기를 본 적 있어?
#Person1#: 물론, 여러 번 봤어. 관객들이 보기엔 아주 흥미로운 게임이야.
#Person2#: 나는 게임 자체를 잘 이해 못 하겠더라.
#Person1#: 그렇게 어렵지 않아. 나랑 같이 경기를 보면 규칙이랑 전술도 설명해줄 수 있어.
#Person2#: 고마워, 그러면 좋지. 다음 아이스하키 게임은 언제야?
#Person1#: 당분간은 없어, 근데 인터넷에서 예전 경기를 보면서 내가 설명해줄 수도 있어.
#Person2#: 좋은 생각이야.
#Person1#: 캐나다 팀을 보자. 좋은 매니저랑 훌륭한 코치가 있어.",#Person2#는 #Person1#에게 농구를 싫어하는 이유를 설명한다. #Person1#은 아이스하키를 좋아하며 #Person2#에게 인터넷에서 예전 경기를 보자고 초대한다.
train.csv,이 나무,"#Person1#: 뭐 하고 있니, Sarah야?
#Person2#: 아빠, 제 그림을 보고 있어요. 수업 시간에 그렸어요.
#Person1#: 그림 좀 보여줄래? 오, 이건 뭐야, Sarah?
#Person2#: 이건 집이에요.
#Person1#: 그리고 저건 뭐야?
#Person2#: 저건 방이에요. 이 방은 부엌이고, 저기는 제 침실이에요.
#Person1#: 저 초록색 선들은 뭐니?
#Person2#: 선이 아니에요, 아빠. 나무에요. 이 나무들은 파란 하늘에 있어요.
#Person1#: 저건 비행기니?
#Person2#: 비행기가 아니에요, 아빠. 아빠예요. 아빠가 하늘에 있어요!","Sarah가 아빠에게 수업 시간에 그린 집, 나무, 하늘에 있는 아빠를 포함한 그림을 보여줍니다."
train.csv,이 나무,"#Person1#: 내일 또 여기 모래폭풍이 온대. 
#Person2#: 올해만 벌써 네 번째야. 정말 끔찍하지 않아? 
#Person1#: 응. 모래가 퍼지는 걸 막으려면 나무랑 풀을 더 심어야 돼. 
#Person2#: 나무가 자라는 데 여러 해가 걸릴지도 몰라. 사람들이 나무를 베는 걸 멈췄으면 좋겠어. 
#Person1#: 근데 우리는 목재가 필요하잖아. 
#Person2#: 하지만 목재 때문에 우리의 숲을 파괴할 순 없어.","모래폭풍 방지를 위해 #Person1#은 나무와 풀을 심는 것을 제안하고, #Person2#는 나무 베기를 멈춰야 한다고 주장한다."
train.csv,이 나무,"#Person1#: 정말 최악의 주였어.
#Person2#: 아이고, 안됐다!
#Person1#: 넘어져서 팔을 다쳤어.
#Person2#: 정말 안타깝네.
#Person1#: 거기다 우리 아들이 나무에 차를 박았어.
#Person2#: 정말 유감이야.
#Person1#: 우리 집 강아지가 배달원을 물었어.
#Person2#: 아이고, 그랬구나!
#Person1#: 그리고 폭풍 때문에 지붕이 날아갔어.
#Person2#: 아이고, 큰일이네!","#Person1#이 끔찍한 한 주를 보냈고, #Person2#는 그에 대해 안타까워한다."
train.csv,이 집,"#Person1#: Bob, 너도 간접흡연에 대해 알고 있지?
#Person2#: 물론, 알고 있어.
#Person1#: 근데 3차 흡연에 대해 들어본 적 있어?
#Person2#: 3차 흡연? 그건 처음 들어보네. 그게 뭐야?
#Person1#: 오늘 신문에 나왔어. 부모님들이 집 밖에서 담배를 피우거나 아이들이 없을 때만 피우면 아이들을 간접흡연에서 보호한다고 생각할 수도 있어. 하지만 연구자들이 3차 흡연이라고 부르는 것에 대해 경고하고 있더라고. 담배를 피우면 유해 물질이 머리카락이나 옷에 남잖아. 아기들이 가장 약하니까, 아기에게 가까이 가면 그걸 전해주게 되고, 아기의 질병 위험이 높아질 수 있다는 거야.
#Person2#: 그렇구나? 그렇다면 아기에게 정말 가까이 가면 안 되겠네.
#Person1#: 맞아. 사실 모든 흡연 부모들이 그렇게 해야 하고, 차라리 담배를 끊는 게 낫지.","#Person1#은 Bob에게 3차 흡연의 위험성을 설명하며, 흡연 부모는 아기에게 가까이 가지 말아야 하거나 담배를 끊는 것이 좋다고 말한다."
train.csv,이 집,"#Person1#: 이번 주말에 뭐 해?
#Person2#: 우리 매형이 집에서 작게 모임을 하는데 나 초대했어.
#Person1#: 가족 모임이야 아니면 친구들이랑?
#Person2#: 둘 다 섞여 있어. 사촌, 이모, 삼촌들도 오고, 동네 친구들도 올 거야.
#Person1#: 너네 외삼촌 Rick 오셔? 그분 진짜 재밌잖아.
#Person2#: 응, Rick도 계부 아들이랑 전처랑 같이 올 거야.
#Person1#: 너네 언니 말하는 거야?
#Person2#: 아니, Rick은 우리 큰할아버지고, 우리 할머니 형이야.
#Person1#: 뭐라구? 모르겠어.
#Person2#: 나중에 설명해줄게, 가자.",#Person2#의 매형이 #Person2#을 친척과 친구들이 함께하는 작은 모임에 초대했습니다. #Person1#은 #Person2#의 가족 관계에 대해 헷갈립니다.
train.csv,이 집,"#Person1#: 이 집에 제안하고 싶지만, 어떻게 해야 할지 잘 모르겠어요.
#Person2#: 제가 부동산 중개인이니까 절차는 제가 처리해드릴게요. 얼마로 제안할까요?
#Person1#: 이 집이 정말 마음에 들어서, 제시된 가격인 삼십오만 달러 전액을 지불하고 싶어요.
#Person2#: 조금 협상 여지를 두면 좋을 것 같아요. 삼십이만 달러로 제안해보죠.
#Person1#: 그거 좋네요, 하지만 이 집을 놓치고 싶진 않아요.
#Person2#: 지금 시장이 좀 침체되어 있어서, 그 제안도 괜찮아요.
#Person1#: 집주인이 제안을 언제쯤 수락할지 알 수 있을까요?
#Person2#: 보통 집주인들은 며칠 안에 답변해요.
#Person1#: 그동안 은행에 연락해야 할까요?
#Person2#: 이미 대출 사전 승인 받으셔서 괜찮아요.","#Person1#는 부동산 중개인의 조언에 따라, #Person1#가 정말 마음에 드는 집에 대해 삼십오만 달러의 전액 제시 가격보다 낮은 가격을 제안합니다."
train.csv,그 일,"#Person1#: 혹시 영업 쪽에서 일해본 경험 있으세요?
#Person2#: 네, 있습니다. 사실 무역 회사에서 거의 2년 정도 일했어요. 그동안 여러 회사와 사업 관계를 맺었어요.
#Person1#: 그 회사에서 구체적으로 무슨 일을 하셨나요?
#Person2#: 고객 방문하고, 화물 발송하고 그런 것들이요.
#Person1#: 그 일이 마음에 드셨나요?
#Person2#: 네, 마음에 들었어요.
#Person1#: 그런데 언제, 왜 그 회사를 떠났나요?
#Person2#: 두 달 전에 떠났어요. 거기서는 많이 배울 수 없다고 생각했거든요. 자기 개발의 기회도 별로 없었고요.
#Person1#: 그렇군요. 우리 회사를 선택한 이유는요?
#Person2#: 귀사에서는 자기 발전의 기회가 많다고 들었습니다. 게다가 저는 동북 지역 도시에서 자라서, 그 지역에서 아는 사람이 많아 판매에 도움이 될 수 있을 것 같아요.","#Person1#은 #Person2#를 인터뷰하며 영업 경력, 이전 회사에서의 업무와 그 회사를 떠난 이유 등에 대해 물어보았습니다."
train.csv,그 일,"#Person1#: 이전 직장에 대해 좀 말해줄 수 있나요?
#Person2#: 네, 작은 기계 공장에서 일했어요. 일이 아주 간단하고 할 일이 많지 않았어요.
#Person1#: 그 일이 맘에 들지 않았나요?
#Person2#: 네, 너무 지루했어요. 저는 더 많은 책임을 질 수 있다고 생각해서 일을 바꾸기로 했어요.
#Person1#: 우리 회사를 선택한 이유가 무엇인가요?
#Person2#: 어제 귀사의 광고를 봤어요. 귀사는 중요한 국제 회사잖아요. 그곳에서 일하면 제 능력을 키울 수 있다고 믿어요.
#Person1#: 우리 회사에 대해 아는 게 있나요?
#Person2#: 네, 회사는 세계에서 네 번째로 큰 기계 제조업체라고 알고 있어요. 1980년에 미국에서 설립됐고, 첨단 기술을 잘 활용하고 있다고 알고 있어요.",#Person1#은 #Person2#에게 이전 직장에 대한 경험과 그 직장을 싫어한 이유를 질문합니다. #Person2#은 회사 선택 이유를 설명합니다.
train.csv,그 일,"#Person1#: 안녕하세요, 롤링님. 처음 글을 쓰기 시작했을 때 몇 살이셨어요? 첫 번째 책은 무엇이었나요?
#Person2#: 제가 여섯 살쯤 처음 책을 썼어요. 작은 호랑이에 대한 이야기였죠. 그 이후로 계속 글을 쓰고 있어요.
#Person1#: 작가가 되기로 선택하신 이유가 있나요?
#Person2#: 음, 행복을 찾으려면 먼저 가장 사랑하는 일을 찾아야 한다고 생각해요. 그다음에는 그 일을 하면서 돈을 받을 수 있는 사람을 찾는 거죠. 저는 글을 써서 생계를 유지하는 데 매우 운이 좋다고 생각해요.
#Person1#: 성인을 위한 책을 쓸 계획이 있으신가요?
#Person2#: 아마도 쓸 수도 있겠지만, 글을 쓸 때 특정한 독자층을 상상하지 않아요. 아이디어가 먼저예요. 그래서 다음에는 어떤 아이디어가 저를 사로잡을지에 달려 있어요.
#Person1#: 해리 포터 책에 대한 아이디어는 어디서 오신 건가요?
#Person2#: 어디서 아이디어가 왔는지는 잘 모르겠어요. 그리고 그걸 굳이 찾고 싶지 않아요. 흥미를 잃을까 봐요.",롤링은 작가로서의 경험과 해리 포터 시리즈의 아이디어에 대해 이야기합니다.
train.csv,이 차,"#Person1#: 안녕하세요, Mrs. Turnbull. 잘 지내세요? 
#Person2#: 네, 잘 지내요. 감사합니다. 아드님 Jack은 어떻게 지내나요? 
#Person1#: 좀 피곤해요. 매일 아침 여덟 시에 학교에 가고, 오후 네 시가 넘어서야 집에 와요. 그 후에 차를 마시고 숙제를 해요. 숙제를 끝내는 데 보통 두 시간 정도 걸리거든요. 
#Person2#: 안됐네요. 요즘 아이들이 학교에서 열심히 하네요, 그렇죠? Jack은 학교를 좋아하나요? 
#Person1#: 네, 학교를 좋아해요. 선생님들도 잘해주셔서 큰 도움이 되죠. 
#Person2#: 맞아요, 큰 차이가 나죠. Jack은 버스를 타고 가나요? 
#Person1#: 아니요, 걸어서 가요. 걷는 걸 좋아해서 모퉁이에서 친구들을 만나 같이 가요. 
#Person2#: 비가 올 때는 어떻게 해요? 
#Person1#: 남편이 차로 데려다줘요. 사무실 가는 길에 학교를 지나거든요.","#Person1#은 Mrs. Turnbull에게 아들 Jack이 학교 때문에 피곤하지만, 학교를 좋아한다고 말합니다. Jack은 보통 걸어서 학교에 가지만, 비가 오면 남편이 차로 데려다줍니다."
train.csv,이 차,"#Person1#: 안에 들어가서 앉아보시고 마음에 드는지 보세요. 그럼 포르쉐를 가져가실 건가요, 손님?
#Person2#: 네, 보험도 같이 사고 싶어요. 필요한 것 같아요.
#Person1#: 보험 사시는 게 현명하십니다. 3일에 45달러면 좋은 조건이에요.
#Person2#: 샌프란시스코에서 차를 반납할 수 있나요?
#Person1#: 샌프란시스코요? 아니요, 손님. 저희는 이 곳에만 사무실이 있습니다. 여기로 반납하셔야 해요.
#Person2#: 정말요? 미국에선 다른 도시에 렌터카를 반납할 수 있다고 들었는데요.
#Person1#: 아니요, 손님. 그건 아주 큰 회사들만 가능합니다. 죄송하지만 이 차는 이 주차장으로 반납하셔야 합니다.
#Person2#: 뭐, 다시 남쪽으로 운전해야겠네요. 음, 그걸 생각 못했네요.
#Person1#: 그래도 차를 원하시나요, 손님?
#Person2#: 네. 재미있을 것 같아요. 해안도로를 다시 내려가는 건요. 제 여자친구도 좋아할 거예요.
#Person1#: 정말 아름다운 드라이브예요.
#Person2#: 열쇠는 어디 있나요?
#Person1#: 잠시만요, 손님. 양식을 다 작성해야 합니다.","#Person2#는 포르쉐를 보험과 함께 렌트하고 싶어 합니다. #Person2#는 샌프란시스코에서 차를 반납하고자 하지만, 그 지역의 사무실에서만 반납할 수 있다는 설명을 듣습니다. #Person2#는 결국 #Person1#의 도움으로 차를 렌트합니다."
train.csv,이 차,"#Person1#: 안녕, Yang Mei. 미국 간다고 들었어.
#Person2#: 맞아. 할머니랑 같이 가. 뉴저지에 있는 부모님 뵈러 가려고.
#Person1#: 언제 떠나?
#Person2#: 이번 주 금요일 저녁에. 비행기가 7시 15분에 떠나.
#Person1#: 거기 얼마나 있을 거야?
#Person2#: 6개월 있어.
#Person1#: 6개월! 뉴욕에 있는 우리 할아버지, 할머니도 뵈러 가?
#Person2#: 물론 가야지. 가능한 많은 곳을 가보고 싶어. 어떻게 여행하면 되지?
#Person1#: 대부분 사람들이 차로 여행해. 도로가 아주 잘 되어 있어.
#Person2#: 하지만 나 차도 없고, 운전도 못 해. 다른 방법은 없어?
#Person1#: 버스를 이용하면 돼. 아주 저렴해.
#Person2#: 기차로도 못 가?
#Person1#: 응, 갈 수 있어. 미국에서는 기차가 비싸지만, 아주 빨라.
#Person2#: 정말 고마워. 이제 가봐야겠어. 돌아오면 보자.
#Person1#: 잘 다녀와, 여행 잘 하고!",Yang Mei는 부모님과 #Person1#의 조부모님을 뵈러 미국에 갑니다. #Person1#은 여행 방법에 대해 제안합니다.
train.csv,그녀의,"#Person1#: 안녕하세요, 어떻게 도와드릴까요?
#Person2#: 안녕하세요, 꽃 좀 주문하려고요.
#Person1#: 누구한테 줄 꽃인가요?
#Person2#: 제 와이프요. 그녀의 이름은 Samantha예요.
#Person1#: 어떤 꽃을 원하시나요?
#Person2#: 잘 모르겠어요. 꽃에 대해 많이 아는 게 없어서요. 추천 좀 해주시겠어요?
#Person1#: 알겠습니다. 꽃을 보내는 이유가 뭔가요?
#Person2#: 오늘이 그녀의 생일인데, 그녀가 저한테 꽃 사달라고 했어요.
#Person1#: 그녀가 좋아하는 꽃이 뭔지 아세요?
#Person2#: 잘 모르겠어요. 알아야 하는데 지금 생각이 안 나네요.
#Person1#: 뭐, 와이프 분에게 드리는 거니까 장미가 좋을 것 같아요.
#Person2#: 장미면 괜찮아요.
#Person1#: 어떤 색으로요?
#Person2#: 빨간색이 좋을 것 같아요.
#Person1#: 직접 가져가실 건가요, 아니면 배달해드릴까요?
#Person2#: 배달해 주세요.
#Person1#: 주소가 어떻게 되시죠?
#Person2#: #Address#","#Person1#이 생일을 맞은 Samantha에게 장미를 사라고 제안하자, #Person2#가 그 조언을 받아들이고 빨간 장미를 선택한 후 배달 서비스를 요청합니다."
train.csv,그녀의,"#Person1#: 안녕, Johanna! 이번 주 일요일에 미술 전시회 갈래? 내 친구가 거기서 그녀의 그림을 전시한대. 개막식이라서 무료 음료랑 음식도 있어! 
#Person2#: 음, 사실 특별히 계획된 건 없어. 재밌을 것 같네!",Johanna는 #Person1#의 초대로 미술 전시회에 참석하기로 했다.
train.csv,그녀의,"#Person1#: 왜 이렇게 소란스러워? 
#Person2#: 내가 Amy가 뜨거운 샤워 중일 때 얼음물을 부었거든. 그녀의 표정을 봤어야 했는데. 
#Person1#: 동생을 너무 놀리지 마. 
#Person2#: 아, 그냥 장난이었어요, 엄마. 
#Person1#: 네가 가끔 너무 심해, Matt. 내가 자랄 때 우리 오빠가 너 같았으면 미쳤을 거야. 예전에 치약에 고춧가루 넣었던 거 기억나? 그리고 그녀의 열 번째 생일에 케이크에 소금을 넣었잖아. 
#Person2#: 죄송해요, 엄마. 그건 좀 심했네요. 하지만 Amy는 제 장난을 좋아해요. 나중에 항상 웃어요. 
#Person1#: 그녀는 정말 유머 감각이 좋구나. 네가 그만큼 사랑받고 있어서 다행이야. 우리 오빠하고는 그렇게 가깝지 않았거든. 그는 5살 차이라서 놀리면 항상 상처받았어. 네가 Amy랑 나이 차이도 한 살 밖에 안 나니 다행이야. 
#Person2#: 그녀는 내 베스트 프렌드야. 겁주는 게 좋지만 절대 상처 주지 않을 거야.","Matt의 엄마는 Amy에게 심한 장난을 치지 말라며, 장난이 지나치면 상처가 될 수 있다고 조언합니다."
train.csv,그 말,"#Person1#: 생일 축하해, Aims!
#Person2#: 고마워, Lisa.
#Person1#: 여기 선물이야. 마음에 들었으면 좋겠다.
#Person2#: 와, 정말 좋다! 이거 오랫동안 기다렸잖아.
#Person1#: 그 말 들으니 정말 기쁘다.
#Person2#: 이리 와봐, 친구들 좀 소개할게.","Lisa가 Aims에게 생일 선물을 주었고, Aims는 그 선물을 매우 좋아합니다."
train.csv,그 말,"#Person1#: Mr. White, 다음 달 초에 회사를 그만두려고 합니다. 
#Person2#: Jessica, 그 말을 들으니 정말 아쉽네요. 왜 그만두시려는 건가요?
#Person1#: 더 높은 연봉과 승진 기회를 제안받은 다른 직장이 있어서요.
#Person2#: 아, 그렇군요. 일찍 말씀해주셨으면 저희도 급여 인상을 고려했을 텐데요.
#Person1#: Mr. White, 정말 훌륭한 고용주셨고, 당신 같은 상사를 만난 건 행운이었습니다. 하지만 이번 새로운 일자리가 제가 항상 원하던 교육 분야라서요.
#Person2#: 알겠습니다, Jessica. 새로운 직장에서 행운을 빌어요. 추천서가 필요하면 언제든지 말씀하세요. 제가 기꺼이 써 드릴게요.",Jessica는 Mr. White에게 더 나은 조건의 직장을 제안받아 회사를 그만두겠다고 알립니다. Mr. White는 아쉬워하지만 추천서를 써 주겠다고 합니다.
train.csv,그 말,"#Person1#: 오늘 신문 다 팔렸어?
#Person2#: 응, 정말 잘 팔린 것 같아!
#Person1#: 근데 이 추가 선물들이 왜 이렇게 많이 남아 있는 거야?
#Person2#: 많은 손님들이 필요 없다고 해서 그래.
#Person1#: 그럼 저 노인에게 주는 건 어때?
#Person2#: 좋은 생각이야.
#Person1#: 근데 고객을 끌어들이기 위해 무료 선물을 주는 게 좋은 아이디어라고 생각해?
#Person2#: 잘 모르겠지만, 오늘 사람들은 많이 오긴 했어.
#Person1#: 전단지를 나눠주는 게 더 유용하고 싸지 않을까 생각해.
#Person2#: 근데 사람들이 그거 받아서 그냥 쓰레기통에 버릴 수도 있잖아.
#Person1#: 그 말도 맞아.
#Person2#: 어쨌든, 우리 일 마무리하고 집에 가자.
#Person1#: 그래. 정말 힘든 일이야.","#Person1#과 #Person2#는 오늘 신문을 모두 판매한 후, 더 많은 고객을 유치하기 위한 전략에 대해 논의하고 있다."
train.csv,그 돈,"#Person1#: 모나랑 짐이 새 집이 필요해? 
#Person2#: 아니야, 둘 다 큰 새 집이 있어. 
#Person1#: 짐은 돈 많이 벌어? 
#Person2#: 응, 그래. 그는 과학 소설 작가야. 
#Person1#: 짐은 돈을 더 벌 필요가 있어? 
#Person2#: 그렇지. 많이 벌수록 좋아. 
#Person1#: 그 돈을 다 어디에 쓰는데? 
#Person2#: 음, 꽤 빨리 써. 새 옷, 새 컴퓨터, 매년 새 차 사고, 요리사랑 가사 도우미도 있어. 모나는 한때 여배우였는데 돈 쓰는 걸 좋아해. 
#Person1#: 아이들은 없어? 
#Person2#: 없어. 아이를 원하지만 아직 운이 안 따라줘. 
#Person1#: 짐은 뭐 하는 걸 좋아해? 
#Person2#: 짐은 세계 여행을 좋아해. 그래서 돈도 많이 벌려고 해. 
#Person1#: 모나는 뭐 하는 걸 좋아해? 
#Person2#: 음, 그녀는 화려한 파티에 돈 쓰는 걸 즐겨. 모나는 세련된 드레스 입는 걸 좋아하고, 보석도 꽤 많아. 
#Person1#: 와... 그녀는 관리비 많이 드는 아내 같아. 
#Person2#: 그러게. 정치에도 관심이 있어. 도시 정부에 아는 사람이 많아. 
#Person1#: 정치는 돈이 많이 드는 취미야. 
#Person2#: 그녀는 꽤 진지해. 그녀의 삼촌이 시장인데, 그처럼 되고 싶어 해. 
#Person1#: 정치는 어려운 게임이야. 
#Person2#: 잘할지도 몰라. 모두들 그녀를 좋아하는 것 같아.","#Person1#과 #Person2#는 짐과 모나의 삶에 대해 대화를 나눈다. 짐은 과학 소설 작가로서 많은 돈을 벌며, 세계 여행을 즐긴다. 그의 아내 모나는 한때 여배우였고, 화려한 드레스와 보석을 좋아하며 정치에 관심이 많다. 그녀는 특히 삼촌처럼 시장이 되고 싶어 한다."
train.csv,그 돈,"#Person1#: 나 거실 세트 새로 사려고 해. 
#Person2#: 어디서 살 거야? 
#Person1#: 아직 잘 모르겠어. 
#Person2#: 네가 내 거실 세트 좋아하잖아? 
#Person1#: 어디서 산 거야? 
#Person2#: 나는 IKEA에서 샀어. 
#Person1#: 비싸니? 
#Person2#: 내가 IKEA에서 산 모든 게 몇 천 달러는 들었어. 
#Person1#: 가구가 잘 만들어졌어? 
#Person2#: 싸구려는 아니야. 
#Person1#: 그 돈이 가치가 있으면 살 만한 거야. 
#Person2#: 네가 돈을 써도 후회하지 않을 거야.","#Person1#은 새로운 거실 세트를 구매하려고 합니다. #Person2#는 IKEA 제품을 추천하지만, 가격이 꽤 비싸다고 설명합니다. #Person1#은 제품이 그만큼의 가치를 한다면 구매할 의향이 있다고 합니다."
train.csv,그 돈,"#Person1#: 이번 여름에 내가 뭘 할 것 같아? 
#Person2#: 뭔데? 
#Person1#: 리버사이드 호텔에서 일할 거야. 
#Person2#: 정확히 무슨 일을 하게 될 거야? 
#Person1#: 음, 호텔 안팎으로 작은 수리도 좀 하고, 잔디 깎고 꽃들도 관리할 거야. 
#Person2#: 흥미롭네. 급여는 어때? 
#Person1#: 음, 시간당 15달러 정도고, 하루에 5시간, 일요일은 쉬어. 
#Person2#: 꽤 괜찮네. 그 돈은 어떻게 쓸 거야? 
#Person1#: 다음 학기 교재 구입비에 쓸 거야.","#Person1#은 리버사이드 호텔에서 일하며, 번 돈은 다음 학기 교재비로 사용할 예정이다."
train.csv,이 책,"#Person1#: 저기, 온라인 카탈로그를 꽤 오래 사용하고 계신데, 뭐 도와드릴 거 없나요?
#Person2#: 음, 제가 1930년대와 1940년대 할리우드에 관한 논문을 써야 해서 정말 힘들어요. 책이 수백 권이나 되고 어디서부터 시작해야 할지 모르겠어요.
#Person1#: 주제가 꽤 넓어 보여요. 그 시대의 스튜디오 역사로 좁혀보는 건 어때요?
#Person2#: 그런 생각도 했었는데, '영화 스튜디오'라고 입력하니까 30권 넘게 나왔어요.
#Person1#: 더 구체적으로 하려면 원하는 연도를 지정해 보는 건 어떠세요? '1930년대', '1940년대', 아니면 '황금기'를 추가해 보세요.
#Person2#: '황금기'라는 게 좋은 생각이네요. 한번 입력해볼게요. 오, 이거 봐요, 이번엔 6권만 나왔네요. 훨씬 낫네요.
#Person1#: 그리고 또 한 가지 생각해볼 게 있어요. 잡지나 신문 기사를 찾아봤나요?
#Person2#: 아니요, 책만 찾고 있었어요.
#Person1#: 그러면, 잡지 기사들은 Reader's Guide to Periodical Literature에서 찾아볼 수 있어요.
#Person2#: 알겠어요. 일단 이 책들로 시작해보고 그다음에 잡지로 넘어갈게요.
#Person1#: 도움이 필요하면, 제가 참고 데스크에 있을게요.
#Person2#: 좋네요, 정말 감사합니다.",#Person2#는 30년대와 40년대 할리우드에 관한 책을 찾는 데 어려움을 겪고 있습니다. #Person1#은 주제를 특정 연도로 좁히라고 조언합니다. 또한 #Person1#은 #Person2#에게 잡지 기사를 검색해 보라고 제안합니다.
train.csv,이 책,"#Person1#: 책 빌려주셔서 감사합니다. 
#Person2#: 괜찮아. 그런데 이 책은 좀 어려울 수 있어서 사전이 옆에 있으면 좋을 거야. 
#Person1#: 근데 소설 읽을 때마다 새 단어를 다 찾아보는 건 익숙하지 않아서, 정말 필요한 단어만 찾아볼게.","#Person1#은 #Person2#에게 책을 빌렸고, 중요한 단어들만 찾아보며 읽을 겁니다."
train.csv,이 책,"#Person1#: 도와드릴까요?
#Person2#: 이 책들을 대출하고 싶어요.
#Person1#: 도서관 카드 있으세요?
#Person2#: 여기 있어요.
#Person1#: 연체료가 있는 것 같네요.
#Person2#: 정말요?
#Person1#: 네, 맞아요.
#Person2#: 얼마나 내야 하나요?
#Person1#: 연체료로 24.50달러를 내셔야 해요.
#Person2#: 오늘은 그만큼 없어요.
#Person1#: 죄송하지만, 연체료를 내실 때까지 다른 책을 대출할 수 없어요.
#Person2#: 가능한 빨리 낼게요.","#Person1#은 #Person2#의 책 대출을 도와주고자 하나, 연체료를 먼저 납부해야 한다고 안내합니다. #Person2#는 연체료를 조속히 납부할 예정입니다."
train.csv,그 애,"#Person1#: 요즘 Sophia랑 잘 지내고 있는지 모르겠어. 요즘 대화는 해? 
#Person2#: 아니, 못했어. 요즘 점점 멀어지는 것 같아. 
#Person1#: 예전에 너희 둘은 항상 붙어 다녔잖아. 정말 서로 좋아하는 줄 알았는데. 
#Person2#: 맞아, 그런데 그녀가 새 직장에 가고 나서부터는 직장 동료들이랑만 어울려. 
#Person1#: 같이 어울릴 수는 없어? 
#Person2#: 할 순 있는데, 그 사람들 얘기 전부가 직장 얘기라서 나 혼자 있는 기분이야. 
#Person1#: 그럼 저녁에 불러서 너희 둘이서만 만나보는 건 어때? 
#Person2#: 몇 주 전에 그렇게 했는데, 직장 친구를 데려왔더라고! 요즘 너무 바빠서 같이 만나기 어려워. 
#Person1#: 그렇게 심각할까? 원래 너한테 좋은 친구였잖아. 
#Person2#: 맞아. 그 애는 내 뒤에서 나쁜 얘기하거나 그러진 않아. 하지만 이제 우리의 우정엔 별로 관심 없는 것 같아. 
#Person1#: 그냥 새 직장에 들떠 있는 상태일 거야. 시간을 좀 줘봐. 좋은 친구를 잃는 건 아쉽잖아. 
#Person2#: 난 충분히 시간을 줬어. 이제는 마음 정리했어. 
#Person1#: 그래도 다시 관계를 회복하려고 노력해보는 게 좋지 않을까? 
#Person2#: 난 각자의 길을 가야 할 때인 것 같아.","#Person1#이 #Person2#에게 Sophia와의 관계를 묻자, #Person2#는 Sophia가 직장 동료들과만 어울리며 그들이 멀어졌다고 말한다. #Person1#은 Sophia에게 시간을 주라고 조언하지만, #Person2#는 각자의 길을 갈 때가 되었다고 답한다."
train.csv,그 애,"#Person1#: 저기 있잖아, Karen. 나 네 도움이 필요해. 여기서는 아는 사람이 아직 없어.
#Person2#: 내가 도와줄게. 무슨 일인데?
#Person1#: 우리 시어머니가 L.A. 병원에 입원했어. Hank랑 나랑 오늘 밤에 거기로 비행기 타고 가야 해.
#Person2#: 안됐네. 시어머니 어디가 안 좋으신데?
#Person1#: 의사들도 아직 잘 모르셔. 근데 진짜 문제는 Suzy야. 애가 감기가 심해서 같이 데려가기 싫은데, 봐줄 사람을 모르겠어.
#Person2#: 베이비시터가 필요하겠네.
#Person1#: 맞아, 전에 맡겼던 Jill한테 부탁하고 싶지만, 이번엔 밤새도록 더 필요해. 이틀까지 필요할지도 모르고.
#Person2#: Suzy가 우리 집에 있어도 돼.
#Person1#: 그렇게까지 부담주고 싶지 않아, Karen.
#Person2#: 왜 안 돼?
#Person1#: 네 애들이 Suzy 감기 옮을 수도 있잖아. 여기서 좋은 베이비시터가 있는 게 나을 것 같아. 근데 누구한테 부탁해야 할지 모르겠어. Jill보단 좀 더 성숙한 사람이 필요해. 길게 잡아도 삼일 정도 있을 수도 있고.
#Person2#: 누구한테 부탁해야 할지 알아. 내가 아는 애가 있어, Sara Ralston이. 17살인데, 이런 일 자주 맡기 좋아해. 우리 교회에서 알게 됐고, 전적으로 믿을 만해.
#Person1#: 그 애랑 얘기해보고 싶어. 갑자기 부탁하게 돼서 미안해. 근데 Hank랑 나랑 오늘 밤에 떠나야 해.
#Person2#: 그녀 번호 줄게. 아마 할 수 있을 거야. 책임감이 있는 아이거든.
#Person1#: 네가 아는 사람 있어서 다행이야. 네게 이걸 부탁하기 잘한 것 같아. Jill이나 그 엄마 기분 상하고 싶지 않아. 아마 Jill도 할 수 있을 거야. 근데 좀 더 나이 든 애가 낫겠어.
#Person2#: 집에 가서 Sara 번호 가져올게. 내가 먼저 전화해볼게.
#Person1#: 좋아. 그런 다음에 그녀가 시간 있는지 알려줘.","#Person1#과 Hank는 아픈 시어머니를 방문하기 위해 LA로 가야 하지만, Suzy를 집에 남겨야 하며 베이비시터가 필요하다. #Person1#은 Jill을 고려했으나 나이가 어려 고민하고 있다. Karen은 Suzy를 자신의 집에서 돌볼 수 있지만, #Person1#은 감기가 전염될까 봐 걱정한다. Karen은 믿을 수 있는 베이비시터 Sara를 추천하고, #Person1#은 그녀에게 연락하기로 한다."
train.csv,그 애,"#Person1#: 너 남자친구 있어? 
#Person2#: 어, 왜? 
#Person1#: 내가 3주 전에 한 여자애를 알게 됐는데, 우리 공통점이 너무 많아. 
#Person2#: 그래서? 
#Person1#: 그래서 아마 그 애한테 사랑에 빠질 것 같아. 
#Person2#: 너 그 애한테 끌리는구나. 좋네. 근데 그게 단순한 호감인지 진짜 사랑인지는 어떻게 알아? 
#Person1#: 그럼 호감 가지는 거랑 사랑에 빠지는 게 뭐가 달라? 
#Person2#: 그거 정말 큰 질문이야. 음, 사랑에 빠지면 아무 이유 없이도 그녀에게 말 걸거나 전화하고 싶을걸. 
#Person1#: 그거 내가 했어. 
#Person2#: 그 애가 계속 생각나? 
#Person1#: 맞아. 
#Person2#: 그리고 갑자기 새로운 관심사가 생길 수도 있어. 예전에 안 했던 걸 하기 시작한다던지. 예를 들어, 너 매일 아침 늦잠 자던 게 그녀가 아침 조깅을 좋아해서 너도 조깅을 좋아하게 된다거나. 
#Person1#: 딱 그거야. 그 애가 개를 너무 좋아하는데, 나도 개가 좋아지기 시작했어. 
#Person2#: 오, 축하해! 영혼의 반쪽을 찾은 것 같은데? 
#Person1#: 고마워. 근데 사랑에 빠지는 것과 사랑을 유지하는 건 또 다른 문제잖아. 
#Person2#: 맞아, 네 말이 맞아. 만약 그 사람이 점점 더 중요해지고 완전히 신뢰할 수 있다면, 그 사랑은 지속될 거야. 
#Person1#: 그래, 사랑에 빠지는 건 정말 좋아! 
#Person2#: 사랑을 유지하는 건 더 좋지.","#Person1#은 자신이 만난 여자애에게 단순한 호감인지 사랑인지 고민하고 있고, #Person2#는 호감에서 시작된 새로운 행동과 감정을 통해 사랑을 확인하고 유지하는 방법을 이야기한다."
train.csv,이 일,"#Person1#: 우리랑 같이 일할 거야?
#Person2#: 내가 녹색 메모장을 다시 사용할 수 있나? 칭찬의 메모를 쓰려고.
#Person1#: 그건 협상해 봐야지. 가능성은 있어.
#Person2#: 날 그리워하는 건 아니지?
#Person1#: 너무 나가진 마, #Person2#.
#Person2#: 좋아, 할게. 언제 시작하면 돼?
#Person1#: 가능한 빨리 여기로 와. 우리는 기다리고 있을게.",#Person1#이 #Person2#에게 함께 일하자고 제안하고 #Person2#가 이를 수락합니다.
train.csv,이 일,"#Person1#: 조, 에어 차이나 카운터에서 이륙 30분 전에 체크인해야 한다고 했어. 
#Person2#: 응, 알아. 티켓에 있는 탑승 시간이 17시 5분이고 지금 16시 15분이니까, 시간 충분히 있어. 
#Person1#: 체크인할 때 신분증 보여줘야 해? 
#Person2#: 응, 필수야. 
#Person1#: 짐은 어떻게 해? 
#Person2#: 짐은 체크인하고 작은 가방은 기내 반입할 수 있어. 그리고 각 가방을 열어 검사해야 해. 
#Person1#: 모든 승객을 수색하는 거야? 
#Person2#: 그럴 것 같아. 오늘 비행기에서는 절대 테러 같은 일이 일어나면 안 되니까.",#Person1#가 에어 차이나 카운터에서 체크인 시 필요한 절차에 대해 #Person2#에게 묻고 안내받습니다.
train.csv,이 일,"#Person1#: 이제 어떡하지? 차를 이 도랑에서 뺄 수가 없어. 꼼짝없이 갇혔어!
#Person2#: 걱정돼, Tom. 한 시간 동안 다른 차를 하나도 못 봤어.
#Person1#: 알지. 정말 큰일이야. 우리가 뭘 할 수 있을까? 눈은 계속 내리는데!
#Person2#: 오늘은 도시에 머물렀어야 한다고 했잖아. 일기예보에서 눈이 100% 온다 그랬어. 왜 여기까지 오고 싶었던 거야?
#Person1#: 오두막을 보여주고 싶었어. 이제 반 시간만 더 가면 됐는데.
#Person2#: 그랬더라면 좋았을 텐데. 이제 막혔으니 어떡하지?
#Person1#: 모르겠어.
#Person2#: 이런 상황이 일어나면, 에너지를 아끼는 게 중요하다고 들었어.
#Person1#: 무슨 의미야?
#Person2#: 우리 여기 발이 묶였어, Tom. 오래 있을지도 몰라. 차의 가스를 아껴야 해. 차의 에너지가 우리를 따뜻하게 해 줄 거야.
#Person1#: 가스는 충분해.
#Person2#: 맞아, 근데 가스랑 배터리 둘 다 남아 있어야 해. 차를 계속 돌리면 안 돼. 그러다 보면 곧 멈출 거야. 그럼 얼어붙게 돼.
#Person1#: 그럼 어떻게 해야 해?
#Person2#: 불을 끄고, 차랑 히터를 매 시간 15분 정도만 켜. 그럼 열을 최대한 아낄 수 있어.
#Person1#: 그래, 좋은 생각이야.
#Person2#: 여기 오지 않았으면 좋았을 텐데. 이제 며칠은 여기 있어야 할지도 몰라.
#Person1#: 며칠이나?
#Person2#: 응, 종종 그런 일이 있어. 큰 눈보라 때 사람들은 며칠 동안 갇히곤 해.
#Person1#: 세상에! 음식이 있어서 다행이야.
#Person2#: 아마도 우리는 살아남을 거야. 지금 차를 한 45분 동안 꺼놔. 그럼 다시 켜자.
#Person1#: 알았어, 네 조언대로 할게.","Tom과 #Person2#의 차가 눈보라 속 도랑에 갇혔습니다. 처음에는 불안해하지만, #Person2#가 에너지를 아끼기 위해 불을 끄고 차와 히터를 가끔씩 켜자고 제안합니다. Tom은 #Person2#의 조언대로 하기로 합니다."
train.csv,이 약,"#Person1#: 왜 선생님이 되고 싶으세요?
#Person2#: 오랫동안 꿈꿔온 직업이라서요. 어렵긴 하지만, 이보다 더 보람 있는 일은 없다고 확신해요.
#Person1#: 우리 학교에 대해 알고 있나요?
#Person2#: 네, 조금 압니다. 이 학교가 이 마을에서 가장 유명한 학교 중 하나라고 알고 있어요. 학생이 약 200명 정도라고 들었어요.",#Person2#는 교사가 되는 것이 오랫동안 꿈꿔온 직업이기 때문에 되고 싶어합니다.
train.csv,이 약,"#Person1#: 있잖아, Paul이랑 Susan이 약혼했대.
#Person2#: 진짜? 언제 약혼했대?
#Person1#: 일주일 전에 했대. 작년 여름에 만나서 이제 약혼한 거래. 곧 결혼한대.
#Person2#: 결혼 날짜는 정했대?
#Person1#: 아니, 아직은. 근데 Susan이 11월이나 12월쯤 결혼하고 싶어한대. 그래서 신혼여행으로 하와이에 간다고 해.","#Person1#은 #Person2#에게 Paul과 Susan이 작년 여름에 만나 약혼했다고 전하고, Susan이 11월이나 12월쯤 결혼하고 싶어한다고 말합니다."
train.csv,이 약,"#Person1#: 너희 회사도 노조로 전환했어? 업계에 많은 회사들이 노조화되고 있어서, 같은 조건으로 경쟁하기가 점점 힘들어지고 있는 것 같아.
#Person2#: 맞아, 우리도 그 흐름에 따라 노조에 가입하고 있어. 대부분 사람들이 꽤 만족하는 것 같아. 아마 경영진 입장이냐 노동자 입장이냐에 따라 다르겠지.
#Person1#: 경영진은 아마 노동조합을 그다지 좋게 보진 않을 거야. 이해가 가... 노동조합이 경영진에게 꽤 압박을 줄 수 있거든.
#Person2#: 맞아... 하지만 아마 노동자들한테는 더 좋을 거야. 왜냐면 노조의 목적이 약자들을 돌보는 거니까. 약자들이 큰 보스들에 맞서려면 함께 해야 하고, 노동조합은 그런 약자들에게 목소리를 주는 데 주력을 두고 있어.","#Person1#과 #Person2#는 노동조합에 대해 이야기하고 있습니다. 그들은 경영진이 노동조합을 좋게 보지 않는다고 동의하지만, 노동자들에게는 더 유리할 것이라고 봅니다."
train.csv,그 책,"#Person1#: 나랑 서점에 같이 갈래?
#Person2#: 좋은 생각이야. 가자.
#Person1#: 제프리가 두 번째 탐정 소설을 출간한 거 알아?
#Person2#: 응, 들었어. 네가 그 책 사고 싶어하는 거 알아. 하지만 나는 탐정 소설엔 관심 없어.
#Person1#: 그럼 넌 뭐에 관심 있어?
#Person2#: 코스모폴리탄 같은 패션 잡지.
#Person1#: 그 잡지 알아. 되게 유명하지.
#Person2#: 맞아. 몇 권 빌려줄게.
#Person1#: 고마워. 근데 난 관심 없어.","#Person1#은 제프리의 탐정 소설에 관심이 있으며, #Person2#는 패션 잡지에 관심을 가지고 있습니다."
train.csv,그 책,"#Person1#: 뭐 읽고 있어?
#Person2#: 아, 이거 레이 블루의 최신 소설이야. SF 스릴러야.
#Person1#: 그 사람은 보통 공포 소설 쓰지 않나?
#Person2#: 맞아. 근데 이런 장르도 잘하더라고. 정말 흥미진진해.
#Person1#: 우리 서점에 가려고 하는데, 같이 갈래?
#Person2#: 그래, 좋아. 내 수업에 필요한 교재도 사야 하고, 너도 알다시피 최신 페이퍼백 둘러보는 걸 좋아하잖아.
#Person1#: 나도 그래. 뉴욕 가는 비행기에서 읽을 게 필요해. 비행기에서 잠을 못 자거든. Sarah는 딸에게 줄 어린이 책을 사고 싶어해.
#Person2#: 난 넬슨 만델라 자서전을 보고 싶어.
#Person1#: 그 책은 분명히 읽을 가치가 있을 거야.","#Person2#가 SF 스릴러 소설을 읽고 있다. #Person1#이 서점에 가자고 제안하자, #Person2#는 필요한 책이 있어 함께 가기로 한다."
train.csv,그 책,"#Person1#: 이 책 빌릴 수 있을까요? Dr. Smith의 역사 수업 과제 때문에 필요하거든요. 
#Person2#: 죄송하지만, 그 책은 Dr. Smith가 예약해 놓아서 그분의 서면 허가 없이는 빌릴 수 없어요.",#Person2#는 #Person1#에게 Dr. Smith가 예약해 놓았기 때문에 책을 대출할 수 없다고 설명합니다.
train.csv,그 후,"#Person1#: 여보세요, 저는 링컨 은행의 루시 징입니다. Mr. Was와 통화할 수 있을까요?
#Person2#: 네, 접니다.
#Person1#: 안녕하세요, Mr. Was님. 새로운 신용카드 때문에 전화 드렸어요. 카드가 저희 은행에 도착했습니다. 직접 수령하시거나 저희가 보내드릴 수 있습니다.
#Person2#: 보내주실 필요 없어요. 오늘 오후에 개인 은행원과 미팅이 있어서 그때 갈 예정입니다.
#Person1#: 정말 좋은 타이밍이네요!
#Person2#: 그러게요. 수령하기 전까지 제가 해야 할 일이 있을까요?
#Person1#: 특별한 건 없어요. 하지만 혹시라도 마음에 들지 않는 부분이 있을 수 있으니, 서명 전에 약관을 다시 한 번 읽어보시는 걸 추천드립니다.
#Person2#: 괜찮을 겁니다. 그럼 제 비밀번호는 어떻게 되나요?
#Person1#: 그건 근무일 기준 2일 내로 발송될 겁니다. 그 후에 새 카드를 사용할 수 있습니다.
#Person2#: 알겠습니다. 그럼 오늘 오후에 뵙겠습니다. 전화해 주셔서 감사합니다. 안녕히 계세요.","루시 징이 Mr. Was에게 그의 새로운 신용카드에 대해 전화했습니다. Mr. Was는 카드를 직접 수령할 예정이며, 루시는 그가 카드에 서명하기 전에 약관을 다시 읽어보라고 권장했습니다."
train.csv,그 후,"#Person1#: 안녕 Martin, 오랜만이야. 프랑스로 공부하러 갔다면서, 어땠어?
#Person2#: 거기 1년 있었고, 그 후로 유럽을 여행하느라 1년 쉬었어.
#Person1#: 어디 갔었어?
#Person2#: 처음엔 스위스에 갔다가 그다음에 독일, 오스트리아 갔어. 이탈리아에서 여행을 끝내려고 했는데 잘 안 됐어.
#Person1#: 아쉽네. 돌아오니 좋아?
#Person2#: 당연하지. 하지만 다시 프랑스로 돌아가서 학위를 마쳐야 돼. 4년짜리 프로그램이거든.
#Person1#: 그래서 가족 만나러 베이징에 잠깐 돌아온 거구나?
#Person2#: 맞아, 여기 2달 더 있을 거야.
#Person1#: 계획 있어?
#Person2#: 7월에 우리 엄마가 70세 생신이셔서 특별한 걸 할 예정이야. 다음 달엔 해안가로 차 타고 갈 거고, 9월 1일 전에 프랑스로 돌아갈 거야.
#Person1#: 좋은데? 내 일정에도 좀 끼워줄 수 있어?
#Person2#: 하하, 친구한테는 언제든 시간 내지, 오늘 밤 어때?
#Person1#: 좋아.","Martin은 #Person1#에게 유럽에서의 경험을 이야기합니다. Martin은 가족을 만나기 위해 베이징에 돌아왔으며, 학위를 마치기 위해 다시 프랑스로 돌아갈 예정입니다. #Person1#과 Martin은 오늘 밤 만나기로 합니다."
train.csv,그 후,"#Person1#: 안녕하세요, Mrs. Turnbull. 잘 지내세요? 
#Person2#: 네, 잘 지내요. 감사합니다. 아드님 Jack은 어떻게 지내나요? 
#Person1#: 좀 피곤해요. 매일 아침 여덟 시에 학교에 가고, 오후 네 시가 넘어서야 집에 와요. 그 후에 차를 마시고 숙제를 해요. 숙제를 끝내는 데 보통 두 시간 정도 걸리거든요. 
#Person2#: 안됐네요. 요즘 아이들이 학교에서 열심히 하네요, 그렇죠? Jack은 학교를 좋아하나요? 
#Person1#: 네, 학교를 좋아해요. 선생님들도 잘해주셔서 큰 도움이 되죠. 
#Person2#: 맞아요, 큰 차이가 나죠. Jack은 버스를 타고 가나요? 
#Person1#: 아니요, 걸어서 가요. 걷는 걸 좋아해서 모퉁이에서 친구들을 만나 같이 가요. 
#Person2#: 비가 올 때는 어떻게 해요? 
#Person1#: 남편이 차로 데려다줘요. 사무실 가는 길에 학교를 지나거든요.","#Person1#은 Mrs. Turnbull에게 아들 Jack이 학교 때문에 피곤하지만, 학교를 좋아한다고 말합니다. Jack은 보통 걸어서 학교에 가지만, 비가 오면 남편이 차로 데려다줍니다."
train.csv,그분들,"#Person1#: 금요일 저녁에 헬렌의 생일 파티 갈 거야?
#Person2#: 절대 놓칠 수 없지! 분명 재밌을 거야. 많은 사람을 초대했더라고. 다들 그녀의 집에 다 들어갈 수 있을까?
#Person1#: 다 와버리면 좀 꽉 차겠지만, 몇몇 사람이 못 온다고 했거든. 그래서 괜찮을 것 같아.
#Person2#: 뭐 가져갈 거야?
#Person1#: 생일 선물 준비했고 와인 한 병도 가져가려고.
#Person2#: 좋은 생각이다. 헬렌이 음식이랑 간식 충분히 샀다고 말했어. 시끌벅적한 파티가 될 것 같아. 이웃들이 너무 신경 쓰지 않으면 좋겠네.
#Person1#: 헬렌은 이웃하고 잘 지내서 그분들도 파티에 올지도 몰라.
#Person2#: 정말 기대돼. 이번 파티 대박일 거야!
#Person1#: 음, 늦지 마. 금요일에 헬렌네서 보자.","#Person1#과 #Person2#은 금요일 저녁 헬렌의 생일 파티에 참석할 예정이며, 그들은 가져갈 물품과 파티 음식에 대해 논의하며 파티를 기대하고 있다."
train.csv,그분들,"#Person1#: 대학교를 갈지 직장을 구할지 못 정하겠어. 
#Person2#: 내가 너라면 공부를 계속할 거야. 
#Person1#: 그런데 뭘 공부해야 할지도 모르겠어. 
#Person2#: 내가 다시 기회가 있다면 영어를 전공할 거야. 너는 언어를 잘하잖아. 
#Person1#: 그게 우리 부모님이 원하는 거야. 
#Person2#: 부모님 말씀을 따라봐. 그분들이 너한테 뭐가 제일 좋은지 아실 거야. 하지만 내 친구들은 벌써 일자리도 가지고 재미있게 지내고 있을 텐데, 나는 계속 읽고 글쓰기에 시간을 보내야 돼. 
#Person1#: 대학교를 가도 여전히 재미있게 보낼 시간은 있을 거야. 
#Person2#: 음, 네 말이 맞아. 그런데 이 나이에 아직 부모님께 용돈 달라고 하는 건 싫어. 
#Person1#: 그리고 아르바이트라도 구해보면 돈도 생길 거야. 
#Person2#: 맞아. 고마워, 조언해줘서.",#Person1#은 대학교에 갈지 직장을 구할지 고민 중입니다. #Person2#는 #Person1#이 대학교에 가서 영어를 전공하고 아르바이트를 구하라고 조언합니다.
train.csv,그분들,"#Person1#: 안녕하세요, 이번 활동에 참가할 사람 정확히 몇 명인지 파악하셨어요?
#Person2#: 네, 총 62명인데 그중 2명은 아직 확답을 못 받았어요.
#Person1#: 그 사람들 항상 시간을 늦추더라. 50세 넘은 사람은 몇 명이에요?
#Person2#: 6명이요. 그래서 그분들한테는 특별히 신경 써야 할 거예요. 건강 좋지 않은 분들도 계세요.
#Person1#: 알겠어요. 당신 생각엔 버스를 몇 대 준비해야 할 것 같아요?
#Person2#: 두 대면 충분할 것 같아요, 한 대에 최소 30석은 있으니까요. 빈자리가 있을 거예요.
#Person1#: 나중에 버스 대절 연락할게요. 그리고 여행 일정은 모두에게 공지했어요?
#Person2#: 네, 대부분 괜찮다고 하더라고요. 그런데, 몇몇 분들은 다른 의견도 있어요. 도전적인 활동을 더 포함해야 한다고요.
#Person1#: 그럴 수 있겠네요. 그때 가서 원하는 활동을 선택하면 되죠.
#Person2#: 그거 좋네요. 나중에 말씀드릴게요. 그리고 어떤 약을 준비해야 할까요?
#Person1#: 음... 차멀미 약, 감기약, 진통제 같은 거 준비해야겠죠.
#Person2#: 네, 오늘 오후까지 준비해야겠네요.
#Person1#: 한 가지 더, 모든 사람들 전화번호는 다 받았어요?
#Person2#: 아, 세상에... 거의 잊을 뻔했네요. 바로 처리할게요.","#Person1#과 #Person2#는 활동 준비를 진행 중입니다. 총 62명이 참가하며 그중 6명은 50세 이상입니다. 두 대의 버스를 준비하고, 참가자들이 원하는 활동을 선택할 수 있게 할 계획입니다. 약을 준비하고, #Person2#는 모든 참가자의 전화번호를 확보할 것입니다."
train.csv,이 날,"#Person1#: 인생이 너무 지루해. 
#Person2#: 뭐, 대부분의 시간이 그렇지 뭐. 
#Person1#: 넌 뭐가 널 행복하게 할 것 같아? 
#Person2#: 돈이 날 행복하게 할 것 같아. 
#Person1#: 사람들이 그러잖아, 돈이 행복을 보장하진 않는다고. 
#Person2#: 나한텐 보장할 거야. 그러면 하고 싶은 걸 다 할 수 있잖아. 
#Person1#: 결국엔 지루해질걸. 
#Person2#: 그럼 새로운 걸 찾으면 되지. 돈 걱정 안 해도 되면, 일할 필요 없잖아. 
#Person1#: 그건 그렇지. 나도 일 안 해도 되면 행복할 것 같은데. 
#Person2#: 그니까... 돈이 행복을 주진 않지만, 많은 책임을 덜어주잖아.",#Person1#은 일을 안 해도 된다면 행복할 것 같다고 합니다. #Person2#은 돈이 행복을 보장하지 않지만 많은 책임을 덜어줄 수 있다고 생각합니다.
train.csv,이 날,"#Person1#: 이번 주는 정말 끔찍했어.
#Person2#: 정말 안됐다!
#Person1#: 넘어져서 팔을 다쳤어.
#Person2#: 정말 안타깝다.
#Person1#: 그리고 아들이 차로 나무를 들이받았어.
#Person2#: 그런 일이라니, 안됐다.
#Person1#: 개가 배달원을 물었어.
#Person2#: 안타깝네!
#Person1#: 그리고 폭풍에 지붕이 날아가 버렸어.
#Person2#: 세상에, 큰일이네!",#Person1#은 #Person2#에게 자신이 겪은 끔찍한 일주일에 대해 이야기합니다.
train.csv,이 날,"#Person1#: 너 옛 상사가 강등된 후에 그 자리를 맡는 게 좀 이상하지 않아?
#Person2#: 응, 처음엔 정말 어색했어. Bill이 강등되고 나서 사직한 후엔 마치 누군가가 죽은 것 같았어! 사무실 분위기가 장례식장 같달까. 그리고 관리팀이 나한테 그 자리를 맡아달라고 했을 때 사람들이 날 배신자처럼 볼까 봐 걱정했어…
#Person1#: 반발하진 않았어?
#Person2#: 다행히도, 아니. 내 경력에 있어 리더 역할을 맡을 기회라는 걸 모두가 이해했던 것 같아. 이제는 내가 책임자로 여겨지면서 정말 승진하고 있거든. 몇 주 지나니 아무 일도 없었던 것처럼 됐어.
#Person1#: 너에게 직장에서 더 많은 노출 획득할 정말 좋은 기회지. 책임자가 되면 밑에 있는 사람들의 노력을 가로채기도 하잖아.
#Person2#: 맞아, 그리고 잘못되면 책임도 져야 해. 그게 내 옛 상사에게 일어난 일이거든...","#Person2#는 #Person1#에게 이전 상사가 강등된 후 그 자리를 맡으며 어색했지만, 지금은 모두가 #Person2#를 책임자로 여긴다고 말한다."
train.csv,이 새,"#Person1#: 요즘 좀 바빠. 교수님이 새로운 연구 과제를 주셨어. 아시아 나라들에 대한 연구 정보를 찾아보래.
#Person2#: 재밌겠는데?
#Person1#: 응, 찾을 수 있는 정보가 많긴 한데 3일 안에 끝내라고 하셨어.
#Person2#: 어떤 정보를 찾아야 해?
#Person1#: 주로 문화적 관습이나 공휴일 같은 것들.
#Person2#: 그런 건 내가 꽤 잘 아는데.
#Person1#: 정말? 그럼 인도에서 몇 개 언어가 사용되는지 말해줄래?
#Person2#: 음... 영어랑, 아마도 많이 사용하겠지?
#Person1#: 그럼 만리장성은 언제 지어졌게?
#Person2#: 미안, 그건 잘 모르겠네. 인터넷에서 같이 찾아볼까?",#Person1#는 새로운 연구 과제 때문에 바쁘다. #Person2#는 그런 일을 잘할 수 있지만 #Person1#의 질문에 대답을 못 하여 인터넷에서 함께 정보를 찾기로 한다.
train.csv,이 새,"#Person1#: 와! 정말 아름다운 경치네요! 이렇게 탁 트인 풍경이라니. 그리고 이 신선한 공기를 마시면 그 신선함이 느껴지는 것 같아요.
#Person2#: 산 꼭대기에서는 Guiling 시의 전경을 볼 수 있어요.
#Person1#: 멋지네요! 종종 이곳에 와서 등산해야겠어요.
#Person2#: 그래야죠. Guiling 주민들은, 특히 노인들과 아이들이 아침에 여기서 산을 자주 올라요.
#Person1#: 사람들이 그렇게 말하는 것도 당연하군요.
#Person2#: 빨리! 당신의 쌍안경을 줘봐요. 저 새 좀 봐요... 전에 본 적이 없는 새네요. Guiling에 원래 서식하는 종이고 멸종 위기종이에요. 정말 운이 좋네요!
#Person1#: 당신이 새 관찰을 좋아하는 줄 몰랐네요.
#Person2#: 사실 새 관찰을 좋아하는 건 아니에요. 그냥 야생동물을 좋아해요. 도시에선 많이 볼 수 없잖아요. 이곳은 정말 자연의 보물창고에요.",#Person1#과 #Person2#는 산 꼭대기에서 Guiling 시의 경치를 즐기며 새를 관찰하고 있습니다.
train.csv,이 새,"#Person1#: 어서 와. 널 기다리고 있었어. 네가 와서 정말 기뻐. 
#Person2#: 내가 파티에 늦은 건가? 다들 벌써 와 있는 것 같은데, 뭔가 재미있는 걸 놓친 건 아닌지 모르겠어. 
#Person1#: 아니야, 딱 맞춰 왔어. 아직 본격적으로 시작도 안 했어. 
#Person2#: 잘됐네, 여기에 꽃 좀 가져왔어. 마음에 들었으면 좋겠어. 너의 새 아파트 색상에 어울리는지 확신이 안 서서. 
#Person1#: 고마워, 정말 예쁘다. 코트는 저쪽에 걸어도 돼. 이 새 의자에 앉아 봐, 정말 편해. 마음에 들 거야. 뭐 마실래? 차, 커피, 주스, 콜라 뭐든 있어. 
#Person2#: 신경 쓰지 마. 내가 알아서 할게. 
#Person1#: 편하게 있어. 
#Person2#: 정말 멋진 곳이야. 
#Person1#: 글쎄, 자랑하는 건 아니지만, 모든 디자인은 내가 했어. 몇몇 동료들은 이미 그들 새 아파트에 내 디자인을 따라하려고 해. 봐, 지금 내 디자인한 부엌의 사진을 찍고 있어.","#Person2#가 #Person1#의 집들이 파티에 초대받아 따뜻한 환영을 받고, #Person1#의 새 아파트와 인테리어에 대해 이야기한다."
train.csv,그 차,"#Person1#: 안녕하세요, 저는 Lucas예요. 옆집에 이사 왔어요.
#Person2#: 아, 안녕하세요 Lucas, 들어오세요. 저는 Barbara예요. 만나서 반가워요.
#Person1#: 저도 반가워요.
#Person2#: 뭐 좀 마실래요? 차랑 포도 주스가 있어요.
#Person1#: 고마워요. 차가 좋겠어요. 중국차가 최고죠. 당신의 찻세트 정말 멋져요. 어디서 샀어요?
#Person2#: 아, 여기서 멀지 않은 슈퍼마켓에서 샀어요. 그런데 모퉁이 돌아서 있는 차집에서도 차랑 찻세트를 살 수 있어요.
#Person1#: 맞다, 얼마 전에 그 차집 봤어요. 언젠가 가서 한번 구경할까 생각 중이에요. 이 동네 참 좋네요.
#Person2#: 맞아요. 조용하고 아주 편리해요. 버스랑 지하철역까지 걸어서 10분 내로 갈 수 있어요. 식료품점, 서점, 헬스장, 여러 식당도 있답니다.
#Person1#: 헬스장도 있어요? 정말 좋네요! 저는 빨리 헬스장 다니고 싶어요. 여름 방학 동안 게을러져서 살이 좀 쪘거든요.
#Person2#: 원하시면 같이 가도 돼요. 사실 오늘 오후에 갈까 생각 중이었어요. 괜찮으면 저랑 같이 가서 동네도 구경시켜줄게요.
#Person1#: 너무 좋죠. 고마워요!","Lucas가 옆집으로 이사를 왔고, Barbara는 그를 초대하여 음료를 권합니다. Barbara는 찻세트를 근처 슈퍼마켓에서 샀다고 하고, 동네가 조용하고 편리하다고 설명합니다. 그리고 Lucas에게 함께 헬스장에 가자고 제안합니다."
train.csv,그 차,"#Person1#: 우리 사무실로 와, Billy. 머리가 엉망이잖아. 이번 주에만 벌써 세 번째 수업에 늦었어. 그리고 들어갈 때마다 선생님 수업을 방해했잖아.
#Person2#: 죄송해요, 선생님. 그러려던 게 아닌데, 제 알람시계가 저를 깨워주지 않아서요.
#Person1#: 그건 변명으로 적절하지 않아. 알람을 조금 더 일찍 설정하면 더 빨리 일어나서 늦지 않을 수 있었잖아.
#Person2#: 그렇게 했는데, 오늘 아침에 일어나보니 배터리가 다 떨어져서 아무 소용이 없었어요. 학교에 급히 오는데 운 좋게도 이웃 Mr. Green이 차로 학교까지 데려다줬어요.
#Person1#: 그래서 결국 올 수 있었던 거잖아. 그런데도 수업에 늦었어.
#Person2#: 문제는 차에서 내리면서 가방을 그 차에 두고 내린 거죠. 미처 깨달았을 땐 이미 늦었고, 근처 가게로 가서 그분에게 전화를 했어요. Mr. Green이 다시 돌아올 때까지 5분을 기다렸어요.
#Person1#: 결국, 그분이 가방을 주어서 교실에 왔지만 그때는 이미 수업에 15분이나 늦었잖아. 그게 다야?
#Person2#: 선생님이 이미 다 알고 계신 것 같은데요. 이제 수업에 돌아가도 될까요? 안 그러면 다음 수업도 늦을 것 같아요.","Billy는 알람시계가 작동하지 않아 수업에 늦었으며, 이웃의 도움으로 학교에 도착했지만 차에 가방을 두고 내려 더 지체했습니다."
train.csv,그 차,"#Person1#: 전에 보여주셨던 혼다 어코드가 마음에 들어요. 제 필요에 더 실용적이라고 생각해요.
#Person2#: 네, 고객님. 좋은 선택을 하셨습니다. 혼다는 새로운 어코드 모델에 많은 디자인 개선을 했습니다.
#Person1#: 기본 사양으로 어떤 것들이 포함되나요?
#Person2#: 저희 새로운 차들은 모두 기본적으로 에어컨, ABS 브레이크, 에어백, 그리고 CD 플레이어가 있는 AM/FM 스테레오가 포함됩니다. 하지만 어코드에는 또 다른 기본 옵션이 있습니다.
#Person1#: 크루즈 컨트롤인가요? 그건 별로 안 좋아해요.
#Person2#: 왜 그러시죠, 고객님?
#Person1#: 위험하다고 생각해요. 만약에 끌 수 없으면 어떻게 하죠?
#Person2#: 일부 고객들이 크루즈 컨트롤에 대해 걱정하시는 건 사실입니다. 하지만 혼다에서는 크루즈 컨트롤 결함으로 인한 사고는 전혀 없었습니다.
#Person1#: 크루즈 컨트롤이 없었으면 좋겠어요. 제 아내도 그걸 좋아하지 않아요.
#Person2#: 고객님, 사용하지 않으셔도 괜찮습니다. 켜거나 끌 수 있어요. 원하지 않으시면 아예 켜지 않으시면 됩니다.
#Person1#: 그렇군요. 그리고 선루프는 기본인가요?
#Person2#: 아니요, 선루프는 옵션입니다, 고객님.
#Person1#: 알겠습니다. 또 중요한 질문인데, 제가 이 차를 언제쯤 받을 수 있을까요? 새 차가 꽤 빨리 필요하거든요.
#Person2#: 음, 새 모델은 8월에 들어올 예정입니다. 지금 주문하시면 8월에 받아보실 수 있습니다.
#Person1#: 그 정도면 괜찮네요. 새 어코드는 어떤 색상이 있나요?
#Person2#: 이번 새 모델은 빨간색, 흰색, 검정, 은색이 있습니다. 이게 기본 색상입니다. 물론 다양한 다른 색상으로 특별 주문도 가능합니다.
#Person1#: 제 형이 작년 어코드를 탔는데요. 그 차는 은색이 섞인 부드러운 보라색이에요. 그 색상이 정말 마음에 드는데 제 어코드에도 그 색상을 맞출 수 있는지 궁금하네요.
#Person2#: 어떤 색상인지 알겠습니다. 이게 맞습니까, 고객님?
#Person1#: 네, 그게 맞는 것 같아요. 어코드에 그 색상을 받을 수 있나요?
#Person2#: 네, 가능합니다. 그 색상은 혼다 구매자들에게 매우 인기가 많아서 계속 제공하고 있습니다.
#Person1#: 그럼, 새 어코드를 주문하고 싶습니다. 아주 훌륭한 차로 보이네요.
#Person2#: 좋은 선택을 하셨습니다, 고객님. 저도 어코드를 타고 다닙니다. 정말 튼튼하게 만들어진 신뢰할 수 있는 차량입니다.
#Person1#: 맞아요. 혼다가 가장 신뢰할 수 있는 차라고 생각해요. 다른 차로 갈아타고 싶지 않아요. 지금 타고 있는 혼다는 거의 서비스 문제가 없어요. 매끄럽게 잘 달립니다.
#Person2#: 알겠습니다, 고객님. 서류 작업 준비하겠습니다. 잠시만 기다려주세요.","#Person2#가 #Person1#에게 혼다 어코드 차량을 소개하며 기본 사양으로 에어컨, ABS 브레이크, 에어백, AM/FM 스테레오, 그리고 크루즈 컨트롤이 포함되어 있음을 설명합니다. #Person1#은 크루즈 컨트롤 사용에 대해 우려하지만, #Person2#는 안전함을 강조합니다. #Person1#은 은색과 부드러운 보라색이 혼합된 색상으로 새 모델을 구매하기로 결정합니다."
train.csv,이 길,"#Person1#: 저기, 실례합니다만, 기차역으로 가는 길 좀 알려주실 수 있나요?
#Person2#: 이 길 따라서 쭉 가시다가 첫 번째 교차로에서 왼쪽으로 도세요. 그 다음에 약 100미터 쯤 쭉 걸어가시면 됩니다. 금방 찾으실 거예요.
#Person1#: 거기까지 가는 데 얼마나 걸릴까요?
#Person2#: 한 20분 정도 걸릴 거예요.
#Person1#: 알겠습니다. 버스 탈 수 있는 것도 있나요?
#Person2#: 네, 저기 5번 버스 타시면 됩니다. 다음 정류장에서 내리시면 돼요.
#Person1#: 정말 감사합니다.
#Person2#: 아니에요, 도움이 되어 다행입니다.","#Person1#은 기차역으로 가는 길을 물어보고, #Person2#는 상세한 길 안내와 버스 정보를 제공합니다."
train.csv,이 길,"#Person1#: 안녕하세요, 어떻게 도와드릴까요?
#Person2#: 계좌를 열고 싶어요.
#Person1#: 네, 정기 예금 계좌를 원하세요, 아니면 당좌 예금을 원하세요?
#Person2#: 사실 둘 다 열고 싶은데, 가능할까요?
#Person1#: 물론 가능합니다. 어떤 종류의 정기 예금 계좌를 원하세요?
#Person2#: 어떤 선택지가 있나요?
#Person1#: 최소 기간은 3개월이고, 기간이 길수록 이자율이 높아요. 기한 전에 인출하시면 벌금이 있답니다.",#Person1#이 #Person2#의 계좌 개설을 도우며 정기 예금 계좌의 옵션을 설명합니다.
train.csv,이 길,"#Person1#: 오늘 기온이 어때? 
#Person2#: 섭씨 약 5도야. 
#Person1#: 내일 날씨는 어떻게 되려나? 
#Person2#: 일기 예보에서는 내일 눈이 올 거라고 해. 
#Person1#: 여기 기후에 적응됐어? 
#Person2#: 곧 익숙해질 것 같아. 
#Person1#: 베이징 평균 기온은 어느 정도야? 
#Person2#: 대략 18도쯤인데, 겨울엔 기온이 영하 10~15도까지 떨어져. 그리고 겨울이 길어. 
#Person1#: 네가 제일 좋아하는 계절은 뭐야? 
#Person2#: 나는 봄이 제일 좋아. 조금씩 모든 것이 푸르게 변하고, 날씨도 거의 항상 좋거든.","#Person1#은 #Person2#에게 오늘과 내일의 기온, 베이징의 기후, 그리고 #Person2#가 가장 좋아하는 계절에 대해 묻습니다."
train.csv,그 전,"#Person1#: 오늘 밤의 전설적인 삶에 오신 것을 환영합니다. 저는 Shirley Morgan입니다. 오늘 밤에는 30년 경력의 유명한 요리사, David Hopkins를 초대하게 되어 매우 영광입니다. 작년에 그의 신간 'Secrets in the Kitchen'이 6개월간 뉴욕 타임스 베스트셀러에 올랐습니다. 우리 프로그램에 오신 것을 환영합니다, David.
#Person2#: 안녕하세요, Shirley. 여기 오게 되어 기쁩니다.
#Person1#: David, 요리의 비법을 공개하시는 걸 보고 싶어서 참을 수가 없네요. 요리의 방법과 이유를 탐구하죠. 그 전에 하나 질문 드려도 될까요? 셰프와 요리사는 어떤 차이가 있을까요?
#Person2#: 제 생각에 요리사는 보통 입문직에서 일하고, 주방에서 다양한 곳에서 경험을 쌓으며 레시피를 따릅니다. 반면 셰프는 특별한 훈련을 받고, 어떤 음식이 잘 어울리는지를 더 잘 이해해서 새로운 레시피를 만들어낼 수 있습니다.
#Person1#: 그렇군요, 셰프는 전문적인 교육을 받은 요리사고, 요리사는 기본적으로 요리를 하는 사람이라는 거군요. 그럼 어떻게 셰프가 되셨나요?
#Person2#: 저는 전문적으로 훈련을 받았습니다. 95%는 전문적인 훈련이고, 나머지 5%는 재능입니다.
#Person1#: 셰프의 하루를 설명해 주실 수 있을까요? 정말 궁금하거든요.
#Person2#: 특별한 건 없어요. 보통 서비스가 시작하기 2시간 전에 출근합니다. 전날 밤에는 다음날 준비해야 할 것들의 목록을 작성하죠. 역할에 따라 다양한 임무를 맡습니다.
#Person1#: 도전적이네요. 하루에 몇 시간씩 일하세요?
#Person2#: 하루에 10시간에서 12시간 정도 일합니다.
#Person1#: 정말 거의 풀타임이군요! 저 같은 평범한 요리사에게 조언이 있을까요?
#Person2#: 요리는 당신의 열정과 창의성을 필요로 합니다. 주방은 단순히 야채를 자르고 빠르게 아침을 만드는 곳이 아닙니다. 사람들이 정말 즐길 수 있는 음식을 만드는 것이 중요합니다.
#Person1#: 정말 동의해요. 주방에서는 기적이 일어나죠. 참여해 주셔서 감사합니다, David.
#Person2#: 제 기쁨입니다.","#Person1#은 유명 셰프 David를 프로그램에 초대하여 그에게 요리사와 셰프의 차이점, 셰프의 하루 일과, 평범한 요리사를 위한 조언 등에 대해 질문합니다. David는 요리가 열정과 창의성을 필요로 한다고 말합니다."
train.csv,그 전,"#Person1#: 안녕하세요! 컴퓨터로 일을 좀 하려고 하는데, 광대역 인터넷이 필요해요. 
#Person2#: 방에 이더넷 케이블이 있어요. 그냥 노트북 뒤에 꽂으면 돼요. 
#Person1#: 아, 저기... 이더넷을 쓸 수가 없어요. 제 컴퓨터는 무선만 돼요. 
#Person2#: 괜찮아요. 우리가 가진 다른 대안들에 대해 알려드릴게요. 
#Person1#: 잘 되는 대안이면 뭐든 좋아요. 
#Person2#: 음, 1층에 있는 컴퓨터실이 있어요. 
#Person1#: 좋네요. 비용은 얼마인가요? 
#Person2#: 컴퓨터실과 컴퓨터 사용하는 건 무료지만, 출력할 때는 비용이 들어요. 
#Person1#: 좋네요. 그럼 다른 대안은 뭐가 있나요? 
#Person2#: 물론이죠. 로비에 무선 인터넷이 설치되어 있으니 컴퓨터를 여기로 가져오세요. 
#Person1#: 로비에서 내 노트북을 쓰는 건가요? 그거 좋네요! 혹시 여기서 뭔가 출력해야 하면 어떻게 하나요? 
#Person2#: 여기에 프린터를 설치할 예정이에요. 하지만 그 전까지는 컴퓨터실을 이용하셔야 해요.","#Person1#는 광대역 인터넷이 필요하고, #Person2#는 컴퓨터실을 사용하거나 무선 인터넷이 설치된 로비에서 컴퓨터를 사용하는 대안을 제시합니다."
train.csv,그 전,"#Person1#: 오늘 마음의 문제들 프로그램에서는 인간 기억 전문가인 Dr. Ann Winters와 이야기합니다. Ann, 프로그램에 오신 것을 환영합니다. 이제 다들 가장 먼저 궁금해할 질문은 인간 기억이란 무엇인가 하는 거겠죠? 
#Person2#: 음, 많은 쉬운 질문들이 그렇듯이, 답이 그리 간단하지 않아요. 기본적으로 인간 기억은 이미지를 저장하는 뇌 속의 한 공간입니다, 마치 컴퓨터의 하드 디스크 드라이브처럼요. 그리고 하드 디스크 드라이브처럼 우리의 기억도 사고로 인해 감염되거나 지워질 수 있어요. 하지만 우리가 기억을 훈련하여 확장하고 더 잘 작동하게 할 수 있다는 점에서 컴퓨터와는 다르죠, 이는 컴퓨터가 아직 할 수 없는 것입니다. 
#Person1#: 기억이 감염된다고 할 때, 그건 질병에 의한 것인 거죠? 
#Person2#: 네, 맞아요. 예를 들어서, 알츠하이머 같은 생리적인 질병을 앓고 있는 사람들은 과거에 일어난 일을 잊어버려요. 그리고 신발끈 묶는 것 같은 간단한 일도 잊어버리죠. 좋은 소식은 뇌 운동이 뇌를 젊게 유지할 수 있도록 도와준다는 거예요. 연구에 따르면, 더 높은 교육을 받거나 정신적으로 더 활동적인 일을 하는 사람들은 그 질병에 걸릴 위험이 낮다고 해요. 
#Person1#: 그렇다면 뇌를 어떻게 운동시킬 수 있나요? 생각을 많이 하면 되는 건가요? 
#Person2#: 어느 정도는 맞아요. 하지만 기억력을 활용하는 연습도 할 수 있어요. 이는 단순히 뇌를 운동시키는 것뿐만 아니라 기억력을 향상시키기도 하죠. 아쉽게도, 현대 생활에서 많은 기기들이 우리가 무언가를 잊어먹지 않도록 만들어져 있어 우리의 뇌를 더 게으르게 하고 기억력을 약화시킬 수 있어요. 
#Person1#: 기억력을 운동시킬 수 있는 방법을 몇 가지 예시로 들어주시겠어요? 
#Person2#: 물론이죠, 몇 사람에게는 더 효과가 있는 아주 간단한 기술이 있어요. 무언가를 기억하고 싶을 때, 그것이 당신에게 떠오르게 하는 물건을 생각하세요. 예를 들어, 저는 역사적인 날짜인 1066년, 즉 해스팅스 전투의 해를 기억하고 싶다고 해요. 저는 그 전투가 병(bottle)을 떠올리게 한다면, 1066이라고 라벨이 붙은 병을 상상해요. 그리고 그 병을 떠올리는 거죠.","#Person1#은 인간 기억 전문가 Dr. Ann Winters와의 인터뷰에서 인간 기억의 본질에 대해 이야기를 나눕니다. Ann은 기억이 언제든지 손상될 수 있으며, 뇌 운동을 통해 기억력을 향상시키고 뇌를 젊게 유지할 수 있다고 설명합니다. 또한 기억력을 증진시키기 위한 몇 가지 실용적인 방법도 제시합니다."
train.csv,이 방,"#Person1#: 드디어 집을 찾았다는 게 믿어져? 
#Person2#: 잘 됐네. 집에 대해 좀 이야기해봐!
#Person1#: 밖에서 보면 별로인데, 안은 정말 예뻐.
#Person2#: 그렇구나! 방은 몇 개 있어?
#Person1#: 음, 방 세 개에 화장실 두 개, 큰 거실 하나 그리고 현대적인 주방이 있어.
#Person2#: 그럼 네 아들 둘이 방을 따로 쓸 수 있겠네. 애들도 좋아해?
#Person1#: 응, 각자 자신의 방을 가질 수 있지. 내가 제일 마음에 드는 건 집 앞에 작은 정원인데, 나 원래 정원 가꾸기를 너무 좋아하잖아.","#Person1#은 #Person2#에게 집을 찾았다고 말하며, 집 안은 예쁘고 방 3개와 화장실 2개, 현대적인 주방이 있다고 설명합니다. 또한 집 앞에는 작은 정원이 있다고 합니다."
train.csv,이 방,"#Person1#: 뭐 하고 있니, Sarah야?
#Person2#: 아빠, 제 그림을 보고 있어요. 수업 시간에 그렸어요.
#Person1#: 그림 좀 보여줄래? 오, 이건 뭐야, Sarah?
#Person2#: 이건 집이에요.
#Person1#: 그리고 저건 뭐야?
#Person2#: 저건 방이에요. 이 방은 부엌이고, 저기는 제 침실이에요.
#Person1#: 저 초록색 선들은 뭐니?
#Person2#: 선이 아니에요, 아빠. 나무에요. 이 나무들은 파란 하늘에 있어요.
#Person1#: 저건 비행기니?
#Person2#: 비행기가 아니에요, 아빠. 아빠예요. 아빠가 하늘에 있어요!","Sarah가 아빠에게 수업 시간에 그린 집, 나무, 하늘에 있는 아빠를 포함한 그림을 보여줍니다."
train.csv,이 방,"#Person1#: 안녕하세요, 광고를 방금 봤어요. 아직 방이 비어있나요?
#Person2#: 네, 아직 비어있어요. 들어와서 보세요.
#Person1#: 감사합니다.
#Person2#: 이 방은 원래 제 아들이 살던 곳인데 이제는 어른이 돼서 나갔어요. 작년에 남편도 돌아가셨고 해서 방을 세놓을까 생각 중이에요.
#Person1#: 조용하고 아늑한 집이네요. 제가 찾던 곳이에요.
#Person2#: 이쪽으로 오세요.
#Person1#: 오, 여기가 아주 괜찮은 방이네요. 임대료는 얼마인가요?
#Person2#: 일주일에 50달러예요. 전기, 가스, 난방비는 따로 받지 않을게요. 아, 그리고 부엌이랑 냉장고도 쓰실 수 있어요.
#Person1#: 음, 이곳이 정말 맘에 들어요. 그런데 아시다시피, 제 나라에서 주는 돈이 많지 않아서요. 무슨 말씀인지 아시죠.
#Person2#: 아, 네. 참 착해 보이시네요. 그럼 40달러는 어떠세요?
#Person1#: 좋습니다, Mrs. Price.
#Person2#: Price예요. Susan Price.
#Person1#: 제 이름은 Wang Li입니다. 막 중국에서 대학 공부하러 왔어요.
#Person2#: 아, 정말 멋지네요.
#Person1#: 내일 아침에 이사와도 될까요, Mrs. Price?
#Person2#: 괜찮아요. 열 시쯤 오세요. 괜찮으시다면 처음 두 주의 임대료는 선불로 주셨으면 좋겠어요.
#Person1#: 네, 내일 아침에 드릴게요. 내일 뵙겠습니다.","Wang Li는 방을 빌리고 싶어 하며, Susan Price와 주당 임대료 40달러로 합의합니다. 그는 내일 아침에 이사할 예정입니다."
train.csv,그것들,"#Person1#: 요즘 영화관에 가서 영화를 보는 사람이 점점 줄어들고 있어. 그래서 영화 제작사들이 정말 힘든 시기를 보내고 있을 거 같아. 
#Person2#: 맞아, 네 말이 맞아. 그런데 영화 제작사들이 관객을 늘리기 위해 좀 더 유연한 방법을 찾을 수 있어. 예를 들어, 영화 DVD를 더 많이 만들어서 사람들이 그것들을 사게 만드는 거지. 
#Person1#: 하지만 극장이 예전만큼의 매력을 잃고 있다는 건 사실이야. 
#Person2#: 그렇지. 나 같은 경우도 거의 극장에 안 가. 그렇다고 내가 영화를 안 본다는 건 아니고, 집에서 DVD로 영화를 보거든.","#Person1#는 영화 제작사들이 생존하기 어려워한다고 생각하지만, #Person2#는 더 많은 DVD를 만들어 관객을 늘릴 수 있다고 제안합니다."
train.csv,그것들,"#Person1#: 너는 건강한 음식 많이 먹어?
#Person2#: 건강식보다 몸에 안 좋은 음식이 훨씬 맛있잖아. 그리고 어차피 스트레스 없이 활동적으로 살면 뭐든 먹고 싶은 걸 먹어도 괜찮다고 생각해. 결국 마음에 달린 거야.
#Person1#: 너 말이 맞아. 나는 암이 우리가 먹는 것보다 걱정 때문에 더 생긴다고 생각해. 시도해볼 만한 좋은 것들로는 크랜베리 주스, 야생 쌀, 그리고 요구르트가 있어.
#Person2#: 그것들 왜 특별한데?
#Person1#: 크랜베리 주스는 신맛이 강해서 장 안의 해로운 박테리아를 파괴하는 데 좋아. 야생 쌀은 섬유질이 많아서 장에 좋고, 단백질과 미네랄도 풍부해. 보통 쌀보다 더 맛있는 것 같아. 요구르트는 단백질과 비타민이 많고 역시 산성이 높아서 좋아. 요구르트는 수천 년 동안 만들어져 왔는데, 이걸 매일 먹으면 장이 훨씬 안정될 거야.
#Person2#: 고마워. 네 조언 받아들이고 지금 당장 슈퍼마켓에 다녀올게.","#Person1#과 #Person2#는 암이 걱정으로 촉발된다고 생각합니다. #Person1#은 크랜베리 주스, 야생 쌀, 요구르트를 추천하며, #Person2#는 이를 시도해볼 것입니다."
train.csv,그것들,"#Person1#: Sally, 나 이 서양 음식에 질렸어. 엄마가 해주시던 사천요리가 정말 그리워. 
#Person2#: 그럴 만하지. 그런데 서양 음식에 좀 적응해볼 수는 없겠어? 
#Person1#: 시도는 해봤어. 근데 미국 사람들은 버터, 빵, 설탕 그리고 크림을 너무 좋아하는 것 같아. 
#Person2#: 네 말이 맞는 것 같아, Lee. 아마 그래서 서양 사람들이 살이 더 찌는 걸 수도 있지. 
#Person1#: 재미있는 건 미국 사람들은 직장에서 엄청 열심히 일하고, 낮잠도 잘 안 자는데도 왜 이렇게 체중이 많이 나가는지야. 
#Person2#: 그러게 말이야. 우리가 자주 일하느라 바빠서 패스트푸드를 많이 먹고, 그것들이 살을 찌게 만들지.","Lee는 사천 요리가 그립고, Sally는 Lee가 서양 음식에 적응하도록 권한다. Lee는 서양 음식이 살이 찌는 경향이 있어 적응하기 어렵다고 하고, Sally도 이에 동의한다."
train.csv,이 색,"#Person1#: 어떻게 도와드릴까요, 마담?
#Person2#: 네, 남편에게 줄 스웨터를 사고 싶어요. 어떤 스타일이 최신인가요?
#Person1#: 여기 있는 것들이 모두 최신 패션입니다. 이 흰색 터틀넥은 어떠세요?
#Person2#: 이 스타일 마음에 들어요. 그런데 다른 색상도 있나요? 이 색은 남편 피부에 잘 안 어울릴 것 같아요.
#Person1#: 회색도 있습니다.
#Person2#: 좋아요! 이걸로 할게요. 그리고 이 스웨터에 어울리는 바지도 추천해 주시겠어요?
#Person1#: 물론이죠. 이 청바지가 스웨터에 잘 어울릴 것 같네요.
#Person2#: 한번 볼게요. 네, 정말 잘 어울리네요!",#Person2#는 #Person1#의 추천에 따라 남편을 위해 회색 스웨터와 청바지를 구입합니다.
train.csv,이 색,"#Person1#: 올해 여름에 당신 정원 정말 예쁘네요. 꽃들이 색깔이 참 다채로워요.
#Person2#: 고마워요. 장미, 튤립, 수선화가 있어요. 바위 정원에 있는 작은 꽃들도 마음에 드세요?
#Person1#: 네, 그래요. 그거 제비꽃 맞죠?
#Person2#: 네, 맞아요. 오늘 오후에 이 꽃들에 물 줄 거예요.
#Person1#: 저 나무의 아래쪽 가지가 많이 늘어져 있네요. 제가 잘라드릴까요?
#Person2#: 고마워요. 그렇게 해주시면 정말 좋겠어요. 정원 창고에 톱이 있어요.
#Person1#: 아래쪽 가지를 제거하면 그 나무 아래 앉을 수 있을 거예요.
#Person2#: 내일은 잔디를 깎을 거예요. 그러면 정원이 완벽해 보일 거예요.
#Person1#: 꽃밭에서 아이들이 놀다가 꽃이 망가지지 않도록 주의하세요.",#Person1#은 #Person2#의 정원이 다양한 색의 꽃으로 예쁘다고 칭찬합니다. 이후 #Person1#은 #Person2#를 도와 나무의 아래쪽 가지를 잘라 줍니다.
train.csv,이 색,"#Person1#: 이 가게 어떻게 생각해? 큰 도시에만 지점이 있는 고급 가게라고 들었어.
#Person2#: 나 이 가게 좋아해. 하나 문제가 있다면 너무 비싸다는 거야.
#Person1#: 걱정 마. 네 생일에 새 드레스 사주려고 쇼핑하러 가기로 했어.
#Person2#: 정말? 너 쇼핑 싫어하는 줄 알았는데?
#Person1#: 맞아, 그래서 이 선물 감사히 받아야 해!
#Person2#: 물론이지. 정말 고마워. 들어가서 몇 개 입어보자.
#Person1#: 이 빨간 드레스 어때? 너한테 정말 잘 어울릴 것 같아.
#Person2#: 완전 예쁘다! 8 사이즈도 있나 봐봐.
#Person1#: 여기 있어. 평소 같으면 엄청 비쌀 텐데, 오늘은 특별 할인 중이야.
#Person2#: 이 색상은 나한테 잘 안 어울리는 것 같아. 같은 드레스 흰색으로도 있나 봐줄래?
#Person1#: 내가 찾아볼게. 음... 파란색, 초록색, 분홍색, 검정색... 그리고 흰색 있다. 여기 있어.
#Person2#: 이거 완벽해! 너는 어떻게 생각해?
#Person1#: 네가 환상적으로 보여. 생일 축하해!
#Person2#: 정말 운이 좋아. 이런 기회는 흔치 않아! 고마워, 자기야!",#Person1#과 #Person2#가 쇼핑을 하고 있다. #Person1#은 #Person2#의 생일 선물로 고급 매장에서 환상적인 흰색 드레스를 산다.
train.csv,그 길,"#Person1#: 저기요, Bank of America 가려면 어떻게 가야 하나요? 길을 잘 모르겠어요.
#Person2#: 음, 쭉 가다가 슈퍼마켓 보이면 돼요. 그 길 건너편에 은행이 있어요.
#Person1#: 여기서 멀어요?
#Person2#: 잠시만요. 음, 4블록 떨어져 있네요. 너무 멀지도 가깝지도 않아요.
#Person1#: 버스 같은 거 탈 수 있을까요?
#Person2#: 104번 버스나 B-201 노면전차를 탈 수 있어요. 버스로 4정거장, 노면전차로 3정거장이에요.
#Person1#: 근데, 노면전차는 어디서 타나요?
#Person2#: 아, 저기 서점 앞에 정류장이 있어요. 보여요?
#Person1#: 감사합니다.
#Person2#: 천만에요.",#Person1#이 Bank of America로 가는 길을 #Person2#에게 묻습니다. #Person2#는 방향과 이용 가능한 교통수단을 설명합니다. #Person1#은 노면전차를 이용할 계획입니다.
train.csv,그 길,"#Person1#: 안녕 Jane, 오늘 저녁에 네 집에 가려면 가장 좋은 방법을 알려줄 수 있어?
#Person2#: 물론이지, 어디서 오고 있어?
#Person1#: 오늘 오후에 시내에 있기로 해서 그쪽에서 바로 갈 거야.
#Person2#: 좋아. 지하철 서클 라인 타고 High Street Kensington으로 가. High Street Kensington 출구로 나와야 해.
#Person1#: 알겠어.
#Person2#: 지하철 나오면 길 건너면 Horntown Street이 보일 거야. 그 길 따라 사거리까지 가. 가다가 오른쪽에 패스트푸드점이 있을 거야.
#Person1#: 잠깐, 지금 지도를 보고 있어. 좋아, Horntown Road가 보이네. 교차로에서 직진하면 돼?
#Person2#: 아니, Philimore Was로 좌회전하고 다음 오른쪽으로 가야 해.
#Person1#: 좋아, 그 길 보이네.
#Person2#: 맞아. 찾기 어렵지 않을 거야. 바로 Kensington 중앙 도서관 옆이야.
#Person1#: 좋아, 지도에서 도서관이 보이네.
#Person2#: 그래, 왼쪽 세 번째 건물이야. 7시쯤에 볼 수 있을까?
#Person1#: 좋아, 7시에 보자.",#Person1#은 오늘 밤 Jane을 방문하며 Jane은 #Person1#에게 그녀의 집으로 가는 가장 좋은 길을 알려줍니다. #Person1#은 7시에 Jane을 만날 예정입니다.
train.csv,그 길,"#Person1#: 저기요, 실례지만 Peace Store 가려면 이 길로 가면 되나요?
#Person2#: 이쪽으로 가셔도 되지만, Wort Street로 가는 게 더 빨라요.
#Person1#: Wort Street은 어디에 있나요?
#Person2#: 세 번째 교차로에서 우회전하시면 그 길이 보일 거예요. 그 길 따라서 남쪽으로 쭉 걸어가세요.
#Person1#: Wort Street에서 얼마나 가야 하나요?
#Person2#: 몇 분만 걸으시면 바로 찾을 수 있어요.
#Person1#: 정말 감사합니다.",#Person2#가 #Person1#에게 Peace Store로 가는 빠른 길을 안내합니다. #Person1#은 감사의 뜻을 전합니다.
train.csv,이 돈,"#Person1#: 안녕하세요. 제가 도와드릴까요, 손님?
#Person2#: 네, 독일 은행에 계좌가 있는 사람에게 돈을 보내는 방법을 알려줄 수 있나요?
#Person1#: 네, 우편 송금, 전신환 또는 SWIFT 송금으로 보낼 수 있어요. 아니면 은행환을 끊어서 직접 수취인에게 우편으로 발송할 수도 있어요.
#Person2#: 가장 좋은 방법이 뭐죠?
#Person1#: 그건 금액과 상대방이 돈을 얼마나 빨리 받아야 하는지에 따라 달라요. SWIFT 송금이 가장 빠르지만, 보통 은행환이 가장 저렴해요. 얼마를 보내시려고요?
#Person2#: 800달러요.
#Person1#: 우편 지급 명령으로 보내시는 게 어때요?
#Person2#: 얼마나 걸리나요?
#Person1#: 약 일주일 정도요.
#Person2#: 잘 모르겠어요. 더 빨리 보낼 수 있을까요?
#Person1#: 물론이죠. 전신환이나 SWIFT 송금을 이용할 수 있어요.
#Person2#: 그래서 그 두 가지는 얼마나 걸리죠?
#Person1#: 전신환과 SWIFT 송금은 보통 수취인 계좌에 3~4 영업일 이내에 입금됩니다. 수취인의 은행이 우리 은행의 제휴 은행인지 아니면 다른 은행을 거쳐야 하는지에 따라 다릅니다.
#Person2#: 알겠습니다. 전신환으로 보내려면 어떻게 해야 하나요?
#Person1#: 이 양식을 작성하셔야 합니다, 손님.","#Person1#은 #Person2#에게 독일 은행에 계좌가 있는 사람에게 돈을 보내는 방법을 설명하며, 빠르게 보내기 위한 방법으로 전신환과 SWIFT 송금을 추천합니다."
train.csv,이 돈,"#Person1#: 안녕, Mike. 런던은 무슨 일로 왔어? 
#Person2#: 사실 여기서 아파트를 찾고 있어.
#Person1#: 아파트? 이사하려고?
#Person2#: 응, 믿기 힘들겠지만, Mandy랑 결혼하게 됐어.
#Person1#: 정말? 축하해. 언제 결정한 거야?
#Person2#: 지난주에 가족과 스코틀랜드에 있을 때 결정했어. 이제 적당한 아파트를 찾으려고 해.
#Person1#: 너희가 이웃이 되면 좋겠네. 빨리 찾기를 바랄게.
#Person2#: 아, 우리는 사는 게 아니고 월세로 찾고 있는 거야. 아직 돈이 충분치 않거든.
#Person1#: 그렇지, 우리도 처음엔 그랬어. 결국 형이 돈을 좀 빌려줘서 살 수 있었어.
#Person2#: 정말? 우리 가족한테도 얘기해봐야겠다. 자, 이제 커피는 어때? 모퉁이 돌아서 좋은 곳 있어.
#Person1#: 좋은 생각이야!","Mike는 Mandy와 결혼을 앞두고 런던에서 임대할 아파트를 찾고 있다. #Person1#은 형의 도움으로 집을 장만한 경험을 공유하며, Mike도 가족과 논의해볼 계획이다."
train.csv,이 돈,"#Person1#: 와, 그 다큐멘터리 정말 흥미로웠어!
#Person2#: 맞아, 근데 미국의 사회 보장 제도에 대해 얘기할 때 사용한 전문 용어들은 좀 이해가 안 갔어.
#Person1#: 어떤 부분?
#Person2#: 사람들이 401K라는 것에 돈을 넣는다고 했잖아?
#Person1#: 응, 좀 이상하게 들리긴 하지만 401K는 직원들이 자신의 은퇴를 위해 저축하고 투자할 수 있게 하는 은퇴 계획이야. 고용주에게 월급에서 일정 금액을 공제해서 그 계획에 투자하도록 맡길 수 있어. 은퇴 후에 편안히 즐기려면 최대한 많이 기여하는 게 좋아.
#Person2#: 그거 흥미롭고 논리적인 것 같아. 우리나라에서는 정부 주도의 퇴직 기금에 기여해야 하는데, 대부분 사람들은 믿지 않아서 부동산 같은 데에 투자하곤 해.
#Person1#: 좀 불안정해 보이지 않아?
#Person2#: 응, 과거에 부패한 정부들이 은행과 금융 기관에 대한 불신을 만들어서 이제는 사람들이 돈을 항아리나 돼지 저금통에 숨기는 걸 선호해.
#Person1#: 나도 요즘 그런 생각을 많이 해! 내 돈을 들고 도망칠 은행원은 싫거든!","#Person1#과 #Person2#는 다큐멘터리를 보고, #Person2#가 미국의 401K에 대해 이해하기 어려워하자 #Person1#이 설명해준다. 이후 두 사람은 각각의 국가에서의 퇴직 계획에 대해 이야기한다."
train.csv,이곳의,"#Person1#: 지미, 여긴 왜 이렇게 보안 검사를 해? 혹시 위험한 곳이라도 되는 거야?
#Person2#: 아, 전혀 아니야. 그냥 만일을 대비하는 거야. 걱정할 필요 없어. 중국에서도 이렇게 안 해?
#Person1#: 잘 모르겠어. 비슷할 수도 있지. 사실 여기가 내가 처음 온 바야.
#Person2#: 아, 그럼 내가 너랑 같이 와서 영광이네. 이제 네가 왜 이렇게 바에 대해 궁금해했는지 알겠다. 이곳 마음에 들어?
#Person1#: 물론이지. 여기 정말 좋아! 특히 장식이 정말 세련됐어.
#Person2#: 맞아. 그리고 이곳의 진짜 매력은 훌륭한 음료들이지. 티켓 좀 줄래?
#Person1#: 여기 있어. 근데 왜? 우리 이미 안에 들어왔잖아.
#Person2#: 음, 티켓으로 무료 음료를 받을 수 있어. 뭐 마시고 싶어? 오렌지 주스?
#Person1#: 응, 오렌지 주스 괜찮아. 그런데 어떻게 가져올 거야? 카운터 주변이 너무 붐벼서 움직이기도 힘들어 보여.
#Person2#: 내가 어떻게 하는지 보여줄게. 바텐더들이 누구 차례인지 알아. 그리고 손가락을 튕겨서 바텐더의 주의를 끌 수도 있어.
#Person1#: 멋진데. 고마워.",#Person1#은 처음으로 바를 방문했습니다. #Person1#은 바의 세련된 장식을 매우 좋아합니다. 지미는 무료 음료를 받기 위해 #Person1#에게 티켓을 요청합니다.
train.csv,이곳의,"#Person1#: 여러분, 안녕하세요. Unity Company와 Pineapple Computer Company 간의 소통이 늘어나면서 우리는 견고한 협력을 구축하게 되었습니다. 오늘 이 자리에 참석해 주신 여러분께 진심으로 감사드리며, 특히 Mr. Simpson을 모시게 되어 매우 기쁘고 영광스럽습니다. Mr. Simpson은 성공적인 경력을 가지고 계신 잘 알려진 분이십니다. 그래서 먼저, 저희의 저명한 손님인 Mr. Simpson에게 따뜻한 환영과 진심 어린 인사를 드립니다. 이제 Mr. Simpson의 연설을 들어보겠습니다. 
#Person2#: 환대해 주셔서 감사합니다. 이곳의 여행은 정말 의미가 있었고, 가까운 미래에 우리의 협력이 더 깊고 안정적으로 발전할 것이라 믿습니다. 소통을 통해 우리는 서로를 더 잘 알 수 있게 될 것입니다. 배려해 주셔서 정말 감사합니다. 
#Person1#: 네, 저도 우리의 협력이 계속해서 이어지길 바랍니다. 다시 한 번 감사드립니다.","#Person1#은 Mr. Simpson에게 환영 인사를 전하며 연설을 요청하고, Mr. Simpson은 두 회사 간의 장기적인 협력에 대한 기대를 표명합니다."
train.csv,이곳의,"#Person1#: 오늘 날씨 어때요?
#Person2#: 아주 춥고 비가 와요.
#Person1#: 이곳의 겨울은 매년 이런가요?
#Person2#: 거의 그래요. 하지만 작년엔 조금 더 추웠어요.
#Person1#: 왜 여기 사람들이 두꺼운 옷을 입는지 이제 알겠네요.
#Person2#: 당신 나라의 겨울 날씨는 어떤가요?
#Person1#: 우리 고향은 당신과 달라요. 일 년 내내 따뜻하고 더운 편이에요.
#Person2#: 그러면 당신은 정말 운이 좋네요.
#Person1#: 그래도 제 나라 사람들 중 일부는 당신 나라의 날씨를 원해요.","#Person2#의 나라의 겨울은 춥지만, #Person1#의 나라는 일 년 내내 따뜻하다."
train.csv,이디어,"#Person1#: 어떤 음악 듣는 거 좋아해?
#Person2#: 나는 빠른 비트에 신나는, 댄스 음악 같은 거 좋아해. 거의 매주 디스코 가거든. 가끔 너무 시끄럽긴 하지만. 너는 클래식 음악 좋아하지?
#Person1#: 응, 맞아. 난 그게 정말 편안하더라. 힘든 하루 끝나고 저녁에 모차르트나 바흐 같은 거 자주 들어.
#Person2#: 솔직히 말하자면, 나도 클래식 음악 몇 곡은 좋아해. 현대 댄스 음악보다 확실히 더 세련됐지.
#Person1#: 클래식 음악은 뇌에 좋다고 하잖아. 연구에 따르면 뇌를 더 활성화시켜 준대. 공부할 때 클래식 음악 듣는 학생이 더 잘한대.
#Person2#: 진짜? 나도 클래식 음악 자주 들어야겠네. 클래식 음악 듣는 게 스트레스 해소에 도움이 된다고 들었어.
#Person1#: 맞아. 그래서 저녁에 많이 들어. 주로 요리하거나 집안일 할 때 배경 음악으로 틀어놓거든.
#Person2#: 나도 클래식 음악 CD 몇 장 있는데. 너 따라 뇌 능력 좀 키워봐야겠다.
#Person1#: 인터넷에서 녹음된 거 많으니까. 샘플 들어보고 마음에 들면 싸게 살 수 있어.
#Person2#: 그거 좋은 아이디어네. 너도 다른 음악으로 그렇게 해봐. 좋아할 만한 거 찾을 수도 있어. 클래식 음악이 똑똑하게 만들 수도 있지만, 댄스 음악은 더 활기차고 행복하게 만들 수도 있어.
#Person1#: 맞아. 신나는 음악 듣는 사람이 활기찬 사람이란 명백한 증거가 많잖아. 음악이 사람의 기분과 성격에 영향을 줄 수 있어.","#Person2#는 댄스 음악을 좋아하고 #Person1#은 클래식 음악을 선호한다. #Person1#은 #Person2#에게 클래식 음악을 더 많이 들으면 뇌가 활성화되고 스트레스가 줄어든다고 제안한다. #Person2#는 클래식 음악이 자신을 더 똑똑하게 만들 수 있지만, 댄스 음악은 더 활기차고 행복하게 만들 수도 있다고 말한다."
train.csv,이디어,"#Person1#: 요즘 주식 어때요, Jim?
#Person2#: 괜찮아요. 지난 2년 동안 많이 잃었는데, 올해는 그래도 꽤 괜찮아요.
#Person1#: 맞아요, 저도 인터넷 투자로 손해 봤어요.
#Person2#: 결국 회사에 투자해야 한다는 걸 배웠죠. 아이디어보다 안정적인 쪽으로요.
#Person1#: 저도 전략 바꿨어요. 이제는 좋은 회사에 투자해요.
#Person2#: 저도 그래요. Ted에 대해서 들었어요?
#Person1#: 아니요. 무슨 일이에요?
#Person2#: 자녀 대학 등록금으로 투자하다가 다 날렸대요.
#Person1#: 아, 그 부인이 정말 싫어할 것 같네요.","#Person1#과 #Person2#는 주식 투자와 관련된 경험을 공유하며, Ted가 자녀의 대학 등록금을 투자하다가 잃은 일에 대해 논의하고 있습니다."
train.csv,이디어,"#Person1#: 별로 행복해 보이지 않네. 무슨 문제 있어?
#Person2#: 영어 과제 작문을 길게 써야 하는데 아이디어가 도무지 떠오르질 않아서, 내일까지 제출해야 해.
#Person1#: 그렇게 어렵지 않을 거야. 지난주에 보여준 사진들 기억나?
#Person2#: 물론 기억하지.
#Person1#: 낙타 타고 온 여행에 대해 써보는 게 어때?
#Person2#: 좋은 생각인 것 같아. 북아프리카 방문도 같이 쓸 수 있겠네.
#Person1#: 너 기분 좋아졌으니 나 이제 가볼게. 나도 작문 마쳐야 하거든.
#Person2#: 도와줘서 고마워. 이제 훨씬 마음이 편해졌고, 정리 시작하면 그렇게 어렵진 않을 거야.","#Person2#는 영어 과제 작문에 대한 아이디어가 떠오르지 않아 고민하고 있다. #Person1#은 #Person2#에게 낙타 타기에 관한 여행 경험을 소재로 작문할 것을 제안하고, #Person2#는 그 조언에 감사해한다."
train.csv,그분의,"#Person1#: 이 책 빌릴 수 있을까요? Dr. Smith의 역사 수업 과제 때문에 필요하거든요. 
#Person2#: 죄송하지만, 그 책은 Dr. Smith가 예약해 놓아서 그분의 서면 허가 없이는 빌릴 수 없어요.",#Person2#는 #Person1#에게 Dr. Smith가 예약해 놓았기 때문에 책을 대출할 수 없다고 설명합니다.
train.csv,그분의,"#Person1#: Matthew, 세계 각국의 바디 랭귀지에 대해 잘 알아?
#Person2#: 물론이지, 직장 때문에 여기저기 여행하면서 좀 배웠어. 왜?
#Person1#: 아, 오늘 일본에서 온 여성과 회의를 했는데, 그분이 계속 인사로 고개를 숙이시더라구! 어떻게 해야 할지 모르겠더라구!
#Person2#: 너도 같이 고개를 숙였어?
#Person1#: 아니, 나는 악수를 하려고 했는데, 그분의 손이 너무 힘이 없어서 약간 기분이 상했어.
#Person2#: 음, 일본에서는 보통 서로 인사할 때 고개를 숙여. 너의 강한 악수가 그분에게는 실례가 되었을 수도 있어.
#Person1#: 그런데 여기는 미국이잖아! 미국에서는 강한 악수가 자신감과 존중을 상징하는 걸 모르셨을까?
#Person2#: 일본에서는 조금 달라. 어떤 나라에서는 눈을 마주치는 게 실례라고 여겨질 수도 있어.
#Person1#: 그래서 그분이 회의 중에 날 쳐다보지 않은 걸까?
#Person2#: 그럴 가능성이 높아, 맞아.
#Person1#: 회의가 별로 좋지 않았어. 다른 나라 사람과 회의하기 전에 문화 간 커뮤니케이션을 좀 읽어야 할 것 같아.
#Person2#: 좋은 생각이야. 다른 문화를 잘 모르면 작은 것에도 누군가가 실례를 느낄 수 있어.
#Person1#: 맞아, 이 점에서는 우리 둘 다 의견이 같아 참 좋다.","#Person1#은 Matthew에게 일본 출신 여성과의 회의에서 상대가 계속 고개를 숙이는 모습을 보고 혼란스러웠던 경험을 이야기합니다. Matthew는 일본에서는 인사할 때 고개를 숙이는 것이 일반적이며, 눈을 마주치는 것을 피한다고 설명합니다. #Person1#은 다른 나라 사람과 회의하기 전에 문화 간 커뮤니케이션에 대해 공부할 필요성을 느낀다고 말합니다."
train.csv,그분의,"#Person1#: 혹시 Dr. Miller의 수업을 들어본 적 있어요?
#Person2#: 네, 들었어요. Dr. Miller 수업 듣고 싶으세요?
#Person1#: 네, 하지만 그분 수업은 처음이에요.
#Person2#: 그분은 정말 재미있고 도전적인 스타일이에요. 그런 수업 좋아하세요?
#Person1#: 네, 그게 필요해요.
#Person2#: 그분은 좋은 점수를 받기 위해 배워야 할 부분을 명확하게 알려주셔요. 열심히 공부할 준비 되셨나요?
#Person1#: 네, 아마도요.
#Person2#: 저는 그분의 이해심 많고 친근한 모습이 좋았어요. 그런 선생님 좋으세요?
#Person1#: 네, 전에 그런 선생님이 계셨어요.
#Person2#: 그분이 20년 경력의 교수라는 거 아셨나요?
#Person1#: 아니요, 몰랐어요. 하지만 그게 좋을 수도 있겠네요.
#Person2#: 음, 전체적으로 한번 생각해보고 본인에게 가장 좋은 선택 하세요. 행운을 빌어요!","#Person1#은 #Person2#에게 Dr. Miller에 대해 묻습니다. #Person2#는 Dr. Miller가 재미있고, 도전적이며, 이해심 많고 친근하며, 경력이 많다고 설명합니다."
train.csv,그 집,"#Person1#: 여보세요? 저 존 스미스입니다. Mr. White 좀 부탁드립니다.
#Person2#: 네, Mr. White입니다.
#Person1#: 안녕하세요. 집을 팔고 계신다면서요, 맞나요?
#Person2#: 네, 맞습니다.
#Person1#: 그 집에 대해 더 알고 싶어요.
#Person2#: 오늘 오후 3시에 제 사무실로 오실 수 있나요?
#Person1#: 네, 갈 수 있습니다.
#Person2#: 전화 주셔서 감사합니다. 안녕히 가세요.
#Person1#: 네, 안녕히 계세요.",존 스미스는 집을 매매 관련 정보를 얻기 위해 Mr. White의 사무실에 방문할 예정입니다.
train.csv,그 집,"#Person1#: 새 집에 대해 얘기해줘. 이전 집이랑 뭐가 달라졌어?
#Person2#: 우선 훨씬 더 커졌어. 방 개수는 같은데, 각 방이 더 넓어졌어. 그리고 정원도 더 커서 우리 강아지가 엄청 좋아해!
#Person1#: 그럼, 침실 세 개 있는 단독주택인 거야?
#Person2#: 응, 맞아. 한 방은 아내랑 나를 위한 방이고, 다른 방은 딸 방이야. 세 번째 방은 아내가 손님 방으로 만들고 싶어 하는데, 나는 서재로 만들고 싶어. 우리 딸도 서재로 만들고 싶어 해서 그렇게 될 것 같아.
#Person1#: 부엌은 어때? 너랑 아내가 요리 좋아하는 거 알잖아.
#Person2#: 그게 그 집을 고른 가장 큰 이유 중 하나야. 부엌과 식당이 함께 있는데 정말 넓어.
#Person1#: 방들 밝고 좋지?
#Person2#: 맞아. 우리한테 정말 중요한 부분이야. 자연 채광이 충분한 집에서 살고 싶거든. 각 방에 큰 창문이 있어.
#Person1#: 발코니도 있어?
#Person2#: 아쉬운 건 발코니가 없다는 거야. 발코니 있는 집을 원했는데 그걸 제외하고는 완벽해. 지역도 좋고 이웃들도 친절해 보여.
#Person1#: 도시 가장자리에 살고 있지? 시끄럽지도 않고 교통도 많진 않을 것 같은데. 시내로 나가긴 쉬워?
#Person2#: 정말 조용한 동네야. 약간의 교통은 있지만 많지 않아. 시내로 가는 것도 어렵지 않은데, 길 잘못 들면 헤맬 수 있으니까 조심해야 해. 언제 한번 놀러 와!","#Person2#는 #Person1#에게 새 집이 침실 세 개, 주방, 식당이 있는 구조지만 이전보다 훨씬 더 크다고 설명합니다. #Person2#는 발코니는 없으며, 도시 가장자리에 위치해 있다고 언급합니다."
train.csv,그 집,"#Person1#: 도로 끝에 있는 빨간 집에 사세요?
#Person2#: 네, 그 집에 부모님과 여동생이랑 같이 살아요. 그리고 고양이랑 강아지도 키워요.
#Person1#: 강아지 산책은 매일 하세요?
#Person2#: 아니요, 아빠랑 같이 해요. 아빠는 월요일, 화요일, 일요일에 강아지를 산책시키고, 저는 수요일, 목요일, 금요일에 산책시켜요.
#Person1#: 토요일에는 누가 산책을 나가요?
#Person2#: 토요일에는 가족 모두 공원에 가는데, 그때 강아지도 데리고 가요.
#Person1#: 집안일은 도와드리나요?
#Person2#: 엄마랑 여동생이 집안일이랑 요리를 하고, 저는 제 방 청소를 해요.","#Person2#는 #Person1#에게 가족과 함께 살며 고양이와 강아지를 키운다고 말합니다. 또한, 집안일 분담에 대해 이야기합니다."
train.csv,그 점,"#Person1#: 홈스테이 가정은 어떻게 선정되나요?
#Person2#: 저희는 국제 학생들을 초대하기 전에 가정이 충족해야 할 특별한 요구 사항이 있습니다. 학교에서 적당한 거리에 살고, 학생이 사용할 공간이 충분하며, 깨끗하고 안전하며 편안한 지역에 거주해야 해요. 그리고 국제 학생들을 환영하는 가정과 함께 일합니다. 최대한 학생에게 잘 맞는 가정을 찾아 연결하려고 노력하고 있어요.
#Person1#: 홈스테이 가정과 살게 되면 어떤 걸 기대할 수 있을까요?
#Person2#: 그 가정은 여러분을 손님으로 대할 것이고, 여러분은 가정의 규칙에 따라야 해요. 모든 가정은 개인 또는 공유 방과 식사를 제공합니다. 대부분의 경우 학생들은 욕실을 공유해야 할 거예요. 가정과 함께 사는 건 언어를 배우는 가장 재미있고 효과적인 방법 중 하나라는 경험이 있어요. 홈스테이 가정은 익숙한 것과 다른 관습과 습관이 있을 수 있으니 그 점을 명심하세요. 식사는 가정에서 준비합니다. 모든 홈스테이 가정은 학교까지 30분 이내의 거리에 있습니다. 도시가 작을수록 학교에 도착하는 시간이 적게 걸려요.","#Person1#은 #Person2#에게 홈스테이 가정이 어떻게 선정되는지 묻습니다. #Person2#는 가정이 학생을 손님으로 대하고 학생이 가정의 규칙을 따라야 한다고 설명합니다. 또한, 가정과 함께 생활하는 것이 언어를 배우는 재미있고 효과적인 방법이라고 이야기합니다."
train.csv,그 점,"#Person1#: 이 문제는 이미 천 번은 논의한 것 같아. 데이터는 변하지 않아! 봐봐, 우리 엄청난 연구를 했고, 실험도 세웠고, 문헌도 읽었어. 그리고 내 이론을 지지하는 확실한 증거가 있어!
#Person2#: 하지만, Horowitz, 그 점은 다르게 봐야 해. 네 최근 연구에서도 조사 접근 방식에 결함이 있었잖아! 너도 알다시피 데이터 수집 방식이 체계적이지 않았고, 오차 범위가 커. 그런 데이터를 기반으로 확실한 결론을 내리는 건 잘못된 거야.
#Person1#: 그건 말도 안 돼!
#Person2#: 넌 세계 최고의 미스터리를 혼자 해결하려고 하면서도 네가 틀렸다는 사실을 모르는군!
#Person1#: 난 틀리지 않았어! 닭이 먼저였어!
#Person2#: 아니야! 알이 먼저였어!","Horowitz는 자신의 이론을 지지하는 확실한 증거가 있다고 주장하지만, #Person2#는 그의 연구 방법에 결함이 있어 동의할 수 없다고 합니다. Horowitz는 닭이 먼저였다고 믿고, #Person2#는 알이 먼저였다고 주장합니다."
train.csv,그 점,"#Person1#: 안녕하세요. 어떤 도움을 드릴까요?
#Person2#: 안녕하세요, 저는 고정자산 대출에 대해 상담하러 왔습니다.
#Person1#: 네, 물론입니다. 혹시 저희와 기본 계좌가 있으신가요?
#Person2#: 네, 기본 계좌도 있고 대출 증명서도 있습니다.
#Person1#: 아, 그럼 잘됐네요. 저희는 신용 등급과 상환 능력을 기준으로 최종 결정을 내리게 됩니다.
#Person2#: 음, 신용 등급은 문제 없습니다. 그 점은 확실히 말씀드릴 수 있어요.","#Person2#는 고정자산 대출을 상담하기 위해 방문했습니다. #Person1#은 #Person2#의 계좌 보유 여부와 대출 증명서를 확인한 뒤, 신용 등급과 상환 능력을 기준으로 최종 결정을 내린다고 설명합니다."
train.csv,그다음,"#Person1#: 저기, 온라인 카탈로그를 꽤 오래 사용하고 계신데, 뭐 도와드릴 거 없나요?
#Person2#: 음, 제가 1930년대와 1940년대 할리우드에 관한 논문을 써야 해서 정말 힘들어요. 책이 수백 권이나 되고 어디서부터 시작해야 할지 모르겠어요.
#Person1#: 주제가 꽤 넓어 보여요. 그 시대의 스튜디오 역사로 좁혀보는 건 어때요?
#Person2#: 그런 생각도 했었는데, '영화 스튜디오'라고 입력하니까 30권 넘게 나왔어요.
#Person1#: 더 구체적으로 하려면 원하는 연도를 지정해 보는 건 어떠세요? '1930년대', '1940년대', 아니면 '황금기'를 추가해 보세요.
#Person2#: '황금기'라는 게 좋은 생각이네요. 한번 입력해볼게요. 오, 이거 봐요, 이번엔 6권만 나왔네요. 훨씬 낫네요.
#Person1#: 그리고 또 한 가지 생각해볼 게 있어요. 잡지나 신문 기사를 찾아봤나요?
#Person2#: 아니요, 책만 찾고 있었어요.
#Person1#: 그러면, 잡지 기사들은 Reader's Guide to Periodical Literature에서 찾아볼 수 있어요.
#Person2#: 알겠어요. 일단 이 책들로 시작해보고 그다음에 잡지로 넘어갈게요.
#Person1#: 도움이 필요하면, 제가 참고 데스크에 있을게요.
#Person2#: 좋네요, 정말 감사합니다.",#Person2#는 30년대와 40년대 할리우드에 관한 책을 찾는 데 어려움을 겪고 있습니다. #Person1#은 주제를 특정 연도로 좁히라고 조언합니다. 또한 #Person1#은 #Person2#에게 잡지 기사를 검색해 보라고 제안합니다.
train.csv,그다음,"#Person1#: 저는 이 지점의 매니저, Paul Adams입니다. 만나서 반가워요. 
#Person2#: 저는 Katie Thomas예요. 만나서 반가워요. 
#Person1#: 임시 사무직을 찾고 있다고 하셨나요? 
#Person2#: 네, 맞아요. 
#Person1#: Katie, 나이가 어떻게 되시죠? 
#Person2#: 열여덟 살이에요. 
#Person1#: 꽤 젊으시네요. 어떤 경험이 있으신가요? 
#Person2#: 음, 사실 저는 막 학교를 졸업했어요. 대학에 가기 전에 잠시 일하려고 해요. 
#Person1#: Katie, 저희가 도와드리기 어려울 것 같아요. 저희 고객들은 특히 새로운 사무 기술에 대해 매우 까다롭거든요. 
#Person2#: 아, 그건 괜찮아요. 학교에서 사무 기술 관련 수업을 들었거든요. 
#Person1#: 그동안 무엇을 배우셨는지 말씀해 주실래요? 
#Person2#: 처음에는 타자 기술을 배웠고, 그다음에는 워드 프로세싱을 배웠어요. 
#Person1#: 좋네요. 기술적인 관점에서는 자격이 충분해 보이네요.",Paul Adams는 임시 사무직을 찾고 있는 Katie Thomas와의 인터뷰에서 그녀가 타자 기술과 워드 프로세싱을 배워 기술적으로 자격이 있다고 판단합니다.
train.csv,그다음,"#Person1#: 안녕 Martin, 오랜만이야. 프랑스로 공부하러 갔다면서, 어땠어?
#Person2#: 거기 1년 있었고, 그 후로 유럽을 여행하느라 1년 쉬었어.
#Person1#: 어디 갔었어?
#Person2#: 처음엔 스위스에 갔다가 그다음에 독일, 오스트리아 갔어. 이탈리아에서 여행을 끝내려고 했는데 잘 안 됐어.
#Person1#: 아쉽네. 돌아오니 좋아?
#Person2#: 당연하지. 하지만 다시 프랑스로 돌아가서 학위를 마쳐야 돼. 4년짜리 프로그램이거든.
#Person1#: 그래서 가족 만나러 베이징에 잠깐 돌아온 거구나?
#Person2#: 맞아, 여기 2달 더 있을 거야.
#Person1#: 계획 있어?
#Person2#: 7월에 우리 엄마가 70세 생신이셔서 특별한 걸 할 예정이야. 다음 달엔 해안가로 차 타고 갈 거고, 9월 1일 전에 프랑스로 돌아갈 거야.
#Person1#: 좋은데? 내 일정에도 좀 끼워줄 수 있어?
#Person2#: 하하, 친구한테는 언제든 시간 내지, 오늘 밤 어때?
#Person1#: 좋아.","Martin은 #Person1#에게 유럽에서의 경험을 이야기합니다. Martin은 가족을 만나기 위해 베이징에 돌아왔으며, 학위를 마치기 위해 다시 프랑스로 돌아갈 예정입니다. #Person1#과 Martin은 오늘 밤 만나기로 합니다."
train.csv,이후에,"#Person1#: 병원에 다녀온 거 어땠어?
#Person2#: 괜찮았어. 의사 선생님이 대체로 건강하다고 하셨어. 근데 가끔 잠을 못 잔다고 했더니 수면제를 권하시더라.
#Person1#: 그래서 먹었어?
#Person2#: 아니, 그게 건강에 나쁠까 봐 겁나.
#Person1#: 그럼 어떻게 할 거야?
#Person2#: 심리상담을 받아보려고. 혹시 불안감이 많아서 못 자는 걸지도 몰라. 누군가에게 얘기하는 게 도움이 될 수도 있고.
#Person1#: 나도 예전에 잠이 안 와서 몇 가지 해봤는데 도움됐어. 아침에 밖에서 운동하면 하루 종일 마음이 편해지더라고. 그리고 저녁 8시 이후에 핸드폰이나 컴퓨터를 안 쓰니까 10시에 쉽게 잠들 수 있었어.
#Person2#: 좋은 조언이네. 심리상담 받기 전에 먼저 해봐야겠다.
#Person1#: 그래, 한번 시도해봐.",#Person2#는 가끔 잠을 잘 못 자서 심리상담을 받을 예정입니다. #Person1#이 #Person2#가 시도해볼 만한 좋은 제안들을 합니다.
train.csv,이후에,"#Person1#: 이 아파트 어떻게 생각해? 
#Person2#: 그렇게 좋지는 않은 것 같아. 침실이 우리한테는 좀 작아. 
#Person1#: 작다고? 우리 필요에는 충분할 것 같은데. 
#Person2#: 그런데 밤 10시 이후에는 온수가 안 나온대. 겨울에는 자기 전에 따뜻한 샤워하는 게 좋잖아. 
#Person1#: 그건 그렇지, 하지만 거실이 정말 멋지잖아. 크고 햇빛도 잘 들어와. 
#Person2#: 맞아, 그리고 부엌도 좋아. 새롭고 잘 갖춰져 있어. 
#Person1#: 발코니가 엄청난 공원 뷰를 갖고 있더라고. 
#Person2#: 네 말이 맞아. 그 뷰는 정말 멋져. 하지만 침실이 너무 작아서 우리 물건들을 다 넣기엔 힘들 거야. 
#Person1#: 좋은 가구로 바꾸면 어때? 더 활용도 높은 걸로. 
#Person2#: 그 생각은 못 해봤네.","#Person2#는 아파트가 그다지 좋지 않다고 생각하고, 특히 작은 침실과 제한된 온수 사용 문제를 우려하고 있습니다. 반면, #Person1#은 새로운 가구를 들여놓으면 충분히 사용할 수 있을 것으로 생각하고 있습니다."
train.csv,이후에,"#Person1#: 집 구하는 거 어떻게 돼가고 있어?
#Person2#: 잘 안 돼. 내가 원하는 가격대에 맞는 걸 아직 못 찾았어.
#Person1#: 얼마 정도 쓸 계획인데?
#Person2#: 한 달에 300파운드 정도밖에 못 써.
#Person1#: 그 정도면 셰어하는 아파트에서 방 하나 이상은 얻기 힘들 거야.
#Person2#: 진짜? 방 하나 때문에 그렇게 많은 돈을 내야 한다니.
#Person1#: 음, 런던에 살려면 그만큼의 가격을 지불해야 돼!
#Person2#: 룸메이트 필요로 하는 사람 없어? 
#Person1#: 직장에서 알아봐 줄게. 흡연자나 비흡연자 선호사항 있어?
#Person2#: 비흡연자면 좋겠지만, 구할 수 있는 걸로 해야지 뭐.
#Person1#: 계약은 얼마나 오래 하고 싶어?
#Person2#: 1년 정도는 계약할 수 있어. 그 이후에는 어떻게 될지 몰라.
#Person1#: 가구가 있는 집이야, 없는 집이야?
#Person2#: 가구가 없어서 가구가 있는 집이면 좋겠어.
#Person1#: 월세 외에 관리비도 더 내야 하는 것 알지?
#Person2#: 아니, 월세에 포함된다고 생각했어.
#Person1#: 보통 포함되지 않아서 한 달에 100파운드 정도 더 생각해야 해.
#Person2#: 그럼 내가 감당할 수 없을 것 같아.
#Person1#: 걱정 마. 청소나 아이 돌보기를 약속하면 할인을 해주는 사람도 있어.
#Person2#: 좋은 생각이야. 그런 방법을 좀 찾아봐야겠어.","#Person2#는 #Person1#에게 런던에서 월세로 300파운드 정도밖에 감당할 수 없다고 말합니다. #Person1#은 #Person2#에게 룸메이트를 찾는 데 도움을 줄 것입니다. 그들은 계약 기간, 가구 유무, 관리비, 할인 등에 대해 이야기합니다."
train.csv,저 길,"#Person1#: 왜 역까지 걸어가야 해? 그리고 어디에 있는 거야?
#Person2#: 저 길 바로 아래야... 아마도.
#Person1#: 저길 봐! 경찰관이 있어! 길 좀 물어봐.
#Person2#: 알았어. 가서 물어볼게.
#Person1#: (잠시 멈춤) 그래서, 뭐래?
#Person2#: 이 길을 쭉 가서 첫 번째 왼쪽 길로 돌아야 해. 그러고 나서 강이 나올 때까지 걸어가면 돼.
#Person1#: 강?
#Person2#: 그래. 저쪽에 강이 있고 다리가 있어. 그 다리를 건너면 길을 알려주는 표지판을 볼 수 있을 거야.
#Person1#: 근데 얼마나 멀어? 거기까지 걷는 데 얼마나 걸려?
#Person2#: 빨리 걸으면 한 15분 정도?
#Person1#: 15분이라니! 기차에 늦겠는데. 그리고 이 무거운 가방 가지고! 택시 타야 할 것 같아.
#Person2#: 이 시간에 택시는 안 돼. 교통 상황이 별로야. 걸어가도 금방 도착할 거야.
#Person1#: 나 이 가방 더는 못 들어.
#Person2#: 알았어. 그럼 내가 들게.
#Person1#: 웃기지 마. 네가 두 가방을 동시에 들 수는 없어.
#Person2#: 할 수 있어. 가방 그렇게 무거운 거 아닌데... 음!
#Person1#: 봤지! 생각보다 무겁잖아!
#Person2#: 다시 생각해보니 택시가 나쁜 생각은 아닌 것 같아.
#Person1#: 무슨 말이야? 택시가 안 나쁜 생각이라니?
#Person2#: 택시! 택시!","#Person1#과 #Person2#는 역으로 가고 있다. #Person2#가 경찰관에게 길을 묻고 나서 #Person1#은 택시를 타자고 제안한다. #Person2#는 걸어서 빨리 갈 수 있다고 생각했지만, 가방이 무겁다는 것을 깨닫고는 생각을 바꾼다."
train.csv,저 길,"#Person1#: 아빠, 우리 어디 가요?
#Person2#: 먼저 시내에 가서 마실 것 좀 사고, 그 다음에는 대학교 박물관에 갈 거야.
#Person1#: 어디서 마실 거 사요?
#Person2#: 길 모퉁이에 커피숍이 있어. 저 길 끝에 큰 건물 보여?
#Person1#: 네, 보여요.
#Person2#: 저게 은행이야. 커피숍은 은행 맞은편에 있어.
#Person1#: 좋아요, 저는 핫초코 마실래요.
#Person2#: Samantha, 멈춰. 신호등이 초록불로 바뀔 때까지 기다려. 길 건널 때 항상 주변을 잘 봐야 해.
#Person1#: 죄송해요. 박물관은 얼마나 멀어요?
#Person2#: 딱 3정거장 밖에 안 돼. 걸어서 갈 수 있어. 도착하면 너는 우리 자리 좀 잡아두고 난 음료수 사 올게.",#Person2#는 Samantha에게 커피숍의 위치를 알려주고 마실 것을 사러 갑니다. 이후 #Person2#는 Samantha에게 자리를 잡으라고 하고 음료수를 사 오겠다고 말합니다.
train.csv,저 길,"#Person1#: 도와드릴까요?
#Person2#: 제 딸이 실종됐어요. 어디 있는지 모르겠어요.
#Person1#: 아이가 어떻게 생겼나요?
#Person2#: 금발에 파란 눈이에요.
#Person1#: 아이는 무슨 옷을 입고 있었나요?
#Person2#: 노란 드레스에 빨간 운동화를 신고 있어요.
#Person1#: 마지막으로 언제 봤나요?
#Person2#: 방금 저 길 끝에서 봤어요. 어디 있는지 정말 모르겠어요.
#Person1#: 얼마나 시간이 지났나요?
#Person2#: 아, 한 15분 정도 지났어요.",#Person2#가 #Person1#에게 다가와 딸이 실종되었다고 알립니다. #Person1#은 아이의 외모와 마지막으로 본 위치를 묻습니다.
train.csv,이 옷,"#Person1#: 여기 정말 좋다. 이렇게 많은 것들이 있을 줄은 몰랐어.
#Person2#: 맞아, 근데 물건 찾는 데 시간이 좀 걸리더라. 일반 매장처럼 정리가 잘 되어 있진 않잖아.
#Person1#: 아울렛하고 일반 매장이 뭐가 다른 거야?
#Person2#: 보통 의류 회사에서 남은 재고를 아울렛으로 보내. 가격이 정말 싸잖아. 근데 제품에 하자가 있을 수 있기도 해.
#Person1#: 하자 있는 제품이라고?
#Person2#: 응. 가끔은 하자가 아주 작아서, 바늘과 실만 있으면 네가 직접 고칠 수 있어. 그래서 사는 게 이득이야.
#Person1#: 아, 그건 나한테 쉬운 일이야. 정말 좋은 거래 같아.
#Person2#: 응. 이렇게 하면 돈을 많이 아낄 수 있어.
#Person1#: 그거 참 좋네. 봐, 어린이 옷이네! 내 아들과 딸을 위해 겨울 옷을 좀 사야겠어.
#Person2#: 저 스웨터 사는 건 어때? 30원밖에 안 해.
#Person1#: 응, 그거 살게. 청바지도 있어? 샤오후이 청바지는 항상 더럽더라고. 슬리퍼도 네 켤레 필요해.
#Person2#: 몇 개 살 거야?
#Person1#: 여기에 있는 동안 최대한 많이 사야 돼, 안 그래?
#Person2#: 맞아.",#Person2#는 #Person1#에게 아울렛 매장에서 물건 가격이 저렴하지만 하자 있는 제품도 있을 수 있다고 말합니다. #Person1#은 이를 좋은 거래라고 생각하고 가족을 위해 옷을 구매하고 싶어합니다.
train.csv,이 옷,"#Person1#: 네, 손님. 방 준비가 완료되었습니다. 다른 필요하신 건 없으신가요?
#Person2#: 이 옷들 세탁소에 보내주실 수 있나요?
#Person1#: 네, 그렇게 하겠습니다.
#Person2#: 언제 준비될까요?
#Person1#: 세탁물은 오후 5시까지 준비됩니다.
#Person2#: 알겠습니다. 감사합니다.","#Person2#가 #Person1#에게 옷 세탁을 요청하고, 세탁물은 오후 5시까지 준비된다는 안내를 받습니다."
train.csv,이 옷,"#Person1#: 자, 어떻게 생각해? 
#Person2#: 좀 밝지 않아? 
#Person1#: 맞아, 그럴 수도 있어. 이 옷은 어때? 
#Person2#: 이 드레스는 너한테 정말 잘 어울리는데, 실용적이진 않지? 
#Person1#: 응, 당장 격식을 차리는 무도회에 갈 계획은 없지만, 이 스타일이 마음에 들어. 그냥 입어보고 싶었어! 이건 어때? 캐주얼하면서도 세련된 느낌이잖아. 
#Person2#: 청바지는 괜찮은데 위에 입을 게 좀 더 필요할 것 같아. 혼자서는 너무 단순해. 
#Person1#: 이 스카프, 이 귀걸이, 그리고 발목 장신구는 어때? 
#Person2#: 그건 좀 과할 수도 있어. 스카프랑 팔찌만 하는 건 어때? 
#Person1#: 정말 좋은 생각이야. 너는 진짜 감각이 좋아. 
#Person2#: 고마워. 너도 혼자서 잘할 수 있어. 패션 재앙인 사람들은 많지만, 너는 아니야. 입어 봤어? 
#Person1#: 응. 여기 있어. 어때 보여? 
#Person2#: 멋져. 한 가지 더 추가하자면, 그 청바지에 하이힐이 필요해. 일반 패턴이나 표범 무늬 있는 걸로 원해? 
#Person1#: 표범 무늬가 꽤 멋질 것 같아. 브랜드 제품이야? 
#Person2#: 아니, 프라다 짝퉁인데 진짜 가격의 1/10이야. 
#Person1#: 그게 진짜보다 더 좋네. 
#Person2#: 내가 너라면 지금 세일할 때 사겠어. 100달러를 쓰면 옷을 더 살 수 있는 50달러 바우처도 줘. 
#Person1#: 아, 어제 쇼핑 다 한 게 아쉽네!",#Person2#는 여러 종류의 옷을 시도해보고 #Person1#에게 의견을 구합니다. 두 사람은 파격적인 할인 판매를 놓친 것에 아쉬움을 느낍니다.
train.csv,이 문,"#Person1#: 엄마, 나 대학 때문에 좀 걱정돼. 무슨 공부를 해야 할지 모르겠고, 전공을 어떻게 정해야 할지 모르겠어. 
#Person2#: 그런 결정은 어려울 수 있지, 존. 
#Person1#: 어떻게 결정해야 할까? 
#Person2#: 음, 먼저 네 관심사부터 시작해보는 건 어때? 네가 흥미를 가지는 걸 공부하면 도움이 될 거야. 너는 어떤 것을 읽거나 배우는 걸 좋아하니? 
#Person1#: 음, 춤추는 거랑 사람들 도와주는 게 좋아. 그게 내 관심사인 것 같아. 
#Person2#: 사람들 도와준다는 게 무슨 뜻이야? 
#Person1#: 사람들이 문제 있을 때 그걸 해결하는 걸 도와주는 게 좋아. 사람들이 아프면 기분 좋게 해주는 일을 하고 싶어. 
#Person2#: 그렇다면 의학에 관심이 있을 수도 있겠네. 
#Person1#: 음... 잘 모르겠어. 
#Person2#: 또 생각해야 할 점은 네가 원하는 직업과 얼마나 벌고 싶은지도 생각해야 해. 
#Person1#: 그건 어떻게 알 수 있어? 
#Person2#: 도서관에서 다양한 직업을 조사할 수 있고, 다양한 직업의 수입에 대한 보고서와 자료가 있어. 
#Person1#: 나는 여행할 돈을 벌 수 있는 고소득 직업을 갖고 싶어. 
#Person2#: 맞아, 수입이 전공 선택에 중요한 영향을 미칠 거야. 또 한 가지 생각할 점이 있어. 
#Person1#: 그게 뭐야? 
#Person2#: 장학금, 즉 대학에서 주는 지원금을 받는 것도 고려해야 해. 특별한 장학금을 받을 수 있는 전공을 선택하는 게 좋을 거야. 네가 제대로 결정할 거라 믿어. 
#Person1#: 고마워, 엄마.","존은 엄마에게 전공 선택에 대한 고민을 털어놓고 조언을 구한다. 엄마는 자신의 관심사와 예상 수입, 장학금 기회를 고려하라고 조언하며, 진심 어린 응원을 보낸다."
train.csv,이 문,"#Person1#: 너무 슬퍼하지 마. 그 사람하고 정말 감정이 없다면, 내 생각엔 이혼이 문제를 해결하는 최선의 방법일지도 몰라.
#Person2#: 나도 마음속으로는 잘 알고 있어. 그런데 아이 때문에 마음이 놓이질 않아. 아직 어리잖아. 우리를 이해하고 이런 진실을 받아들일 수 없을 거야.
#Person1#: 맞아, 아이가 문제지. Jenny에게 진실을 말하지 말고, 하얀 거짓말만 해. 나중에 크면 적당한 기회를 봐서 이야기해 줘.
#Person2#: 알겠어. 그래, 그렇게 할게.","#Person1#은 #Person2#에게 이혼을 권하지만, #Person2#는 딸에 대해 걱정하고 있다. #Person1#은 하얀 거짓말을 하라고 제안한다."
train.csv,이 문,"#Person1#: 오늘 직장에서 뭐 했어?
#Person2#: 정말 바빴어. 추가로 좀 더 일해야 했어. 아침에는 중요한 고객이 큰 주문을 넣겠다고 해서 동료들과 함께 확인해야 했어.
#Person1#: 뭐 때문에 그렇게 확인할 게 많았어?
#Person2#: 가장 중요한 건 재고가 있는지 확인하는 거였어. 재고가 있으면 바로 배송할 수 있으니까. 또 가격도 확인해야 했어. 이 고객은 아주 중요해서 특별한 가격을 제공해야 하거든.
#Person1#: 그렇구나. 다른 일은 없었어?
#Person2#: 잠재 고객들로부터 이메일을 많이 받았어. 각 이메일마다 이전 회의에서 합의한 사항이 뭔지 확인해야 했지. 각 고객마다 조건과 요구사항이 다르니까.
#Person1#: 각 고객별로 모든 세부사항을 기억하기 어렵겠네.
#Person2#: 맞아. 그래서 모든 걸 컴퓨터 파일로 관리해. 사무실에서는 종이를 거의 안 써. 점심 먹고 나서 한 고객이 문제를 제기했거든.
#Person1#: 나도 문제 해결하는 거 정말 싫어해. 정당한 문제였어?
#Person2#: 응, 정당한 문제였어. 문제를 해결하긴 했는데, 그 일에 한 시간 넘게 걸렸어.
#Person1#: 정말 바쁘게 지냈구나.
#Person2#: 그게 다가 아니야! 또 상사한테 제출할 영업 보고서도 끝내야 했어. 결국 다 끝냈어. 내일 아침에는 또 무슨 일이 기다릴지 궁금하네.","#Person2#는 오늘 바빴습니다. #Person2#는 #Person1#에게 재고 확인, 고객 이메일 처리 및 문제 해결을 했다고 말합니다. 또한 #Person2#는 상사를 위한 영업 보고서를 작성 완료했습니다."
train.csv,그 외,"#Person1#: 요즘 많은 사람들이 재사용 가능한 장바구니를 많이 쓰더라. 
#Person2#: 맞아, 그게 비닐봉투보다 훨씬 튼튼하고 많이 들어가잖아. 
#Person1#: 마트에서도 좋아하지, 팔면서 돈도 벌 수 있으니까. 
#Person2#: 그리고 그거 여러 용도로도 쓸 수 있잖아. 비닐봉투는 겨우 3%만 재사용된다고 하더라. 그 외에는 다 낭비야. 
#Person1#: 우리 동네 마트에서는 이제 비닐봉투가 공짜가 아니야. 그리고 재사용 가능한 장바구니를 가져가면 계산할 때 10센트씩 할인해줘. 
#Person2#: 우리가 건강한 환경을 만들기 위한 조치를 취하고 있는 거 같아서 기분 좋다.","많은 사람들이 재사용 가능한 장바구니를 사용하며, 이는 건강한 환경을 위한 조치로 여겨집니다."
train.csv,그 외,"#Person1#: 안녕하세요, 손님. 어떻게 도와드릴까요?
#Person2#: 요즘 좀 운동이 부족한 것 같아서 건강을 위해 운동을 좀 해보려구요.
#Person1#: 아, 그거 좋은 생각이네요.
#Person2#: 어떤 서비스가 있나요?
#Person1#: 우선, 고객님의 습관에 맞춰서 맞춤형 운동 계획을 디자인해드립니다.
#Person2#: 그건 어떻게 진행되나요?
#Person1#: 저희는 자격 있는 개인 트레이너를 배정해드리고, 피트니스 평가 후 필요에 맞는 운동 계획을 세워드립니다.
#Person2#: 그 외에는 어떤 게 있나요?
#Person1#: 각자의 상태가 다르기 때문에 개인 트레이너가 가장 적합한 운동 기구를 추천하고, 원하는 몸 상태와 목표를 달성할 수 있도록 모든 기술을 가르쳐 드립니다.
#Person2#: 괜찮네요. 비용은 어떻게 되나요?
#Person1#: 경우에 따라 다르지만, 저희는 한 달, 반 년, 1년 회원권을 제공하고 있습니다.
#Person2#: 일단 한 달만 시도해볼게요. 처음부터 너무 무리는 하지 않으려고요.
#Person1#: 현명한 선택이십니다. 절대 후회하지 않으실 거예요.","#Person2#는 운동을 시작하기 위해 #Person1#에게 상담을 요청합니다. #Person1#은 맞춤형 운동 계획과 개인 트레이너 서비스, 비용에 대해 안내하며, #Person2#는 한 달간 시도해보기로 결정합니다."
train.csv,그 외,"#Person1#: 네 도시의 계절은 어때?
#Person2#: 여름은 덥고 보통 오래 지속돼. 겨울은 짧지만 춥고, 습하고, 바람이 불어. 나는 우리 도시의 여름을 좋아하지만 겨울은 싫어.
#Person1#: 여름에 비가 오기도 해?
#Person2#: 보통 2주에 한 번 큰 뇌우가 오는데, 그 외에는 여름이 건조해. 뇌우가 오면 공기가 맑아져서 대부분의 사람들은 그걸 싫어하지 않아.
#Person1#: 봄과 가을은 어때?
#Person2#: 나는 봄을 좋아해. 꽃이 피고 나무에 다시 잎이 돋아나거든. 봄에는 날씨가 아주 변덕스러워서 가끔은 춥고 가끔은 따뜻해. 보통 바람이 불고 비도 조금 와. 가을에는 주로 맑고 건조하지만 겨울이 가까워질수록 점점 추워져. 네 도시의 계절은 어때?
#Person1#: 음, 나는 남반구에 살아서 여름이 네 도시의 겨울이고 그 반대야. 우리 도시는 모든 계절에 비가 오지만 주로 겨울에 많이 와. 겨울에 가끔은 춥기도 하지만 대개는 꽤 온화해. 여름도 따뜻하지만 덥지는 않아. 봄과 가을은 아주 짧아서 각각 몇 주도 안 돼. 그때는 날씨가 많이 변덕스러워서 네 도시의 봄이랑 비슷해.
#Person2#: 보통 여름휴가 가?
#Person1#: 아니, 나는 안 가. 오히려 겨울휴가를 가. 따뜻한 곳으로 가.
#Person2#: 나는 보통 봄이나 가을에 휴가 가. 우리 도시보다 날씨가 좀 더 안정적인 곳으로 가려고 해.","#Person1#과 #Person2#는 각자의 도시에서의 계절에 대해 이야기한다. #Person2#의 도시는 여름이 길고 덥고 건조하며, 겨울은 짧고 춥고 습하다. 반면, #Person1#의 도시는 남반구에 있어 여름과 겨울이 반대이고, 주로 습하고 온화하다."
train.csv,그 정,"#Person1#: 너 새로운 아이폰에 대해 들어봤어?
#Person2#: 응, 들었어. 6월에 나올 거라고 하던데. 너 살 생각 있어?
#Person1#: 사고 싶어. 그게 휴대폰, 카메라, 패드, MP3 플레이어가 다 합쳐져서 나오는 거라잖아.
#Person2#: 돈만 충분하면 사고 싶은데, 난 심지어 셔플 아이팟 하나 살 돈도 없네.
#Person1#: 셔플 아이팟은 얼마나 작아?
#Person2#: 1세대 아이팟 셔플은 껌 하나 크기쯤 되고, 2세대 아이팟 셔플은 그 반 크기야.
#Person1#: 몇 기가의 음악을 담을 수 있어?
#Person2#: 아마 1기가나 2기가일 거야. 기억이 잘 안 나네.
#Person1#: 가격은 얼마나 해?
#Person2#: 별로 안 비싸. 100달러 정도였던 것 같아.
#Person1#: 맞네, 그 정도면 괜찮네.
#Person2#: 너 아이팟 있어?
#Person1#: 처음 나왔을 때 생일 선물로 받았는데, 배터리 다 방전된 후로는 새거 안 샀어.
#Person2#: 왜 배터리만 새로 사서 쓰지 않았어?
#Person1#: 그게 아이팟의 문제 중 하나야. 아이팟 배터리가 평범한 것보다 오래 가긴 하지만, 배터리가 힘을 다하면 아이팟도 끝나버리잖아.",#Person1#은 새로운 아이폰을 사고 싶어한다. #Person2#는 #Person1#에게 셔플 아이팟에 대해 이야기한다. #Person1#은 아이팟을 가지고 있었지만 배터리가 방전되어 새로 사지 않았다.
train.csv,그 정,"#Person1#: 손님 차례입니다. 기다리게 해서 죄송합니다. 토요일은 저희가 바쁜 날입니다.
#Person2#: 그런가요. 머리 좀 잘라주세요.
#Person1#: 어떻게 자르길 원하세요? 특별히 원하시는 스타일이 있으신가요?
#Person2#: 그냥 다듬기만 했으면 좋겠어요. 너무 짧게 자르지 마세요.
#Person1#: 네, 손님. 구레나룻은 어떻게 할까요?
#Person2#: 조금만 다듬어 주세요.
#Person1#: 클리퍼를 사용해도 될까요?
#Person2#: 아뇨, 쓰지 말아 주세요.
#Person1#: 알겠습니다, 손님.
#Person2#: 여기 귀 주변도 조금 다듬어 주실 수 있나요?
#Person1#: 여기 조금 더 잘라내 주고 이야기할까요?
#Person2#: 아, 네. 그게 더 좋겠네요.
#Person1#: 이렇게 하면 될까요?
#Person2#: 아니요, 그 정도는 아닙니다. 아, 네, 이제 괜찮네요.
#Person1#: 면도도 해드릴까요, 손님?
#Person2#: 네.
#Person1#: 콧수염은 어떻게 다듬어 드릴까요?",#Person2#는 이발을 원하며 #Person1#에게 특정 부분을 다듬어 달라고 요청합니다. 이발 후 #Person2#는 #Person1#에게 면도를 부탁합니다.
train.csv,그 정,"#Person1#: 안녕하세요, 뭔가 막히신 것 같은데 도와드릴까요?
#Person2#: 그러니까, 여기 정보가 너무 많은데, 이 전단지를 전혀 못 알아보겠어요!
#Person1#: 아, 그렇군요. 혹시 무엇에 관심이 있으신가요?
#Person2#: 보험을 사는 게 나을지 저축 예금에 돈을 넣는 게 나을지 잘 모르겠어요.
#Person1#: 음, 그건 투자하실 금액에 따라 다르겠네요.
#Person2#: 한 10,000 RIB 정도 생각하고 있었어요.
#Person1#: 그 정도면 좋은 금액이에요! 자, 이 보험을 구매하시면, 매년 고정 수입으로 94.35 RIB를 받게 되실 거예요.
#Person2#: 저축 예금은요?
#Person1#: 저축 예금은 더 많이 받을 수도 있어요. 보세요, 만기일 예금의 경우, 20%의 세금을 떼더라도 1.58%의 이자율이 적용돼요. 그러니까 기술적으로는 더 많은 수익을 받을 수 있어요.
#Person2#: 와! 그게 더 좋네요.","#Person2#는 어떤 항목에 투자할지 고민하고 있습니다. #Person1#은 보험과 저축 예금의 이익을 계산하여, 저축 예금이 더 많은 수익을 줄 수 있음을 발견합니다."
train.csv,이 공,"#Person1#: 로스앤젤레스라는 곳이 많이 익숙해. 날씨도 정말 좋다더라. 1년 내내 꽃도 피고 수영도 할 수 있다는데, 너는 어떻게 생각해?
#Person2#: 음, 해변은 정말 아름다워. 그런데 사람들이 공기가 더러워서 불편해 하더라고. 안개, 연기, 자동차 배기가스가 섞여 있는데, 바람이 부족해서 잘 흩어지지 않거든.","#Person2#는 #Person1#에게 로스앤젤레스의 여름 날씨가 좋지만, 공기 오염 때문에 사람들이 불편함을 느낀다고 말한다."
train.csv,이 공,"#Person1#: 어, Eve, 어떻게 지내? 
#Person2#: 잘 지내, Celia. 너는? 
#Person1#: 나도 괜찮아. 근데 너무 바빠! 
#Person2#: 숙제가 많아? 
#Person1#: 응. 너는 없어? 
#Person2#: 당연히 있어! 
#Person1#: 지금 어떤 과목 공부하고 있어? 
#Person2#: 내일 화학 시험 공부하고 있어. 
#Person1#: Mrs. Green 수업 듣고 있어? 
#Person2#: 응. 너도? 
#Person1#: 응. 우리 내일 같은 시험 보는 거네! 
#Person2#: 같이 공부할래? 
#Person1#: 좋아. 근데 이 도서관 너무 조용하다. 
#Person2#: 빈 교실로 갈래? 
#Person1#: 좋아. 
#Person2#: 알겠어. 가자!",Eve와 Celia는 내일 있을 같은 화학 시험을 위해 함께 공부하기로 결정합니다.
train.csv,이 공,"#Person1#: 차를 손상시켜서 죄송해요, 선생님.
#Person2#: 걱정하지 마세요. 보험회사에 맡기면 돼요.
#Person1#: 이 공동체의 주차장이 너무 붐비지 않아요?
#Person2#: 네, 요즘 차가 점점 많아지는 것 같아요. 사람들이 대중교통을 좀 더 이용했으면 좋겠어요.
#Person1#: 이 도시에는 버스가 충분하지 않죠?
#Person2#: 맞아요, 가끔 시장에게 편지를 쓰고 싶다는 생각이 들어요.
#Person1#: 그건 너무 번거로울 것 같아요. 그냥 주차 공간이 조금 더 넓으면 좋겠어요.
#Person2#: 그거 관리 사무소에 이야기해본 적 있어요?
#Person1#: 아니요. 하지만 곧 할 예정이에요. 몇 달 전에 빨간 혼다에 주차하다가 부딪혔어요.
#Person2#: 어디서요? 도로에서요?
#Person1#: 아니요, 여기 주차장에서요. 바로 당신 자리였어요. 왼쪽 사이드미러가 부서졌어요.
#Person2#: 차 주인이 목소리 큰 여성분인가요?
#Person1#: 네! 어떻게 아셨어요?
#Person2#: 그게 제 아내예요!","#Person1#은 #Person2#의 차를 손상시키고 주차 문제와 대중교통에 관한 불만을 공유합니다. #Person1#은 이전의 사고 경험을 말하고, #Person2#는 그 차가 본인의 아내의 것임을 알게 됩니다."
train.csv,그 중,"#Person1#: 내일 너 관심 있어 할 만한 곳들로 데려가 줄게.
#Person2#: 어디 아직 가보지 못한 곳이 있어?
#Person1#: 많이는 아니지만, 여긴 어때. 이곳은 민속 고가구 수공예품과 수집품 전시관이야!
#Person2#: 멋지다! 민속 수집품은 얼마나 많아?
#Person1#: 글쎄, 이 도시에만도 200종 이상의 민속 수집품이 있어. 중국 전체 기준으로 보면 절반 정도지. 여러 수집품을 위한 전시홀이 있고, 개인 수집품을 전시하는 방도 여러 개 있어.
#Person2#: 개인 수집가들! 그들은 분명 대단한 수집품을 갖고 있겠지. 다 보러 갈래. 어떤 수집품들을 볼 수 있어? 데이빗, 왜 이렇게 궁금하잖아.
#Person1#: 급할 것 없어! 이제 말해줄게. 고대 상자와 보관함, 다기 세트, 주판, 귀한 조개와 소라, 연구용 항아리와 물 주판, 드라마 의상, 마노, 고대 동전, 나비, 부채, 미니 악기, 뿌리 조각품, 희귀 돌과 바위, 모형 배, 모형 자동차가 있어.
#Person2#: 데이빗, 이제 알겠어! 더 이상 못 기다리겠어. 당장 가자!
#Person1#: 알겠어, 알겠어. 먼저 민속 수집 전시관부터 시작할 거야. 지역의 최고 고가구가 항상 전시되는 곳이지. 그 자체가 오래전 청나라 시절의 지역 클럽이었던 잘 보존된 고가구 건축물이야. 국내외 전문가들 간의 학술 연구 세미나와 교류도 종종 열린다.
#Person2#: 정말 흥미롭네. 꼭 가봐야 할 곳이야. 그 다음에는?
#Person1#: 나비에 관심이 있다면, 나비 전시관에 가봐야 해. 개인 박물관을 운영하는 진 선생님이 20개 이상의 국가에서 1,000종 이상의 나비 표본을 소장하고 있어. 그 중 많은 것들이 국가 보물급이야.
#Person2#: 그 자체로도 나비 표본 제작에 있어 권위자로 인정받지, 진 선생님은.","데이빗은 #Person2#에게 민속 고가구 수공예품과 수집품 전시관으로 데려가겠다고 말한다. 다양한 방에 전시된 수집품들의 수와 종류를 소개하고, #Person2#는 기다릴 수 없어 한다. 데이빗은 민속 수집 전시관과 진 선생님이 운영하는 나비 전시를 추천한다."
train.csv,그 중,"#Person1#: 안녕하세요, 이곳이 이력서 작성 워크숍인가요?
#Person2#: 네, 맞아요. 이력서 작성 워크숍입니다. 환영합니다!
#Person1#: 제가 이력서를 작성하는 것에 대해 잘 몰라서요.
#Person2#: 걱정하지 마세요. 어렵지 않아요.
#Person1#: 뭐가 제일 중요한가요?
#Person2#: 음, 제일 중요한 건 이름과 연락처 정보를 맨 위에 적는 거예요.
#Person1#: 그 다음에는 뭘 적나요?
#Person2#: 직장 경력이나 학력을 적으시면 돼요. 그 중 더 돋보이는 것을 먼저 적으면 좋습니다.
#Person1#: 그럼 다음에 제 관심사를 적어도 되나요?
#Person2#: 물론이죠, 그렇게 하시면 좋을 것 같아요.",#Person2#는 이력서 작성 워크숍에서 #Person1#에게 이력서를 작성하는 방법을 안내하고 있습니다.
train.csv,그 중,"#Person1#: 안녕하세요, 우리 은행에 오신 걸 환영합니다. 오늘 어떻게 도와드릴까요?
#Person2#: 예치금에 대해 좀 상담받고 싶어요.
#Person1#: 무슨 문제 있으신가요?
#Person2#: 아, 문제는 없고요. 그 중 하나의 기한이 다가와서 어떻게 해야 할지 고민 중이에요.
#Person1#: 알겠습니다. 두 가지 선택이 있어요. 갱신하거나 출금하실 수 있는데, 어떻게 하시겠어요?
#Person2#: 음... 지금까지 서비스가 만족스러웠으니까 갱신하고 싶어요.
#Person1#: 문제없어요. 그런데 새로 도입된 '만기 시 자동 갱신 서비스'에 대해 말씀드릴게요.
#Person2#: 네...
#Person1#: 이 서비스는 갱신이 필요할 때 저희가 자동으로 처리해드리는 거예요. 더 이상 방문하실 필요 없이, 여기 서명만 해주시면 저희가 다 처리하겠습니다.
#Person2#: 정말 딱이네요. 저는 시내에서 좀 멀리 살아서 오는 게 번거롭거든요.","#Person2#는 예치금을 갱신하기로 결정하고, #Person1#은 새로운 자동 갱신 서비스를 소개하여 #Person2#의 만족을 이끕니다."
train.csv,그 둘,"#Person1#: 자, 얘들아. 계획이 있어. 공을 골대에 넣고, Rich랑 Taylor한테 뺏기지 마! 
#Person2#: 왜? 그 둘이 잘해? 
#Person1#: 학교 다닐 때 농구 했었다니깐. 시작하자! 이준, 패스 받으러 나가! 
#Person2#: 준비됐어! 우와, 공이 너무 세게 날아오잖아! 이건 못 잡겠어! 
#Person1#: 잡아, 이준아! 공 쪽으로 달려! 앗! 속도 줄여, 부딪히겠어...
#Person2#: 으으윽!","#Person1#은 팀원들을 대상으로 한 농구 경기 전략을 설명했지만, 이준은 공을 잡으려다가 다쳤다."
train.csv,그 둘,"#Person1#: 어, 나 너 알아. 제임스 맞지? 제임스 로버츠. 
#Person2#: 아만다 브라운. 와! 진짜 오랜만이다. 
#Person1#: 그러게. 아, 너 2주 후에 있을 동창회 갈 거야? 
#Person2#: 글쎄, 듣긴 했는데 아직 잘 모르겠어. 어디서 하는데? 
#Person1#: 시티 파크 맞은편의 마운틴 컨트리 클럽에서 열릴 예정이야. 
#Person2#: 몇 시에 시작할 거야? 
#Person1#: 아마 6시에 시작할 걸. 
#Person2#: 입장료는 얼마야? 
#Person1#: 티켓 한 장에 20달러인데, 저녁식사랑 공연이 포함된 가격이야. 
#Person2#: 어떤 공연이 있어? 
#Person1#: 재즈 라이브 밴드랑 춤이 있을 예정이야. 
#Person2#: 누가 이 행사를 주최해? 
#Person1#: 채드 필립스 기억나니? 
#Person2#: 음, 그 친구가 풋볼 팀 쿼터백 아니었나? 
#Person1#: 맞아. 그가 사라 로저스랑 결혼했어. 그 둘이 이번 행사를 담당하고 있어. 그래서, 어떻게 할 생각이야? 갈 거야? 
#Person2#: 잘 모르겠어. 고등학교 때 별로 잘 어울리질 못했거든. 좀 외톨이었던 것 같아. 그리고 나도 사라한테 데이트 신청했었는데 거절당했지. 아프다고 했었는데 같은 날 다른 사람과 나갔더라고. 좀 어색할 수도 있겠는걸. 
#Person1#: 함께 가는 건 어때? 
#Person2#: 정말 그래도 돼? 
#Person1#: 응. 
#Person2#: 그럼, 좋아. 사실 나는 너 무척 좋게 봤어. 단지 널 데이트 신청할 용기가 없었을 뿐이야. 
#Person1#: 그래, 지금이 기회야. 
#Person2#: 좋아. 그럼, 전화번호 좀 알려줄래? 
#Person1#: #PhoneNumber#이야. 
#Person2#: #PhoneNumber#, 알겠어. 너 어디 살아? 
#Person1#: 옛 고등학교에서 두 블록 남쪽에 살아. 
#Person2#: 알았어. 너 사는 곳 기억나. 며칠 전쯤에 전화할게. 
#Person1#: 그래, 좋다. 재미있을 거야.","아만다 브라운과 제임스 로버츠는 2주 후 동창회에 대해 이야기한다. 제임스는 동창회의 시작 시간, 비용, 공연 종류 및 주최자에 대해 묻는다. 아만다는 주최자의 아내에게 과거에 거절당한 경험을 이야기한다. 아만다는 제임스와 함께 가기로 하고, 제임스에게 전화번호를 알려준다."
train.csv,그 둘,"#Person1#: 어, 저기 레오 있네. 근데 왜 저 젊은 여자랑 팔짱 끼고 있는 걸까? 
#Person2#: 그거야, 그 둘이 사귀고 있는 게 뻔하지. 
#Person1#: 장난해? 레오보다 서른 살은 어려 보이는데. 어린애랑 노는 거 아냐! 
#Person2#: 글쎄, 그 관계는 금방 끝날 걸 장담해. 
#Person1#: 아마 첫눈에 반했나 봐. 지난주만 해도 그가 여자친구 없다고 했잖아. 
#Person2#: 네 말이 맞는 것 같아. 사실 우리 아버지도 엄마를 만난 지 두 주 만에 프로포즈했었어. 그리고 한 달 후에 결혼했지. ","#Person2#는 레오와 젊은 여자가 사귀고 있을 것이라고 말하며, #Person1#는 놀라워한다. 그들은 아마 첫눈에 반했을 것이라고 추측한다."
train.csv,이 그,"#Person1#: 너 아직도 드라마 보고 있어, Nancy? 
#Person2#: 응. 그거 시작하면 눈을 뗄 수가 없어. 
#Person1#: 그렇게 재미있어? 
#Person2#: 뭐, 배우진은 별로고 줄거리도 인상적이진 않아. 하지만 주연 배우가 연기도 뛰어나고 잘생겼어. 
#Person1#: 이제 좀 쉬어야 하지 않을까? 채널 8번에 축구 경기 하고 있어. 
#Person2#: 아, 그 운동 경기 얘기 그만해. 왜 사람들이 그 공 하나 때문에 뛰는지 진짜 이해가 안 돼. 
#Person1#: 만약 우리가 프로그램을 고를 수 있다면, 나는 다큐멘터리를 볼 텐데. 이런 드라마는 진짜 지루해. 
#Person2#: 취향은 제각각이지. '남의 떡이 더 커 보인다'는 말 들어본 적 있어? 
#Person1#: 그런데 너 거의 5시간 동안 TV 앞에 앉아 있었잖아, 저녁 먹을 때도. 솔직히 말해서 네가 자기가치는 것 같아. 
#Person2#: 알았어, 채널 봐.","Nancy는 드라마를 보며 시간을 보내고, #Person1#은 축구 경기를 보고 싶어 하지만 Nancy는 드라마를 계속 시청하길 원한다. #Person1#은 그녀가 너무 오래 TV 앞에 앉아 있다고 지적한다."
train.csv,이 그,"#Person1#: Bob, 너도 간접흡연에 대해 알고 있지?
#Person2#: 물론, 알고 있어.
#Person1#: 근데 3차 흡연에 대해 들어본 적 있어?
#Person2#: 3차 흡연? 그건 처음 들어보네. 그게 뭐야?
#Person1#: 오늘 신문에 나왔어. 부모님들이 집 밖에서 담배를 피우거나 아이들이 없을 때만 피우면 아이들을 간접흡연에서 보호한다고 생각할 수도 있어. 하지만 연구자들이 3차 흡연이라고 부르는 것에 대해 경고하고 있더라고. 담배를 피우면 유해 물질이 머리카락이나 옷에 남잖아. 아기들이 가장 약하니까, 아기에게 가까이 가면 그걸 전해주게 되고, 아기의 질병 위험이 높아질 수 있다는 거야.
#Person2#: 그렇구나? 그렇다면 아기에게 정말 가까이 가면 안 되겠네.
#Person1#: 맞아. 사실 모든 흡연 부모들이 그렇게 해야 하고, 차라리 담배를 끊는 게 낫지.","#Person1#은 Bob에게 3차 흡연의 위험성을 설명하며, 흡연 부모는 아기에게 가까이 가지 말아야 하거나 담배를 끊는 것이 좋다고 말한다."
train.csv,이 그,"#Person1#: 너가 제일 좋아하는 커피가 뭐야?
#Person2#: 아이리시 커피가 제일 좋아. 근데 막 까다롭게 따지진 않아.
#Person1#: 알겠어. 집에 있을 때 커피 직접 만들어 마셔?
#Person2#: 별로 자주 안 해. 커피 만드는 게 좀 귀찮잖아. 대부분 그냥 스타벅스에서 테이크아웃해. 그리고 인스턴트 커피도 꽤 좋아해.
#Person1#: 인스턴트 커피가 점점 더 인기를 끌고 있는 것 같아. 맛이 완벽하진 않지만 정말 싸고 편리하잖아.
#Person2#: 맞아. 네스카페가 세계에서 가장 인기 있는 커피잖아. 전 세계 사람들이 좋아해.
#Person1#: 맞아. 서양에서는 거의 모든 사람들이 커피를 좋아한다고 들었는데, 맞아?
#Person2#: 응, 틀림없어. 우리한테 커피는 단순한 음료가 아니라 생활 방식이지. 중국 사람들은 커피를 많이 안 마신다고 들었어.
#Person1#: 맞아, 특히 나이 드신 분들은 안 드셔. 하지만 요즘은 젊은 사람들이 점점 커피를 좋아해.
#Person2#: 그럴 것 같아. 그래서 중국에 멋진 커피숍이 그렇게 많은 것 같아.",#Person2#는 아이리시 커피를 좋아하고 스타벅스에서 테이크아웃을 한다. #Person1#과 #Person2#는 인스턴트 커피의 장점과 서양과 중국 사람들의 커피에 대한 태도에 대해 이야기한다.
train.csv,이 꼭,"#Person1#: 전공이 뭐예요?
#Person2#: 전공은 경영학이에요. 특히 마케팅에 관심이 많아요.
#Person1#: 어느 대학교 다녔어요?
#Person2#: 쑤저우 대학교를 다녔어요.
#Person1#: 학위 받은 적 있어요?
#Person2#: 네, 경영학 학사 학위를 받았어요.
#Person1#: 어떤 과목을 제일 좋아했어요?
#Person2#: 프로젝트 관리요. 학생 때 이 과목이 정말 흥미로웠어요. 그리고 지금 일하는 데도 매우 유용하다고 생각해요.
#Person1#: 전반적으로 좋은 교육 받았다고 느끼세요?
#Person2#: 맞아요, 대학 졸업 후 영어 교육 프로그램과 컴퓨터 교육 프로그램에 참여했어요. 현재는 한 교육원에서 금융 공부를 하고 있어요.
#Person1#: 영어와 컴퓨터 기술이 이 자리에서 특히 초기엔 중요하죠. 이 두 분야의 능력은 어떤가요?
#Person2#: 대학 영어 4급 시험을 합격했어요. 듣기, 말하기, 읽기, 쓰기 모두 능숙해요. 컴퓨터 기술 관련 자격증은 따지 않았어요. 컴퓨터를 다루는 것만 필요하면 자격증이 꼭 필요하다고 생각하지 않거든요. 컴퓨터 사용법을 아는 것이 더 중요하다고 생각해요. 그리고 마이크로소프트 오피스는 잘 알고 있어요.","#Person1#은 #Person2#와 인터뷰를 진행하며, #Person2#는 경영학 학사 학위를 소지하고 있으며, 영어와 컴퓨터, 금융 분야에서 교육을 받았습니다. 특히 영어 실력이 좋고 마이크로소프트 오피스를 잘 다루지만, 컴퓨터 기술 자격증은 없습니다."
train.csv,이 꼭,"#Person1#: 도와드릴까요? 손님! 
#Person2#: 네, 립스틱이랑 아이섀도 좀 보려고 해요. 
#Person1#: 어떤 색상을 원하세요? 
#Person2#: 음, 갈색이요. 
#Person1#: 이번 가을엔 정말 예쁜 아이섀도우가 많아요. 색상 좀 보세요. 예쁘지 않나요? 
#Person2#: 근데 보라색이잖아요. 전 갈색이 좋아요. 
#Person1#: 손님이 꼭 원하시면 갈색 세트를 보여드릴게요. 하지만 특별한 건 아니에요. 
#Person2#: 글쎄요, 제 화장은 대부분 갈색이에요. 
#Person1#: 가끔은 보라색으로 변화를 줘 보는 건 어때요? 립스틱도 같이 있어요. 
#Person2#: 써봐도 돼요? 
#Person1#: 물론이죠. 현재 화장하고 계세요? 
#Person2#: 아니요. 
#Person1#: 여기 앉으세요. 자, 거울입니다. 어떠신가요? 
#Person2#: 나쁘지 않네요. 사실 젊어 보이네요. 마음에 들어요. 
#Person1#: 립스틱도 한번 발라보세요. 보세요, 얼마나 상큼하고 매력적이신지. 
#Person2#: 맞아요. 다 살게요.","#Person2#는 갈색 아이섀도우 세트를 선호하지만, #Person1#는 보라색을 추천합니다. #Person2#는 보라색 세트와 립스틱을 사용해 보고 구매합니다."
train.csv,이 꼭,"#Person1#: 미국 여행 중이세요?
#Person2#: 아니요, 출장 중이에요. 이번 출장으로 반 달 머물 거예요.
#Person1#: 무슨 일을 하세요?
#Person2#: 지금 외국 회사에서 영업사원으로 일하고 있어요.
#Person1#: 그쪽 일은 잘 알죠. 승진하기가 정말 힘들고 피곤하잖아요.
#Person2#: 아마도요. 하지만 제 기술을 향상시키고 경험을 늘리기에는 더 많은 기회를 제공해줘요. 당신은요?
#Person1#: 저는 TV 방송국 기자입니다.
#Person2#: 일은 마음에 드세요?
#Person1#: 네, 근무 조건이 좋아요. 연봉도 최소한 15,000달러는 받아야 하고요.
#Person2#: 어떤 뉴스를 보도하세요?
#Person1#: 사회 뉴스를 다뤄요. 그래서 여러 직업과 직종의 시민들을 인터뷰하죠.
#Person2#: 피곤하지 않으세요?
#Person1#: 가끔요. 뉴스는 예고 없이 일어나니까요. 가끔 새벽에 일어나야 하고, 편집하고 인터뷰 준비하느라 잠을 못 잘 때도 있어요.
#Person2#: 뛰어난 기자가 되기 위해서는 경험이 꼭 필요하죠.
#Person1#: 맞아요. 저는 아직 신입이에요.",#Person1#과 #Person2#는 서로의 직업에 대해 이야기합니다. #Person1#은 외국 회사의 영업사원이고 #Person2#는 TV 방송국 기자입니다.
train.csv,이 줄,"#Person1#: 쇼핑 같이 와줘서 고마워. 
#Person2#: 날 생각해줘서 고마워.
#Person1#: 천 명 앞에서 연설하는 건 처음이라 좀 떨리네.
#Person2#: 잘 할 거야, 멋져 보일 거야.
#Person1#: 고마워. 이제 이 중에서 어떤 정장이 행사에 제일 어울릴지 골라보자.
#Person2#: 나는 아직도 올리브색이 제일 마음에 들어. 여기 소매 길이 줄여줄 수 있는 재단사가 있어.
#Person1#: 문제는 금요일 전까지 할 수 있느냐는 거야.
#Person2#: 여긴 전문가야. 아마 내일까지 해줄 수 있을 것 같아. 한번 물어보자.",#Person2#는 #Person1#의 연설을 위해 금요일 전까지 수선해야 하는 정장을 고르는 것을 도와준다.
train.csv,이 줄,"#Person1#: 빌, 뭐 읽고 있어?
#Person2#: 이번 주 뉴 사이언티스트야. 왜?
#Person1#: 그냥 궁금해서. 재미있어 보이는데, 나는 한 번도 읽어본 적이 없어서. 진짜 과학자들만 읽는 거야, 아니면 나 같은 일반 사람도 이해할 수 있어?
#Person2#: 아, 누구나 읽을 수 있어. 보통 과학 관련한 시사나 연구 개발에 관한 기사나 이야기들이 실려 있어. 지금은 상대방의 목소리뿐만 아니라 화면에서 얼굴까지 볼 수 있는 새로운 전화기에 대해 읽고 있어.
#Person1#: 아, 그거 들어봤어. 시장에 나왔어? 하나 살 수 있어?
#Person2#: 아니, 이 모델은 아직 아니야. 하지만 회사에서 비즈니스용으로 다른 모델들을 시험해 보고 있어. 이 모델은 색상과 움직이는 이미지가 특별해.
#Person1#: 아, 그거 흥미롭네.
#Person2#: 처음 비디오폰—그게 이름이야—은 일본에서 만들어졌어. 근데 그건 단지 정지된 흑백 이미지만 보여줄 수 있었어, 그래서 이 비디오폰이 훨씬 낫지. 근데 말이지, 난 갖고 싶지 않을 것 같아, 너는?
#Person1#: 음, 나도 별로. 엄청 비쌀 것 같은데. 가격이 얼마인지 나와 있어?
#Person2#: 응. 초기에 나온 흑백 모델은 수백 파운드야. 근데 이 모델은 수천 파운드쯤 돼.
#Person1#: 흠. 왜 사람들이 이걸 갖고 싶어 할까?
#Person2#: 해외와 자주 연락해야 하는 회사들이 필요로 할 거야. 마치 얼굴을 맞대고 대화하는 것처럼. 그래서 해외 출장을 많이 줄일 수 있을지도 몰라.
#Person1#: 응, 그럴 수도 있겠다.","빌은 새로운 전화기에 대해 설명하면서, 비디오폰의 발전 과정과 그 유용성에 대해 #Person1#과 대화를 나눴습니다. 두 사람 모두 그 전화기를 사지 않을 것 같다고 결론지었습니다."
train.csv,이 줄,"#Person1#: 무슨 문제인가요, Mr. Brown?
#Person2#: 상태가 많이 안 좋아요, Doctor Ford.
#Person1#: 어디가 어떻게 안 좋으신가요?
#Person2#: 입맛도 없고, 항상 피곤하고 잠을 잘 못 자요.
#Person1#: 체중이 줄었나요?
#Person2#: 네, 지난달부터 체중이 꽤 많이 줄었어요.
#Person1#: 마지막으로 건강검진 받은 게 언제인가요?
#Person2#: 두 달 전이에요.
#Person1#: 혈압 좀 재볼게요. 빈혈처럼 보이시네요. 음, Mr. Brown, 다행히 심각한 건 아니에요. 과로로 조금 지친 것뿐이에요.
#Person2#: 그럼 어떻게 해야 하나요?
#Person1#: 휴가가 필요하신 것 같아요. 야외 활동을 좀 하고 충분히 쉬세요.
#Person2#: 감사합니다, 의사 선생님. 말씀하신 대로 할게요.",Mr. Brown은 건강 상태가 좋지 않아 Doctor Ford를 찾았습니다. 의사는 혈압을 재본 뒤 과로로 피곤한 것이니 휴가와 충분한 휴식이 필요하다고 조언합니다.
train.csv,그곳의,"#Person1#: 몇 달 뒤에 3주짜리 휴가가 있는데 여행을 가고 싶어. 근데 어디로 가야 할지 잘 모르겠어.
#Person2#: 이 나라에 머무르고 싶어, 아니면 해외로 나가고 싶어?
#Person1#: 외국으로 가고 싶은 것 같아. 아프리카는 관심 없지만, 다른 곳은 괜찮아.
#Person2#: 그렇다면 동양, 중동, 남미, 유럽이 남겠네. 아, 그러고 보니 호주도 있네. 특별히 보고 싶은 게 있어? 유적지, 박물관, 아니면 사람들?
#Person1#: 유적지는 흥미롭겠지만, 박물관은 너무 답답해. 약간의 밤 문화도 좀 즐기고 싶어. 여행에 돈 많이 쓸 건데 지루하면 싫잖아.
#Person2#: 그럼 유럽, 특히 프랑스나 스페인, 이탈리아 같은 곳에 가보면 잘 어울릴 것 같아. 좋은 호텔도 많고, 흥미로운 볼거리도 많고, 나이트클럽도 아주 많지.
#Person1#: 있잖아, 파리 '게 파레' 어때? 거기서 휴가를 다 보내며 정말 즐거운 시간 보낼 수 있지 않을까? 그곳의 밤 문화는 정말 끝내준다고 하더라고!
#Person2#: 응, 충분히 시간 많으니 직접 확인해 볼 수 있을 거야. 낮에는 좀 돌아다니면서 구경도 하고.",#Person1#은 3주간의 휴가 동안 어디로 갈지 고민하고 #Person2#는 여러 나라를 제안한다. #Person1#은 여행과 밤문화를 즐기고 싶어하여 파리를 선택한다.
train.csv,그곳의,"#Person1#: 이케바나는 플라워 아트인데, 서양식 꽃꽂이와는 다르게 이케바나 이론에서는 꽃 한 송이만으로도 장식할 수 있어.
#Person2#: 다른 일본 예술은 뭐가 있어?
#Person1#: 일본 예술? 음, 이케바나, 다도가 있어!
#Person2#: 다도라면, 다도에 대해 좀 더 알려줘.
#Person1#: 다도는 차를 만드는 특별한 방법이 있는데, 단순히 차를 만드는 게 아니야. 예를 들어, 그릇을 닦는 데도 특별한 방법이 있어.
#Person2#: 그렇구나.
#Person1#: 응, 천 한 장으로 해야 해. 그리고 천을 접는 방법을 배워야 그릇을 닦을 때 천의 각 부분을 한 번씩만 사용하게 돼.
#Person2#: 그걸 어떻게 배워? 엄마가 가르쳐주는 거야? 사람들이 어떻게 배우는 거야?
#Person1#: 꽃꽂이와 다도 모두 전공자가 있어. 그래서 학교에 가서 선생님에게 배우고, 그곳의 계급 체계와 체제를 배우고, 각 시험을 통과하면서 계급을 올라가야 해.","#Person1#은 #Person2#에게 일본의 꽃 예술인 이케바나와 일본의 다도에 대해 설명합니다. 또한, 꽃꽂이와 다도는 전문적인 교육을 통해 배울 수 있습니다."
train.csv,그곳의,"#Person1#: 안녕하세요. 도와드릴까요?
#Person2#: 네, 저희가 정보를 좀 얻고 싶어서요.
#Person1#: 알겠습니다, 어디로 가실 계획이세요?
#Person2#: 네, 저희는 이탈리아에 가기로 결정했어요. 이탈리아로 가는 항공료가 얼마나 되죠?
#Person1#: 언제 가실 예정이세요?
#Person2#: 정확히는 아직 모르겠어요. 6월이나, 아니면 7월에요.
#Person1#: 그렇군요. 음, 5월과 6월에는 항공료가 $480입니다. 3월과 4월에는 훨씬 더 저렴해요.
#Person2#: 훨씬 더 저렴하다구요? 그럼 얼마인가요?
#Person1#: $410밖에 안 됩니다.
#Person2#: 정말 좋은 가격이네요. 하지만 제 남편이 그곳의 추운 날씨를 싫어해서요. 먼저 남편과 상의해볼게요.
#Person1#: 괜찮습니다.",#Person1#은 #Person2#에게 이탈리아로 가는 항공료에 대해 설명합니다. #Person2#는 먼저 남편과 상의할 것입니다.
train.csv,이웃들,"#Person1#: 금요일 저녁에 헬렌의 생일 파티 갈 거야?
#Person2#: 절대 놓칠 수 없지! 분명 재밌을 거야. 많은 사람을 초대했더라고. 다들 그녀의 집에 다 들어갈 수 있을까?
#Person1#: 다 와버리면 좀 꽉 차겠지만, 몇몇 사람이 못 온다고 했거든. 그래서 괜찮을 것 같아.
#Person2#: 뭐 가져갈 거야?
#Person1#: 생일 선물 준비했고 와인 한 병도 가져가려고.
#Person2#: 좋은 생각이다. 헬렌이 음식이랑 간식 충분히 샀다고 말했어. 시끌벅적한 파티가 될 것 같아. 이웃들이 너무 신경 쓰지 않으면 좋겠네.
#Person1#: 헬렌은 이웃하고 잘 지내서 그분들도 파티에 올지도 몰라.
#Person2#: 정말 기대돼. 이번 파티 대박일 거야!
#Person1#: 음, 늦지 마. 금요일에 헬렌네서 보자.","#Person1#과 #Person2#은 금요일 저녁 헬렌의 생일 파티에 참석할 예정이며, 그들은 가져갈 물품과 파티 음식에 대해 논의하며 파티를 기대하고 있다."
train.csv,이웃들,"#Person1#: 이 파이 정말 맛있네요. 직접 만드신 건가요?
#Person2#: 직접 만든 건데, 제가 만든 건 아니에요. 잭이 만들었어요.
#Person1#: 남편분이 요리하시는 줄 몰랐어요.
#Person2#: 매주 멋진 걸 만들어줘요. 신선한 빵도 잘 만들고, 가끔 이웃들에게도 나눠줘요.
#Person1#: 대단한 남편분이시네요, 또 뭘 해주세요?
#Person2#: 매일 저녁을 차려줘요.
#Person1#: 정말요? 저는 계란 하나도 못 부치는데요.
#Person2#: 잭은 심지어 빨래도 해요. 저는 출퇴근 시간이 길어서 집에 머무는 시간이 적지만 괜찮대요.
#Person1#: 네, 우리 회사가 집에서 조금 멀죠. 청소는 어떻게 하세요?
#Person2#: 둘 다 같이 해요. 그렇게 하면 토요일에 조금만 하면 돼요.",#Person2#는 #Person1#에게 남편이 매주 맛있는 것을 만들고 매일 저녁을 차려준다고 말합니다. 또한 #Person2#와 남편은 함께 청소를 합니다.
train.csv,이웃들,"#Person1#: 누구세요?
#Person2#: 관리자입니다. 문 좀 열어주세요.
#Person1#: 잠시만요.
#Person2#: 여기서 뭐 하고 계세요?
#Person1#: 축구 경기 보고 있어요. 왜 그러시죠?
#Person2#: 이웃들이 너무 시끄러워서 잠을 잘 수 없다고 불평이 들어와서요.
#Person1#: 죄송합니다.
#Person2#: TV 소리 좀 줄여주세요. 다시 소음 문제가 생기면 학교에 보고하게 될 거예요.
#Person1#: 걱정 마세요. 다시는 다른 사람들 방해 안 하겠습니다.",관리자가 소음 문제로 #Person1#에게 경고하고 조치를 요청했습니다.
train.csv,이 첫,"#Person1#: 안녕하세요! 저는 우리 사무실에 신입이에요.
#Person2#: 안녕하세요! 우리 사무실에 오신 걸 환영해요!
#Person1#: 만나서 반가워요! 제 이름은 Peter Smith예요.
#Person2#: 저도 반가워요! 저는 George Williams예요.
#Person1#: 오늘이 첫 출근 날이네요!
#Person2#: 아, 그렇군요. 첫날 잘 보내시길 바랍니다!
#Person1#: 아직 일에 익숙하지 않아서 조언 좀 부탁드려요.
#Person2#: 도움이 필요하면 언제든지 말씀하세요, 최선을 다해 도와드릴게요.
#Person1#: 감사합니다. 정말 친절하시네요.
#Person2#: 별말씀을요.","사무실 신입인 Peter Smith가 George Williams와 인사를 나눈 후, George는 Peter에게 도움을 약속합니다."
train.csv,이 첫,"#Person1#: 뭐 하고 있어?
#Person2#: 나 뭐 하고 있냐고? 오늘이 무슨 날인지 몰라?
#Person1#: 음... 아니.
#Person2#: 오늘 세상에서 제일 큰 스포츠 이벤트가 시작되는 날이잖아.
#Person1#: 뭐?
#Person2#: 월드컵! 오늘이 첫 경기야! 멕시코 대 남아프리카 공화국! 진짜 좋은 경기가 될 거야! 두 팀 다 공격력이 정말 강하고 뛰어난 선수들이 있어. 아마 남아프리카 공화국이 개최국이라서 전반전은 주도할 것 같아.
#Person1#: 무슨 말인지 하나도 모르겠어. 우리 집에서 보는 스포츠 이벤트는 슈퍼볼뿐이야.
#Person2#: 이게 슈퍼볼보다 더 커, 친구! 32개국 팀들이 4년에 한 번씩 모여서 트로피를 위해 경쟁해. 처음엔 4팀씩 묶인 큰 그룹에서 시작해서 상위 2팀이 다음 라운드에 올라가고, 그 다음에 8강, 4강까지 가는 거야.
#Person1#: 재밌어 보이는데, 축구는 별로 내 취향이 아니야.
#Person2#: 장난해? 월드컵 결승전은 7억 명 이상이 본다니까! 엄청 흥미롭고 손에 땀을 쥐게 하는 스포츠야! 각국은 자기 팀이 다음 챔피언이 되길 바라며 응원해. 지금까지 브라질이 가장 많은 우승 타이틀을 갖고 있어; 완전 잘하더라구!
#Person1#: 내가 축구에 대해 아는 건 손을 못 쓴다는 거랑 선수들이 공짜로 프리킥이랑 페널티킥 얻으려고 자꾸 넘어지는 거밖에 없어. 난 이거 좀 겁쟁이 스포츠 같아!
#Person2#: 알았어, 뭐. 난 가서 개막전을 봐야겠다.","#Person2#는 #Person1#에게 월드컵이 시작된다고 말한다. 첫 경기는 멕시코 대 남아프리카 공화국이며, #Person2#는 경기가 좋을 거라고 생각한다. 하지만 #Person1#은 슈퍼볼만 알고 있다. #Person2#는 월드컵이 더 큰 행사며, 팀들이 4년에 한 번씩 경쟁한다고 설명하지만, #Person1#은 축구에 관심이 없다."
train.csv,이 첫,"#Person1#: 도와드릴까요?
#Person2#: 네, 오늘이 첫날인데요. 혹시 복사기가 어디 있는지 아세요?
#Person1#: 물론이죠, 제가 안내해 드릴게요. 저는 데이비드예요. 영업 관리부에서 일하고 있습니다. 만나서 반가워요.
#Person2#: 반가워요. 저는 영업 사무실에서 일하게 되었어요. 여기서 얼마나 일하셨나요?
#Person1#: 지금까지 약 6년 정도 됐어요.
#Person2#: 그러면 이곳이 마음에 드시나 보네요.
#Person1#: 네, 일하기 좋은 회사예요. 직원들도 친절하고 혜택도 좋아요.
#Person2#: 사장님은 어떤 분이에요? 정말 엄격하신가요? 가끔 화를 자주 내신다고 들었거든요.
#Person1#: 아뇨, 그와는 반대예요. 굉장히 느긋한 분이세요. 가끔 화를 내시지만, 보통 금방 잊어버리세요.
#Person2#: 아, 좋은 분이시군요. 복사기가 보이네요. 도와주셔서 감사합니다.",#Person2#가 복사기가 어디 있는지 #Person1#에게 물어봅니다. 그들은 서로를 소개하고 회사와 사장님에 대해 이야기합니다.
train.csv,이 정,"#Person1#: 안녕하세요, Mrs. Parker. 잘 지내셨나요?
#Person2#: 안녕하세요, Dr. Peters. 잘 지내고 있어요. Ricky랑 저희 둘 다 백신 맞으러 왔어요.
#Person1#: 알겠습니다. 백신 기록을 보니 Ricky는 소아마비, 파상풍, 그리고 B형 간염 예방접종을 받았네요. 지금 14개월이라 A형 간염, 수두, 홍역 예방접종을 맞아야 해요.
#Person2#: 풍진과 유행성이하선염은요?
#Person1#: 지금은 이 정도만 맞고, 몇 주 후에 나머지를 할 수 있어요.
#Person2#: 좋아요. 그리고 저도 파상풍 부스터가 필요할 것 같아요. 마지막으로 맞은 지 아마 15년은 된 것 같아요!
#Person1#: 기록을 확인해서 간호사에게 부스터도 맞출 수 있도록 할게요. 이제 Ricky 팔 꽉 잡아주세요, 좀 따끔할 수 있어요.","Mrs. Parker가 Ricky와 함께 백신 접종을 위해 방문하였고, Dr. Peters는 Ricky에게 적절한 백신을 접종하도록 안내합니다."
train.csv,이 정,"#Person1#: 이 아이들이 당신 삼둥이인가요? 정말 예쁘네요! 제가 본 다른 아기들은 이 나이 때 조금 마른 편이던데요. 이 아이들은 정말 당신과 John을 꼭 닮았어요! 더 낳을 계획이 있으신가요?
#Person2#: 그만해요! 저는 정말 한계에 다다랐어요. 어떤 날은 잠도 못 자요. John은 아기들이 소리를 지르는데도 잘 자더라고요.
#Person1#: 음, 그럼 출산은 어땠어요?
#Person2#: 인생에서 가장 즐거운 시간이라고는 못 하겠지만, 적어도 큰 문제 없이 잘 끝났어요.
#Person1#: 잘 견뎌내세요. 20년 후엔 이 시간이 정말 가치 있었다고 느낄 거예요!",#Person1#은 #Person2#에게 더 많은 아이를 가질 계획이 있는지 묻습니다. #Person2#은 아기들이 울어대는 탓에 잠을 자기도 힘들다며 계획이 없다고 답합니다.
train.csv,이 정,"#Person1#: 지미, 여긴 왜 이렇게 보안 검사를 해? 혹시 위험한 곳이라도 되는 거야?
#Person2#: 아, 전혀 아니야. 그냥 만일을 대비하는 거야. 걱정할 필요 없어. 중국에서도 이렇게 안 해?
#Person1#: 잘 모르겠어. 비슷할 수도 있지. 사실 여기가 내가 처음 온 바야.
#Person2#: 아, 그럼 내가 너랑 같이 와서 영광이네. 이제 네가 왜 이렇게 바에 대해 궁금해했는지 알겠다. 이곳 마음에 들어?
#Person1#: 물론이지. 여기 정말 좋아! 특히 장식이 정말 세련됐어.
#Person2#: 맞아. 그리고 이곳의 진짜 매력은 훌륭한 음료들이지. 티켓 좀 줄래?
#Person1#: 여기 있어. 근데 왜? 우리 이미 안에 들어왔잖아.
#Person2#: 음, 티켓으로 무료 음료를 받을 수 있어. 뭐 마시고 싶어? 오렌지 주스?
#Person1#: 응, 오렌지 주스 괜찮아. 그런데 어떻게 가져올 거야? 카운터 주변이 너무 붐벼서 움직이기도 힘들어 보여.
#Person2#: 내가 어떻게 하는지 보여줄게. 바텐더들이 누구 차례인지 알아. 그리고 손가락을 튕겨서 바텐더의 주의를 끌 수도 있어.
#Person1#: 멋진데. 고마워.",#Person1#은 처음으로 바를 방문했습니다. #Person1#은 바의 세련된 장식을 매우 좋아합니다. 지미는 무료 음료를 받기 위해 #Person1#에게 티켓을 요청합니다.
train.csv,그 안,"#Person1#: 커피포트가 비어 있어. 아무리 안내문을 붙여놔도 누군가는 마지막 잔을 마시고 새 커피를 안 만들더라고. 규칙이 무슨 소용이야, 아무도 안 지키는데.
#Person2#: 맞아. 난 커피는 안 마시지만, 전자레인지 상태에 화가 나. 그 안이 완전히 폭발한 것처럼 보이잖아.
#Person1#: 그래, 아무도 청소 안 하지, 맞지?
#Person2#: 그리고 음식 덮는 사람도 없고.
#Person1#: 전자레인지 옆에 종이 타월을 두는 게 좋겠어. 가까이에 종이 타월이 있으면 사람들이 음식 덮는 걸 더 잘 지킬지도 몰라.
#Person2#: 그게 휴게실에 있는 쓸모없는 안내문들보다는 나을 것 같은데. 음식을 데운 후에 청소하기도 더 쉬울 것 같아.
#Person1#: 안내문이 효과 있는 곳 하나는 있지: 주차장이야.
#Person2#: 그건 안내문이 잘못된 곳에 주차하면 벌금을 내야 한다고 경고하니까 그런 거겠지.",#Person1#과 #Person2#는 사람들이 커피포트와 전자레인지 사용과 관련해 규칙을 잘 지키지 않는 것에 대해 불만을 나타낸다. 그들은 개선 방안을 논의하지만 큰 기대는 하지 않는다.
train.csv,그 안,"#Person1#: 안녕, Helen. 안색이 안 좋아 보여. 무슨 일이야?
#Person2#: 응, 괜찮아, 고마워. 그냥 오늘 아침에 좀 피곤해. 그게 다야.
#Person1#: 왜 그래? 어젯밤 늦게 잤어?
#Person2#: 아니, 그런데 꿈 때문에 깼어. 그래서 많이 못 잤어. 밤에 숲속을 걷는 꿈을 꿨어. 아무것도 보이지 않았어.
#Person1#: 그거 무섭겠다.
#Person2#: 꿈속에서 나무 뒤에 하얀 빛이 보였어. 그 빛이 이상했는데, 좀 커졌다 작아졌다 하면서 마치 살아 있는 것 같았어. 처음엔 그냥 가만히 있었어. 근데 빛이 나한테 다가오는 것처럼 보였고, 그 안에서 노인의 얼굴 같은 게 보여. 도망치려고 했는데 발이 너무 무겁고 빨리 뛸 수가 없었어. 그러다가 깼는데 온몸이 떨리고 있었어.","#Person2#는 악몽을 꾼 후 충분한 수면을 취하지 못해 피곤하며, #Person1#에게 꿈의 세부 내용을 설명합니다."
train.csv,그 안,"#Person1#: 안녕, Ann. 너 호주에 꽤 오래 있었잖아. 그거에 대해 좀 얘기해줄래?
#Person2#: 호주에서 사는 게 정말 좋았어. 시드니 대학교에서 국제 학생으로 교육학을 공부했거든. 시드니에 살면서 언제든지 바다에 갈 수 있어서 정말 좋았어. 그리고 시드니는 밤 문화가 훌륭해. 클럽도 많고. 사람들이 아주 친절하고 느긋한 편이라 여러 국제적인 친구들을 만났어.
#Person1#: 얼마나 있었어?
#Person2#: 거의 1년 정도 있었어.
#Person1#: 그렇구나.
#Person2#: 호주에서 여행도 좀 했어. 동해안 쪽으로 올라가서 세계 유산인 프레이저 섬에 갔어. 해변을 따라 뛰어다니는 딩고도 보고 바다에 상어도 봤어. 절벽을 오르고 열대 우림을 지나 캠핑도 했고. 북쪽으로 가면 더웠는데, 그래서 바다에서 수영도 하고 처음으로 다이빙도 해봤어. 면허는 없어서 좀 위험했지만 체험 다이빙에서 큰 조개를 봤어. 그 안이 보라색 스펀지처럼 되어 있어서 만져봤는데 갑자기 조개가 꽉 닫혔어.
#Person1#: 그래서 손가락 잃을 뻔했네?
#Person2#: 거의 그럴 뻔했지.
#Person1#: 와, 운이 좋았네. 보통 물 속에 들어가면 상어를 걱정하지 조개는 아니잖아.
#Person2#: 맞아.
#Person1#: 그럼 호주에 다시 갈 생각 있어?
#Person2#: 적어도 1년 정도는 다시 가서 살고 싶어. 아마 시드니로 다시 가거나 아니면 멜버른으로 가볼 수도 있어. 그곳은 문화적으로 정말 흥미로운 도시거든. 박물관과 공원도 많고.","Ann은 #Person1#에게 호주에서의 1년간 경험을 이야기하며, 시드니에서 공부하고 호주의 여러 지역을 여행하며 다양한 활동을 했음을 설명한다. 그녀는 미래에 멜버른으로 다시 가서 1년 정도 머물고 싶다고 한다."
train.csv,이 말,"#Person1#: 당신은 묵비권을 행사할 권리가 있습니다. 당신이 말하는 것은 법정에서 불리하게 사용될 수 있습니다. 질문을 받을 때 변호사를 대동할 권리가 있습니다. 만약 변호사를 구할 여유가 없다면, 변호사가 제공될 것입니다. 이해하셨습니까?
#Person2#: 네.
#Person1#: 이름이 어떻게 되시죠?
#Person2#: 제 이름은 James입니다.
#Person1#: 국적은 어떻게 되나요?
#Person2#: 미국인입니다.
#Person1#: 피해자와는 어떤 관계인가요?
#Person2#: 그 사람을 모르는데요.
#Person1#: 왜 피해자를 공격했나요?
#Person2#: 그가 먼저 제 가방을 빼앗으려 해서 저지하려다가 그에게 맞았습니다.
#Person1#: 피해자를 몇 번 찔렀나요?
#Person2#: 그의 배를 세 번 찔렀습니다.
#Person1#: 이런 행동이 심각한 부상이나 사망을 초래할 수 있다는 것을 알고 있었나요?
#Person2#: 알고 있었지만, 제 자신을 통제할 수 없었어요.
#Person1#: 피해자를 죽이려는 의도가 있었나요?
#Person2#: 아니요, 저는 의도적으로 그를 죽인 게 아닙니다. 그 사건은 그가 일으킨 겁니다. 변호사를 만나봐야겠어요.
#Person1#: 알겠습니다. 변호사의 전화번호를 주세요. 우리가 연락하겠습니다.",#Person2#는 피해자가 먼저 가방을 빼앗으려 했다고 주장하며 그를 찔렀다고 합니다. #Person2#는 고의로 죽이지 않았다고 주장하고 있습니다.
train.csv,이 말,"#Person1#: 안녕하세요, 여러분. 오늘의 쇼에 오신 것을 환영합니다. 오늘은 제 딸 애슐리와 함께할 건데요. 애슐리, 준비됐니? 
#Person2#: 잠깐, 아직 요리할 준비는 안 됐어요.
#Person1#: 알겠어, 나중에 얘기하지. 자, 제가 요리를 시작한 지 거의 30년이 다 되어갑니다. 할머니께서 저를 작은 주방에서 가르쳐 주셨는데, 저는 공식적인 요리 수업은 한 번도 들어보지 않았어요.
#Person2#: 들으셨어야죠...
#Person1#: 그치만, 지금 제 딸이 말씀드리려는 건 최근에 닭고기를 오븐에서 꺼내는 걸 깜빡하고, 결국 저녁으로 피자를 주문한 일입니다.
#Person2#: 소화기도 썼잖아요.
#Person1#: 맞아요. 오늘은 제가 좋아하는 초콜릿 칩 쿠키 레시피를 소개할 건데요. 이 레시피는 모두가 즐길 수 있는 저지방, 저칼로리, 저콜레스테롤 디저트를 제공합니다.
#Person2#: 그래도 우리는 지방도 좋아하잖아요.
#Person1#: 맞아, 우리도 좋아하죠. 그럼 시작해봅시다. 우선 재료들을 큰 믹싱 볼에 넣고 잘 섞어주세요. 그리고 미니 초콜릿 칩을 추가합니다. 오븐을 350도(화씨)로 예열하는 걸 잊지 말고요. 다 구워지면 조심해서 꺼내 식혀주세요. 뭔가 빠뜨린 거 있나요?
#Person2#: 네, 만약 대학생 자녀가 있다면 추가로 몇 배치를 더 준비하세요. 집에 있는 아이들도 잊지 마세요.
#Person1#: 맞아요, 잊으면 안 돼죠. 불행히도, 아이들이 다 가져가고 나면 요리사인 당신은 쿠키 한 개만 남게 될 거예요. 오늘은 여기까지입니다. 다음 주에는 예산 내에서 배고픈 십대들을 먹이는 방법을 소개하겠습니다. 그때까지 안녕히 계세요.",#Person1#과 #Person2#는 요리 방송에서 요리에 대한 경험담과 건강한 초콜릿 칩 쿠키 레시피를 소개합니다.
train.csv,이 말,"#Person1#: 스티븐! 형님, 만나서 반가워요! 어떻게 지냈어요? 여행은 어땠어요?
#Person2#: 괜찮았어요. 별로 좋진 않았지만, 집에 오니 정말 좋아요. 다들 보고 싶었거든요! 엄마는 어떻게 지내세요?
#Person1#: 잘 지내세요! 당신 얘기만 하셔, 미국 간 막내 아들을 보고 싶다고. 어머니의 자랑인 거 알죠?
#Person2#: 빨리 뵙고 싶네요. 그리고 당신은요? 새로운 일은 없어요?
#Person1#: 음, 니샤와 저, 아이를 가지게 되었어요! 형에게 새로운 조카가 생길 거예요!
#Person2#: 좋네요! 와! 축하드려요! 두 분 정말 잘 어울려요. 아름다운 가족을 가졌네요. 저도 언젠가는 그런 가족을 가지고 싶어요.
#Person1#: 물론이지! 여기서 샬리니랑 다 결혼할 준비가 되어 있었잖아요! 그녀는 아직도 형을 기다리고 있어요. 절대 잊지 못할 것 같아요.
#Person2#: 무슨 소리예요? 그녀를 잘 알지도 못했어요! 어떻게 저를 사랑할 수 있겠어요? 그녀가 훌륭한 여성이어도 못 하겠어요. 제 마음은 미국에 두고 왔어요. 베로니카가 행복했으면 좋겠어요.
#Person1#: 그냥 잊어버려요! 이제 집에 왔잖아요. 여기서는 다들 형을 정말로 높게 평가해요, 여자들이 형에게 몰려들 거예요. 원하는 누구든지 결혼할 수 있어요!
#Person2#: 아무하고도 결혼하기 싫어요! 그녀랑 결혼하고 싶어, 이해하지 않아요?
#Person1#: 정말 고집불통이야.
#Person3#: 스티븐! 우리 아들 잘 있었니? 정말 보고 싶었어!
#Person2#: 안녕하세요, 엄마! 만나서 너무 좋아요!
#Person3#: 많이 말랐구나! 미국 사람들이 안 먹였니? 자자, 차 한 잔 하자. 그런데... 여기 너 기다리는 여자가 있어.
#Person4#: 안녕하세요, 스티븐.
#Person2#: 베로니카! 어떻게 여기에 왔어? 내가 어디 사는지 어떻게 알았어? 공항에서 기다렸는데 안 왔잖아...
#Person4#: 나도 너한테 안 말한 비밀이 있거든, 그건 나중에 얘기하자. 내가 깨달았어, 너를 얼마나 사랑하는지 그리고 결혼의 책임감이 무섭더라고. 이제 여기에 왔어. 너한테 물어보고 싶은 게 있어, 스티븐, 나랑 결혼해 줄래?
#Person5#: 이제 두 분을 부부로 선포합니다. 신부에게 키스하세요.","스티븐은 미국에서 돌아옵니다. #Person1#은 스티븐에게 니샤와 자신에게 새아이가 생겼다고 전하며, 스티븐에게도 빨리 결혼하라고 합니다. 그러나 스티븐은 미국에 있는 베로니카와만 결혼하고 싶어 합니다. 스티븐이 집에 도착했을 때, 베로니카가 그를 기다리고 있는 것을 보고 깜짝 놀랍니다. 베로니카는 스티븐에 대한 사랑을 표현하며 청혼을 하고, 결국 둘은 결혼하게 됩니다."
train.csv,그 분,"#Person1#: 돌아오세요. 아직 돈을 안 내셨어요.
#Person2#: May, 그냥 놔두세요.
#Person1#: 하지만 그 사람이 신문을 돈도 안 내고 가져갔잖아요.
#Person2#: 알고 있어요.
#Person1#: 왜요? 헷갈리게 하네요.
#Person2#: 그 분은 근처에 사셔서 신문 제목만 훑어보시고 정치면만 읽고 나중에 돌려주시거든요.
#Person1#: 왜 그런 특별 대우를 받는 거예요?
#Person2#: 그 분은 전쟁 때 영웅이었고, 모두가 그를 존경해요.
#Person1#: 그렇군요. 혼자 사세요?
#Person2#: 네, 자식이 없고 전투 중에 아내분이 돌아가셨어요.
#Person1#: 외로우시겠네요?
#Person2#: 아마도요. 하지만 아이들한테 이야기해주는 게 항상 바쁘세요.
#Person1#: 존경스럽네요!","#Person2#는 May에게 그 신문을 가져간 남자가 나중에 돌려줄 것이며, 그가 전쟁 영웅이었다고 설명합니다."
train.csv,그 분,"#Person1#: 대학 졸업하고 뭐 할 계획이야?
#Person2#: 난 관리직을 하고 싶어. 이미 몇 군데 지원했어, 좋은 소식이 오길 기대하고 있어. 너는?
#Person1#: 난 변호사가 되려면 시험을 더 봐야 해. 잘할 수 있을 것 같아. 런던의 법률 회사에 들어갈 수도 있고.
#Person2#: 우리 둘 다 목표를 이루려면 여러 장애물을 넘어야 하네.
#Person1#: 만약 인생이 쉬웠다면 목표를 빨리 이루고도 지루했을 거야.
#Person2#: 열심히 해도 성공하지 못하는 사람들도 많으니 현실적이어야 해.
#Person1#: 그래서 목표는 현실적이어야 해. 불가능한 걸 이루려고 하면 안 돼.
#Person2#: 계획만 제대로 세우면 대부분 가능해. 일이 어긋나도 대비책이 있어야 하지.
#Person1#: 진짜로 흥미 있는 분야에서 성공하는 게 중요하다고 생각해. 다른 사람들이 억지로 끌어당길 순 없어.
#Person2#: 아버지는 내가 의사가 되길 원했지만, 그 분야에서 성공은 힘들다고 느꼈어.
#Person1#: 우리 부모님도 내가 선택한 길에 간섭 안 했으면 좋겠어.","#Person1#과 #Person2#는 졸업 후의 목표에 대해 이야기합니다. 신중한 계획과 현실적인 목표 설정의 중요성을 강조하며, 자신이 진정으로 흥미 있는 일을 하는 것이 중요하다고 생각합니다."
train.csv,그 분,"#Person1#: 너희 나라에서는 어떤 직업이 인기를 끌어? 
#Person2#: 다른 나라들처럼, 컴퓨터 관련 일이 많이 성장하고 있어. 특히 젊은 층이 그 분야에 많이 끌리는 것 같아. 교육 분야도 성장하고 있어. 
#Person1#: 우리나라에서도 그 분야가 발전하고 있어. 많은 사람들이 실용적이고 전문적인 기술을 배우고 싶어해. 
#Person2#: 흥미로운 건 많은 교사들이 사실 교육 전공자가 아니라는 거야. 주로 자신의 일을 쉬면서 다른 사람에게 기술을 전수하는 전문가들이 많이 활약하고 있어. 
#Person1#: 나도 그거 봤어. 사람들은 주로 어떤 걸 배우고 있어? 
#Person2#: 우리나라에서는 주로 마케팅, 경영기법, 인적 자원 관리 등 비즈니스 관련 공부를 하고 있어. 
#Person1#: 나는 여가 산업과 관련된 직업이 앞으로 더 인기를 끌 것 같아. 
#Person2#: 우리나라에서는 그 트렌드가 이미 시작됐어. 특히 피트니스 센터에서 일할 사람들에 대한 수요가 많아. 덜 인기 있는 직업은 뭐야? 
#Person1#: 전통적인 직업들, 예를 들어 농업이나 중공업 같은 것들. 젊은 사람들은 이런 직업들에 관심이 없고, 다른 나라에서는 더 저렴하게 물건을 생산할 수 있어. 
#Person2#: 맞아. 우리나라도 서비스와 하이테크 분야는 확장 중인데, 중공업과 1차 산업은 축소되고 있어. 하지만 자동차나 항공기 제조업체들은 아주 잘하고 있어. 
#Person1#: 그들은 높은 품질로 잘 알려져서 그렇지.","#Person1#과 #Person2#의 나라에서는 컴퓨터와 교육 분야가 성장하고 있다. #Person2#의 나라에서는 사람들이 주로 비즈니스 관련 공부를 하며, 서비스 및 하이테크 분야가 확장되고 있다. #Person1#은 여가 산업이 앞으로 인기를 끌 것이라고 생각하고, 젊은 세대는 전통적인 분야에 관심이 없다."
train.csv,그 뒤,"#Person1#: 저기요. 제일 가까운 신발 가게로 가는 길 좀 알려주시겠어요?
#Person2#: 퀸스 로드에 하나 있어요.
#Person1#: 감사합니다, 그런데 거기 어떻게 가나요?
#Person2#: 여기서 멀지 않아요. 이 길 따라서 세 블록 지나시면 오른쪽에 우체국이 보일 거예요. 그 가게는 바로 그 뒤에 있어요.
#Person1#: 거기까지 가는 데 얼마나 걸릴까요?
#Person2#: 아무리 길어도 20분 정도 걸릴 거예요. 102번 버스를 타셔도 되고요.
#Person1#: 버스를 타고 가는 게 낫겠네요. 그런데 버스 정류장은 어디 있어요?
#Person2#: 바로 길 건너편에 있어요.
#Person1#: 정말 감사합니다.",#Person2#가 #Person1#에게 가장 가까운 신발 가게로 가는 길과 버스로 가는 방법을 안내합니다.
train.csv,그 뒤,"#Person1#: Jane, Potter 교수님 수업 어땠어? 
#Person2#: 별로던데. 
#Person1#: 왜, 무슨 문제가 있어? 
#Person2#: 음, 잘 모르겠어. 너무 세부사항에 집착해서 그런 것 같아. 작년에 하셨던 도시 계획 수업도 비슷했어. 책이랑 비슷한 내용이 많았고. 
#Person1#: 전체적인 개요가 없다는 말이야? 
#Person2#: 맞아, 그렇게 말할 수 있을 것 같아. 건물들은 보여도 도시 전체는 보이지 않더라고. 
#Person1#: 이 과목은 세부사항이 중요하잖아. 난 괜찮았어. 첫 강의가 꽤 흥미로웠고 세부적이지도 않았어. 
#Person2#: 처음에는 괜찮은데, 그 뒤론 세부사항들만 잔뜩 늘어놓더라. 
#Person1#: 과장이 심하네. 
#Person2#: 서부 개발에 대한 설명은 괜찮았어. 
#Person1#: 그래도 뭔가 얻어간 것 같구나. 난 Potter 교수님이 조금 산만하긴 해도 좋다고 생각해. 
#Person2#: 정말 그렇게 생각해? 
#Person1#: 주로 대학원생을 가르치니까. 학부 과정은 하나만 가르치잖아? 그래서 좀 혼란스러워하는 것 같아. 시작은 잘 하는데, 너무 많은 전문 지식을 담으려나 봐. 
#Person2#: 내가 가장 불만인 건 방향성이 없다는 거야.","Jane은 Potter 교수님의 수업에 전체적인 개요가 부족하고 세부사항이 지나치게 많다고 느끼고 있지만, #Person1#은 그 수업이 괜찮다고 봅니다."
train.csv,그 뒤,"#Person1#: 안녕하세요, 여기 근처에 사세요?
#Person2#: 네, 사실 이 거리에서 자랐어요.
#Person1#: 그럼 이 동네를 완전히 잘 아시겠네요.
#Person2#: 네, 꽤 잘 알아요. 여기 처음 오셨나요?
#Person1#: 네, 제 고객의 사무실을 찾고 있어요. 이 동네 어딘가에 있는 것 같은데 주소는 #Address#에요.
#Person2#: 그럼 그 거리 아래에 있는 새 건물일 거예요. 보세요. 길을 따라 세 블록을 가면 오른쪽에 Joe's Bakery와 Deli가 보이고 왼쪽에 꽃집이 있어요. 그 건물은 바로 그 뒤에 있어요. 놓치지 않을 거예요. 신선한 빵 냄새가 날 거예요.
#Person1#: 정말 감사합니다.","#Person1#은 고객의 사무실을 찾고 있으며, #Person2#는 #Person1#에게 길을 안내하고 있습니다."
train.csv,그게,"#Person1#: 다 왔어요.
#Person2#: 감사합니다. 요금이 얼마죠?
#Person1#: 10달러입니다.
#Person2#: 어떻게 그게 가능하죠?
#Person1#: 음, 기본 요금이 2킬로미터까지 2달러이고, 그 이후로 200미터마다 20센트씩이에요.
#Person2#: 알겠어요. 태워주셔서 감사합니다.",#Person1#이 #Person2#에게 택시 요금을 설명합니다.
train.csv,그게,"#Person1#: 부탁 좀 들어줄 수 있어?
#Person2#: 물론이지. 뭔데?
#Person1#: 가게에 좀 다녀와 줄래? 몇 가지 필요한 게 있어.
#Person2#: 알았어. 뭐 사오면 돼?
#Person1#: 설탕 좀 사다줄 수 있어?
#Person2#: 알겠어. 얼마나?
#Person1#: 작은 봉지로 한 봉지 정도? 그리고 오렌지도 좀 필요해.
#Person2#: 몇 개면 돼?
#Person1#: 음... 여섯 개쯤?
#Person2#: 더 필요한 건 없어?
#Person1#: 응, 우유도 떨어졌어.
#Person2#: 알았어. 얼마나 사오면 돼? 갤런 하나?
#Person1#: 아니, 반 갤런이면 충분할 것 같아.
#Person2#: 그게 전부야?
#Person1#: 그럴 것 같아. 다 적었어?
#Person2#: 응. 작은 설탕 봉지 하나에, 오렌지 여섯 개, 우유 반 갤런 맞지?
#Person1#: 돈은 충분해?
#Person2#: 충분할 것 같아.
#Person1#: 고마워. 정말로 고마워.","#Person1#은 #Person2#에게 가게에서 작은 설탕 봉지 하나, 오렌지 여섯 개, 우유 반 갤런을 사다달라고 부탁하고, #Person2#는 이를 흔쾌히 수락합니다."
train.csv,그게,"#Person1#: 어떤 음악 듣는 거 좋아해?
#Person2#: 나는 빠른 비트에 신나는, 댄스 음악 같은 거 좋아해. 거의 매주 디스코 가거든. 가끔 너무 시끄럽긴 하지만. 너는 클래식 음악 좋아하지?
#Person1#: 응, 맞아. 난 그게 정말 편안하더라. 힘든 하루 끝나고 저녁에 모차르트나 바흐 같은 거 자주 들어.
#Person2#: 솔직히 말하자면, 나도 클래식 음악 몇 곡은 좋아해. 현대 댄스 음악보다 확실히 더 세련됐지.
#Person1#: 클래식 음악은 뇌에 좋다고 하잖아. 연구에 따르면 뇌를 더 활성화시켜 준대. 공부할 때 클래식 음악 듣는 학생이 더 잘한대.
#Person2#: 진짜? 나도 클래식 음악 자주 들어야겠네. 클래식 음악 듣는 게 스트레스 해소에 도움이 된다고 들었어.
#Person1#: 맞아. 그래서 저녁에 많이 들어. 주로 요리하거나 집안일 할 때 배경 음악으로 틀어놓거든.
#Person2#: 나도 클래식 음악 CD 몇 장 있는데. 너 따라 뇌 능력 좀 키워봐야겠다.
#Person1#: 인터넷에서 녹음된 거 많으니까. 샘플 들어보고 마음에 들면 싸게 살 수 있어.
#Person2#: 그거 좋은 아이디어네. 너도 다른 음악으로 그렇게 해봐. 좋아할 만한 거 찾을 수도 있어. 클래식 음악이 똑똑하게 만들 수도 있지만, 댄스 음악은 더 활기차고 행복하게 만들 수도 있어.
#Person1#: 맞아. 신나는 음악 듣는 사람이 활기찬 사람이란 명백한 증거가 많잖아. 음악이 사람의 기분과 성격에 영향을 줄 수 있어.","#Person2#는 댄스 음악을 좋아하고 #Person1#은 클래식 음악을 선호한다. #Person1#은 #Person2#에게 클래식 음악을 더 많이 들으면 뇌가 활성화되고 스트레스가 줄어든다고 제안한다. #Person2#는 클래식 음악이 자신을 더 똑똑하게 만들 수 있지만, 댄스 음악은 더 활기차고 행복하게 만들 수도 있다고 말한다."
train.csv,그런,"#Person1#: 너 여자친구 있는 거 왜 말 안 했어?
#Person2#: 미안해, 네가 알고 있는 줄 알았어.
#Person1#: 그런데 사랑하는 사람 있다고 말했어야지.
#Person2#: 내가 안 했었나?
#Person1#: 안 했잖아.
#Person2#: 이제 말하잖아.
#Person1#: 맞아, 그런데 이전에 말할 수도 있었잖아.
#Person2#: 네가 관심 없을 줄 알았어.
#Person1#: 진심이야? 결혼할 거라는 말도 안 하다니 참.
#Person2#: 미안해, 별로 중요하지 않다고 생각했어.
#Person1#: 아, 남자들 다 똑같아!",#Person1#은 #Person2#가 여자친구가 있고 결혼할 예정이라는 사실을 말하지 않아서 화가 났습니다.
train.csv,그런,"#Person1#: 안녕, 오늘 너무 멋져 보이네요. 저랑 춤 한 곡 추실래요?
#Person2#: 고맙네요! 그런데 저는 춤 잘 못 춰요...
#Person1#: 괜찮아요. 제가 멋진 춤 동작 알려드릴게요. 제 이름은 Malik이에요.
#Person2#: 만나서 반가워요. 저는 Wen이고, 이 친구는 Nikki예요.
#Person1#: 기분 어때요? 친구랑 같이 춤춰도 될까요?
#Person2#: 괜찮아요, 대신 제 발을 밟아도 괜찮으시다면요.
#Person1#: 알겠어요. 좋아요! 가요!","Malik은 Wen과 Nikki에게 춤을 제안하고, Wen은 발을 밟는 것을 감수하면 괜찮다고 응답합니다."
train.csv,그런,"#Person1#: Bean도 너한테 이상한 농담 보내고 그러지 않아? 좀 봐줘봐. 
#Person2#: 아, 진짜 너무하는데! 이상한 행운 이메일도 짜증나는데, 이런 식의 성희롱은 너무하잖아. 
#Person1#: 그래서 저번에 내 주소가 어디냐고 물어봤던 거구나 - 괴롭히려고 그런 거였어! 
#Person2#: 스팸 필터를 사용해서 야한 내용이나 원치 않는 메시지를 걸러내는 것도 한 방법이야.",#Person2#는 #Person1#에게 스팸 필터를 사용해 Bean의 부적절한 농담을 걸러내라고 제안합니다.
train.csv,그거,"#Person1#: 봐봐! 엄마가 학사모 쓰고 가운 입은 이 사진 좀 봐. 
#Person2#: 정말 멋진데! 그때가 Miami University에서 석사 학위 받았을 때지. 
#Person1#: 응, 우리 모두 그녀가 정말 자랑스러워. 
#Person2#: 오, 이거 너희들 다 같이 찍은 사진 좋다. 혹시 네거티브 있어? 복사 하나 받을 수 있어? 
#Person1#: 물론이지, 만들어줄게. 인화해줄까? 
#Person2#: 아니, 슬라이드로 부탁할게, 새 프로젝터가 생겼거든. 
#Person1#: 나도 그거 직접 보고 싶다. 
#Person2#: 지갑 크기로도 하나 인화 부탁해. 
#Person1#: 그럼, 그렇게 해줄게.","#Person2#는 사진이 멋지다고 생각하며, #Person1#에게 슬라이드와 지갑 크기의 인화를 요청합니다."
train.csv,그거,"#Person1#: 어떤 음악 듣는 거 좋아해?
#Person2#: 나는 빠른 비트에 신나는, 댄스 음악 같은 거 좋아해. 거의 매주 디스코 가거든. 가끔 너무 시끄럽긴 하지만. 너는 클래식 음악 좋아하지?
#Person1#: 응, 맞아. 난 그게 정말 편안하더라. 힘든 하루 끝나고 저녁에 모차르트나 바흐 같은 거 자주 들어.
#Person2#: 솔직히 말하자면, 나도 클래식 음악 몇 곡은 좋아해. 현대 댄스 음악보다 확실히 더 세련됐지.
#Person1#: 클래식 음악은 뇌에 좋다고 하잖아. 연구에 따르면 뇌를 더 활성화시켜 준대. 공부할 때 클래식 음악 듣는 학생이 더 잘한대.
#Person2#: 진짜? 나도 클래식 음악 자주 들어야겠네. 클래식 음악 듣는 게 스트레스 해소에 도움이 된다고 들었어.
#Person1#: 맞아. 그래서 저녁에 많이 들어. 주로 요리하거나 집안일 할 때 배경 음악으로 틀어놓거든.
#Person2#: 나도 클래식 음악 CD 몇 장 있는데. 너 따라 뇌 능력 좀 키워봐야겠다.
#Person1#: 인터넷에서 녹음된 거 많으니까. 샘플 들어보고 마음에 들면 싸게 살 수 있어.
#Person2#: 그거 좋은 아이디어네. 너도 다른 음악으로 그렇게 해봐. 좋아할 만한 거 찾을 수도 있어. 클래식 음악이 똑똑하게 만들 수도 있지만, 댄스 음악은 더 활기차고 행복하게 만들 수도 있어.
#Person1#: 맞아. 신나는 음악 듣는 사람이 활기찬 사람이란 명백한 증거가 많잖아. 음악이 사람의 기분과 성격에 영향을 줄 수 있어.","#Person2#는 댄스 음악을 좋아하고 #Person1#은 클래식 음악을 선호한다. #Person1#은 #Person2#에게 클래식 음악을 더 많이 들으면 뇌가 활성화되고 스트레스가 줄어든다고 제안한다. #Person2#는 클래식 음악이 자신을 더 똑똑하게 만들 수 있지만, 댄스 음악은 더 활기차고 행복하게 만들 수도 있다고 말한다."
train.csv,그거,"#Person1#: 텔레비전 보는 게 지겹다. 오늘 밤 영화관 가자. 
#Person2#: 좋아. 시내로 갈까? 아니면 근처에 괜찮은 영화 있는지 알아볼까? 
#Person1#: 너무 돈 많이 안 쓰고 싶어. 근처 극장의 상영작이 뭐야? 
#Person2#: 여기 있어, 잠깐만... 여섯 번째 칸에 있네. 라일톤 말하는 거야? 거기 괜찮은 영화가 있어. 
#Person1#: 거긴 너무 멀고, 주차하기도 힘들어. 
#Person2#: 그럼 그랜드 극장에서 '바람과 함께 사라지다' 하는데? 
#Person1#: 몇 년 전에 봤는데, 굳이 다시 보고 싶지는 않아. 게다가 너무 길어. 자정까지 집에 못 와. 
#Person2#: 센터에서는 호러 영화 해. 안 보고 싶어? 
#Person1#: 절대 싫어. 그럼 밤에 잠 못 자. 
#Person2#: 그게 다야. 시내로 가는 걸로 결정하지 않으면 말이야. 
#Person1#: 아뇨, 그럴 순 없어. 분명히 못 본 게 있을 텐데. 
#Person2#: 여기, 네가 직접 찾아봐, 나 못 찾겠어. 
#Person1#: 이걸 봐! 
#Person2#: 뭐? 
#Person1#: 텔레비전 시간표에 오늘 밤 야구 경기가 있어. 
#Person2#: 영화 광고만 보고 있었어. 
#Person1#: 알지만, 그냥 봤어. 뉴욕이 보스턴이랑 경기하네. 
#Person2#: 그거 좋다. 나도 보고 싶어. 
#Person1#: 그래, 우리 집에 있자. 금요일에 영화관 가자.","#Person1#과 #Person2#는 신문을 보며 영화를 찾던 중 적당한 영화를 찾지 못하고, 결국 오늘 밤 야구 경기를 집에서 보기로 결정합니다."
train.csv,그건,"#Person1#: 우리랑 같이 일할 거야?
#Person2#: 내가 녹색 메모장을 다시 사용할 수 있나? 칭찬의 메모를 쓰려고.
#Person1#: 그건 협상해 봐야지. 가능성은 있어.
#Person2#: 날 그리워하는 건 아니지?
#Person1#: 너무 나가진 마, #Person2#.
#Person2#: 좋아, 할게. 언제 시작하면 돼?
#Person1#: 가능한 빨리 여기로 와. 우리는 기다리고 있을게.",#Person1#이 #Person2#에게 함께 일하자고 제안하고 #Person2#가 이를 수락합니다.
train.csv,그건,"#Person1#: 다음 주가 네 생일 파티잖아. 너무 신나지 않아? 생일 선물로 뭐 받고 싶어?
#Person2#: 음, 엄마 차 같은 거 하나 있으면 정말 좋겠어.
#Person1#: 음... 차는 아직 좀 무리이지 않을까? 너 아직 9살이잖아. 인형은 어때?
#Person2#: 엄마, 난 남자애야. 남자애는 인형 안 가지고 놀아. 하지만 장난감 총 같은 건 좋아.
#Person1#: 이번엔 그건 좀 어려울 것 같아. 멋진 옷이나 작은 가방은 어때? 아들아, 그래...
#Person2#: 내가 이름을 메리로 바꿔야 할까 봐. 엄마가 딸을 원하시는 것 같으니까?","#Person2#는 멋진 생일 선물을 원하지만, 엄마는 여자아이에게 어울릴 만한 선물을 주려고 합니다."
train.csv,그건,"#Person1#: 실례지만 공항이 어디에 있나요?
#Person2#: 음, 꽤 멀리 있어요. 제 스마트폰 지도로 보여드릴 수 있어요.
#Person1#: 아, 죄송해요, 제 말은 어떻게 가야 하는지 물어본 거예요.
#Person2#: 그건 상황에 따라 달라요. 빨리 가고 싶으세요, 아니면 저렴하게 가고 싶으세요?
#Person1#: 아마도 후자가 나을 것 같아요.
#Person2#: 좋아요. 한 블록 내려가서 좌회전하면 12번 지하철 역이 보여요. 12번 지하철을 쭉 타고 가다가 Grove Street에서 환승해 공항 급행열차로 갈아타세요.
#Person1#: 어디서 갈아타야 하는지 어떻게 알 수 있을까요?
#Person2#: 열차에서 안내 방송이 있을 거예요. 하지만 큰 여행 가방을 들고 있는 사람들이 많을 테니 그들을 따라가시면 될 거예요.",#Person1#이 #Person2#에게 공항까지 저렴하게 가는 방법을 묻습니다. #Person2#는 #Person1#에게 지하철을 타고 공항 급행열차로 갈아타라고 안내합니다.
train.csv,그녀,"#Person1#: 봐봐! 엄마가 학사모 쓰고 가운 입은 이 사진 좀 봐. 
#Person2#: 정말 멋진데! 그때가 Miami University에서 석사 학위 받았을 때지. 
#Person1#: 응, 우리 모두 그녀가 정말 자랑스러워. 
#Person2#: 오, 이거 너희들 다 같이 찍은 사진 좋다. 혹시 네거티브 있어? 복사 하나 받을 수 있어? 
#Person1#: 물론이지, 만들어줄게. 인화해줄까? 
#Person2#: 아니, 슬라이드로 부탁할게, 새 프로젝터가 생겼거든. 
#Person1#: 나도 그거 직접 보고 싶다. 
#Person2#: 지갑 크기로도 하나 인화 부탁해. 
#Person1#: 그럼, 그렇게 해줄게.","#Person2#는 사진이 멋지다고 생각하며, #Person1#에게 슬라이드와 지갑 크기의 인화를 요청합니다."
train.csv,그녀,"#Person1#: 왜 여자친구가 있다고 말하지 않았어?
#Person2#: 미안, 네가 알고 있는 줄 알았어.
#Person1#: 그래도 그녀와 사랑에 빠졌다고는 얘기했어야지.
#Person2#: 내가 말하지 않았었나?
#Person1#: 너도 알잖아, 말 안 했어.
#Person2#: 이제 말했으니까 됐잖아.
#Person1#: 그래도 전에 말할 수도 있었잖아.
#Person2#: 네가 관심 없을 줄 알았어.
#Person1#: 정말? 그녀와 결혼할 거라고 말도 안 하다니 정말 황당하네.
#Person2#: 미안, 중요하지 않은 줄 알았어.
#Person1#: 아휴, 남자들! 다 똑같아.",#Person2#가 여자친구가 있고 그녀와 결혼할 것이라는 사실을 말하지 않아 #Person1#이 화가 났다.
train.csv,그녀,"#Person1#: 아, 이런! 7시에 그녀를 만나기로 했는데. 지금 몇 시야?
#Person2#: 6시 30분이야.
#Person1#: 나 준비해야겠다.
#Person2#: 어디 가는데?
#Person1#: 아직 결정 못 했어. 아마도 식당에 가거나, 영화부터 볼지도 몰라.
#Person2#: 고전 영화제에서 <시민 케인> 보는 건 어때? 정말 좋다고 하더라고.
#Person1#: 아, 우리 그렇게 할까. <싸이코>도 상영 중이야. 그것도 좋다고 들었어.
#Person2#: 피 많이 나오는 공포 영화 좋아하면 좋겠지만. 나는 별로야. 이제 가 봐야겠다. 내일 수영하러 갈래?
#Person1#: 좋지, 근데 스튜디오에 가서 일해야 할지도 몰라. 아침 일찍 알려줘도 될까?
#Person2#: 물론이지. 괜찮아.
#Person1#: 아, 전화 왔다. Tracy일 거야.
#Person2#: 그럼 난 가볼게. 오늘 밤 잘 보내.
#Person1#: 고마워. 내일 얘기하자.",#Person1#이 데이트를 앞두고 장소를 정하지 않았습니다. #Person2#는 <시민 케인> 관람을 제안합니다. 두 사람은 다음 날 수영을 하기로 합니다.
train.csv,저기,"#Person1#: 저기요, 열쇠 세트 본 적 있어요?
#Person2#: 어떤 종류의 열쇠요?
#Person1#: 열쇠 다섯 개랑 작은 발 장식이 달려 있어요.
#Person2#: 아, 안타깝네요! 못 봤어요.
#Person1#: 그럼, 같이 좀 찾아주실 수 있어요? 여긴 처음이라서요.
#Person2#: 물론이죠. 도와드릴게요.
#Person1#: 정말 친절하시네요.
#Person2#: 별거 아니에요. 이봐요, 찾았어요.
#Person1#: 아, 감사합니다! 어떻게 감사해야 할지 모르겠네요.
#Person2#: 천만에요.",#Person1#은 열쇠 세트를 잃어버리고 #Person2#에게 찾는 것을 도와달라고 요청합니다.
train.csv,저기,"#Person1#: 저기요, 비자 사무실이 어디 있는지 아세요?
#Person2#: 네, 알아요. 제가 같이 가드릴게요.
#Person1#: 감사합니다.
#Person2#: 유학이나 해외 취업 준비하시나요?
#Person1#: 저는 유학 가고 싶어요.
#Person2#: 뭘 공부할 건데요?
#Person1#: 영어 문학을 공부하고 싶어요.
#Person2#: 비자는 이미 받으셨어요?
#Person1#: 아직요. 오늘 비자 담당자와 인터뷰가 있어요.
#Person2#: 아, 그렇군요. 처음 면접 보시는 거예요?
#Person1#: 아니요, 여기 이미 3번이나 왔어요.","#Person1#은 비자 담당자와의 인터뷰를 앞두고 있으며, #Person2#에게 비자 사무실로 가는 길을 묻고 있습니다."
train.csv,저기,"#Person1#: 이 시트 어떻게 젖혀? 어디 레버가 있는 것 같은데.
#Person2#: 지금 뭐 하는 거야?
#Person1#: 옷 입으려고 하는데, 안 보여?
#Person2#: 너 지금 차 안 도로 위에서 옷 갈아입으려고 하는 거야? 위험하지 않아?
#Person1#: 나 잘할 수 있어. 아무도 못 볼 거야.
#Person2#: 장난해? 다른 사람들이 지나가다 보면 사고 날 수도 있어!
#Person1#: 알겠어, 저기 있는 휴게소에 세울게. 거기서 화장실에서 옷 갈아입을게.
#Person2#: 그래, 그게 더 안전하겠다.",#Person1#이 차 안에서 옷을 갈아입으려 하자 #Person2#가 위험하다고 경고했다. 결국 #Person1#은 휴게소에서 옷을 갈아입기로 했다.
train.csv,이거,"#Person1#: 생일 축하해, Aims!
#Person2#: 고마워, Lisa.
#Person1#: 여기 선물이야. 마음에 들었으면 좋겠다.
#Person2#: 와, 정말 좋다! 이거 오랫동안 기다렸잖아.
#Person1#: 그 말 들으니 정말 기쁘다.
#Person2#: 이리 와봐, 친구들 좀 소개할게.","Lisa가 Aims에게 생일 선물을 주었고, Aims는 그 선물을 매우 좋아합니다."
train.csv,이거,"#Person1#: 이거 기본 컴퓨터 패키지가 괜찮아요. 좋은 CPU에 256MB 램, 그리고 DVD 플레이어도 있어요.
#Person2#: 모뎀도 포함되어 있나요?
#Person1#: 네, 내장 모뎀이 있어서 전화선을 컴퓨터 뒤에 꽂기만 하면 돼요.
#Person2#: 모니터는 어떤가요?
#Person1#: 15인치 모니터가 포함돼요. 원하시면, 약간 추가 비용을 내고 17인치 모니터로 바꾸실 수 있어요.
#Person2#: 괜찮아요. 15인치면 충분해요. 좋아요, 그걸로 할게요.","#Person1#은 #Person2#에게 기본 컴퓨터 패키지를 설명하며, #Person2#는 그 패키지에 만족하여 구매하기로 결정합니다."
train.csv,이거,"#Person1#: 봐봐! 엄마가 학사모 쓰고 가운 입은 이 사진 좀 봐. 
#Person2#: 정말 멋진데! 그때가 Miami University에서 석사 학위 받았을 때지. 
#Person1#: 응, 우리 모두 그녀가 정말 자랑스러워. 
#Person2#: 오, 이거 너희들 다 같이 찍은 사진 좋다. 혹시 네거티브 있어? 복사 하나 받을 수 있어? 
#Person1#: 물론이지, 만들어줄게. 인화해줄까? 
#Person2#: 아니, 슬라이드로 부탁할게, 새 프로젝터가 생겼거든. 
#Person1#: 나도 그거 직접 보고 싶다. 
#Person2#: 지갑 크기로도 하나 인화 부탁해. 
#Person1#: 그럼, 그렇게 해줄게.","#Person2#는 사진이 멋지다고 생각하며, #Person1#에게 슬라이드와 지갑 크기의 인화를 요청합니다."
train.csv,그때,"#Person1#: 봐봐! 엄마가 학사모 쓰고 가운 입은 이 사진 좀 봐. 
#Person2#: 정말 멋진데! 그때가 Miami University에서 석사 학위 받았을 때지. 
#Person1#: 응, 우리 모두 그녀가 정말 자랑스러워. 
#Person2#: 오, 이거 너희들 다 같이 찍은 사진 좋다. 혹시 네거티브 있어? 복사 하나 받을 수 있어? 
#Person1#: 물론이지, 만들어줄게. 인화해줄까? 
#Person2#: 아니, 슬라이드로 부탁할게, 새 프로젝터가 생겼거든. 
#Person1#: 나도 그거 직접 보고 싶다. 
#Person2#: 지갑 크기로도 하나 인화 부탁해. 
#Person1#: 그럼, 그렇게 해줄게.","#Person2#는 사진이 멋지다고 생각하며, #Person1#에게 슬라이드와 지갑 크기의 인화를 요청합니다."
train.csv,그때,"#Person1#: 안녕, 마이크. 못 본 지 좀 됐네. 캐시는 어때? 
#Person2#: 우리 이제 안 만나요. 
#Person1#: 무슨 일이야? 헤어졌어? 
#Person2#: 응. 캐시가 계속 잔소리해서 지겨워졌어. 
#Person1#: 아, 미안해. 그때는 그냥 감정적이었을지도 몰라. 다시 만날 가능성은 없을까? 
#Person2#: 잘 모르겠어. 세상에 사람 많은데! 
#Person1#: 에휴, 너 참 쿨하다!",마이크는 캐시와 헤어졌다. #Person1#은 안타까워하지만 마이크는 다시 만날 생각이 없다.
train.csv,그때,"#Person1#: 여보세요, 저는 링컨 은행의 루시 징입니다. Mr. Was와 통화할 수 있을까요?
#Person2#: 네, 접니다.
#Person1#: 안녕하세요, Mr. Was님. 새로운 신용카드 때문에 전화 드렸어요. 카드가 저희 은행에 도착했습니다. 직접 수령하시거나 저희가 보내드릴 수 있습니다.
#Person2#: 보내주실 필요 없어요. 오늘 오후에 개인 은행원과 미팅이 있어서 그때 갈 예정입니다.
#Person1#: 정말 좋은 타이밍이네요!
#Person2#: 그러게요. 수령하기 전까지 제가 해야 할 일이 있을까요?
#Person1#: 특별한 건 없어요. 하지만 혹시라도 마음에 들지 않는 부분이 있을 수 있으니, 서명 전에 약관을 다시 한 번 읽어보시는 걸 추천드립니다.
#Person2#: 괜찮을 겁니다. 그럼 제 비밀번호는 어떻게 되나요?
#Person1#: 그건 근무일 기준 2일 내로 발송될 겁니다. 그 후에 새 카드를 사용할 수 있습니다.
#Person2#: 알겠습니다. 그럼 오늘 오후에 뵙겠습니다. 전화해 주셔서 감사합니다. 안녕히 계세요.","루시 징이 Mr. Was에게 그의 새로운 신용카드에 대해 전화했습니다. Mr. Was는 카드를 직접 수령할 예정이며, 루시는 그가 카드에 서명하기 전에 약관을 다시 읽어보라고 권장했습니다."
train.csv,이건,"#Person1#: 영화를 사랑하는 여러분, 프리미어 무비 리뷰에 오신 것을 환영합니다. 저는 리처드 클라크입니다. 오늘은 매우 박식한 데이비드 왓슨과 함께합니다. 
#Person2#: 고마워, 딕. 오늘 우리는 영화 라이온 킹에 대해 이야기할 건데, 데이브, 이 영화에 대한 당신의 인상은 어떤가요? 
#Person1#: 음, 나는 이 영화가 인간의 영원한 권력 욕심을 그린 우화라고 생각해. 내 생각엔 아주 훌륭한 영화야. 다른 나라의 전통 동화를 표절했다는 비난에도 불구하고, 음악은 훌륭했고, 애니메이션은 훌륭히 만들어졌으며, 이야기는 정말 매력적이었어.
#Person2#: 내 생각은 달라. 애니메이션 기술은 강력했고, 네가 말한 것처럼 엘튼 존의 음악도 대단했지만, 영화에는 독창성이 부족해서 감동적이지 않았어. 예측가능하다고까지 말할 수 있어.
#Person1#: 예측 가능하다니! 어떻게 그런 말을! 딕, 이거 전체 관람가 영화야! 스릴러가 아니잖아!
#Person2#: 바로 그게 문제야. 굉장히 극적이고 강렬한 장면들도 있었어. 예를 들어 무파사가 죽을 때나 스카의 어두운 면모 같은 것. 그래도 이야기가 단순해. 무파사가 죽고, 심바는 도망가고 사랑에 빠진 후 돌아와서 그가 마땅히 가져야 할 것을 되찾으려 해. 너무 흔해.
#Person1#: 어떻게 그걸 흔하다고 할 수가 있어? 이건 우화야, 오랜 시간동안 전해져 내려온 이야기야! 영화는 권력에 대한 욕심이 부패를 초래한다는 걸 보여주고, 아이들에게 존중과 생명, 사랑의 가치를 가르쳐주지.
#Person2#: 넌 항상 그렇게 따뜻하게 보더라, 데이브!
#Person1#: 마음을 좀 열어, 딕. 우리를 방해하지 마.
#Person2#: 어쨌든… 오늘은 여기까지입니다, 여러분! 다음 시간에는 '10일 안에 남자 버리는 방법'에 대해 이야기할 거예요. 데이브, 네가 그 영화도 좋아할 거라고 확신해!","리처드 클라크와 데이비드 왓슨이 영화 '라이온 킹'에 대해 논의합니다. 리처드는 애니메이션, 음악, 이야기의 매력을 강조하며 훌륭하다고 평가하지만, 데이비드는 독창성이 부족하고 예측 가능했다고 비판합니다."
train.csv,이건,"#Person1#: 안녕하세요, 저는 Jack이에요.
#Person2#: 안녕하세요. 자, 여기입니다. 보시다시피 풀 옵션으로 되어 있구요. TV도 있고, 케이블 TV와 광대역 인터넷은 임대료에 포함되어 있어요. 작은 주방은 저쪽에 있고, 새로 산 냉장고와 가스레인지, 주전자, 토스터, 전자레인지가 있습니다. 생활에 필요한 것들은 다 갖춰져 있어요. 화장실은 저쪽에 있고, 샤워 부스랑 세면대도 모두 B&Q에서 새로 산 것들이에요. 창문으로는 공원이 잘 보입니다.
#Person1#: 음... 생각보다 작네요. 임대료가 얼마라고 하셨죠?
#Person2#: 주당 250이고, 물론 가스, 물, 전기 요금은 별도로 부담하셔야 합니다.
#Person1#: 광고에는 200이라고 나와 있었는데요.
#Person2#: 네, 그건 위층 작은 방 가격이었고, 이미 나갔습니다.
#Person1#: 250은 저한테 좀 비싸네요.
#Person2#: 여기는 런던이에요. 그리고 이건 당신만의 공간이잖아요. 위치도 좋고, 지하철역도 가깝습니다.
#Person1#: 주당 200까지는 가능하겠는데, 다른 요금까지는 감당할 수 없어요.
#Person2#: 알겠어요. 한 달치 임대료는 선불로, 보증금은 한 달치입니다. 총 400 현금입니다. 여기가 계약서니까, 읽어보시고 각 페이지에 서명해주세요.
#Person1#: 네.","Jack은 런던의 집을 임대하려 하지만, 임대료와 추가 요금 때문에 주당 250은 부담스럽다고 느낍니다. 결국 주방, 화장실 등 다양한 옵션이 포함된 이 집을 주당 200에 타협하기로 합니다."
train.csv,이건,"#Person1#: 안녕하세요. 상하이에 있는 제 여동생에게 컴퓨터를 보내고 싶어요.
#Person2#: 네, 알겠습니다. 박스에 다 담겨 있나요? 한 번 확인해도 될까요?
#Person1#: 네, 이게 컴퓨터고, 이건 키보드와 모니터예요.
#Person2#: 다른 건 없나요?
#Person1#: 마우스랑 카메라도 있어요.
#Person2#: 그게 전부인가요?
#Person1#: 네. 이걸 일반 배송으로 상하이에 보내면 비용이 얼마나 드나요?
#Person2#: 물건 무게에 따라 달라요. 일반적으로 1킬로그램당 10위안이에요.
#Person1#: 알겠어요. 저울로 무게를 재주실 수 있나요?
#Person2#: 저쪽으로 가셔서 무게를 재시면 됩니다.
#Person1#: 네, 알겠습니다. 그럼 나중에 뵐게요.",#Person1#이 상하이에 있는 여동생에게 컴퓨터 장비를 보내기 위한 도움을 받습니다.
train.csv,그걸,"#Person1#: 도와드릴까요?
#Person2#: 네. 지난주에 이력서를 보냈어요. 회계 보조직에 지원하려고요.
#Person1#: 이름이 어떻게 되세요?
#Person2#: 제 이름은 Judy Liao입니다. L I A O로 쓰여요.
#Person1#: 알겠습니다... 혹시 지원 관련해서 궁금한 게 있으세요?
#Person2#: 특별한 건 없고, 근처에 와서 이력서를 받으셨는지 확인하고 싶어서 들렀어요.
#Person1#: 아, 괜찮아요. 잠시만 기다리시면 확인해 볼게요. Judy Liao... 잠시만요... 네, 여기 있네요. Judy Liao. 이력서를 받았습니다.
#Person2#: 감사합니다.
#Person1#: 또 다른 도와드릴 일이 있으신가요?
#Person2#: 네, 있을 수도 있어요. 신문 광고에 이력서랑 자기소개서, 추천서 두 장을 보내라고 했는데요. 그걸 봉투에 넣어서 보냈습니다. 추가로 보내야 할 게 더 있나요?
#Person1#: 아닙니다, 그것만 있으면 충분합니다.
#Person2#: 그럼 면접 일정은 언제쯤 잡을까요?
#Person1#: 정확히는 모르겠어요. 아직도 이력서를 받고 있는 중이에요. 아마 일주일이나 이주일 후에 지원자들에게 전화가 갈 것 같아요.
#Person2#: 알겠습니다. 도와주셔서 정말 감사합니다. 아주 친절하시네요.
#Person1#: 추가로 궁금하신 점이 있으시면 언제든지 전화 주세요.
#Person2#: 감사합니다.
#Person1#: 고맙습니다. 안녕히 가세요.","Judy Liao가 회계 보조직에 지원 중입니다. 그녀는 #Person1#에게 자신의 이력서를 받았는지 확인하려고 질문했고, #Person1#이 이를 확인해 줍니다. #Person1#은 Judy에게 추가로 제출할 자료는 없다고 하고, 일주일이나 이주일 후에 지원자들에게 연락을 줄 것이라고 말합니다."
train.csv,그걸,"#Person1#: 이거 기본 컴퓨터 패키지가 괜찮아요. 좋은 CPU에 256MB 램, 그리고 DVD 플레이어도 있어요.
#Person2#: 모뎀도 포함되어 있나요?
#Person1#: 네, 내장 모뎀이 있어서 전화선을 컴퓨터 뒤에 꽂기만 하면 돼요.
#Person2#: 모니터는 어떤가요?
#Person1#: 15인치 모니터가 포함돼요. 원하시면, 약간 추가 비용을 내고 17인치 모니터로 바꾸실 수 있어요.
#Person2#: 괜찮아요. 15인치면 충분해요. 좋아요, 그걸로 할게요.","#Person1#은 #Person2#에게 기본 컴퓨터 패키지를 설명하며, #Person2#는 그 패키지에 만족하여 구매하기로 결정합니다."
train.csv,그걸,"#Person1#: 도와드릴까요?
#Person2#: 가죽 재킷을 사고 싶어요.
#Person1#: 사이즈는 어떻게 되세요?
#Person2#: 40 사이즈요.
#Person1#: 어떤 색을 원하세요?
#Person2#: 잠깐만요. 갈색이면 괜찮을까요?
#Person1#: 음, 갈색도 예쁘긴 한데, 검정색이 더 잘 어울릴 것 같아요.
#Person2#: 정말요? 그럼 그걸로 주세요.
#Person1#: 다른 건 필요 없으세요?
#Person2#: 이 드레스는 순수 실크로 만든 건가요?
#Person1#: 네, 그렇습니다. 굉장히 고급스러워요.
#Person2#: 세탁이 가능한가요?
#Person1#: 네, 가능한데 조심하셔야 해요.
#Person2#: 가격은 얼마죠?
#Person1#: 350 위안입니다.
#Person2#: 좋아요. 포장 좀 해주시겠어요?
#Person1#: 네, 여기 있습니다.",#Person2#는 #Person1#의 추천으로 가죽 재킷과 순수 실크로 만든 드레스를 구매합니다.
train.csv,그분,"#Person1#: Dr. Miller 교수님의 수업을 들어보는 게 어떨지 얘기해 주실 수 있나요?
#Person2#: 물론이죠. 그분 수업 들어본 적 있으세요?
#Person1#: 다음 학기에 수업을 들어볼까 생각 중이에요.
#Person2#: 그분은 아주 이해하기 쉬운 선생님이셨어요. 수업을 들을 계획이신가요?
#Person1#: 뭔가 배우는 게 정말 필요한데, 성적이 걱정돼요.
#Person2#: 성적도 중요하지만 배우는 것도 중요하지 않나요?
#Person1#: 이걸 꼭 배워야겠어요.
#Person2#: 그분 수업은 굉장히 재미있게 진행돼서 시간이 금방 가요. 무슨 말인지 아시겠죠?
#Person1#: 네, 제게 맞을 것 같아요.
#Person2#: 그분이 작년에 10년 동안 군대 복무를 마치셨는데, 알고 계세요?
#Person1#: 네, 알고 있었어요. 그게 좋은 점일 수도 있겠네요.
#Person2#: 당신에게 가장 잘 맞는 결정을 해야겠죠. 즐거운 학기 보내세요!","#Person1#은 Dr. Miller 교수님의 수업을 들을지 고민하고 있으며 성적을 걱정합니다. #Person2#는 Dr. Miller가 이해하기 쉽고 흥미로운 교수님이며, 배움도 중요하다고 조언합니다."
train.csv,그분,"#Person1#: 이번 주말에 뭐 해?
#Person2#: 우리 매형이 집에서 작게 모임을 하는데 나 초대했어.
#Person1#: 가족 모임이야 아니면 친구들이랑?
#Person2#: 둘 다 섞여 있어. 사촌, 이모, 삼촌들도 오고, 동네 친구들도 올 거야.
#Person1#: 너네 외삼촌 Rick 오셔? 그분 진짜 재밌잖아.
#Person2#: 응, Rick도 계부 아들이랑 전처랑 같이 올 거야.
#Person1#: 너네 언니 말하는 거야?
#Person2#: 아니, Rick은 우리 큰할아버지고, 우리 할머니 형이야.
#Person1#: 뭐라구? 모르겠어.
#Person2#: 나중에 설명해줄게, 가자.",#Person2#의 매형이 #Person2#을 친척과 친구들이 함께하는 작은 모임에 초대했습니다. #Person1#은 #Person2#의 가족 관계에 대해 헷갈립니다.
train.csv,그분,"#Person1#: 누가 결혼했는지 알아? Old Mc Donald이야. 
#Person2#: 말도 안 돼! 그분 80 넘었잖아? 
#Person1#: 거의 90이야. 
#Person2#: 어머나! 진짜야? 
#Person1#: 응, 그리고 그분 아내는 84살이래. 
#Person2#: 정말? 
#Person1#: 맞아. 그리고 놀랍게도, 그분이 여섯 번째 남편이래. 
#Person2#: 정말이야? 대단한 여자네.","#Person1#는 #Person2#에게 Old Mc Donald가 84세 여성과 결혼했다고 전하며, 그녀의 여섯 번째 남편이라고 말합니다."
train.csv,이게,"#Person1#: 뭐 찾고 있어요?
#Person2#: 19세기 유럽 그림 모음집을 찾고 있어요.
#Person1#: 왼쪽에 있는 노란색 표지의 책 맞나요?
#Person2#: 잠깐만요. 아, 맞아요. 이게 제가 원하던 거예요. 정말 고마워요.",#Person1#은 #Person2#가 19세기 유럽 그림 모음집을 찾는 것을 도와줍니다.
train.csv,이게,"#Person1#: 안녕, Barbara. 돌아와서 반가워. 정말 좋아 보이네.
#Person2#: Rod, 다시 만나서 반가워.
#Person1#: 여행은 어땠어?
#Person2#: 괜찮았어, 그런데 좀 피곤해. 밀라노는 재미있더라. 생각보다 크고, 시끄럽고, 더러웠어.
#Person1#: 그럼 피렌체는? 어땠어?
#Person2#: 음, 거긴 안 갔어. 너는 가본 적 있어?
#Person1#: 아니, 이탈리아는 가본 적 없어. 정말 로마에 가보고 싶어. 자, 차가 주차장에 있어. 이게 네 짐이야?
#Person2#: 응, 근데 짐이 엄청 무거워.
#Person1#: Barbara, 이 안에 뭐가 들어있어? 책 아니면 돌?
#Person2#: 그냥 신발 20켤레.","Barbara는 Rod에게 밀라노 여행이 괜찮았지만 피곤했다고 말하고, 20켤레의 신발 때문에 짐이 무겁다고 전합니다."
train.csv,이게,"#Person1#: 토론토 가는 직항 있어요?
#Person2#: 죄송하지만 없어요. 대신 Northwest Airlines로 베를린까지 가시고, 거기서 Canada Airline으로 토론토까지 연결편을 타시면 됩니다. 이게 가장 경제적인 옵션인데, 가격은 1,900달러예요.
#Person1#: 비행기는 언제 출발하나요?
#Person2#: 오전 8시에 출발해요. 경유를 한 번 해야 한다는 점 참고하세요.
#Person1#: 경유 시간은 얼마나 걸려요?
#Person2#: 한 시간도 안 걸려요.
#Person1#: 베를린에서는 연결편까지 대기 시간이 얼마나 되죠?
#Person2#: 길지 않고, 딱 한 시간입니다.
#Person1#: 그래서 전체 여행 시간은 대략 몇 시간 정도인가요?
#Person2#: 13시간 정도 돼요.
#Person1#: 계산해볼게요. 네, 제 일정에 맞네요. 고맙습니다!
#Person2#: 천만에요!","#Person1#은 토론토로 가는 비행편을 찾고 있으며, #Person2#은 #Person1#에게 Northwest Airlines를 통해 베를린으로 가고, Canada Airline으로 토론토까지 연결편을 이용할 것을 제안합니다."
train.csv,그곳,"#Person1#: 제가 여기 서비스가 좋다고 들어서, 이사할 때마다 가장 먼저 연락드려요.
#Person2#: 연락 주셔서 감사합니다. 어떤 도움 필요하신지 말씀 좀 해주시겠어요?
#Person1#: 네, 저희가 현재 8층에 있는데, 다른 건물 6층으로 이사하려고 해요. 그곳까지 약 15킬로미터 정도 되거든요.
#Person2#: 알겠습니다. 비용은 이사하는 층수, 두 장소 간의 거리, 그리고 옮길 물품의 양에 따라 결정됩니다.
#Person1#: 그럼 비용이 얼마나 들까요?
#Person2#: 음, 보니까 두 번째 기준 요금에 부합하시네요. 계약서를 한번 보시겠어요?
#Person1#: 요금이 선금과 잔액으로 나뉘어 있네요. 전부 이사 전에 내야 하는 줄 알았어요.
#Person2#: 아니요, 계약 체결 시 전체 비용의 50%를 선결제하시면 되고, 나머지는 이사 완료 후에 지불하시면 됩니다.
#Person1#: 손상 및 보상 부분이 헷갈리는데, 설명 좀 해주실 수 있나요?
#Person2#: 네, 이사 중에 물건이 손상될 경우 저희 부서에 보상 청구를 하실 수 있습니다.","#Person1#는 이사를 위해 #Person2#에게 전화를 걸어 도움을 요청하고, 필요한 사항을 설명하며 비용을 문의합니다. #Person2#는 계약서와 함께 비용 및 보상 절차에 대해 안내합니다."
train.csv,그곳,"#Person1#: 안녕하세요. 고객 서비스 센터입니다. 무엇을 도와드릴까요?
#Person2#: 안녕하세요. 제가 스펜드-왓트에서 진공청소기를 샀는데, 지금 고장났어요.
#Person1#: 보증 기간이 남아 있나요?
#Person2#: 아마도요. 4개월 전에 샀거든요.
#Person1#: 네, 아직 보증이 적용됩니다. 진공청소기 모델 번호를 알려주세요.
#Person2#: 네, 모델 번호는 6594-c입니다.
#Person1#: 주소, 이름, 전화번호를 알려주시겠어요?
#Person2#: #Address#입니다. 제 이름은 David Yang이고 전화번호는 #PhoneNumber#에요.
#Person1#: 네. 고객 서비스 센터가 두 곳 있는데, 가장 가까운 곳은 Chadwick and Hacks Appliances입니다.
#Person2#: 그곳이 어디 있는지 알려주실래요?
#Person1#: 물론이죠. #Address#이에요.
#Person2#: 아, 그곳 아는 곳이네요. 차로 2분 거리밖에 안 돼요.
#Person1#: 고객 서비스 센터에 먼저 전화하셔야 해요.
#Person2#: 네, 알겠습니다. 도와주셔서 정말 감사합니다.
#Person1#: 천만에요.",#Person2#는 고장난 진공청소기에 대해 고객 서비스 센터에 문의합니다. #Person1#은 보증 여부를 확인하고 필요한 정보를 수집한 후 가장 가까운 서비스 센터의 위치를 안내합니다.
train.csv,그곳,"#Person1#: 이전 직장에 대해 좀 말해줄 수 있나요?
#Person2#: 네, 작은 기계 공장에서 일했어요. 일이 아주 간단하고 할 일이 많지 않았어요.
#Person1#: 그 일이 맘에 들지 않았나요?
#Person2#: 네, 너무 지루했어요. 저는 더 많은 책임을 질 수 있다고 생각해서 일을 바꾸기로 했어요.
#Person1#: 우리 회사를 선택한 이유가 무엇인가요?
#Person2#: 어제 귀사의 광고를 봤어요. 귀사는 중요한 국제 회사잖아요. 그곳에서 일하면 제 능력을 키울 수 있다고 믿어요.
#Person1#: 우리 회사에 대해 아는 게 있나요?
#Person2#: 네, 회사는 세계에서 네 번째로 큰 기계 제조업체라고 알고 있어요. 1980년에 미국에서 설립됐고, 첨단 기술을 잘 활용하고 있다고 알고 있어요.",#Person1#은 #Person2#에게 이전 직장에 대한 경험과 그 직장을 싫어한 이유를 질문합니다. #Person2#은 회사 선택 이유를 설명합니다.
train.csv,그것,"#Person1#: 도와드릴까요?
#Person2#: 네. 지난주에 이력서를 보냈어요. 회계 보조직에 지원하려고요.
#Person1#: 이름이 어떻게 되세요?
#Person2#: 제 이름은 Judy Liao입니다. L I A O로 쓰여요.
#Person1#: 알겠습니다... 혹시 지원 관련해서 궁금한 게 있으세요?
#Person2#: 특별한 건 없고, 근처에 와서 이력서를 받으셨는지 확인하고 싶어서 들렀어요.
#Person1#: 아, 괜찮아요. 잠시만 기다리시면 확인해 볼게요. Judy Liao... 잠시만요... 네, 여기 있네요. Judy Liao. 이력서를 받았습니다.
#Person2#: 감사합니다.
#Person1#: 또 다른 도와드릴 일이 있으신가요?
#Person2#: 네, 있을 수도 있어요. 신문 광고에 이력서랑 자기소개서, 추천서 두 장을 보내라고 했는데요. 그걸 봉투에 넣어서 보냈습니다. 추가로 보내야 할 게 더 있나요?
#Person1#: 아닙니다, 그것만 있으면 충분합니다.
#Person2#: 그럼 면접 일정은 언제쯤 잡을까요?
#Person1#: 정확히는 모르겠어요. 아직도 이력서를 받고 있는 중이에요. 아마 일주일이나 이주일 후에 지원자들에게 전화가 갈 것 같아요.
#Person2#: 알겠습니다. 도와주셔서 정말 감사합니다. 아주 친절하시네요.
#Person1#: 추가로 궁금하신 점이 있으시면 언제든지 전화 주세요.
#Person2#: 감사합니다.
#Person1#: 고맙습니다. 안녕히 가세요.","Judy Liao가 회계 보조직에 지원 중입니다. 그녀는 #Person1#에게 자신의 이력서를 받았는지 확인하려고 질문했고, #Person1#이 이를 확인해 줍니다. #Person1#은 Judy에게 추가로 제출할 자료는 없다고 하고, 일주일이나 이주일 후에 지원자들에게 연락을 줄 것이라고 말합니다."
train.csv,그것,"#Person1#: Phoebe 씨, 우리 물품 배송 관련해서 이야기해보죠.
#Person2#: 좋아요. 배송 날짜는 언제인가요?
#Person1#: 우리 회사에 알렸더니 이번 달 말까지 첫 오천 개 보내준다고 하더군요.
#Person2#: 나머지 주문 물량은요? 그것도 우리 회사에 빨리 도착할 수 있을까요?
#Person1#: 나머지는 이미 말씀드린 가격으로 10일 안에 배송할 수 있습니다.
#Person2#: 좀 더 빨리 배송할 수는 없나요?
#Person1#: 그건 어려울 것 같아요. 우리가 논의한 조건으로 연간 계약을 체결하실 생각 있으신가요?
#Person2#: 가능하긴 한데, 품질과 배송 보장이 된다면요.
#Person1#: 물론이죠. 그렇게 된다면, 다음 12개월 동안 확정된 월 주문에 대해 5% 할인을 제안할 수 있습니다.
#Person2#: 좀 더 파격적인 제안을 기대했어요. 아시다시피, 우리는 오랜 기간 협력해왔잖아요.
#Person1#: 지금 드린 제안이 최대치입니다. 이미 한계까지 맞춘 거라서요.
#Person2#: 그럼, 그렇게 하기로 하고 계약 세부 사항을 작성해볼까요.","#Person1#과 Phoebe 씨는 물품 배송 일정에 대해 논의하며, #Person1#은 월간 주문에 대해 5% 할인을 제안합니다. 그들은 오랜 협력 관계를 바탕으로 최종적으로 합의합니다."
train.csv,그것,"#Person1#: 아, 이런! 7시에 그녀를 만나기로 했는데. 지금 몇 시야?
#Person2#: 6시 30분이야.
#Person1#: 나 준비해야겠다.
#Person2#: 어디 가는데?
#Person1#: 아직 결정 못 했어. 아마도 식당에 가거나, 영화부터 볼지도 몰라.
#Person2#: 고전 영화제에서 <시민 케인> 보는 건 어때? 정말 좋다고 하더라고.
#Person1#: 아, 우리 그렇게 할까. <싸이코>도 상영 중이야. 그것도 좋다고 들었어.
#Person2#: 피 많이 나오는 공포 영화 좋아하면 좋겠지만. 나는 별로야. 이제 가 봐야겠다. 내일 수영하러 갈래?
#Person1#: 좋지, 근데 스튜디오에 가서 일해야 할지도 몰라. 아침 일찍 알려줘도 될까?
#Person2#: 물론이지. 괜찮아.
#Person1#: 아, 전화 왔다. Tracy일 거야.
#Person2#: 그럼 난 가볼게. 오늘 밤 잘 보내.
#Person1#: 고마워. 내일 얘기하자.",#Person1#이 데이트를 앞두고 장소를 정하지 않았습니다. #Person2#는 <시민 케인> 관람을 제안합니다. 두 사람은 다음 날 수영을 하기로 합니다.
train.csv,그쪽,"#Person1#: 오늘 어떻게 도와드릴까요, Alice?
#Person2#: 저, 장학금 신청하려고 여기 왔어요.
#Person1#: 아, 좋네요. 당신은 훌륭한 학생이에요. 기꺼이 도와드릴게요.
#Person2#: 고맙습니다. 정말 감사해요. 사실, 이 장학금을 위해 추천서가 필요해요.
#Person1#: 어떤 장학금인가요?
#Person2#: 미국 소수 민족 학생 장학금 협회에서 제공하는 학부생 장학금이에요. 제가 아시아계 미국인이라 자격이 있어요.
#Person1#: 좋아요. 그 장학금 알아요. 3학년 학생이어야 하고, 학점 평균이 3.7 이상이어야 돼요.
#Person2#: 지금 3학년이고, 제 GPA는 3.92예요.
#Person1#: 정말 훌륭하네요. 받을 가능성이 높겠어요.
#Person2#: 그랬으면 좋겠어요. 경쟁이 치열할 것 같아요. 그리고 그쪽에서 글 샘플도 요구해요.
#Person1#: 제출하고 싶은 에세이가 있어요?
#Person2#: 아니요, 특별한 에세이를 요구해요. 그들이 제시하는 질문에 대해 써야 해요.
#Person1#: 어떤 질문이죠?
#Person2#: 지원자에게 주제를 줘요. 주제는 '민주 사회에서의 소수 민족의 위치'예요. 제 에세이는 두 페이지 간격으로 세 장을 작성해야 해요.
#Person1#: 꽤 짧은 에세이네요.
#Person2#: 네, 하지만 다음 주까지 작성해야 해요.
#Person1#: 잘 해봐요. 잘할 거예요.
#Person2#: 오늘 여기 온 이유는... 음, 두 가지 부탁을 드리고 싶어서요.
#Person1#: 물론이죠. 무엇인가요?
#Person2#: 먼저 추천서가 필요해요.
#Person1#: 기꺼이 작성해드릴게요.
#Person2#: 그리고 두 번째는... 정상적인 건지 잘 모르겠어요.
#Person1#: 뭔가요? 에세이를 읽어달라는 건가요?
#Person2#: 네, 맞아요. 제 에세이에 실수가 없는지 확인해주시면 좋겠어요. 아니면 제안 사항이 있으실지도 모르고요.
#Person1#: 물론이죠. 읽어드릴 수 있어요. 문제없어요. 하지만 빨리 가져와야 해요.
#Person2#: 네, 오늘 밤에 초안을 작성할 거예요. 그래서 내일 아침에 가져올 수 있어요.
#Person1#: 좋아요. 만약 내일 아침에 가져다주면 금요일에 수업 후에 얘기할 수 있어요. 그래서 주말 전에 피드백을 드릴 수 있을 거예요.
#Person2#: 그게 정말 큰 도움이 될 거예요. 정말 감사해요.
#Person1#: 별 말씀을요. 착실한 학생은 항상 도와주고 싶어요.","Alice는 아시아계 미국인으로 자격이 있어 미국 소수 민족 학생 장학금 협회에서 제공하는 장학금을 신청하려 합니다. 그녀는 현재 3학년 학생이며, GPA가 3.92입니다. 장학금 신청을 위해 '민주 사회에서의 소수 민족의 위치'라는 주제로 에세이를 작성해야 합니다. #Person1#은 Alice에게 추천서를 작성해 주고, 그녀의 에세이를 읽고 피드백을 제공하겠다고 합니다."
train.csv,그쪽,"#Person1#: 안녕하세요. 911 응급전화 상담원입니다.
#Person2#: 도와주세요. 제발 도와주세요!
#Person1#: 네, 진정하시고 지금 무슨 일이 일어나는지 정확히 설명해 주세요.
#Person2#: 진정하라뇨! 제 차가 고속도로에서 멈췄고, 여자 승객이 있는데 진통 중이에요.
#Person1#: 이제 마음을 가라앉히세요. 정확히 어디에 계신지 말씀해 주세요.
#Person2#: 저는... 저는 링컨 간선도로 남쪽 방향 차선에 있습니다. 워싱턴 터널에서 약 15마일 정도 떨어져 있고, 이 여자는 기다릴 수 없어요.
#Person1#: 알겠습니다. 고객님과 승객의 이름이 어떻게 되시죠?
#Person2#: 음... 제 이름은 밥이고, 여자의 이름은 모르겠어요. 그녀는 말할 수 없는 상태입니다.
#Person1#: 좋습니다, 이제 근처에 어떤 랜드마크가 있는지요? 주의 깊게 말씀해 주세요.
#Person2#: 음, 황금 아치... 맥도날드가 보여요.
#Person1#: 알겠습니다, 다른 누가 함께 계신가요?
#Person2#: 아니요, 다른 사람에게 도움을 요청했어요. [병이 깨지는 소리]
#Person1#: 저기, 방금 그 소리는 뭐죠? [아아!]
#Person2#: 아, 누군가 병을 저한테 던졌어요. 도대체 언제쯤 도착하는 거예요?
#Person1#: 방금 구급차를 그쪽으로 보냈어요. 곧 도착할 겁니다.
#Person2#: 혹시 구급차가 올 때까지 제가 할 수 있는 게 있나요?
#Person1#: 네, 그녀를 진정시키고 따뜻하게 해 주세요.
#Person2#: 알겠습니다. 제발 서둘러 주세요. 아, 늦었어요. 아들이네요!","#Person2#가 911에 전화하여 도움을 요청합니다. 고속도로에서 차가 멈췄고, 여자 승객이 진통 중이라고 합니다. 위치 근처의 랜드마크는 맥도날드입니다. #Person1#이 구급차를 보낸 후, 여자 승객은 아들을 출산했습니다."
train.csv,그쪽,"#Person1#: 안녕 퀴니, 대학 생활 어때?
#Person2#: 안녕 잭, 바쁘긴 하지만 재미있어. 너는 내년에 대학 갈 생각 있어?
#Person1#: 응, 장애 학생들을 위한 시설은 어떤지 알려줄 수 있어? 내 휠체어 때문에 건물에 들어가기 힘들 때가 있어.
#Person2#: 학생 서비스 센터에 문의해 봐. 그쪽에서 네 의료 기록을 비밀리에 상담해 줄 거야. 내 친구 쉐넌과 로지도 시험 볼 때 컴퓨터를 사용해, 그래서 네 경우에도 문제가 없을 거야.
#Person1#: 휠체어 접근은 어때?
#Person2#: 새 건물에는 엘리베이터나 넓은 문이 있는데, 오래된 건물들은 장애인을 위한 업그레이드가 안 됐다고 알고 있어. 어느 학과에 들어가고 싶어?
#Person1#: 공학 쪽 생각하고 있어.
#Person2#: 음, 공학은 오래된 아담스 건물에 있어. 엘리베이터가 있는지는 모르겠어.
#Person1#: 캠퍼스로 가는 버스에는 휠체어 시설이 있어?
#Person2#: 그건 확실히 있어. 모든 버스에 전자 리프트가 설치되어 있고, 접이식 좌석도 있어.
#Person1#: 인도는 어때?
#Person2#: 대부분의 인도는 모퉁이에 맞춰 평탄하게 되어 있는 것 같아. 아마 휠체어를 사용할 수 있을 거야, 하지만 확실하지는 않아. 혹시 괜찮다면 나랑 같이 갈래? 나도 버스를 탈 예정인데, 도착하면 구경시켜 줄 수 있어.
#Person1#: 정말 고마워, 라펠. 정말 좋을 것 같아.
#Person2#: 좋아, 아침 8시 30분쯤 네 집으로 갈게. 그리고 통근 열차를 타고 시내로 가서, 버스를 타고 대학으로 가자.
#Person1#: 좋아, 정말 기대돼.","잭은 퀴니에게 대학의 장애 학생을 위한 시설에 대해 묻습니다. 퀴니는 학생 서비스 센터에 문의하라고 제안하며, 새 건물에는 휠체어 접근이 가능하지만 오래된 건물은 업그레이드되지 않았다고 설명합니다. 또한, 모든 버스가 휠체어 승차 시설을 갖추고 있다고 합니다. 그들은 함께 대학에 가기로 합니다."
train.csv,이걸,"#Person1#: 텔레비전 보는 게 지겹다. 오늘 밤 영화관 가자. 
#Person2#: 좋아. 시내로 갈까? 아니면 근처에 괜찮은 영화 있는지 알아볼까? 
#Person1#: 너무 돈 많이 안 쓰고 싶어. 근처 극장의 상영작이 뭐야? 
#Person2#: 여기 있어, 잠깐만... 여섯 번째 칸에 있네. 라일톤 말하는 거야? 거기 괜찮은 영화가 있어. 
#Person1#: 거긴 너무 멀고, 주차하기도 힘들어. 
#Person2#: 그럼 그랜드 극장에서 '바람과 함께 사라지다' 하는데? 
#Person1#: 몇 년 전에 봤는데, 굳이 다시 보고 싶지는 않아. 게다가 너무 길어. 자정까지 집에 못 와. 
#Person2#: 센터에서는 호러 영화 해. 안 보고 싶어? 
#Person1#: 절대 싫어. 그럼 밤에 잠 못 자. 
#Person2#: 그게 다야. 시내로 가는 걸로 결정하지 않으면 말이야. 
#Person1#: 아뇨, 그럴 순 없어. 분명히 못 본 게 있을 텐데. 
#Person2#: 여기, 네가 직접 찾아봐, 나 못 찾겠어. 
#Person1#: 이걸 봐! 
#Person2#: 뭐? 
#Person1#: 텔레비전 시간표에 오늘 밤 야구 경기가 있어. 
#Person2#: 영화 광고만 보고 있었어. 
#Person1#: 알지만, 그냥 봤어. 뉴욕이 보스턴이랑 경기하네. 
#Person2#: 그거 좋다. 나도 보고 싶어. 
#Person1#: 그래, 우리 집에 있자. 금요일에 영화관 가자.","#Person1#과 #Person2#는 신문을 보며 영화를 찾던 중 적당한 영화를 찾지 못하고, 결국 오늘 밤 야구 경기를 집에서 보기로 결정합니다."
train.csv,이걸,"#Person1#: Dr. Miller 교수님의 수업을 들어보는 게 어떨지 얘기해 주실 수 있나요?
#Person2#: 물론이죠. 그분 수업 들어본 적 있으세요?
#Person1#: 다음 학기에 수업을 들어볼까 생각 중이에요.
#Person2#: 그분은 아주 이해하기 쉬운 선생님이셨어요. 수업을 들을 계획이신가요?
#Person1#: 뭔가 배우는 게 정말 필요한데, 성적이 걱정돼요.
#Person2#: 성적도 중요하지만 배우는 것도 중요하지 않나요?
#Person1#: 이걸 꼭 배워야겠어요.
#Person2#: 그분 수업은 굉장히 재미있게 진행돼서 시간이 금방 가요. 무슨 말인지 아시겠죠?
#Person1#: 네, 제게 맞을 것 같아요.
#Person2#: 그분이 작년에 10년 동안 군대 복무를 마치셨는데, 알고 계세요?
#Person1#: 네, 알고 있었어요. 그게 좋은 점일 수도 있겠네요.
#Person2#: 당신에게 가장 잘 맞는 결정을 해야겠죠. 즐거운 학기 보내세요!","#Person1#은 Dr. Miller 교수님의 수업을 들을지 고민하고 있으며 성적을 걱정합니다. #Person2#는 Dr. Miller가 이해하기 쉽고 흥미로운 교수님이며, 배움도 중요하다고 조언합니다."
train.csv,이걸,"#Person1#: Mr. Phillips? 구입 요청이 있는데 승인해 주셔야 해요.
#Person2#: 어디 보자, 여기에 모뎀이 있는 486 컴퓨터네. 이거 어디로 가는 거죠?
#Person1#: 아마 Ms. Wilson의 사무실로 갈 거예요.
#Person2#: 그녀와 통화 좀 해보세요. 이걸 확실히 해야겠어요.","#Person1#은 Mr. Phillips의 승인 요청을 했고, Mr. Phillips는 요청 내용을 확인하고 싶어합니다."
train.csv,그의,"#Person1#: 당신은 묵비권을 행사할 권리가 있습니다. 당신이 말하는 것은 법정에서 불리하게 사용될 수 있습니다. 질문을 받을 때 변호사를 대동할 권리가 있습니다. 만약 변호사를 구할 여유가 없다면, 변호사가 제공될 것입니다. 이해하셨습니까?
#Person2#: 네.
#Person1#: 이름이 어떻게 되시죠?
#Person2#: 제 이름은 James입니다.
#Person1#: 국적은 어떻게 되나요?
#Person2#: 미국인입니다.
#Person1#: 피해자와는 어떤 관계인가요?
#Person2#: 그 사람을 모르는데요.
#Person1#: 왜 피해자를 공격했나요?
#Person2#: 그가 먼저 제 가방을 빼앗으려 해서 저지하려다가 그에게 맞았습니다.
#Person1#: 피해자를 몇 번 찔렀나요?
#Person2#: 그의 배를 세 번 찔렀습니다.
#Person1#: 이런 행동이 심각한 부상이나 사망을 초래할 수 있다는 것을 알고 있었나요?
#Person2#: 알고 있었지만, 제 자신을 통제할 수 없었어요.
#Person1#: 피해자를 죽이려는 의도가 있었나요?
#Person2#: 아니요, 저는 의도적으로 그를 죽인 게 아닙니다. 그 사건은 그가 일으킨 겁니다. 변호사를 만나봐야겠어요.
#Person1#: 알겠습니다. 변호사의 전화번호를 주세요. 우리가 연락하겠습니다.",#Person2#는 피해자가 먼저 가방을 빼앗으려 했다고 주장하며 그를 찔렀다고 합니다. #Person2#는 고의로 죽이지 않았다고 주장하고 있습니다.
train.csv,그의,"#Person1#: 너 바에서 얘기하던 그 남자는 누구야? 그 남자가 너한테 관심 있는 것 같던데. 
#Person2#: 응, 그냥 얘기하다가 결국 그가 나한테 데이트 신청했어. 번호는 줬는데, 실제로 데이트할지는 모르겠어. 
#Person1#: 그래? 왜? 
#Person2#: 좋은 사람이긴 한데, 왠지 서로 잘 맞는 것 같진 않아서 괜히 기대하게 하고 싶지 않아. 
#Person1#: 뭐, 너무 빨리 판단하지 마. 나도 전 남자친구랑 처음엔 그렇게 잘 맞지 않았는데, 몇 번 만나보면서 그를 더 알아가면서 좋아하게 됐어. 3년 동안 사귀었었어. 
#Person2#: 그래서 왜 헤어졌는데? 물어봐도 돼? 
#Person1#: 물론이지. 서로 조금씩 멀어졌어, 관심사도 다르고, 미래 계획도 달랐거든. 그래서 헤어지기로 합의했어. 
#Person2#: 아, 그거 좋네. 내 마지막 연애는 정말 최악이었어. 새해 파티에서 만난 남자랑 6개월 사귀었는데, 항상 싸우면서도 다투다 화해하곤 했어. 어떻게 그렇게 오래 참았는지 모르겠어. 
#Person1#: 어떻게 끝났어? 
#Person2#: 그가 바람 피웠어. 그의 전 여자친구랑 키스하는 걸 봤거든. 또 한 번의 기회를 달라고 빌었지만, 딱히 의미 없을 거 같아서 거절했어. 
#Person1#: 헐! 잘했어. 
#Person2#: 고마워. 너는 요즘 누구 만나? 
#Person1#: 아, 여기저기 몇 번 데이트하긴 했어도, 진지한 건 아니야. 아직 정착할 생각은 없어. 싱글이 너무 좋거든.","#Person2#는 한 남자와의 화학 반응이 없다고 느낀다. #Person1#은 자신이 전 남자친구와 처음에는 잘 맞지 않았지만, 더 알아가면서 좋아하게 되었기 때문에 너무 빨리 판단하지 말라고 조언한다. #Person2#는 자신의 마지막 연애가 끔찍했고, 그녀의 전 남자친구가 바람을 피웠다고 말한다."
train.csv,그의,"#Person1#: 안녕, Jack. 누구한테 편지 쓰고 있어?
#Person2#: 부모님께 이번 여름에 여기 있을 거라고 얘기하고 있어.
#Person1#: 집에 안 가는 거야? 가족이랑 일본 여행 간다고 들었는데.
#Person2#: 원래는 같이 가려고 했는데 다시 생각해보고 마음이 바뀌었어.
#Person1#: 뭐가 너를 사랑하는 가족과 떨어지게 하고 여기 머물게 하는지 궁금한데. 공부 때문은 아닐 거야.
#Person2#: 아니, 물론 아니지. Michael이 그의 삼촌 기관에서 일할 수 있게 해줬어.
#Person1#: 얼마나 받을 건데?
#Person2#: Judy, 돈 때문에 하는 게 아니라 경험을 위해 하는 거야. 게다가 자원봉사야.
#Person1#: 돈도 안 받고 일한다고? 대단하네.
#Person2#: 너는 언제 집에 갈 거야?
#Person1#: 내일. 이틀 후에 하와이로 날아갈 거야. 이제 짐 싸야 해.
#Person2#: 그럼 가봐. 즐거운 휴가 보내!
#Person1#: 엽서 보낼게.","Jack은 방학 동안 일하는 경험을 얻기 위해 자원봉사를 하며 머물고, #Person1#은 집으로 떠나 하와이로 여행을 떠난다."
train.csv,이곳,"#Person1#: 지미, 여긴 왜 이렇게 보안 검사를 해? 혹시 위험한 곳이라도 되는 거야?
#Person2#: 아, 전혀 아니야. 그냥 만일을 대비하는 거야. 걱정할 필요 없어. 중국에서도 이렇게 안 해?
#Person1#: 잘 모르겠어. 비슷할 수도 있지. 사실 여기가 내가 처음 온 바야.
#Person2#: 아, 그럼 내가 너랑 같이 와서 영광이네. 이제 네가 왜 이렇게 바에 대해 궁금해했는지 알겠다. 이곳 마음에 들어?
#Person1#: 물론이지. 여기 정말 좋아! 특히 장식이 정말 세련됐어.
#Person2#: 맞아. 그리고 이곳의 진짜 매력은 훌륭한 음료들이지. 티켓 좀 줄래?
#Person1#: 여기 있어. 근데 왜? 우리 이미 안에 들어왔잖아.
#Person2#: 음, 티켓으로 무료 음료를 받을 수 있어. 뭐 마시고 싶어? 오렌지 주스?
#Person1#: 응, 오렌지 주스 괜찮아. 그런데 어떻게 가져올 거야? 카운터 주변이 너무 붐벼서 움직이기도 힘들어 보여.
#Person2#: 내가 어떻게 하는지 보여줄게. 바텐더들이 누구 차례인지 알아. 그리고 손가락을 튕겨서 바텐더의 주의를 끌 수도 있어.
#Person1#: 멋진데. 고마워.",#Person1#은 처음으로 바를 방문했습니다. #Person1#은 바의 세련된 장식을 매우 좋아합니다. 지미는 무료 음료를 받기 위해 #Person1#에게 티켓을 요청합니다.
train.csv,이곳,"#Person1#: 실례합니다. 여기 누구 앉아 있나요?
#Person2#: 아니요, 아무도 없어요.
#Person1#: 제가 담배 피워도 괜찮나요?
#Person2#: 솔직히 말해서, 전 불편해요.
#Person1#: 아, 죄송해요. 그런데 여기 금연구역이 아닌가요? 여기서 담배 피워도 괜찮나요?
#Person2#: 사실 이곳은 금연구역이에요. 아마 표지를 못 보셨나 봐요.
#Person1#: 표지요? 어떤 표지요?
#Person2#: 저기, 창문에 있어요.
#Person1#: 아, 죄송해요. 그걸 못 봤네요. 미안해요.
#Person2#: 괜찮아요.","#Person1#이 #Person2# 옆에 앉으며 담배를 피워도 되는지를 묻습니다. #Person2#는 불편함을 표현하며, 그 장소가 금연구역임을 알립니다."
train.csv,이곳,"#Person1#: 와! 정말 아름다운 경치네요! 이렇게 탁 트인 풍경이라니. 그리고 이 신선한 공기를 마시면 그 신선함이 느껴지는 것 같아요.
#Person2#: 산 꼭대기에서는 Guiling 시의 전경을 볼 수 있어요.
#Person1#: 멋지네요! 종종 이곳에 와서 등산해야겠어요.
#Person2#: 그래야죠. Guiling 주민들은, 특히 노인들과 아이들이 아침에 여기서 산을 자주 올라요.
#Person1#: 사람들이 그렇게 말하는 것도 당연하군요.
#Person2#: 빨리! 당신의 쌍안경을 줘봐요. 저 새 좀 봐요... 전에 본 적이 없는 새네요. Guiling에 원래 서식하는 종이고 멸종 위기종이에요. 정말 운이 좋네요!
#Person1#: 당신이 새 관찰을 좋아하는 줄 몰랐네요.
#Person2#: 사실 새 관찰을 좋아하는 건 아니에요. 그냥 야생동물을 좋아해요. 도시에선 많이 볼 수 없잖아요. 이곳은 정말 자연의 보물창고에요.",#Person1#과 #Person2#는 산 꼭대기에서 Guiling 시의 경치를 즐기며 새를 관찰하고 있습니다.
train.csv,이것,"#Person1#: 이거 진짜 멋지다! 나 해변 진짜 좋아해. 
#Person2#: 나도 그래. 태양도 좋고 모래도 좋고, 바다도 좋고! 
#Person1#: 그리고 이것도 생각해 봐! 요트 타기, 수영, 윈드서핑, 낚시 어때? 
#Person2#: 오, 정말 다 멋지게 들려. 난 그런 것들 정말 좋아해. 
#Person1#: 맞아... 나도 그래. 
#Person2#: 음, 낚시는 빼고. 솔직히 말하면, 난 낚시 정말 싫어하지만 나머지는 다 좋아해. 
#Person1#: 이봐! 이거 좀 봐! 큰 호텔이나 해변가에 작은 오두막에서 지낼 수 있어. 
#Person2#: 있잖아. 난 큰 호텔은 별로 안 좋아해. 
#Person1#: 나도 그래. 오두막에서 지내자. 바다 바로 옆이라 훨씬 좋을 거야.","#Person1#과 #Person2#는 해변에 대해 이야기하며, #Person2#는 낚시를 제외한 모든 것을 좋아합니다. 두 사람은 해변 근처의 오두막에서 지내고 싶어합니다."
train.csv,이것,"#Person1#: 안녕하세요. 타임 애프터 타임 워치에 오신 걸 환영합니다. 
#Person2#: 시계를 하나 사고 싶어요. 
#Person1#: 잘 오셨어요. 어떤 종류의 시계를 찾고 계세요? 
#Person2#: 음, 아직 잘 모르겠어요. 이 시계는 얼마인가요? 
#Person1#: 아, 이 롤렉스를 말씀하시는 건가요? 천 달러입니다. 
#Person2#: 아, 그건 좀 부담스럽네요. 이건 얼마예요? 
#Person1#: 이건 오백 달러입니다. 
#Person2#: 와, 이것도 제겐 너무 비싸네요. 더 저렴한 건 없나요?","#Person2#가 시계를 사고 싶어 하고, #Person1#이 몇 가지를 추천하지만 #Person2#는 가격이 비싸다고 생각합니다."
train.csv,이것,"#Person1#: 감사합니다, 감사합니다. 그리고 모두가 좋아하는 게임 쇼, '믿을 수 없는 퀴즈'에 오신 것을 환영합니다. 오늘의 참가자인 Julie Jones는 이제 보너스 라운드에 들어가 3만 달러의 상금과 모든 경비가 포함된 6일간의 중국 여행을 노리고 있습니다. 좋습니다, Julie. 대상을 받으려면 보너스 질문 4개를 모두 맞춰야 해요. 모두 참 또는 거짓 질문입니다. 거짓일 경우, 올바른 정보를 제공하여 진실로 만들어야 합니다. 그렇지 않으면 집에 돌아가셔야 합니다. 대신 집수리 백과사전 세트를 드릴게요. 부저가 울리면 답을 줘야 합니다. 준비되셨나요? 
#Person2#: 네, 준비됐어요.
#Person3#: 첫 번째 질문입니다. 고양이는 귀에 32개의 근육이 있다.
#Person2#: 음, 맞아요.
#Person3#: 정답입니다! 두 번째 질문입니다. 참치만이 두 눈을 깜빡일 수 있는 유일한 물고기다.
#Person2#: 맞아요, 아니요, 아니에요. 상어가 두 눈을 깜빡일 수 있는 유일한 물고기입니다.
#Person3#: 정답입니다. 이제 두 질문만 남았습니다. 세 번째 질문입니다. 코끼리는 세계에서 가장 큰 눈을 가지고 있다.
#Person2#: 그건 알아요. 아닙니다. 거대한 오징어가 가장 큰 눈을 가지고 있죠.
#Person3#: 훌륭합니다. 이것이 마지막 질문입니다, Julie. 그리스의 국가에는 134개의 구절이 있다.
#Person2#: 아닙니다. 그리스의 국가에는 158개의 구절이 있어요.
#Person3#: 맞습니다!
#Person2#: 저 이긴 거예요?
#Person3#: 네, Julie, 가방 싸세요. 우리가 당신의 지갑도 채워드릴게요. 이제 중국으로 떠나십니다. 오늘의 쇼는 여기까지입니다. 다음에 또 만나요.
#Person2#: 감사합니다, 감사합니다.",Julie Jones는 게임 쇼 '믿을 수 없는 퀴즈'에 참가하여 보너스 라운드에서 네 가지 질문을 모두 맞추고 모든 경비가 포함된 중국 여행을 획득합니다.
train.csv,저쪽,"#Person1#: 안녕하세요, 저는 Jack이에요.
#Person2#: 안녕하세요. 자, 여기입니다. 보시다시피 풀 옵션으로 되어 있구요. TV도 있고, 케이블 TV와 광대역 인터넷은 임대료에 포함되어 있어요. 작은 주방은 저쪽에 있고, 새로 산 냉장고와 가스레인지, 주전자, 토스터, 전자레인지가 있습니다. 생활에 필요한 것들은 다 갖춰져 있어요. 화장실은 저쪽에 있고, 샤워 부스랑 세면대도 모두 B&Q에서 새로 산 것들이에요. 창문으로는 공원이 잘 보입니다.
#Person1#: 음... 생각보다 작네요. 임대료가 얼마라고 하셨죠?
#Person2#: 주당 250이고, 물론 가스, 물, 전기 요금은 별도로 부담하셔야 합니다.
#Person1#: 광고에는 200이라고 나와 있었는데요.
#Person2#: 네, 그건 위층 작은 방 가격이었고, 이미 나갔습니다.
#Person1#: 250은 저한테 좀 비싸네요.
#Person2#: 여기는 런던이에요. 그리고 이건 당신만의 공간이잖아요. 위치도 좋고, 지하철역도 가깝습니다.
#Person1#: 주당 200까지는 가능하겠는데, 다른 요금까지는 감당할 수 없어요.
#Person2#: 알겠어요. 한 달치 임대료는 선불로, 보증금은 한 달치입니다. 총 400 현금입니다. 여기가 계약서니까, 읽어보시고 각 페이지에 서명해주세요.
#Person1#: 네.","Jack은 런던의 집을 임대하려 하지만, 임대료와 추가 요금 때문에 주당 250은 부담스럽다고 느낍니다. 결국 주방, 화장실 등 다양한 옵션이 포함된 이 집을 주당 200에 타협하기로 합니다."
train.csv,저쪽,"#Person1#: 안녕하세요. 상하이에 있는 제 여동생에게 컴퓨터를 보내고 싶어요.
#Person2#: 네, 알겠습니다. 박스에 다 담겨 있나요? 한 번 확인해도 될까요?
#Person1#: 네, 이게 컴퓨터고, 이건 키보드와 모니터예요.
#Person2#: 다른 건 없나요?
#Person1#: 마우스랑 카메라도 있어요.
#Person2#: 그게 전부인가요?
#Person1#: 네. 이걸 일반 배송으로 상하이에 보내면 비용이 얼마나 드나요?
#Person2#: 물건 무게에 따라 달라요. 일반적으로 1킬로그램당 10위안이에요.
#Person1#: 알겠어요. 저울로 무게를 재주실 수 있나요?
#Person2#: 저쪽으로 가셔서 무게를 재시면 됩니다.
#Person1#: 네, 알겠습니다. 그럼 나중에 뵐게요.",#Person1#이 상하이에 있는 여동생에게 컴퓨터 장비를 보내기 위한 도움을 받습니다.
train.csv,저쪽,"#Person1#: 어서 와. 널 기다리고 있었어. 네가 와서 정말 기뻐. 
#Person2#: 내가 파티에 늦은 건가? 다들 벌써 와 있는 것 같은데, 뭔가 재미있는 걸 놓친 건 아닌지 모르겠어. 
#Person1#: 아니야, 딱 맞춰 왔어. 아직 본격적으로 시작도 안 했어. 
#Person2#: 잘됐네, 여기에 꽃 좀 가져왔어. 마음에 들었으면 좋겠어. 너의 새 아파트 색상에 어울리는지 확신이 안 서서. 
#Person1#: 고마워, 정말 예쁘다. 코트는 저쪽에 걸어도 돼. 이 새 의자에 앉아 봐, 정말 편해. 마음에 들 거야. 뭐 마실래? 차, 커피, 주스, 콜라 뭐든 있어. 
#Person2#: 신경 쓰지 마. 내가 알아서 할게. 
#Person1#: 편하게 있어. 
#Person2#: 정말 멋진 곳이야. 
#Person1#: 글쎄, 자랑하는 건 아니지만, 모든 디자인은 내가 했어. 몇몇 동료들은 이미 그들 새 아파트에 내 디자인을 따라하려고 해. 봐, 지금 내 디자인한 부엌의 사진을 찍고 있어.","#Person2#가 #Person1#의 집들이 파티에 초대받아 따뜻한 환영을 받고, #Person1#의 새 아파트와 인테리어에 대해 이야기한다."
train.csv,그날,"#Person1#: 발렌타인데이에 대해 좀 설명해 줄래? 
#Person2#: 음, 그날은 보통 남자들이 사랑하는 사람에게 장미를 주고, 여자들은 그 답례로 초콜릿을 줘.
#Person1#: 정말 낭만적인데. 젊은 사람들은 그날을 정말 즐기겠네.
#Person2#: 맞아, 그게 바로 이 휴일의 의미지!",#Person2#는 발렌타인데이에 대해 #Person1#에게 설명합니다. #Person1#은 그것이 낭만적이라고 생각합니다.
train.csv,그날,"#Person1#: 안녕하세요, 예약 데스크입니다. 무엇을 도와드릴까요?
#Person2#: 네, 듀플렉스 스위트를 예약하고 싶습니다.
#Person1#: 어떤 날에 스위트를 예약하시겠습니까?
#Person2#: 다음 주 금요일이요.
#Person1#: 죄송합니다, 고객님. 다음 주 금요일은 예약이 이미 꽉 차서 예약을 받을 수 없습니다. 다른 호텔을 추천드려도 될까요?
#Person2#: 아, 네. 정말 고맙습니다.
#Person1#: 잠시만 기다려 주세요. 그날 듀플렉스 스위트가 이용 가능한 호텔을 찾아보겠습니다. (잠시 후) 고객님, 홀리데이 인에 원하시는 방이 있습니다.
#Person2#: 어떻게 연락하면 되나요?
#Person1#: 전화번호를 드리겠습니다. #PhoneNumber#입니다.",#Person2#가 듀플렉스 스위트를 예약하려고 하지만 #Person1#의 호텔은 예약이 불가능합니다. #Person1#은 홀리데이 인에 방이 있다고 찾아내고 전화번호를 제공합니다.
train.csv,그날,"#Person1#: 중국에 단오라는 축제가 있다고 들었어.
#Person2#: 맞아. 용선 축제라고도 불러.
#Person1#: 왜 그 축제를 기념하는 거야?
#Person2#: 중국의 위대한 애국 시인인 굴원을 기리기 위해서야.
#Person1#: 그날에는 무엇을 해?
#Person2#: 찹쌀떡을 먹어. 그리고 남중국 지방에서는 용선 경기도 열려.
#Person1#: 그렇구나.",#Person2#가 #Person1#에게 용선 축제의 기원과 관련 풍습에 대해 설명합니다.
train.csv,저번,"#Person1#: Bean도 너한테 이상한 농담 보내고 그러지 않아? 좀 봐줘봐. 
#Person2#: 아, 진짜 너무하는데! 이상한 행운 이메일도 짜증나는데, 이런 식의 성희롱은 너무하잖아. 
#Person1#: 그래서 저번에 내 주소가 어디냐고 물어봤던 거구나 - 괴롭히려고 그런 거였어! 
#Person2#: 스팸 필터를 사용해서 야한 내용이나 원치 않는 메시지를 걸러내는 것도 한 방법이야.",#Person2#는 #Person1#에게 스팸 필터를 사용해 Bean의 부적절한 농담을 걸러내라고 제안합니다.
train.csv,저번,"#Person1#: 존, 여기서 담배 피우지 말라고 했잖아! 다시는 내 사무실에서 담배 피우는 거 보고 싶지 않아.
#Person2#: 죄송해요, Ms. Fairbanks. 다시는 그러지 않겠습니다.
#Person1#: 저번에도 그렇게 말했잖아! 담배 피우고 싶으면 쉬는 시간에 밖에 나가서 피워!
#Person2#: 알겠습니다, Ms. Fairbanks.",Ms. Fairbanks는 존이 근무 시간 동안 사무실에서 담배를 피운 것에 대해 주의를 주고 밖에서 담배를 피우라고 지시한다.
train.csv,저번,"#Person1#: 그래서 어떻게 할래? 여기서 한 잔 더 할까, 아니면 그냥 끝낼까?
#Person2#: 난 맥주 하나 더 마실래. 이번엔 내가 살게.
#Person1#: 오케이, 고마워. 저번에 데이트는 어땠어?
#Person2#: 좋았어. Jim이랑 영화 보러 갔어. 그 사람 정말 괜찮은 것 같아. 멋진 직업도 있고. 텔레비전 프로듀서래. National Film and Television School 졸업했고, 이제 Channel 4에서 일한 지 1년 됐대.
#Person1#: 대단하네. 그러면 진지하게 발전할 것 같아?
#Person2#: 응, 잘 맞는 것 같아. 결혼까지도 생각하게 돼. 어떻게 될지는 모르겠지만, 이미 장기적인 미래도 생각하고 있어.
#Person1#: 그런데 아직 그런 얘긴 좀 이르지 않아? 그 사람하고 두 번밖에 안 만났잖아.
#Person2#: 이제 3번 만났어, 그리고 내일도 만나기로 했어. 끌리고 잘 맞는 사람 찾기 쉽지 않잖아. 미래에 대해 생각하는 게 뭐가 나빠.
#Person1#: 내가 너라면 좀 조심할 것 같아. 결혼 얘기하기 전에 그 사람을 더 알아가는 게 좋을 거야.","#Person2#는 Jim과의 데이트가 즐거웠고, Jim이 매력적이라고 느껴 결혼까지도 고려하게 되었습니다. #Person1#은 너무 이르다고 생각하지만, #Person2#는 미래에 대해 생각하는 것이 잘못이 아니라고 주장합니다. #Person1#은 #Person2#에게 조심하라고 조언합니다."
train.csv,이쪽,"#Person1#: 안녕하세요, 손님. 도움이 필요하신가요?
#Person2#: 아니요, 아직 도움 받지 않았어요. 겨울 코트를 찾고 있어요.
#Person1#: 제가 도와드릴게요. 이거 어때요? 아주 좋은 품질의 울로 만들어졌어요.
#Person2#: 예쁘긴 한데, 더 따뜻한 게 필요해요. 이 코트는 로스앤젤레스에서는 괜찮겠지만, 시카고 겨울에는 너무 얇아요.
#Person1#: 아, 그럼 아주 두꺼운 코트를 찾으셔야겠네요. 이쪽으로 오세요. 이 코트 보세요. 저희가 가장 따뜻한 코트고, 패션감각도 뛰어나고 아주 편해요.
#Person2#: 이거 할인 받을 수 있을까요?
#Person1#: 5% 할인해드릴 수 있을 것 같아요.
#Person2#: 좋아요. 그럼 이걸로 할게요.
#Person1#: 장갑도 한번 보실래요? 지금 10% 할인 중이에요.
#Person2#: 괜찮아요. 제가 코네티컷에서 살았어서 이미 장갑은 있어요.",#Person2#는 겨울 코트를 구입하기 위해 #Person1#의 도움을 받아 할인된 가격에 코트를 구매합니다.
train.csv,이쪽,"#Person1#: 다들 입국 허가서 작성했어요?
#Person2#: 네, 비디오 촬영하는 사람이 벌써 우리 부모님이 승무원이랑 영어로 대화하는 걸 찍고 있어요.
#Person1#: 승무원이 자꾸 나한테 웃는 것 같아. 왜 그런지 궁금하네...
#Person2#: 아, 이제 곧 2000년이 될 거예요! 승무원들이 이쪽으로 오고 있어요. 샴페인 병도 들고 오네요!
#Person1#: 이제 시간이 됐어요.
#Person2#: 무슨 시간이요?
#Person1#: 우리 둘의 결혼 소원을 이룰 시간이요...
#Person2#: 지금 결혼하자고요? 비행기에서?
#Person1#: 왜 안돼요? 나는 반지도 준비했는데.
#Person2#: 무슨 말을 해야 할지 모르겠어요, Jack!
#Person1#: '네'라고 해줬으면 좋겠어요...",Jack과 #Person1#은 비행기에서 승무원과 대화를 나누다 Jack이 갑자기 #Person2#에게 청혼을 해 놀랍니다.
train.csv,이쪽,"#Person1#: 다음에 이쪽으로 다시 오게 되면 꼭 여기서 머무를게요.
#Person2#: 좋습니다. 미리 알려주시면 같은 방으로 준비해 드리겠습니다.
#Person1#: 그렇게 해주시면 좋겠네요. 사실, 그리 멀지 않은 미래일지도 몰라요.
#Person2#: 그래요? 무슨 일로요?
#Person1#: 글쎄요. 며칠 내로 스페인 남쪽으로 갈 예정이라 경우에 따라 다시 이쪽으로 돌아올 수도 있을 것 같아요.
#Person2#: 그러면 꼭 연락 주세요. 여행이 즐겁길 바랍니다.",#Person1#은 다음번에 이곳을 지나갈 때 다시 머무를 것이라고 #Person2#에게 알립니다. #Person2#은 같은 방으로 준비해주겠다고 약속합니다.
train.csv,저거,"#Person1#: 이 브로치 좀 보여주시겠어요?
#Person2#: 네, 보여드릴게요.
#Person1#: 이거 뭐로 만들어졌어요?
#Person2#: 사파이어예요. 이 종류의 브로치는 하나밖에 없어요. 착용해 보실래요?
#Person1#: 네, 착용해볼게요. 그런데 가격이 어떻게 되나요?
#Person2#: 700위안이에요.
#Person1#: 저한텐 좀 비싸네요.
#Person2#: 이건 어떠세요? 500위안인데, 저거랑 같은 재질이에요.
#Person1#: 정말이죠?
#Person2#: 네, 우리 가게는 도시 전역에서 유명해서 모든 물건이 믿을 수 있어요.",#Person1#이 사파이어 브로치를 좋아하지만 가격이 비쌉니다. #Person2#는 더 저렴하면서도 같은 재질의 다른 브로치를 추천합니다.
train.csv,저거,"#Person1#: 인도에 있는 이 호텔이 세계 1위 호텔로 뽑혔다네! 
#Person2#: 뭐? 광고 팔려고 상위 리스트 만들던 그런 사이트가 아니라?
#Person1#: 아니, Travel + Leisure 매거진에서 선정한 거야.
#Person2#: 오, 진짜? 그럼 확실히 전문가들이 뽑았겠네. 와, 저거 거의 궁전 같은데!
#Person1#: 북인도의 고대 궁전을 본떠서 디자인했대.
#Person2#: 방들 보니까 발코니가 되게 많아.
#Person1#: 응, 저건 개인 수영장과 바로 연결된 스위트룸들이야. 근데 모든 방에 와이파이, 평면 TV, 킹사이즈 침대, 매일 신문도 제공돼.
#Person2#: 오케이, 그만 말해! 예약해야겠어!
#Person1#: 잠깐만. 너 인도 음식 별로 안 좋아하잖아.
#Person2#: 근데 인도 음식 말고도 다른 것도 제공할 것 같은데...
#Person1#: 아마 그렇겠지. 근데 이곳은 정말 조용해. 쇼핑이나 클럽은 없어. 사람들이 여기 와서 휴식을 취하거든.
#Person2#: 괜찮아. 나 쇼핑은 어디서든 할 수 있어.
#Person1#: 방이 1박에 350달러부터 시작이고, 스위트룸은 1박에 750달러야.
#Person2#: 와우! 인도가 원래 저렴한 줄 알았는데!","#Person1#은 #Person2#에게 세계 1위로 선정된 인도의 한 호텔을 소개하며, #Person2#는 그 호텔에 예약을 하고 싶어 합니다. 두 사람은 호텔의 세부 사항과 가격에 대해 이야기하며, #Person2#는 가격에 놀랍니다."
train.csv,저거,"#Person1#: 너 얼굴이 안 좋아 보여. 오늘 회사 쉬는 게 낫겠어.
#Person2#: 그렇게 할 수는 없어. 오늘 중요한 회의가 있어.
#Person1#: 몸은 괜찮아?
#Person2#: 별로 좋지 않아. 12시간 비행을 하고 나서 시차 적응도 안 되고, 감기까지 걸린 것 같아.
#Person1#: 비서한테 전화해서 회의 일정 조정하라고 해. 진짜 좀 쉬어야지, 안 그러면 지금보다 더 안 좋아질 거야.
#Person2#: 내 이마 좀 만져보고 열 나는지 확인해 줄 수 있어?
#Person1#: 열이 많이 나. 내가 타이레놀 좀 가져다줄게, 열 내리게.
#Person2#: 알겠어. 아침에는 집에 있을 테니까, 오후에 나아지면 회의에 갈 거야.
#Person1#: Zach, 네 팔에 저거 뭐야?
#Person2#: 모르겠어. 약간 빨갛게 보이긴 하는데, 별거 아닐 거야.
#Person1#: 온몸에 붉은 발진처럼 보여! 뭐 알레르기 있어?
#Person2#: 고양이 알레르기만 있는데, 최근 몇 주 동안 고양이 주변에 있진 않았어.
#Person1#: 네 고양이 알레르기 완전히 잊고 있었어. 며칠 전에 친구 고양이를 돌봤어. 안되겠다, 병원 가서 약 타와야겠어. 가자.
#Person2#: 예약 먼저 해야 하지 않아?
#Person1#: 그래야 되지만, 그냥 가서 지금 바로 진료 받을 수 있는지 보자. 더 나빠지기 전에.
#Person2#: 네가 하자는 대로 할게. 난 그냥 회의 가고 싶어!","Zach는 열이 나고 온몸에 붉은 발진이 있지만, 중요한 회의에 가고 싶어합니다. #Person1#은 그의 고양이 알레르기를 기억하고 병원에 가서 약을 받자고 제안합니다. 그러나 Zach는 여전히 회의에 참석하려고 합니다."
train.csv,저건,"#Person1#: 오늘 밤에 춤추러 가는 거 어때, Jane? 이 도시의 밤 문화가 정말 흥미로울 거야!
#Person2#: 좋은 생각이야. 근처에 괜찮은 나이트클럽 있지 않아?
#Person1#: 응, 거기 음악 스타일도 다양하고 괜찮아.
#Person2#: (클럽에서) 저기 춤추는 사람들 좀 봐, 정말 열광적이야.
#Person1#: 저건 빠른 템포의 록앤롤이야.
#Person2#: 나는 느린 춤이 좋아. 룸바랑 왈츠는 잘 춰.
#Person1#: 걱정 마. 느린 춤은 파티 중간쯤에 할 거야.
#Person2#: 조용한 자리 찾아서 음료 마시자.
#Person1#: 그래, 따라와.
#Person2#: 저기, 왈츠잖아. 옛날 스타일의 우아한 스텝이 좋아.
#Person1#: 나랑 춤출래?
#Person2#: 물론이지.
#Person1#: (둘이 춤출 때) 너 정말 우아하게 추는구나!",#Person1#은 #Person2#에게 오늘 밤 춤추러 가자고 제안합니다. #Person2#은 느린 춤을 좋아해서 왈츠가 시작될 때까지 기다리며 나이트클럽에서 즐거운 시간을 보냅니다.
train.csv,저건,"#Person1#: 정말 멋지지 않아? 난 항상 시골에서 농장을 가지고, 내 음식을 직접 키우며 살고 싶었어!
#Person2#: 정말 아름답네. 근데 솔직히, 농사에 대해서는 아는 게 하나도 없어!
#Person1#: 걱정하지 마!
#Person2#: 저 소리는 뭐야?
#Person1#: 걱정 마, 염소일 뿐이야!
#Person2#: 저건 또 뭐야?
#Person1#: 저쪽에서 풀 뜯고 있는 소들이야. 나중에 젖을 짤 수 있어.
#Person2#: 그 소리 뭐야?
#Person1#: 여보, 진정해, 그건 양일 뿐이야. 진정해! 마구간에는 말과 당나귀들이 있어.
#Person2#: 있잖아, 나 여기 시골에서는 도저히 못 살겠어. 난 도시로 돌아갈래!","#Person1#은 농장을 가지고 싶어하며, 가축에 대해 잘 알고 있습니다. #Person2#은 농장이 아름답다고 생각하지만, 가축을 보고 나서 시골 생활을 견디기 어려워 합니다."
train.csv,저건,"#Person1#: 인도에 있는 이 호텔이 세계 1위 호텔로 뽑혔다네! 
#Person2#: 뭐? 광고 팔려고 상위 리스트 만들던 그런 사이트가 아니라?
#Person1#: 아니, Travel + Leisure 매거진에서 선정한 거야.
#Person2#: 오, 진짜? 그럼 확실히 전문가들이 뽑았겠네. 와, 저거 거의 궁전 같은데!
#Person1#: 북인도의 고대 궁전을 본떠서 디자인했대.
#Person2#: 방들 보니까 발코니가 되게 많아.
#Person1#: 응, 저건 개인 수영장과 바로 연결된 스위트룸들이야. 근데 모든 방에 와이파이, 평면 TV, 킹사이즈 침대, 매일 신문도 제공돼.
#Person2#: 오케이, 그만 말해! 예약해야겠어!
#Person1#: 잠깐만. 너 인도 음식 별로 안 좋아하잖아.
#Person2#: 근데 인도 음식 말고도 다른 것도 제공할 것 같은데...
#Person1#: 아마 그렇겠지. 근데 이곳은 정말 조용해. 쇼핑이나 클럽은 없어. 사람들이 여기 와서 휴식을 취하거든.
#Person2#: 괜찮아. 나 쇼핑은 어디서든 할 수 있어.
#Person1#: 방이 1박에 350달러부터 시작이고, 스위트룸은 1박에 750달러야.
#Person2#: 와우! 인도가 원래 저렴한 줄 알았는데!","#Person1#은 #Person2#에게 세계 1위로 선정된 인도의 한 호텔을 소개하며, #Person2#는 그 호텔에 예약을 하고 싶어 합니다. 두 사람은 호텔의 세부 사항과 가격에 대해 이야기하며, #Person2#는 가격에 놀랍니다."
train.csv,저의,"#Person1#: 어떤 일을 하고 싶으세요?
#Person2#: 전 매니지먼트 관련 일을 하고 싶어요. 제가 3년간의 경력이 있거든요.
#Person1#: 만약 고용된다면 어떤 계획이 있으신가요?
#Person2#: 저의 전문성과 경험을 바탕으로 일하면서 점차 이 회사의 관리직으로 올라가는 게 목표입니다.",#Person2#는 #Person1#에게 이상적인 직업과 고용되었을 때의 계획에 대해 설명합니다.
train.csv,저의,"#Person1#: 존슨 씨, 만나 주셔서 반가워요. 이렇게 멋진 장소에서 대화할 수 있어서 좋네요. 분위기가 참 좋습니다! 
#Person2#: 괜찮아요. 가능한 한 비즈니스와 즐거움을 함께하고 싶거든요. 그럼, 당신이 제공하시는 초콜릿에 대해 더 듣고 싶어요. 
#Person1#: 아시다시피, 제가 최근에 미국에서 그레인저의 고메 봉봉의 단독 유통업자가 되었어요. 새로운 제조사이고 고급 시장에 진출하려고 합니다. 그래서 자연스럽게 당신의 레스토랑이 떠올랐어요. 당신의 브랜드는 그레인저와 많은 공통점을 가지고 있다고 생각해요. 이 초콜릿을 제공하면 우아하고 럭셔리한 식사를 제공하는 당신의 명성이 더 높아질 거예요. 
#Person2#: 음, 흥미롭네요. 고메 초콜릿이라니, 어디서 생산되나요? 벨기에인가요? 
#Person1#: 사실, 공장은 스코틀랜드에 있어요. 
#Person2#: 정말요? 스코틀랜드가 고급 초콜릿 생산지로 유명하진 않은 것 같은데요... 
#Person1#: 그게 바로 이번 기회를 환상적으로 만드는 이유예요! 정부에서 새로운 수출 시장 창출을 전폭적으로 지원하고 있고, 천 개 이상 대량 주문에 대해 낮은 관세를 보장해요. 통관 절차도 간소화되었어요. 여기, 특별히 가져온 초콜릿이니 한번 드셔보세요! 
#Person2#: 아, 고마워요. 음, 부드러운 질감에 아주 매끈하네요. 
#Person1#: 독특하죠? 이런 맛은 정말 처음이실 거예요. 품질을 항상 보증합니다. 제가 직접 공장을 방문해서 재료에 아무 문제가 없는지 확인하거든요. 최고품만 검사에 통과하게 돼요. 
#Person2#: 네, 아주 흥미로운 맛이네요. 살짝 매콤하기도 하고, 정말 독특해요. 정확히 어떤 재료들이 들어가나요? 
#Person1#: 가장 신뢰할 수 있는 정보에 따르면 이 전통 비법은 그레인저 가문에서 대대로 전해져 온다고 해요. 비밀을 지켜줄 거라 믿어요. 버터밀크, 카카오 빈, 설탕, 그리고 해기스가 들어갑니다. 
#Person2#: 해기스요? 해기스가 뭐죠? 
#Person1#: 스코틀랜드 전통 별미예요. 양의 간, 심장, 폐를 양의 위에 넣어 만드는 음식이죠.","존슨 씨는 #Person2#을 만나 스코틀랜드에서 생산된 저관세 혜택과 독특한 맛을 가진 고급 초콜릿을 제안합니다. 이 초콜릿의 재료는 버터밀크, 카카오 빈, 설탕 그리고 스코틀랜드 전통 음식인 해기스입니다. 스코틀랜드 정부는 새로운 수출 시장 창출을 지원하고 있습니다."
train.csv,저의,"#Person1#: 음, 부인, 가장 먼저 그리고 중요하게 말씀드려야 할 것은, 신체적으로는 아무 문제도 없다는 겁니다. 분석 결과 보고서에 따르면 아주 건강하다고 나왔어요.
#Person2#: 그런데 왜 자꾸 그렇게 불안하고 긴장하게 되는 걸까요... 남편이나 아이들, 동료들한테도 막 화를 내려고 하고.
#Person1#: 그건 아마도 당신의 습관과 관련이 있을 겁니다.
#Person2#: 습관이요?
#Person1#: 네... 부인, 혹시 담배 피우시나요?
#Person2#: 네, 솔직히 피웁니다, 의사 선생님.
#Person1#: 그리고 아주 많이 피울 것 같네요?
#Person2#: 네, 꽤 많이 피웁니다.
#Person1#: 평소에 뭐 드세요?
#Person2#: 저는 먹는 걸 좋아해요. 네, 제가 먹는 걸 잘 하는 편입니다. 하지만 보통 아침은 안 먹어요.
#Person1#: 그건 건강에 안 좋아요. 일찍 일어나서 아침을 드시는 게 좋겠어요. 그리고 또 하나 질문 드릴게요, 일찍 일어나세요?
#Person2#: 아니요, 보통 아침 9시에 일어나요. 늦게 자니까 늦게 일어나요. 항상 자정까지 TV를 보며 깨어 있거든요.
#Person1#: 보통 무슨 운동 하세요?
#Person2#: 저는 운동을 별로 좋아하지 않아요. 하지만 가끔 친구들과 카드 게임을 하는 건 저의 스포츠일 수도 있죠.
#Person1#: 부인, 건강을 위해서 생활 방식을 바꾸시는 게 좋겠습니다.","#Person1#은 #Person2#에게 신체적으로 건강하다고 알려주고, 그녀의 상태는 주로 습관과 관련이 있다고 설명합니다. 많은 양의 흡연, 아침 식사 결여, 늦게까지 TV 시청과 같은 습관이 문제라고 지적하며, 생활 방식을 바꾸라고 권합니다."
train.csv,저요,"#Person1#: 안녕하세요! 
#Person2#: 아, 안녕하세요! 
#Person1#: 자기소개 좀 할게요. 제 이름은 Tom이에요. 
#Person2#: 만나서 반가워요. 제 이름은 Alice예요. 바로 옆집으로 이사 오신 건가요? 
#Person1#: 네, 맞아요. 여기 오래 사셨어요? 
#Person2#: 저요? 뭐, 그렇죠. 여기서 산 지 이제 6년 정도 됐어요. 미국에선 오래 사셨나요? 
#Person1#: 아뇨, 그렇진 않아요. 베트남을 떠나서 미국에 와서 Dallas에서 사촌과 2년 동안 살았어요. Alice는 어디서 일하시나요? 
#Person2#: 저는 대학에서 수학을 가르치고 있어요. Tom은 무슨 일 하세요? 
#Person1#: 저는 회사에서 회계사로 일해요. 
#Person2#: 아, Tom. 만나서 반가웠어요. 이제 가봐야겠어요. 오늘 저녁에 수업이 있어서 대학에 가야 하거든요. 
#Person1#: 저도 만나게 되어 반가웠어요, Alice. 
#Person2#: 그럼, 또 봐요! 
#Person1#: 잘 가요, Alice.",Tom은 새로운 이웃 Alice에게 자기소개를 합니다. Alice는 대학에서 수학을 가르치며 이곳에 산 지 약 6년이 되었습니다.
train.csv,저요,"#Person1#: 이 왈츠 어때요?
#Person2#: 아주 좋아요, 정말 마음에 들어요.
#Person1#: 그럼 첫 번째 춤을 저와 함께 춰 주실 수 있나요?
#Person2#: 기쁘죠. 그런데 제가 춤을 잘 추는 편은 아니라서요, 가끔 춤추세요?
#Person1#: 저요? 아, 아니요. 사실 춤추기 시작한 지 얼마 안 됐어요.
#Person2#: 아, 그래요? 그런데 정말 왈츠 잘 추시네요.
#Person1#: 그렇게 말해줘서 고마워요, 당신도 아름답게 춤추시네요. 파트너를 만나서 행운이에요.
#Person2#: 칭찬 감사합니다. 당신이 리더를 잘해 주셔서 그래요. 폭스트롯이나 탱고도 좋아하세요?
#Person1#: 네, 좋아요. 그럼 당신은 어떤 춤을 제일 잘 추세요?
#Person2#: 디스코가 제일 좋아요. 다른 어떤 춤보다도 좋고, 억눌린 감정을 풀 수 있고 건강에도 좋은 운동이라서요. 근데 록앤롤이나 브레이크댄스는 못해요.
#Person1#: 아, 음악이 끝났네요. 춤춰 주셔서 감사합니다.
#Person2#: 기뻐요. 이제 가서 한 잔 할까요?
#Person1#: 좋아요.","#Person1#은 #Person2#에게 첫 춤을 함께 추자고 초대합니다. #Person1#은 #Person2#의 아름다운 춤을 칭찬하고, #Person2#는 #Person1#이 좋은 리더라고 말합니다. #Person2#는 디스코를 가장 좋아한다고 이야기하고, 그 후 두 사람은 한 잔 하러 갑니다."
train.csv,저요,"#Person1#: 가족이 몇 명이에요?
#Person2#: 알다시피 중국은 한 자녀 정책이 있잖아요. 그래서 남편, 딸, 그리고 저 이렇게 셋이에요. 당신은요?
#Person1#: 저희는 딸 하나랑 아들 하나 있어요. 그리고 남편과 저요. 부모님은요? 같이 사세요?
#Person2#: 이제는 아니에요. 지금은 오빠랑 살고 있어요. 당신은요?
#Person1#: 제 부모님은 지금 따로 사세요. 나중에 더 나이가 드시면 요양원에 가실 수도 있을 것 같아요. 형제는 한 명이에요?
#Person2#: 아니요, 형이 두 명 있고 여동생이 하나 있어요. 당신은요?
#Person1#: 저도 대가족이에요. 형 한 명이랑 여동생 세 명 있어요.
#Person2#: 결혼한 지 얼마나 됐어요?
#Person1#: 지금 한 7년 됐어요. 당신은요?
#Person2#: 저희는 한 5년 정도 됐어요. 이혼에 대해 어떻게 생각해요?
#Person1#: 점점 흔해지고 있는 것 같아요. 하지만 저는 절대 이혼하고 싶지 않아요! 당신은요?
#Person2#: 만약에 남편이 바람을 피우거나 나쁘게 대하면 이혼할 거예요.
#Person1#: 그런 일이 생기면, 우리 형이랑 결혼해서 시누이 될 수도 있겠네요!
#Person2#: 하하, 재밌네요. 기억해둘게요, 하지만 남편한테는 비밀로 해주세요.
#Person1#: 물론이죠!",#Person1#과 #Person2#은 각자의 가족 구성원 수에 대해 이야기하고 결혼 생활에 대한 의견을 나눕니다.
train.csv,저게,"#Person1#: 제 차는 준비됐나요?
#Person2#: 잘 모르겠는데요, 고객님. 차 번호가 어떻게 되나요?
#Person1#: #CarNumber#요.
#Person2#: 언제 저희에게 맡기셨죠?
#Person1#: 사흘 전에 맡겼습니다.
#Person2#: 아, 이제 기억났네요.
#Person1#: 기술자분들이 작업을 다 끝내셨나요?
#Person2#: 아니요, 아직 작업 중이에요. 차고로 가서 한번 확인해 볼까요? 저게 고객님의 차인가요?
#Person1#: 네, 그게 제 차예요.
#Person2#: 사고가 있었던 건가요?
#Person1#: 네, 가로등에 부딪혔어요. 기술자분들이 수리할 수 있나요?
#Person2#: 음, 최대한 수리 중이지만 솔직히 말씀드리자면 새 차를 사셔야 할 것 같습니다.","#Person1#은 자신의 차가 수리되었는지 확인하러 왔으며, #Person2#는 차가 아직 수리 중이라고 답변합니다. 또한 #Person2#는 새 차를 사는 것을 권장합니다."
train.csv,저게,"#Person1#: 왜 버스가 필요할 때는 항상 없어? 
#Person2#: 좋은 질문이네. 이 노선엔 버스가 너무 부족해.
#Person1#: 때로는 신문에다 편지라도 쓰고 싶어.
#Person2#: 좋은 생각이야. 지하철 노선도 더 필요하다고 써야 해.
#Person1#: 맞아. 대중교통이 전반적으로 더 많아져야 해.
#Person2#: 그리고 차는 줄어야지! 교통이 너무 혼잡해.
#Person1#: 저기, 저게 우리 버스 아니야?
#Person2#: 그래, 맞아. 그런데 봐봐. 꽉 찼어!
#Person1#: 아, 안돼! 우리 가서 커피나 한잔하자. 내가 쓰려는 편지에 대해 이야기하자.","#Person1#과 #Person2#는 대중교통, 특히 버스가 부족한 것에 대해 불만을 제기합니다. #Person1#은 교통 문제를 언급한 편지를 신문에 보내고 싶어 하고, #Person2#는 그 의견에 동의합니다."
train.csv,저게,"#Person1#: 아빠, 우리 어디 가요?
#Person2#: 먼저 시내에 가서 마실 것 좀 사고, 그 다음에는 대학교 박물관에 갈 거야.
#Person1#: 어디서 마실 거 사요?
#Person2#: 길 모퉁이에 커피숍이 있어. 저 길 끝에 큰 건물 보여?
#Person1#: 네, 보여요.
#Person2#: 저게 은행이야. 커피숍은 은행 맞은편에 있어.
#Person1#: 좋아요, 저는 핫초코 마실래요.
#Person2#: Samantha, 멈춰. 신호등이 초록불로 바뀔 때까지 기다려. 길 건널 때 항상 주변을 잘 봐야 해.
#Person1#: 죄송해요. 박물관은 얼마나 멀어요?
#Person2#: 딱 3정거장 밖에 안 돼. 걸어서 갈 수 있어. 도착하면 너는 우리 자리 좀 잡아두고 난 음료수 사 올게.",#Person2#는 Samantha에게 커피숍의 위치를 알려주고 마실 것을 사러 갑니다. 이후 #Person2#는 Samantha에게 자리를 잡으라고 하고 음료수를 사 오겠다고 말합니다.
train.csv,이대,"#Person1#: 애들은 운동을 잘하고 있어?
#Person2#: 애들 실력이 정말 만족스러워. Timmy는 100미터를 12초에 달릴 수 있어. 그 나이대 아이치고는 정말 빠른 편이야.
#Person1#: 근데 멀리뛰기는 별로 못하지 않아?
#Person2#: 그렇진 않아. 4미터 넘게 뛸 수 있어. 뛰기보다는 달리는 걸 더 좋아하는 것 같아. Jimmy는 높이뛰기를 잘해. 2미터 넘게 뛸 수 있어. 그 나이에 그 정도면 괜찮아.
#Person1#: 2미터라고? 그럼 바가 머리 위에 있는 거네! 장거리 달리기는 어떤가?
#Person2#: 우리가 제일 긴 경주는 1500미터야. 몇몇 남자아이들과 한 명의 여자아이가 5분 이내에 달릴 수 있어.
#Person1#: 수영은 어때?
#Person2#: 괜찮아. 매일 500미터 수영하게 시켜. 그게 수영장 20바퀴야. 그렇게 빠르진 않지만 괜찮아. 체력 키우고 건강 유지하는 게 목적이니까.
#Person1#: Kate는 10미터 높이에서 다이빙을 잘해.
#Person2#: 난 그 높이에서 뛰어내리는 거 무서워!
#Person1#: 애들은 아직 무서움을 배우지 않은 것 같아. 낮은 곳에서 시작했는데, 금방 더 높은 곳 뛰고 싶어하더라고.
#Person2#: 확실히 더 빨리, 높이, 멀리 가는 게 좋은가 봐.","#Person2#는 #Person1#에게 아이들의 운동 성과가 만족스럽다고 전한다. Timmy는 달리기를 잘하고, Jimmy는 높이뛰기를 잘하며, Kate는 다이빙을 잘한다. #Person1#과 #Person2#는 아이들이 더 빨리, 더 높이, 더 멀리 가는 것을 즐기는 것 같다고 생각한다."
train.csv,이대,"#Person1#: 아이들은 운동을 잘하나요?
#Person2#: 아이들 성적에 아주 만족스러워요. Timmy는 100미터를 12초에 달릴 수 있어요. 그 나이대에서는 정말 빠른 거죠.
#Person1#: 하지만 멀리뛰기는 잘 못하죠?
#Person2#: 잘 못하는 건 아니에요. 4미터 이상은 뛸 수 있어요. 아마 뛰는 것보다 달리는 걸 더 좋아하는 것 같아요. Jimmy는 높이뛰기를 아주 잘해요. 2미터를 넘게 뛸 수 있어요. 그 나이대에는 충분히 훌륭한 기록이에요.
#Person1#: 2미터요? 그럼 높이뛰기 막대가 머리 위에 있다는 뜻이네요! 장거리 달리기는 잘하나요?
#Person2#: 우리가 뛰는 가장 긴 거리는 1,500미터예요. 몇몇 소년들과 한 명의 소녀가 5분 이내에 뛰어요.
#Person1#: 수영은 어떠나요?
#Person2#: 괜찮아요. 매일 500미터씩 수영하도록 해요. 수영장 길이를 20번 왕복하는 거리예요. 아주 빠르지는 않지만 괜찮아요. 체력을 키우고 몸매를 유지하는 게 중요하거든요.
#Person1#: Kate는 10미터 높이에서 뛰어내리는 다이빙을 잘해요.
#Person2#: 저는 그런 높이에서 뛰어내리는 게 두려울 것 같아요!
#Person1#: 그 아이들은 아직 두려움을 배우지 않은 것 같아요. 처음에는 낮은 높이에서 시작했지만, 곧 더 높은 데서 하고 싶어졌어요.
#Person2#: 아이들이 정말 더 빠르고, 더 높고, 더 멀리 가는 걸 즐기는 것 같아요.","#Person2#는 #Person1#에게 아이들의 만족스러운 운동 성과에 대해 이야기합니다. Timmy는 매우 빠르게 달릴 수 있고, Jimmy는 높이뛰기를 잘하며, 몇몇 소년들과 한 명의 소녀는 1,500미터를 빠르게 달릴 수 있으며, Kate는 다이빙을 잘합니다."
train.csv,이대,"#Person1#: 새로 나온 Fitzgerald 감독의 영화 꽤 괜찮은 것 같아. 근데 청소년들만을 위한 영화라서 다른 나이대엔 별로 재미없다는 게 좀 아쉬워. 
#Person2#: 맞아, 나는 Fitzgerald 영화에서 음악 공연이 참 좋았어. 그는 바이올린과 기타도 잘 하는 것 같지 않아? 
#Person1#: 나는 그가 피아노를 좋아한다는 것만 알고 있어. 바이올린이나 기타를 한다는 얘기는 처음 듣는걸? 
#Person2#: 꽤 많은 사람들이 그를 싫어한다고 들었어. 혹시 그 이유를 알아? 
#Person1#: Fitzgerald는 자기 의견을 솔직하게 표현하니까 중요한 사람들이 가끔 불편해 하더라고. 유명세에 휘둘리지 않고 자신의 생각을 가지는 게 매력적인 것 같아. 개인적으로 그가 존경하는 사람은 Freddie Taylor라고 알고 있어. 
#Person2#: 근데 두 사람 성격은 좀 다른 것 같아. Freddie는 따뜻하고 사귀기 쉬운 성격이잖아.","#Person1#과 #Person2#는 Fitzgerald 감독의 새로운 영화에 대해 이야기합니다. #Person1#은 Fitzgerald가 자신의 생각을 솔직하게 표현하는 점을 매력적으로 느끼며, 그가 존경하는 인물로 Freddie Taylor를 언급합니다."
train.csv,그림,"#Person1#: 그래서 휴가는 어땠어? 파리에 갔다 왔다고 했지?
#Person2#: 맞아, 부모님이랑 갔어. 토요일에 돌아왔어. 정말 멋졌어!
#Person1#: 어디서 뭐 봤어?
#Person2#: 음, 제일 유명한 곳은 다 봤지. 에펠탑, 노트르담 대성당도... 진짜 재미있었어.
#Person1#: 투어도 했어?
#Person2#: 하나만 했어. 센강에서 보트 투어를 했어.
#Person1#: 와! 진짜 멋지다.
#Person2#: 응. 도심을 보기엔 최고였어.
#Person1#: 유명한 미술관에도 갔어?
#Person2#: 응. 우리 부모님은 미술을 엄청 좋아해서 미술관에서 몇 시간을 보냈어. 근데 난, 그림에는 별로 관심이 없어서 좀 지루했어.
#Person1#: 그럼, 또 뭐 했어?
#Person2#: 음, 그냥 카페에 앉아서 사람들 구경하는 게 제일 좋았던 것 같아. 진짜 편안했어, 그리고 프랑스 커피는 정말 최고였어.
#Person1#: 나도 보기엔 엄청난 휴가였던 것 같아. 하지만 일하러 가야 해서... 언젠간 가볼 수 있길 바래.","#Person1#은 #Person2#에게 파리에서 어떻게 보냈는지 물어봅니다. #Person2#는 유명한 장소를 방문하고, 카페에서 시간을 보내며 즐거움을 느꼈습니다. #Person1#은 언젠가 그곳에 가보고 싶어 합니다."
train.csv,그림,"#Person1#: 뭐 찾고 있어요?
#Person2#: 19세기 유럽 그림 모음집을 찾고 있어요.
#Person1#: 왼쪽에 있는 노란색 표지의 책 맞나요?
#Person2#: 잠깐만요. 아, 맞아요. 이게 제가 원하던 거예요. 정말 고마워요.",#Person1#은 #Person2#가 19세기 유럽 그림 모음집을 찾는 것을 도와줍니다.
train.csv,그림,"#Person1#: 안녕, Johanna! 이번 주 일요일에 미술 전시회 갈래? 내 친구가 거기서 그녀의 그림을 전시한대. 개막식이라서 무료 음료랑 음식도 있어! 
#Person2#: 음, 사실 특별히 계획된 건 없어. 재밌을 것 같네!",Johanna는 #Person1#의 초대로 미술 전시회에 참석하기로 했다.
train.csv,저 ,"#Person1#: 제가 여기 서비스가 좋다고 들어서, 이사할 때마다 가장 먼저 연락드려요.
#Person2#: 연락 주셔서 감사합니다. 어떤 도움 필요하신지 말씀 좀 해주시겠어요?
#Person1#: 네, 저희가 현재 8층에 있는데, 다른 건물 6층으로 이사하려고 해요. 그곳까지 약 15킬로미터 정도 되거든요.
#Person2#: 알겠습니다. 비용은 이사하는 층수, 두 장소 간의 거리, 그리고 옮길 물품의 양에 따라 결정됩니다.
#Person1#: 그럼 비용이 얼마나 들까요?
#Person2#: 음, 보니까 두 번째 기준 요금에 부합하시네요. 계약서를 한번 보시겠어요?
#Person1#: 요금이 선금과 잔액으로 나뉘어 있네요. 전부 이사 전에 내야 하는 줄 알았어요.
#Person2#: 아니요, 계약 체결 시 전체 비용의 50%를 선결제하시면 되고, 나머지는 이사 완료 후에 지불하시면 됩니다.
#Person1#: 손상 및 보상 부분이 헷갈리는데, 설명 좀 해주실 수 있나요?
#Person2#: 네, 이사 중에 물건이 손상될 경우 저희 부서에 보상 청구를 하실 수 있습니다.","#Person1#는 이사를 위해 #Person2#에게 전화를 걸어 도움을 요청하고, 필요한 사항을 설명하며 비용을 문의합니다. #Person2#는 계약서와 함께 비용 및 보상 절차에 대해 안내합니다."
train.csv,저 ,"#Person1#: 당신은 묵비권을 행사할 권리가 있습니다. 당신이 말하는 것은 법정에서 불리하게 사용될 수 있습니다. 질문을 받을 때 변호사를 대동할 권리가 있습니다. 만약 변호사를 구할 여유가 없다면, 변호사가 제공될 것입니다. 이해하셨습니까?
#Person2#: 네.
#Person1#: 이름이 어떻게 되시죠?
#Person2#: 제 이름은 James입니다.
#Person1#: 국적은 어떻게 되나요?
#Person2#: 미국인입니다.
#Person1#: 피해자와는 어떤 관계인가요?
#Person2#: 그 사람을 모르는데요.
#Person1#: 왜 피해자를 공격했나요?
#Person2#: 그가 먼저 제 가방을 빼앗으려 해서 저지하려다가 그에게 맞았습니다.
#Person1#: 피해자를 몇 번 찔렀나요?
#Person2#: 그의 배를 세 번 찔렀습니다.
#Person1#: 이런 행동이 심각한 부상이나 사망을 초래할 수 있다는 것을 알고 있었나요?
#Person2#: 알고 있었지만, 제 자신을 통제할 수 없었어요.
#Person1#: 피해자를 죽이려는 의도가 있었나요?
#Person2#: 아니요, 저는 의도적으로 그를 죽인 게 아닙니다. 그 사건은 그가 일으킨 겁니다. 변호사를 만나봐야겠어요.
#Person1#: 알겠습니다. 변호사의 전화번호를 주세요. 우리가 연락하겠습니다.",#Person2#는 피해자가 먼저 가방을 빼앗으려 했다고 주장하며 그를 찔렀다고 합니다. #Person2#는 고의로 죽이지 않았다고 주장하고 있습니다.
train.csv,저 ,"#Person1#: 먼저 결제 조건에 대해서 얘기해보죠.
#Person2#: 저희가 불가역적인 신용장을 요구하는 것 아시죠? 선적 서류가 제시되면 지불되는 방식입니다.
#Person1#: 당신의 입장은 충분히 이해합니다. 불가역적인 신용장은 판매자가 제때 돈을 받도록 보장합니다. 하지만 반대로 구매 비용을 증가시키는 요인이기도 하죠. 우리가 결국 3년 동안 거래해온 파트너이고, 우리에 대해서 잘 알고 계시잖아요. D/A나 D/P로 진행할 수 없을까요?
#Person2#: 죄송하지만, 저희는 지금까지 L/C로 결제받는 것을 고수해왔습니다.
#Person1#: 그러나 우리 정부는 우리 수입품에 대해 L/C 결제를 승인하는 데 주저하고 있습니다. 허가 문제도 있구요.
#Person2#: 이해합니다만, 지금 당장은 도와드릴 방법이 없습니다. 앞으로 더 크고 많은 거래를 하게 되면 그때는 어떤 방안을 고려해볼 수도 있습니다.","#Person1#은 #Person2#에게 D/A나 D/P로 결제해달라고 요청했으나, #Person2#는 L/C 결제를 고수하여 거래 조건을 변경하지 않았습니다."
train.csv,이블,"#Person1#: 안녕하세요, 저는 Jack이에요.
#Person2#: 안녕하세요. 자, 여기입니다. 보시다시피 풀 옵션으로 되어 있구요. TV도 있고, 케이블 TV와 광대역 인터넷은 임대료에 포함되어 있어요. 작은 주방은 저쪽에 있고, 새로 산 냉장고와 가스레인지, 주전자, 토스터, 전자레인지가 있습니다. 생활에 필요한 것들은 다 갖춰져 있어요. 화장실은 저쪽에 있고, 샤워 부스랑 세면대도 모두 B&Q에서 새로 산 것들이에요. 창문으로는 공원이 잘 보입니다.
#Person1#: 음... 생각보다 작네요. 임대료가 얼마라고 하셨죠?
#Person2#: 주당 250이고, 물론 가스, 물, 전기 요금은 별도로 부담하셔야 합니다.
#Person1#: 광고에는 200이라고 나와 있었는데요.
#Person2#: 네, 그건 위층 작은 방 가격이었고, 이미 나갔습니다.
#Person1#: 250은 저한테 좀 비싸네요.
#Person2#: 여기는 런던이에요. 그리고 이건 당신만의 공간이잖아요. 위치도 좋고, 지하철역도 가깝습니다.
#Person1#: 주당 200까지는 가능하겠는데, 다른 요금까지는 감당할 수 없어요.
#Person2#: 알겠어요. 한 달치 임대료는 선불로, 보증금은 한 달치입니다. 총 400 현금입니다. 여기가 계약서니까, 읽어보시고 각 페이지에 서명해주세요.
#Person1#: 네.","Jack은 런던의 집을 임대하려 하지만, 임대료와 추가 요금 때문에 주당 250은 부담스럽다고 느낍니다. 결국 주방, 화장실 등 다양한 옵션이 포함된 이 집을 주당 200에 타협하기로 합니다."
train.csv,이블,"#Person1#: 케이블에 문제가 생겼어요.
#Person2#: 어떤 문제인가요?
#Person1#: 지난주부터 케이블이 안 나오고 있어요.
#Person2#: 현재 케이블이 다운된 상태입니다. 정말 죄송합니다.
#Person1#: 언제 다시 서비스가 되나요?
#Person2#: 앞으로 며칠 내로 복구될 예정입니다.
#Person1#: 그래도 케이블 요금을 내야 하나요?
#Person2#: 케이블이 다운된 동안은 요금이 크레딧으로 전환될 것입니다.
#Person1#: 그럼, 돈을 안 내도 되는 건가요?
#Person2#: 네, 케이블이 복구될 때까지는 요금이 청구되지 않습니다.
#Person1#: 알겠어요, 감사합니다.
#Person2#: 아닙니다. 불편을 끼쳐드려 죄송합니다.","#Person1#는 케이블 문제가 있다고 보고했습니다. #Person2#는 케이블이 곧 복구될 예정이며, 그동안 요금은 청구되지 않을 것이라고 안내했습니다."
train.csv,이블,"#Person1#: 저, 불만이 있어요. 열 분 동안 테이블에서 기다렸는데, 웨이터가 드디어 와서 주문을 받았어요. 그런데 나온 음식이 제가 주문한 게 아니더라고요.\n#Person2#: 정말 죄송합니다. 오늘 밤은 평소보다 많이 바빠서요. 보상으로, 오늘 식사는 무료로 하겠습니다.","#Person1#이 불만을 제기하자, #Person2#가 그녀의 식사를 무료로 제공하기로 했습니다."
train.csv,이웃,"#Person1#: 중학교 운동회 처음 와보는 거야? 
#Person2#: 응, 근데 너무 좋아. 운동회에 어떤 종목들이 있어? 
#Person1#: 장거리 달리기, 단거리 달리기, 허들, 계주, 제자리멀리뛰기, 높이뛰기, 포환던지기 등이 있어. 
#Person2#: 우리 이웃인 Bruce가 계주에 나간대. 가서 보자. 
#Person1#: 그래, 가자. 
#Person2#: 경기가 5분 뒤에 시작한대. 긴장된다. 
#Person1#: 와, Bruce가 선두야! 
#Person2#: 다른 선수들이 거의 따라잡았어. 막상막하야. 
#Person1#: 힘내, Bruce! 힘내, Bruce! 
#Person2#: 와, Bruce가 1등으로 결승선을 넘었어!",중학교 운동회에서 #Person1#와 #Person2#는 이웃인 Bruce를 계주에서 응원한다.
train.csv,이웃,"#Person1#: 방금 전화 벨소리 들리지 않았어?
#Person2#: 난 아무 소리도 못 들었는데.
#Person1#: 두세 번 울린 것 같았어.
#Person2#: 가끔 창문이 열려 있으면 이웃집 전화 소리가 들릴 수도 있어.
#Person1#: 음, 중요한 전화 기다리고 있어서 놓치고 싶지 않아.",#Person1#은 전화벨 소리를 들었지만 #Person2#은 듣지 못했습니다.
train.csv,이웃,"#Person1#: 안녕, Peter. 무슨 일이야? 기분이 안 좋아 보여.
#Person2#: 우리가 서부 쪽으로 여행을 가려고 하는데, 강아지를 데리고 가고 싶어. 그런데 강아지를 허용하는 호텔을 찾기가 어려워서 아마 이웃집에 맡겨야 할 것 같아.
#Person1#: 내가 TV 프로그램에서 봤는데, 요즘 애완동물을 허용하는 호텔이 늘어나고 있대. 호텔이 애완동물 친화적이라고 광고하면, 강아지를 데리고 갈 수 있다는 뜻이야.
#Person2#: 우리 아버지는 그런 걸 잘 모르시는 것 같아. 더 많은 정보를 어디서 찾을 수 있을까?
#Person1#: Peter, 인터넷에 다 나와 있어.
#Person2#: 아 맞다, 바로 찾아볼게.",Peter는 강아지를 데리고 갈 수 있는 호텔을 찾기가 어려워 고민하고 있다. #Person1#는 그에게 인터넷에서 정보를 찾아보라고 조언한다.
train.csv,그땐,"#Person1#: 다이애나, 너는 IQ랑 EQ 중에 뭐가 더 중요하다고 생각해?
#Person2#: 제리, 갑자기 왜 그런 질문을 해?
#Person1#: 어젯밤에 포레스트 검프 영화를 봤거든. 그래서 궁금해졌어.
#Person2#: 음, 내가 보기엔 IQ가 더 중요하긴 한데, EQ가 없으면 아무 소용이 없지.
#Person1#: 왜 그렇게 생각해?
#Person2#: 지적인 사고는 인생에서 유익할 수밖에 없잖아.
#Person1#: 그런데 IQ는 태어날 때 결정되는 거 아니야? 많이 개선하기도 힘들고.
#Person2#: 그래서 사람들의 성취가 크게 달라지는 거지.
#Person1#: 맞아, 그런데 만약 어려운 상황을 만나면 그땐 EQ에 의존해야 하지 않아?
#Person2#: 맞아, 제리. 너가 생각하는 EQ에 대해 좀 말해줄래?
#Person1#: 내 생각에는 IQ와는 독립적이고 우리가 삶을 살아가는 데 큰 역할을 하는 것 같아.
#Person2#: 맞아. 너도 알겠지만 성공하려면 높은 IQ는 필수는 아니잖아.
#Person1#: 포레스트처럼 말이야?
#Person2#: 응, 그는 EQ만 잘 관리하면 성공할 수 있을 만큼 IQ도 충분히 높았잖아.
#Person1#: 알겠어.","제리가 다이애나에게 IQ와 EQ 중 무엇이 더 중요한지 묻는다. 다이애나는 IQ가 더 중요하다고 하지만, EQ 없이는 소용이 없다고 하고, 제리는 EQ가 우리의 삶의 방식을 결정하는 데 중요한 역할을 한다고 생각한다."
train.csv,그땐,"#Person1#: 오늘 저녁에 무슨 계획 있어?
#Person2#: 아니, 시간 많아.
#Person1#: 그럼, 저녁 먹으러 우리 집에 와서 마작 한 판 어때?
#Person2#: 좋아.
#Person1#: 너 전에는 마작에 그렇게 관심 없었잖아.
#Person2#: 그땐 마작의 재미를 몰랐으니까. 왜 마작이 인기가 많은 거지? 아는 거 있어?
#Person1#: 잘 모르겠어. 근데 외국인도 예전 카드 게임 외에 마작에 관심을 가지기 시작한 것 같아.
#Person2#: 맞아. 일부는 이미 전문가야.
#Person1#: 진짜 그래. 근데 마작의 매력은 한 번 빠지면 헤어 나오기 힘들다는 거야.
#Person2#: 맞아, 나도 한때 우표 수집이나 책 읽기에 빠졌는데 이제는 너무 지루해.
#Person1#: 예전 취미들이 훨씬 유익했을 거야.
#Person2#: 그건 부정할 수 없고 어쩔 수 없지.
#Person1#: 종소리가 들리네. 우리 파트너일 거야.",#Person2#는 마작에 흥미를 가지게 되었고 #Person1#은 이 취미가 끊기 어렵다고 생각한다.
train.csv,그땐,"#Person1#: 아, 안 돼. 이럴 수가 없어.
#Person2#: 무슨 일이야?
#Person1#: 비상벨을 눌러야겠어. 몇 주 전에 이거 점검하라고 했는데. 그냥 계단 이용할 걸 그랬어.
#Person2#: 이런 일이 전에도 있었던 거야?
#Person1#: 그래, 몇 주 전에 그랬는데 그땐 나 여기 없었어. 아, 만약 여기에 오래 갇혀 있으면 정말 어떻게 해야 할지 모르겠어.
#Person2#: 저런, 큰일이네. 너무 불안해하지 마. 진정해봐.
#Person1#: 약속 시간 맞추려고 엄청 애썼는데, 이제 봐봐.
#Person2#: 불평한다고 해결되진 않을 거야.
#Person1#: 어떻게 그렇게 침착할 수 있어? 이런 일이 너한테도 있었어?
#Person2#: 아니, 나도 처음이야. 그런데 내가 당황한다고 무슨 도움이 되겠어? 차라리 여기서 시간을 즐기는 게 낫겠어.
#Person1#: 그게 어떻게 가능해?
#Person2#: 음, 휴대폰으로 음악을 듣거나, 전자책을 읽거나, 아니면 네 이야기를 좀 해줘 봐.
#Person1#: 그래.",#Person1#이 엘리베이터 고장으로 #Person2#에게 불만을 표하고 당황한다. #Person2#는 #Person1#에게 진정하고 상황을 긍정적으로 바라보도록 조언한다.
train.csv,그중,"#Person1#: Tom, 너는 특별한 취미가 있어?
#Person2#: 아, 응. 난 배드민턴, 탁구, 컴퓨터 게임을 정말 좋아해. 그중에서 게임하는 게 제일 좋아.
#Person1#: 요즘 애들은 컴퓨터 앞에 몇 시간씩 앉아 있다면서. 자기 건강은 신경도 안 쓴다던데, 너도 그래?
#Person2#: 나도 그들과 다를 바 없어. 사람들은 기계 앞에만 앉아 있는 게 멍청하다고 하지만, 나는 오히려 자극적이라고 생각해.
#Person1#: 온라인 게임 중에서도 폭력적인 게임은 안 하겠지?
#Person2#: 가끔 하기도 해.
#Person1#: 그거 안 좋아. 하루에 몇 시간씩 컴퓨터 게임에 빠져 있는 건 시간 낭비 같아. 차라리 건강하고 의미 있는 일을 하는 게 낫지.
#Person2#: 그래, 다시 자제력을 가질 수 있길 바라.","Tom은 배드민턴, 탁구, 컴퓨터 게임을 즐기며, 특히 컴퓨터 게임을 좋아합니다. #Person1#은 컴퓨터 앞에서 보내는 시간이 의미 없다고 생각하고, Tom은 자제력을 갖고 싶어합니다."
train.csv,그중,"#Person1#: 책 좀 찾는 거 도와줄 수 있을까요? 수업 때문에 필요한데 미국 역사에 대한 보고서를 쓰고 있어요.
#Person2#: 물론이에요. 우리 도서관 컴퓨터 사용 방법 아세요? 모든 책 목록이 우리 웹사이트에 있어요. 필요한 책을 찾으면 본관의 위치로 안내해 드릴게요.
#Person1#: 고마워요. 그런데 컴퓨터에서 어떤 책을 찾아야 할지 잘 모르겠어요. 주제가 너무 막연해서 특정 책이 아니라 주제에 맞는 여러 책을 어떻게 찾을 수 있을까요?
#Person2#: 제가 보여드릴게요. 화면의 검색창에 주제를 입력하면 관련된 책 목록이 나와요. 그중에서 몇 권을 선택해서 서가에서 찾아보죠.
#Person1#: 감사합니다.
#Person2#: 참고로, 한 번에 세 권까지 대출할 수 있다는 점 기억하세요.","#Person2#는 #Person1#에게 도서관 컴퓨터를 이용하여 주제와 관련된 책을 찾는 방법을 안내하고, 한 번에 최대 세 권까지 대출할 수 있다고 설명합니다."
train.csv,그중,"#Person1#: 어제 벽에 붙인 그 사진 마음에 들어요.
#Person2#: 아, 고마워요. 저 사진은 작년 휴가 때 제가 직접 찍은 거예요.
#Person1#: 직접 찍었어요? 사진작가인 줄 몰랐네요.
#Person2#: 네, 사실 몇 년 동안 사진을 찍어왔어요.
#Person1#: 재밌겠군요! 다른 사진도 여기 더 있나요? 볼 수 있을까요?
#Person2#: 네, 물론이죠! 주로 인물 사진인데, 그냥 돌아다니면서 본 사람들의 얼굴을 찍어요.
#Person1#: 찍을 때 사람들이 사진 찍히는 걸 알고 있나요?
#Person2#: 최대한 모르게 하려고 해요. 저는 카메라를 의식하고 포즈를 잡는 사람들보다, 자연스러운 모습을 좋아해요.
#Person1#: 장비가 많이 필요하겠어요. 카메라는 몇 대나 있어요?
#Person2#: 대여섯 대쯤 있는데, 그중 두 대를 가장 자주 써요.","#Person1#은 #Person2#의 사진을 칭찬하고, #Person2#는 사진작가로서 여러 해 동안 사진을 찍어왔다고 설명합니다. #Person1#은 이러한 사진의 배경과 사용한 장비에 대해 질문합니다."
train.csv,이룰,"#Person1#: 다들 입국 허가서 작성했어요?
#Person2#: 네, 비디오 촬영하는 사람이 벌써 우리 부모님이 승무원이랑 영어로 대화하는 걸 찍고 있어요.
#Person1#: 승무원이 자꾸 나한테 웃는 것 같아. 왜 그런지 궁금하네...
#Person2#: 아, 이제 곧 2000년이 될 거예요! 승무원들이 이쪽으로 오고 있어요. 샴페인 병도 들고 오네요!
#Person1#: 이제 시간이 됐어요.
#Person2#: 무슨 시간이요?
#Person1#: 우리 둘의 결혼 소원을 이룰 시간이요...
#Person2#: 지금 결혼하자고요? 비행기에서?
#Person1#: 왜 안돼요? 나는 반지도 준비했는데.
#Person2#: 무슨 말을 해야 할지 모르겠어요, Jack!
#Person1#: '네'라고 해줬으면 좋겠어요...",Jack과 #Person1#은 비행기에서 승무원과 대화를 나누다 Jack이 갑자기 #Person2#에게 청혼을 해 놀랍니다.
train.csv,이룰,"#Person1#: 이제 이전 근무 실적에 대해 말씀해 주세요.
#Person2#: 네, 알겠습니다. 제가 북경 프렌드십 스토어에서 영업 부장을 맡았을 때, 연간 매출을 25퍼센트 올리고 수익률을 50퍼센트에서 80퍼센트로 높였습니다.
#Person1#: 정말 대단한 성과네요! 그게 가장 보람 있는 업무 경험이라고 생각하시나요?
#Person2#: 별로 그렇게 생각하지는 않아요. 앞으로 더 많은 성과를 이룰 겁니다.
#Person1#: 어떤 수상 경력이 있나요?
#Person2#: 네. 2006년에 선진 직원 칭호를 받았습니다.
#Person1#: 논문을 발표한 적이 있나요?
#Person2#: 네. '사회주의 시장 경제에서의 대인 관계에 관한 논문'을 작성했고, 중국데일리에 게재되었습니다.","#Person2#는 #Person1#에게 자신의 이전 근무 실적을 설명하며, 2006년에 선진 직원 칭호를 받고 중국데일리에 논문을 발표했다고 말합니다."
train.csv,이룰,"#Person1#: 존, 너 비행기 역사에 대해 잘 알지? 라이트 형제가 처음으로 비행기를 만든 걸로 유명한데, 처음에는 어떤 목적이 있었는지 말해줄 수 있어?
#Person2#: 처음에는 아마도 유명해지고 싶었던 것 같아. 그들도 자신들이 뭘 이룰 수 있을지 확신하지 못했을 거야.
#Person1#: 둘 중에 한 명이라도 혼자서 할 수 있었을까?
#Person2#: 둘 중 누구도 혼자서는 할 수 없었을 거야. 두 사람의 아이디어가 합쳐져서 가능했던 일이야.
#Person1#: 주변 사람들은 라이트 형제를 어떻게 봤을까?
#Person2#: 대부분의 사람들이 라이트 형제에게 관심이 있었지만, 몇몇은 걱정했을지도 몰라. 두 남자가 일해야 할 시간에 연을 날리고 있는 걸 보면 궁금했을 수도 있고, 아이들은 그걸 보고 신났을지도 몰라.","존은 라이트 형제가 처음에 유명해지려 했다고 보고, 그들의 비행기 제작은 두 사람의 공동 노력이었다고 생각한다. 이웃들 중 일부는 그들을 걱정했을 수도 있다고 추측한다."
train.csv,저,"#Person1#: 안녕하세요, Mr. Smith. 저는 Dr. Hawkins입니다. 오늘 무슨 일로 오셨어요? 
#Person2#: 건강검진을 받으려고 왔어요. 
#Person1#: 네, 5년 동안 검진을 안 받으셨네요. 매년 한 번씩 받으셔야 해요. 
#Person2#: 알죠. 특별히 아픈 데가 없으면 굳이 갈 필요가 없다고 생각했어요. 
#Person1#: 음, 심각한 질병을 피하려면 미리 발견하는 게 제일 좋거든요. 본인을 위해서라도 매년 한 번은 오세요. 
#Person2#: 알겠습니다. 
#Person1#: 여기 좀 볼까요. 눈과 귀는 괜찮으시네요. 깊게 숨 한 번 쉬어보세요. Mr. Smith, 담배 피우세요? 
#Person2#: 네. 
#Person1#: 담배가 폐암하고 심장병의 주된 원인인 거 아시죠? 끊으셔야 해요. 
#Person2#: 수백 번 시도했는데, 도저히 습관이 안 끊어져요. 
#Person1#: 음, 도움 될만한 수업과 약물들이 있습니다. 가시기 전에 더 정보를 드릴게요. 
#Person2#: 네, 고맙습니다, 의사 선생님.","Mr. Smith는 Dr. Hawkins에게 건강검진을 받으러 와서, 매년 검진 필요성을 안내받고 흡연 습관 개선을 위한 도움을 제안받았습니다."
train.csv,저,"#Person1#: 안녕하세요, Mrs. Parker. 잘 지내셨나요?
#Person2#: 안녕하세요, Dr. Peters. 잘 지내고 있어요. Ricky랑 저희 둘 다 백신 맞으러 왔어요.
#Person1#: 알겠습니다. 백신 기록을 보니 Ricky는 소아마비, 파상풍, 그리고 B형 간염 예방접종을 받았네요. 지금 14개월이라 A형 간염, 수두, 홍역 예방접종을 맞아야 해요.
#Person2#: 풍진과 유행성이하선염은요?
#Person1#: 지금은 이 정도만 맞고, 몇 주 후에 나머지를 할 수 있어요.
#Person2#: 좋아요. 그리고 저도 파상풍 부스터가 필요할 것 같아요. 마지막으로 맞은 지 아마 15년은 된 것 같아요!
#Person1#: 기록을 확인해서 간호사에게 부스터도 맞출 수 있도록 할게요. 이제 Ricky 팔 꽉 잡아주세요, 좀 따끔할 수 있어요.","Mrs. Parker가 Ricky와 함께 백신 접종을 위해 방문하였고, Dr. Peters는 Ricky에게 적절한 백신을 접종하도록 안내합니다."
train.csv,저,"#Person1#: 저기요, 열쇠 세트 본 적 있어요?
#Person2#: 어떤 종류의 열쇠요?
#Person1#: 열쇠 다섯 개랑 작은 발 장식이 달려 있어요.
#Person2#: 아, 안타깝네요! 못 봤어요.
#Person1#: 그럼, 같이 좀 찾아주실 수 있어요? 여긴 처음이라서요.
#Person2#: 물론이죠. 도와드릴게요.
#Person1#: 정말 친절하시네요.
#Person2#: 별거 아니에요. 이봐요, 찾았어요.
#Person1#: 아, 감사합니다! 어떻게 감사해야 할지 모르겠네요.
#Person2#: 천만에요.",#Person1#은 열쇠 세트를 잃어버리고 #Person2#에게 찾는 것을 도와달라고 요청합니다.
train.csv,그,"#Person1#: 안녕하세요, Mrs. Parker. 잘 지내셨나요?
#Person2#: 안녕하세요, Dr. Peters. 잘 지내고 있어요. Ricky랑 저희 둘 다 백신 맞으러 왔어요.
#Person1#: 알겠습니다. 백신 기록을 보니 Ricky는 소아마비, 파상풍, 그리고 B형 간염 예방접종을 받았네요. 지금 14개월이라 A형 간염, 수두, 홍역 예방접종을 맞아야 해요.
#Person2#: 풍진과 유행성이하선염은요?
#Person1#: 지금은 이 정도만 맞고, 몇 주 후에 나머지를 할 수 있어요.
#Person2#: 좋아요. 그리고 저도 파상풍 부스터가 필요할 것 같아요. 마지막으로 맞은 지 아마 15년은 된 것 같아요!
#Person1#: 기록을 확인해서 간호사에게 부스터도 맞출 수 있도록 할게요. 이제 Ricky 팔 꽉 잡아주세요, 좀 따끔할 수 있어요.","Mrs. Parker가 Ricky와 함께 백신 접종을 위해 방문하였고, Dr. Peters는 Ricky에게 적절한 백신을 접종하도록 안내합니다."
train.csv,그,"#Person1#: 저기요, 열쇠 세트 본 적 있어요?
#Person2#: 어떤 종류의 열쇠요?
#Person1#: 열쇠 다섯 개랑 작은 발 장식이 달려 있어요.
#Person2#: 아, 안타깝네요! 못 봤어요.
#Person1#: 그럼, 같이 좀 찾아주실 수 있어요? 여긴 처음이라서요.
#Person2#: 물론이죠. 도와드릴게요.
#Person1#: 정말 친절하시네요.
#Person2#: 별거 아니에요. 이봐요, 찾았어요.
#Person1#: 아, 감사합니다! 어떻게 감사해야 할지 모르겠네요.
#Person2#: 천만에요.",#Person1#은 열쇠 세트를 잃어버리고 #Person2#에게 찾는 것을 도와달라고 요청합니다.
train.csv,그,"#Person1#: 너 여자친구 있는 거 왜 말 안 했어?
#Person2#: 미안해, 네가 알고 있는 줄 알았어.
#Person1#: 그런데 사랑하는 사람 있다고 말했어야지.
#Person2#: 내가 안 했었나?
#Person1#: 안 했잖아.
#Person2#: 이제 말하잖아.
#Person1#: 맞아, 그런데 이전에 말할 수도 있었잖아.
#Person2#: 네가 관심 없을 줄 알았어.
#Person1#: 진심이야? 결혼할 거라는 말도 안 하다니 참.
#Person2#: 미안해, 별로 중요하지 않다고 생각했어.
#Person1#: 아, 남자들 다 똑같아!",#Person1#은 #Person2#가 여자친구가 있고 결혼할 예정이라는 사실을 말하지 않아서 화가 났습니다.
dev.csv,이 시간대에,"#Person1#: 아, 여기가 어디죠?
#Person2#: 저기요, 도와드릴까요?
#Person1#: 과학 박물관에 가고 싶은데 몇 시간째 길을 잃었어요. 이 발권기를 사용할 줄도 몰라요.
#Person2#: 음, 그러면 이 버튼을 누르시고 4번 플랫폼에서 기차를 타시면 돼요.
#Person1#: 알겠어요. 아, 그리고 이 시간대에 기차는 얼마나 자주 오나요?
#Person2#: 보통 6분 간격으로 옵니다.
#Person1#: 알겠습니다, 어디에서 내려야 하나요?
#Person2#: 여기서 세 정거장 가서 State Street Station에서 내리시면 돼요.
#Person1#: 알겠어요, 도와주셔서 감사합니다.
#Person2#: 천만에요. 행운을 빌어요.",#Person2#는 #Person1#에게 발권기 사용 방법과 과학 박물관까지 가는 길을 안내한다.
dev.csv,이 프로젝트,"#Person1#: 저희 프로그램은 자동차 수리를 배우는 과정이에요. 16세부터 성인까지 사람들에게 가르칩니다. 우리는 고등학교 캠퍼스에 위치해 있으며, 직업 교육을 제공하고 있어요. 그러니까 특정 기술을 가르쳐서 직장에서 활용할 수 있게 훈련합니다.
#Person2#: 저는 이런 수업이 좋아요. 그냥 교과서만 보는 것보다 실제로 어떻게 사용하는지 배우는 게 훨씬 더 실용적이잖아요.
#Person1#: 오늘은 실습하는 날이에요. 그래서 제가 작업장으로 돌아가면, 모든 학생들이 프로젝트에 참여하고 있을 거예요. 먼저 Jack이 공구를 꺼내 차를 들어 올리고 타이어를 교체할 겁니다. 우리 프로그램에 참여하는 모든 학생들은 각자 자신들의 차를 고칠 수 있도록 목표를 세우고 있어요. 수업을 소개할 때, 자동차 작동에 대해 소비자가 이해할 수 있는 부분도 함께 알려줄 거예요.
#Person2#: 알겠습니다. 오늘 이 과정에 등록할게요. 지금 바로 참여할 수 있나요?","#Person1#은 #Person2#에게 자동차 수리 과정에 대해 소개하고, 실습일에 진행되는 활동을 설명합니다. #Person2#는 흥미를 보여 과정에 등록하기로 결정합니다."
dev.csv,이 도시에서,"#Person1#: 이리 와봐! 여기서 높은 녹나무가 보여. 
#Person2#: 응, 저기 주목나무도 몇 그루 보이네. 
#Person1#: 이 도시에서 정말 멋진 식물원이야. 
#Person2#: 자연의 소리를 들어봐! 음악 같아. 
#Person1#: 맞아, 나도 그렇게 느껴. 정말 기분 좋게 해줘. 
#Person2#: 저게 뭐야, Miss Liu? 
#Person1#: 빨간 꽃 말하는 거야? 모란꽃이야. 
#Person2#: 빨간색과 노란색 모란꽃들이 정말 아름다워. 
#Person1#: 네가 정말 좋아하는구나, 맞지? 
#Person2#: 당연하지. 오늘 사진 많이 찍을 거야. 
#Person1#: 내가 도와줄게. 
#Person2#: 정말 친절하네. 고마워.",Miss Liu와 #Person2#는 식물원을 방문하고 있으며 #Person2#는 그곳의 풍경을 즐기고 Miss Liu는 사진 촬영을 도와주겠다고 합니다.
dev.csv,이 프로그램,"#Person1#: Kate, 채널 좀 바꿔도 될까?
#Person2#: 왜?
#Person1#: 이 채널에는 광고가 너무 많고 재미없는 프로그램들만 하네.
#Person2#: 그래, 바꿔도 돼.
#Person1#: 이건 어때? 이 프로그램 좋아해?
#Person2#: 아니, 나한테는 너무 지루해. 채널 12번으로 바꿔줄래?
#Person1#: 응, 알겠어. 아, 토크쇼네.
#Person2#: 응, 이거 정말 재미있어. 예전에 본 적 있어?
#Person1#: 아니, 오늘 처음이야.
#Person2#: 분명히 마음에 들 거야.","#Person1#이 채널 변경을 요청하자, #Person2#이 토크쇼를 추천합니다."
dev.csv,그 사람들,"#Person1#: 수잔, 너 고대 중국에서 가장 못생긴 네 명의 여인에 대해 들어본 적 있어?
#Person2#: 아니, 나는 중국의 네 명의 미녀들만 알아.
#Person1#: 역사적으로 유명한 못생긴 여인들도 있었어.
#Person2#: 그래? 그 사람들이 못생겨서 유명했어?
#Person1#: 못생겼지만 덕이 훌륭했어.
#Person2#: 그럼 그 사람들이 누구야?
#Person1#: 모무, 종리춘, 몽광, 그리고 루안여야. 그들은 존경받았어.
#Person2#: 역시 내면의 아름다움이 중요하구나.
#Person1#: 때로는 내면의 아름다움이 더 멋지지.",#Person1#은 수잔에게 고대 중국에서 덕이 훌륭했던 네 명의 가장 못생긴 여인들에 대해 소개했습니다.
dev.csv,그 사람들,"#Person1#: 글씨가 너무 흐려져서 잘 안 보여. 이 달에 토너 카트리지 교체했다고 들었는데.
#Person2#: 아닌 것 같은데? 아니면 누가 최근에 대량으로 팩스를 받았나?
#Person1#: 괜찮아, 우리가 직접 하면 돼.
#Person2#: 너 그거 할 줄 알아? 난 기계 다루는 걸 잘 못해서, 빨리 누구한테 시켜서 하게 할게.
#Person1#: IT 부서에 누군가한테 물어봐. 어차피 그 사람들이 사무실 전자 장비 맡고 있잖아.",토너 카트리지가 다 된 것 같다. #Person1#은 #Person2#에게 IT 부서의 도움을 요청하라고 제안한다.
dev.csv,그 사람들,"#Person1#: 연예인은 정말 쉬운 삶을 사는 것 같아. 돈도 많고, 원하는 건 거의 다 살 수 있잖아. 유명하니까 다들 좋아하고.
#Person2#: 난 그 사람들이 끔찍한 삶을 살고 있을 거라고 생각해. 어디를 가든, 뭘 하든 파파라치가 항상 사진을 찍잖아. 그런 거에 질려버리지 않겠어?
#Person1#: 사실은 그 사람들이 그걸 좋아한다고 봐. 물론 불평은 하지만, 그게 오히려 더 많은 주목을 받게 하잖아?
#Person2#: 나 생각엔 대부분의 연예인들은 자신에 대한 주목을 원하지 않을걸. 그들은 그냥 영화에만 관심을 갖길 원할 뿐이야.
#Person1#: 아니야! 그들은 자신에 대한 주목을 원해, 그래야 더 많은 영화에 초대받고, 파티에도 가고, 심지어 앨범도 내고! 정말 쉬운 삶이지. 파티에 가도 음료수 값도 안 내잖아.
#Person2#: 연예인들도 충분히 돈 쓸 일이 많아. 그래서 많은 돈이 필요하지. 큰 집이나 멋진 옷을 사려면 수백만 달러가 필요하잖아. 난 대부분의 연예인들이 청바지에 티셔츠를 입는 걸 선호할 거라고 생각해, 하지만 매니저가 다른 옷을 입게 하잖아.
#Person1#: 난 어떻게 연예인들에게 동정심을 가질 수 있는지 모르겠어. 그들은 과대평가되고, 야망이 크고, 지나치게 사랑받아.
#Person2#: 난 그들에게 좀 더 인정해줘야 한다고 생각해. 그들은 굉장히 재능 있는 사람들이고, 그들이 버는 돈은 충분히 받을 자격이 있어. 그들은 자신보다 어려운 사람들을 돕기 위해 자선단체에 돈도 기부하잖아.
#Person1#: 에이! 그건 다 그들의 영화와 자기 자신을 더 홍보하기 위한 거잖아.","#Person1#과 #Person2#는 연예인들에 대해 상반된 의견을 가지고 있다. #Person1#은 그들이 쉬운 삶을 살며 주목을 통해 더 많은 영화와 사교 활동을 원하고, 과대평가되고 사랑받는다고 생각한다. 반면 #Person2#는 연예인들에게 동정심을 보이며 #Person1#이 그들을 인정해 줘야 한다고 생각한다."
dev.csv,그 사람의,"#Person1#: 이번 화요일에 투표할 거야? 
#Person2#: 응, 할 거야. 완전 기대돼. 
#Person1#: 누구한테 투표할지 정했어? 
#Person2#: 응, 내 후보를 정말 좋아해. 
#Person1#: 왜 그렇게 생각해? 
#Person2#: 그 후보가 가장 똑똑한 것 같거든. 
#Person1#: 그래? 
#Person2#: 게다가 그 사람의 모든 정책에 동의해. 
#Person1#: 그래? 좋네! 
#Person2#: 이번에 꼭 대통령 될 거야. 
#Person1#: 그럴 수 있길 바라. 
#Person2#: 투표할 날이 정말 기다려져.",#Person2#는 #Person1#에게 후보의 지성과 정책 때문에 그를 지지한다고 말합니다.
dev.csv,이 드레스,"#Person1#: 무엇을 도와드릴까요? 
#Person2#: 네, 초록색 드레스를 찾고 있어요.
#Person1#: 사이즈는 어떻게 되세요? 이 드레스들은 세일 중이에요.
#Person2#: 32 사이즈요. 이거 괜찮아 보이네요. 어디서 입어볼 수 있나요?
#Person1#: 이쪽으로 오세요. 여기 탈의실입니다.
#Person2#: 어떤가요?
#Person1#: 잘 어울리세요. 그리고 가격도 저렴해요.
#Person2#: 얼마인가요?
#Person1#: $20밖에 안 해요.
#Person2#: 그럼 살게요.","#Person1#이 #Person2#에게 초록색 드레스를 추천하고, #Person2#는 드레스를 입어본 후 구매합니다."
dev.csv,그 정도면,"#Person1#: 이 아파트 정말 임대하고 싶어요.
#Person2#: 그렇게 말씀해주시니 기쁘네요.
#Person1#: 한 달에 얼마를 원하시나요?
#Person2#: 이 아파트는 한 달에 $1050입니다.
#Person1#: 한 달에 그 정도면 꽤 비싸네요.
#Person2#: 그 가격이 적정한데요.
#Person1#: 한 달에 $850은 어떠세요?
#Person2#: 그건 안 되겠네요.
#Person1#: $850이 아니면 아예 안 하겠습니다.
#Person2#: $1050 이하로는 못 내려가요.
#Person1#: 좀 더 낮출 수 없나요?
#Person2#: 그게 제가 드릴 수 있는 최선의 가격이에요.","#Person1#은 아파트를 한 달에 $850에 임대하고 싶어하지만, #Person2#는 $1050 이하로는 불가능하다고 답합니다."
dev.csv,그 다음엔,"#Person1#: 가슴 엑스레이를 찍으러 여기 오라고 들었어요.
#Person2#: 네, 문제 없습니다. 허리 위쪽 옷을 벗고, 가운을 뒤가 열리도록 입으세요.
#Person1#: 그 다음엔 어떻게 할까요?
#Person2#: 여기 와서 이 판에 기대어 서시면 됩니다.
#Person1#: 자연스럽게 서면 되나요?
#Person2#: 팔을 어깨 높이로 올리시면 됩니다.
#Person1#: 이렇게 하면 되나요?
#Person2#: 네, 아주 잘하고 계세요.
#Person1#: 어디 가시나요?
#Person2#: 이 쉴드 뒤에 있어야 합니다. 이제 깊이 숨을 들이쉬고, 참았다가 내뱉으세요.
#Person1#: 그렇게 하면 되나요?
#Person2#: 네, 다 끝났어요. 필름이 현상되면 옷을 입으시면 됩니다.",#Person1#가 #Person2#의 안내에 따라 가슴 엑스레이를 단계적으로 촬영합니다.
dev.csv,그 표지판,"#Person1#: 저기요, 선생님. 빨간불 못 보셨어요?
#Person2#: 아, 여기서는 빨간불에 우회전해도 되는 줄 알았습니다.
#Person1#: 아니요, 선생님. '빨간불에 우회전 금지' 표지판이 있습니다.
#Person2#: 아, 제가 그 표지판을 못 본 것 같네요.
#Person1#: 죄송하지만, 선생님. 운전면허증과 보험증명서 좀 보여주시겠어요? 제가 티켓을 발행해야 합니다.
#Person2#: 여기 있습니다.
#Person1#: 여기 서명해 주세요. 14일 이내에 법원에 항소하실 수 있습니다. 이 종이에 필요한 정보가 모두 있습니다. 운전 조심하세요, 선생님.
#Person2#: 감사합니다, 사모님.",#Person2#가 빨간불에 잘못된 방향으로 돌았습니다. #Person1#이 #Person2#의 운전면허증과 보험증명서를 확인하고 티켓을 발행했습니다.
dev.csv,그러시군요,"#Person1#: 어서 오세요. 뭐 도와드릴까요?
#Person2#: 네, 아이섀도를 사고 싶어요.
#Person1#: 저희는 다양한 색상의 아이섀도가 있어요. 평소에 어떤 색을 선호하시나요?
#Person2#: 보라색이요. 근데 오늘은 밝은 색상으로 하나 사고 싶어요.
#Person1#: 아, 그러시군요. 이 색상은 어떠세요?
#Person2#: 시험 발라봐도 될까요?
#Person1#: 물론이죠.
#Person2#: 아직 너무 어두워요. 더 밝은 색상 없나요?
#Person1#: 이 브랜드는 안타깝게도 없어요.
#Person2#: 다른 브랜드는 어떤가요?
#Person1#: 이건 어떠세요?
#Person2#: 아, 이게 바로 제가 찾던 거네요.","#Person2#는 밝은 색상의 아이섀도를 원하고, #Person1#은 #Person2#가 만족할 만한 제품을 선택할 수 있도록 도와줍니다."
dev.csv,이 처방전,"#Person1#: 저기요. 이 처방전을 다시 받아야 해요.
#Person2#: 여기 병에 두 번 더 받을 수 있다고 되어 있네요.
#Person1#: 네, 오늘 꼭 다시 받아야 해요.
#Person2#: 알겠습니다. 죄송하지만, 저희 파일에 따르면 이 처방전은 이미 두 번 받으셨습니다.
#Person1#: 그게 걱정이었어요. 두 번 받은 건 기억이 안 나네요.
#Person2#: 음, 보니까 다 쓰셨어요. 새로운 처방전을 받으시려면 의사에게 가셔야 합니다.
#Person1#: 들어보세요. 이건 급한 상황이에요. 의사에게 전화하려 했는데, 지금 도시를 떠나 있어요. 그래서 제때 볼 수가 없어요. 이 약이 꼭 필요해요. 피부 치료에 쓰는 건데 다 떨어졌어요. 한 번만 더 받을 수 없나요?
#Person2#: 죄송합니다만, 그렇게 할 수는 없어요. 처방전은 반드시 따라야 해요. 이 처방전은 만료됐습니다.
#Person1#: 하지만 필요해요. 제발, 이번 한 번만 더 해주세요. 10일 후에 의사에게 갈 수 있을 거예요. 그러면 다른 처방전을 받을 겁니다.
#Person2#: 아가씨의 마음은 이해하지만, 처방전 없이 약을 판매하는 것은 불법입니다. 그건 법이라 어쩔 수 없습니다. 유효한 처방전 없이는 절대 약을 팔 수 없어요.
#Person1#: 하지만 처방전이 있다니까요. 추가로 더 필요할 뿐이에요.
#Person2#: 처방전은 유효해야 합니다. 만료된 처방전은 사용할 수 없어요. 죄송해요, 아가씨. 이건 법이에요. 다른 의사에게 가서 처방받으셔야 해요.
#Person1#: 아, 그럼 비용이 너무 많이 들겠네요! 제 특별 의료 계획 때문에 한 의사만 볼 수 있어요. 다른 의사를 보는 건 너무 비싸요.
#Person2#: 아가씨, 제가 도와드릴 수 없어요. 저는 약사이지 의사가 아닙니다. 그리고 다른 손님들도 도와야 해요. 이런 상황은 답답하겠지만, 어쩔 수 없어요. 죄송합니다.
#Person1#: 너무 말도 안 돼요! 대만에서는 필요할 때 약을 구하기 훨씬 쉬워요.
#Person2#: 그럴 수도 있겠지만, 대만에서도 분명 처방전이 필요할 거예요.","#Person1#은 #Person2#에게 더 이상 유효하지 않은 처방전을 재발급해달라고 요청하지만, #Person2#는 이미 두 번 처방이 완료되었다며 거절합니다. #Person1#은 긴급한 상황이라고 주장하지만, #Person2#는 유효한 처방전 없이는 약을 판매할 수 없다고 설명하며 다른 의사를 찾아보라고 조언합니다. #Person1#은 다른 의사를 보는 것이 비싸고 현실적이지 않다고 토로하며, 대만에서는 약을 쉽게 구할 수 있었다고 말하지만, #Person2#는 규정을 준수해야 한다고 강조합니다."
dev.csv,이 사무실,"#Person1#: 선생님, 들어가도 될까요?
#Person2#: 지금은 좀 어려울 것 같아요, 양 씨. 너무 바빠서요.
#Person1#: 그럼 나중에 다시 와도 될까요?
#Person2#: 네, 물론입니다.
#Person1#: 선생님, 지금 들어가도 괜찮나요?
#Person2#: 음, 아직 많이 바쁘긴 하지만... 그래요, 들어오세요. 뭘 도와드릴까요?
#Person1#: 앉아도 괜찮을까요?
#Person2#: 당연하죠. 앉으세요. 이제 어떻게 도와드릴까요?
#Person1#: 부서를 옮기고 싶어요. 전근 신청해도 될까요?
#Person2#: 네, 그런데 어떤 이유 때문인가요?
#Person1#: 솔직히 말해도 될까요?
#Person2#: 물론이죠. 말씀하세요.
#Person1#: 음, 사실 이 사무실이 싫어요. 직원들도 마음에 안 들고, 선생님도 무서워요. 더는 못 하겠어요. 그래서 전근 신청할 수 있을까요?
#Person2#: 네. 그렇게 하는 게 좋을 것 같네요.","양 씨는 전근을 신청하고 그 이유를 솔직히 설명하며, 선생님은 이를 지지합니다."
dev.csv,이 사무실,"#Person1#: 글씨가 너무 흐려져서 잘 안 보여. 이 달에 토너 카트리지 교체했다고 들었는데.
#Person2#: 아닌 것 같은데? 아니면 누가 최근에 대량으로 팩스를 받았나?
#Person1#: 괜찮아, 우리가 직접 하면 돼.
#Person2#: 너 그거 할 줄 알아? 난 기계 다루는 걸 잘 못해서, 빨리 누구한테 시켜서 하게 할게.
#Person1#: IT 부서에 누군가한테 물어봐. 어차피 그 사람들이 사무실 전자 장비 맡고 있잖아.",토너 카트리지가 다 된 것 같다. #Person1#은 #Person2#에게 IT 부서의 도움을 요청하라고 제안한다.
dev.csv,이 사무실,"#Person1#: 여기가 A 주거 사무실인가요?
#Person2#: 네, 맞아요. 이번 학기에 주거지를 찾고 계신가요?
#Person1#: 네, 저는 캠퍼스 내에서 살고 싶었는데, 친구가 다 찼다고 하더라고요.
#Person2#: 맞아요, 하지만 대기 명단에 올려드릴 수 있어요.
#Person1#: 부탁드릴게요. 그동안 근처에 있는 아파트를 이 사무실에서 볼 수 있을까요?
#Person2#: 네, 여기 매년 발간되는 카탈로그가 있어요. 캠퍼스 요건을 충족하는 위치들이 나와 있습니다.
#Person1#: 그 중에서 보고 싶은 곳이 있다면 누구에게 연락해야 하나요?
#Person2#: 각 항목 옆에 개별 집주인의 번호가 있어요. 궁금한 점 있으시면 전화하시면 됩니다.","#Person1#은 캠퍼스 내에서의 거주를 원하지만, 마감으로 인해 대기 명단에 오릅니다. #Person2#는 캠퍼스 요건을 충족하는 아파트들의 카탈로그를 제공합니다."
dev.csv,이 아파트,"#Person1#: 이 아파트를 임대하고 싶어요.
#Person2#: 좋네요.
#Person1#: 임대료가 얼마인가요?
#Person2#: 월 1050달러입니다.
#Person1#: 너무 비싸네요.
#Person2#: 저는 그렇게 생각하지 않아요.
#Person1#: 850달러는 어떤가요?
#Person2#: 그건 부족해요.
#Person1#: 그것이 제가 낼 수 있는 최대 금액이에요.
#Person2#: 850달러로는 안 돼요.
#Person1#: 다시 고려해주실 수 있나요?
#Person2#: 이것이 제 최종 제안입니다. 선택하세요.","#Person1#는 #Person2#와 아파트 임대에 대해 협상하지만, 임대료 금액에 대한 합의에 이르지 못합니다."
dev.csv,이 아파트,"#Person1#: 이 아파트 정말 임대하고 싶어요.
#Person2#: 그렇게 말씀해주시니 기쁘네요.
#Person1#: 한 달에 얼마를 원하시나요?
#Person2#: 이 아파트는 한 달에 $1050입니다.
#Person1#: 한 달에 그 정도면 꽤 비싸네요.
#Person2#: 그 가격이 적정한데요.
#Person1#: 한 달에 $850은 어떠세요?
#Person2#: 그건 안 되겠네요.
#Person1#: $850이 아니면 아예 안 하겠습니다.
#Person2#: $1050 이하로는 못 내려가요.
#Person1#: 좀 더 낮출 수 없나요?
#Person2#: 그게 제가 드릴 수 있는 최선의 가격이에요.","#Person1#은 아파트를 한 달에 $850에 임대하고 싶어하지만, #Person2#는 $1050 이하로는 불가능하다고 답합니다."
dev.csv,이 여기서,"#Person1#: 저기요, 기차역에 가려면 어떤 버스를 타야 할지 알려주실 수 있을까요?
#Person2#: 16번 버스를 타시면 돼요. 그게 기차역까지 가요.
#Person1#: 그 버스는 얼마나 자주 오나요?
#Person2#: 15분마다 한 대씩 와요.
#Person1#: 그렇게 오래 기다릴 수는 없는데, 다른 버스도 있나요?
#Person2#: 2번 버스도 기차역으로 가요. 그걸 타셔도 돼요.
#Person1#: 그 버스는 어디서 탈 수 있나요?
#Person2#: 버스 정류장이 여기서 멀지 않아요. 쭉 가시면 쉽게 찾을 수 있을 거예요.
#Person1#: 감사해요.
#Person2#: 천만에요.","#Person2#는 #Person1#에게 16번 버스가 기차역까지 간다고 알려주지만, 간격이 길자 2번 버스도 추천합니다."
dev.csv,그 비행기,"#Person1#: 홀리데이 트래블입니다! 무엇을 도와드릴까요?
#Person2#: 안녕하세요! 이번 달 23일에 베를린으로 가는 비행기 표를 예약하고 싶어요.
#Person1#: 네, 가능한 항공편을 확인해볼게요. 그리고 돌아오는 날짜는 언제인가요?
#Person2#: 음, 29일에 돌아오는 비행기를 타고 싶어요. 그리고 가장 저렴한 좌석으로 부탁드릴게요.
#Person1#: 알겠습니다, 확인해볼게요. 하루 일찍 출발하시면 티켓 가격이 훨씬 저렴하네요.
#Person2#: 아, 그렇군요. 하루 일찍 떠나는 건 얼마나 하나요?
#Person1#: 980달러밖에 안 돼요.
#Person2#: 좋아요. 그러면 그 비행기로 할게요.
#Person1#: 네, BA 7101편으로 솔트레이크 시티에서 뉴욕 케네디 공항으로 가고, 그 후 BA 2701편으로 케네디 공항에서 베를린으로 가시는 항공편입니다. 첫 번째 비행기는 솔트레이크 시티에서 오전 10시에 출발해서 뉴욕에 오후 4시 15분에 도착합니다. 그리고 두 번째 비행기는 케네디 공항에서 오후 5시 45분에 출발합니다. 다음 날 오전 8시 30분에 베를린에 도착하실 거예요.
#Person2#: 알겠습니다. 감사합니다.",#Person1#은 #Person2#의 솔트레이크시티에서 베를린으로 하루 일찍 출발하는 비행편과 29일에 돌아오는 비행편 예약을 도와줍니다.
dev.csv,이 컴퓨터,"#Person1#: 너 인터넷에서 Bill Gate 집 본 적 있어?
#Person2#: 아니, 그 집이 어때?
#Person1#: 그 집에는 도서관, 극장, 수영장, 게스트하우스가 있어. 집은 열 개 정도의 다양한 방으로 이루어져 있고, 각각의 방들이 컴퓨터로 연결돼 있어서 어디서든 뭔가를 할 수 있어.
#Person2#: 거기서 살고 싶어?
#Person1#: 집이 정말 멋지긴 한데, 거기서 살고 싶진 않을 것 같아. 집 안의 모든 방을 청소하려면 한두 명을 고용해야 할 거고, 정원을 돌보기 위해서도 몇 명이 필요할 거야.
#Person2#: 네가 꿈꾸는 집은 어떤데?
#Person1#: 사실 내가 꿈꾸는 집은 조용한 영국 시골 마을에 있는 작은 코티지야.
#Person2#: 오래된 코티지를 사고 싶어, 아니면 새로 짓고 싶어?
#Person1#: 오래된 집들은 성격이 있어서 좋아. 그게 중요하다고 생각해.
#Person2#: 그래서 네가 중고 옷 입는 이유도 성격 때문이야? 옷에도 성격이 있으니까?
#Person1#: 아니, 그건 그냥 새 옷을 항상 살 돈이 없어서 그래!
#Person2#: 아 그렇구나. 만약 오래된 집에 살게 되면, 현대식으로 꾸밀 거야?
#Person1#: 아니, 나는 확실히 원래 상태로 복원하려고 할 거야. 다른 역사적 시기에 어떻게 살았을지 상상해 보는 걸 좋아하고, 200년 전처럼 꾸며진 집에서 사는 걸 좋아할 거야.","#Person1#과 #Person2#가 Bill Gate의 집에 대해 이야기합니다. #Person1#은 그 집이 멋지다고 생각하지만 살고 싶지는 않다고 합니다. #Person2#가 #Person1#의 꿈의 집에 대해 묻자, #Person1#은 성격이 있는 작고 오래된 코티지에서 살고 싶다고 대답합니다."
dev.csv,이 컴퓨터,"#Person1#: 안녕하세요, 호텔 방을 예약하고 싶어요. 
#Person2#: 문제없습니다. 성함을 말씀해 주시겠어요? 
#Person1#: 제 이름은 John Sandals입니다. 
#Person2#: 안녕하세요, Sandals 씨. 저는 Michelle입니다. 언제부터 며칠까지 예약 필요하신가요? 
#Person1#: 4월 14일 금요일부터 4월 17일 월요일까지 뉴욕에 방문할 예정입니다. 
#Person2#: 방 가격이 최근에 올랐는데 괜찮으세요, Sandals 씨? 
#Person1#: 하룻밤에 얼마인가요? 
#Person2#: 하룻밤에 $308입니다. 
#Person1#: 그 가격은 괜찮습니다. 
#Person2#: 좋습니다! 흡연 방과 금연 방 중 어느 것을 원하시나요? 
#Person1#: 금연 방으로 해주세요. 
#Person2#: 다음 질문입니다, 퀸 사이즈 침대가 괜찮으신가요? 
#Person1#: 괜찮습니다. 
#Person2#: 알겠습니다, Sandals 씨. 예약이 컴퓨터에 입력되었습니다. 이제 전화번호만 필요합니다. 
#Person1#: 물론이죠. 제 전화번호는 #PhoneNumber#입니다. 
#Person2#: 감사합니다, Sandals 씨. 뉴욕에서 뵙기를 기대하겠습니다!",Michelle은 John Sandals 씨가 뉴욕을 방문하는 4월 14일부터 4월 17일까지 금연 방과 퀸 사이즈 침대 예약을 돕습니다.
dev.csv,이 컴퓨터,"#Person1#: 아, 논문 작업 시작한 이후로 벌써 네 번째 광고가 내 컴퓨터 화면에 갑자기 떠요.
#Person2#: 그런 광고를 막아주는 앱을 살 수 있어요.
#Person1#: 논문을 쓰려고 비싼 10달러짜리 소프트웨어를 살 형편은 안 돼요.
#Person2#: 그렇게 비싸지 않아요. 한 달에 1달러예요.
#Person1#: 그러면 1년에 12달러네요.
#Person2#: 그 에세이를 완성하는 데 1년이나 걸리진 않겠죠?
#Person1#: 음, 아니요, 3주면 끝낼 거예요. 하지만 졸업하기 전에 4년 동안 이 컴퓨터로 학교 작업을 해야 해요.
#Person2#: 그 정도 가치가 있다고 생각해요. 그리고 30달러를 내면 매달 비용을 낼 필요가 없어요.
#Person1#: 4년 동안 30달러요?
#Person2#: 아니요, 한 번만 내면 영원히 사용할 수 있어요.",Person1은 컴퓨터 화면에 나타나는 광고 때문에 집중이 어렵습니다. Person2는 저렴한 가격의 앱을 사서 광고를 막을 것을 추천합니다.
dev.csv,이 대부분,"#Person1#: 트리나, 나랑 결혼해줄래?
#Person2#: 네! 네! 그리고 네! 제러드, 물론 당신과 결혼할게요!
#Person1#: 아, 자기야, 당신과 평생을 함께 하고 싶어! 앞으로 겪게 될 모든 모험들, 싸우고 웃으면서 시간이 지나 주름 많고 나이 들어가는 모습이 기대돼.
#Person2#: 아, 제러드! 우리 결혼식이 정말 기다려져! 당신이 싫어하지 않으면 좋겠지만, 사실 벌써 날짜를 정했어요! 여름에 6개월 후로요! 멜리사가 지난달 당신이 반지를 사는 걸 봐서 이미 계획을 시작할 시간이 충분했어요!
#Person1#: 뭐라고?
#Person2#: 아, 괜찮아, 자기야. 당신이 언제 프로포즈할지 몰랐으니까 아직도 깜짝 놀랄 만한 일이었어요! 어쨌든 거의 다 계획했어요. 할 일이 거의 남지 않았어요! 초대 손님 명단을 작성했더니 대략 400명 정도가 참석할 예정이에요.
#Person1#: 400명?
#Person2#: 걱정하지 마세요. 우리 부모님이 대부분의 결혼식 비용을 부담하기로 하셨고, 저예산으로 진행하려고 해요. 그래서 대략 400명 정도로, 노스우즈 하이츠 홀을 리셉션 장소로 정했어요. 당신 부모님 교회에서 결혼식을 하고 제 삼촌이 주례를 맡아 주시면 좋을 것 같아요. 조만간 결혼 준비 상담도 받을 거예요. 결혼식 음악은 간단하게 해결됐어요. 제 의붓자매와 그녀의 현악 4중주가 맡을 예정이고, 제 사촌이 공식 사진사가 될 거예요. 그 사촌의 딸이 솔로로 노래하는 것도 좋을 것 같아요. 오페라 가수가 될 예정인 거 알죠?
#Person1#: 아... 
#Person2#: 그리고 교회 여성분들이 연회장에서 음식을 준비해주시고, 청소년 그룹이 서빙할 거예요. 당신 친구의 밴드가 그날 밤 우리의 엔터테인먼트를 맡아도 좋겠다고 생각했어요. 다만 약간 조절해야 할 수도 있어요. 아니면 DJ를 고용할 수도 있고요. 당신 여동생의 남편이 결혼식 장식 회사를 통해 할인을 받을 수도 있겠죠. 이름이 뭐였더라? 저는 섬 파라다이스 테마의 결혼식을 하고 싶고, 테마 색상은 아쿠아마린처럼 차분한 파란색으로 했으면 좋겠어요. 그리고 우리는 이곳 강단 뒤에 큰 조개껍데기를 두고 건배할 거예요! 결혼식 답례품으로 작은 음료 믹스 패키지는 어떨까요? 누구를 빠뜨렸을까요? 아, 당신 삼촌이 플로리스트가 되고 삼촌 부인이 웨딩케이크를 만들어 주시면 좋겠어요!
#Person1#: 와.
#Person2#: 보세요? 정말 멋질 거예요! 이 결혼식은 제가 꿈꾸던 모든 게 될 거예요.
#Person1#: 내가 앞으로 6개월을 버틸 수 있다면 말이지.","트리나는 제러드의 프로포즈를 받아들입니다. 제러드는 트리나가 멜리사에게서 그가 반지를 사는 것을 봤다는 이야기를 듣고, 결혼을 계획하고 있는 것을 알게 되어 놀랍니다. 트리나는 이미 날짜를 정하고 400명의 손님 명단을 작성한 상태로, 그녀의 준비 사항을 들떠서 이야기합니다. 제러드는 이를 받아들이기 힘들어합니다."
dev.csv,그 사람,"#Person1#: 네, 절도를 신고하려고 해요.
#Person2#: 알겠습니다. 정확히 무슨 일이 있었는지 말씀해 주세요.
#Person1#: 음, 이틀 전에 퇴근하고 집에 가는 길에 주변 자연을 즐기고 있었어요. 새소리, 개구리 소리, 흐르는 냇물 소리 같은 것들이요... 그런데 어떤 여자가 저를 넘어뜨리고 제 물건을 낚아채고는 나무 사이로 도망갔어요. 너무 놀라서 쫓아가지 못했어요.
#Person2#: 그렇군요. 그 여자분의 인상착의를 설명해 주시겠어요?
#Person1#: 네. 키가 한 190cm 정도 됐던 것 같아요...
#Person2#: 잠깐만요. 여자라고 하지 않으셨어요?
#Person1#: 글쎄요, 확실하진 않네요. 그 사람이 흰색과 검은색 물방울 무늬 드레스를 입고 있었고, 그 위에 연한 빨간색 스웨터를 걸치고 농구화를 신고 있었어요.
#Person2#: 다른 특징은 없나요?
#Person1#: 음, 그 사람 키는 약 190cm였고, 체격이 크고 머리는 길고 웨이브가 있었습니다. 아마도 30대 후반쯤이었을 거예요. 얼굴은 잘 보지 못했어요.
#Person2#: 또 다른 특징은 있었나요?
#Person1#: 그 사람... 수염이 있었어요.
#Person2#: 아! 무슨 물건이 훔쳐졌나요?
#Person1#: 음, 제 왼쪽 신발 한 짝이요. 이상하죠?
#Person2#: 아. '수염 있는 여자'가 또 나타났군요!
#Person1#: '수염 있는 여자'요?
#Person2#: 네. 여장을 하고 피해자들의 왼쪽 신발을 빼앗아 가는 남자가 있어요. 이유는 잘 모르겠지만, 보통 며칠 후 그 자리에 신발을 돌려준답니다.
#Person1#: 아, 그는 제 신발 가져도 되고, 저는 공원 지날 때마다 왼쪽 신발 벗고 다녀야겠네요.","#Person1#은 경찰에게 절도를 신고합니다. #Person1#이 도둑의 외모를 묘사하자, 경찰은 피해자의 왼쪽 신발을 빼앗아가는 '수염 있는 여자'로 알려진 자를 알아챕니다. 그 도둑은 며칠 후 신발을 돌려주곤 합니다."
dev.csv,그 사람,"#Person1#: 에밀리, 오늘 하루 어땠어?
#Person2#: 네가 정말로 듣고 싶어 하지는 않는 것 같은데.
#Person1#: 그렇게 나빴을 리가 없어. 그냥 말해봐.
#Person2#: 솔직히 말하면 최악이었어! 내 매니저는 정말 골칫덩이야!
#Person1#: 왜? 무슨 일이 있었어?
#Person2#: 월간 보고서에 실수가 많았는데, 그걸 상사가 발견했을 때, 내 매니저가 그걸 나한테 뒤집어씌웠어!
#Person1#: 그건 정말 불공평하네. 너는 어떻게 했어?
#Person2#: 딱히 할 수 있는 게 없었어. 매니저랑 나는 원래부터 사이가 안 좋았거든. 내가 뭐라도 말했다면 분명히 나를 해고했을 거야.
#Person1#: 너희 부서 사람들한테 다 그렇게 대하셔?
#Person2#: 다들 그렇게 대하지만 나한테는 특히 심해!
#Person1#: 왜 너한테 더 심하게 대하는지 알겠어?
#Person2#: 전혀 모르겠어. 그냥 그 사람 생각만 해도 머리가 쭈뼛쭈뼛 서는 것 같아!
#Person1#: 회사에서 이런 거 얘기할 만한 사람 없어?
#Person2#: 별로 없어. 승진할 때까지 좀 참으려고.
#Person1#: 그게 현명해 보이네. 너 진짜 현명하게 행동하는 것 같아.
#Person2#: 그렇게 하려고 하는데, 쉽지가 않아. 가끔은 그냥 참고 버텨야 할 때가 있어.
#Person1#: 정말 그래. 성공하려면 너 매니저 같은 부정직한 사람들한테 방해받으면 안 돼.","에밀리는 #Person1#에게 매니저가 실수를 자신에게 뒤집어씌운 탓에 나쁜 하루를 보냈다고 이야기한다. 에밀리는 매니저가 모두에게 특히 자신에게 불공평하게 대하지만, 승진할 때까지 참아보겠다고 한다. #Person1#은 에밀리가 현명하다고 생각한다."
dev.csv,그 사람,"#Person1#: 네 얼굴이 좀 안 좋아 보이네. 괜찮아, Tommy?
#Person2#: 괜찮아, 엄마. 그게 아침에 빌려준 휴대폰 때문에 그래.
#Person1#: 그래, 뭐 문제 생겼어? 설마 떨어뜨려서 깨뜨린 건 아니지?
#Person2#: 아니, Jack한테 문자 보내고 있었는데, 갑자기 누가 와서 휴대폰을 뺏어갔어.
#Person1#: 누가 내 휴대폰을 훔쳐 갔다는 거야?
#Person2#: 그런 것 같아. 모든 게 너무 갑작스럽게 일어나서 놀랐어.
#Person1#: 그 사람이 누군지 봤어?
#Person2#: 아니, 하얀 셔츠 입은 사람이었어. 하지만 입구에 카메라가 있어서 아마 그 도둑의 얼굴을 찍었을지도 몰라.
#Person1#: 그럼 그거 신고했어?
#Person2#: 음, 아직은 안 했어. 하지만 내일 할 거야.
#Person1#: 근처에 있는 경찰한테 지금 바로 이야기해. 난 보험이 적용되는지 한번 확인해볼게.
#Person2#: 알겠어, 지금 할게.","Tommy가 사용 중이던 엄마의 휴대폰이 도난당했고, 엄마는 근처 경찰에게 즉시 신고하라고 요청했습니다."
dev.csv,그 친구,"#Person1#: 주말에 계획 있어, Tom?
#Person2#: 응, 남부 로키 산맥으로 하이킹 가려고 해.
#Person1#: 아, 하이킹 자주 가?
#Person2#: 최대한 자주 가려고 해. 자연과 진짜로 가까워질 수 있어서 하이킹 너무 좋아해.
#Person1#: 도시를 벗어나는 것도 좋겠다. 같이 갈래?
#Person2#: 물론이지. 근데 긴 하이킹이 될 거야, 3일에 30마일. 하이킹 해본 적 있어?
#Person1#: 응, 나도 자주 가. 지난번 하이킹 때 곰이랑 산사자를 봤어.
#Person2#: 와! 도시에서 꽤 멀리 갔나 보네.
#Person1#: 응, 친구랑 국립공원의 아주 깊숙한 곳으로 갔었어.
#Person2#: 그럼 그 친구도 같이 데려와. 이번 주말에 정말 재밌을 거야.
#Person1#: 고마워, 친구한테 물어볼게.","#Person1#은 Tom에게 주말 계획과 함께 할 사람이 있는지 물어본다. Tom은 하이킹을 계획하고 있으며, #Person1#과 #Person1#의 친구도 초대한다."
dev.csv,그 친구,"#Person1#: 내 친구에게 읽기 좀 가르쳐줄 수 있어?
#Person2#: 그 친구가 몇 살인데? 왜 글을 못 읽는 거야?
#Person1#: 78살인데, 남미에서 새로 이민 온 사람이야. 학교를 한 번도 못 다녔대.
#Person2#: 영어라도 할 줄 알아?
#Person1#: 아니, 근데 네가 읽기부터 가르쳐주고 다른 것도 천천히 하면 좋을 것 같아서.
#Person2#: 내가 가르쳐주는 걸 자원해 주다니 생각이 깊네.
#Person1#: 에이, 너 가르치는 거 잘하잖아. 그리고 그 친구 정말 귀여워서 너도 금방 좋아할 거야!
#Person2#: 알겠어, 그 친구 저녁 먹으러 오라고 해. 대신 저녁은 네가 만들어야 돼!","#Person1#이 #Person2#에게 78세 남미 출신의 문맹 친구에게 읽기를 가르쳐달라고 부탁합니다. #Person2#는 어려운 과제라고 생각하지만, #Person1#이 저녁을 준비하는 조건으로 이를 수락합니다."
dev.csv,그 친구,"#Person1#: 메리 크리스마스, Bill. 
#Person2#: 메리 크리스마스, Jina. 
#Person1#: 거기서 컴퓨터로 뭐 하고 있어? 
#Person2#: 와서 봐봐, 예쁜 전자 카드를 많이 받았어. 전 세계에 있는 친구들이 보낸 크리스마스 인사야. 
#Person1#: 그거 흥미로운데. Haven한테도 받았어? 그 친구 번호 좀 찾으려고. 
#Person2#: 미안해, 번호는 없어. 대신에 이메일은 있어. 이메일로 보내줄까? 
#Person1#: 응, 그러면 좋지. 고마워. 
#Person2#: 천만에. 방금 그녀의 카드를 받았어. 이메일로 연락할 수 있을 거야. 정말 그녀와 다시 얘기하고 싶어. 요즘 조금 그리워. 
#Person1#: 정말 고마워. 
#Person2#: 괜찮아.","Bill은 전 세계 친구들로부터 크리스마스 전자 카드를 받았습니다. Jina는 Haven의 번호를 요청했지만, Bill은 번호 대신 이메일을 제공했습니다."
dev.csv,그 얘기,"#Person1#: 안녕, Mary. 잘 지내고 있어? 
#Person2#: 어제 Ann이랑 크게 싸웠어. 
#Person1#: 안됐다. 너희 둘은 그렇게 친한 사이인데. 심각한 문제였나 보네. 
#Person2#: 지금 생각해보면 그렇게 큰 일은 아니었어. 감정을 참지 못했던 내 잘못이지. 
#Person1#: 정말? 무슨 일이 있었는데? 
#Person2#: 바다에 가기로 몇 주간 계획했었는데 이번 주말에 갈 수 있을 것 같다고 결정했어. 그런데 갑자기 Ann이 전화해서 남자친구가 계획이 있다고 해서 여행을 취소해야 한다는 거야. 그 얘기를 들었을 때 너무 화가 나서 Ann한테 우정 따위는 신경도 안 쓴다고 했어. 
#Person1#: 좀 심한 말이네. 
#Person2#: 맞아, 하지만 그만큼 속상했어. 솔직히, 남자친구가 하는 말마다 다 따라야 해? 
#Person1#: 너도 알다시피 그녀도 지금쯤은 속상할 거야. 
#Person2#: 그래, 나도 좀 이기적이었던 것 같아. 가끔씩만 만날 수 있는 그들의 상황을 생각해봐야 했는데. 
#Person1#: 그렇다면 좀 더 이해해주는 게 좋겠네. 우정을 이런 사소한 일로 망칠 필요 없어. 어차피 또 언제든 바다에 갈 수 있잖아. 
#Person2#: 맞아, 나중에 전화해서 화해할게.",Mary는 Ann이 남자친구의 계획 때문에 여행을 취소해서 다투었다. #Person1#은 더 이해심을 가질 것을 충고한다. Mary는 나중에 전화해 화해할 예정이다.
dev.csv,이 다음,"#Person1#: 도와드릴까요?
#Person2#: 네, 다음 주 일요일 전까지 캐나다 캘거리행 비행기 티켓 3장을 예약하고 싶어요.
#Person1#: 이코노미 클래스인가요?
#Person2#: 네.
#Person1#: 편도인가요, 왕복인가요?
#Person2#: 편도로요.
#Person1#: 직항은 없고, 벤쿠버에서 환승해야 합니다.
#Person2#: 괜찮아요.
#Person1#: 캐나다 항공 30편이 다음 주 금요일 오전 10시에 베이징을 출발합니다. 좌석 3개 남아 있어요. 괜찮으신가요?
#Person2#: 네, 괜찮아요.
#Person1#: 성함 부탁드립니다.
#Person2#: 베이실, Basil이에요. 티켓 가격은 얼마인가요?
#Person1#: 한 장에 580달러입니다.","고객은 다음 주 일요일 전까지 캘거리행 이코노미 클래스 편도 비행기 티켓 3장을 예약하였으며, 벤쿠버에서 환승하는 캐나다 항공편을 선택했습니다."
dev.csv,이 다음,"#Person1#: 안녕, Neal. 어떻게 지내?  
#Person2#: 잘 지내, 고마워. 너는?  
#Person1#: 나도 잘 지내. 오랜만이야. 그동안 어떻게 지냈어?  
#Person2#: 뭐 별일 없었어. 싱가포르 가서 공부 좀 했어.  
#Person1#: 와, 대단하네. 무슨 공부 했어?  
#Person2#: 자연 언어 처리 공부했어.  
#Person1#: 와, 어렵겠다. 난 시험 공부 중이야. 학교 시험이 다음 달에 시작돼.  
#Person2#: 정말? 잘 봐.  
#Person1#: 고마워. 부모님은 잘 지내셔?  
#Person2#: 두 분 다 잘 지내셔. 고마워.  
#Person1#: 어디 가는 길이야?  
#Person2#: 논문 좀 읽고 세미나에 갈 거야. 같이 갈래?  
#Person1#: 못 가. 지도교수님 만나러 가야 해.  
#Person2#: 알겠어, 얘기해서 좋았어.  
#Person1#: 잘 가. 나중에 또 보자.","Neal과 #Person1#은 오랜만에 만났다. Neal은 해외에서 자연 언어 처리를 공부하고 돌아왔고, #Person1#은 시험 준비 중이다. 서로 안부를 나누며 근황을 전했다. Neal은 세미나에 참석하려 하고, #Person1#은 지도교수를 만나러 가기로 했다."
dev.csv,이 다음,"#Person1#: 안녕, John. 잘 지냈어?
#Person2#: 잘 지냈어, 고마워. 너는?
#Person1#: 나도 잘 지냈어, 고마워. 다시 만나서 반가워. 오랜만이야. 요새 뭐하고 지냈어?
#Person2#: 아, 별로 특별한 건 없었어. 너는 어떻게 지내?
#Person1#: 잘 지내고 있어. 요새 좀 바빴어.
#Person2#: 무슨 일로 바빴는데?
#Person1#: 시험 공부하느라 바빴어. 학교 시험이 다음 달에 시작해.
#Person2#: 정말? 시험 잘 봐.
#Person1#: 고마워. 너희 부모님은 어떻게 지내셔?
#Person2#: 두 분 다 잘 지내셔. 고마워.
#Person1#: 지금 어디 가?
#Person2#: 쇼핑 좀 하러 가. 같이 갈래?
#Person1#: 못 가. 누구 만나러 가야 해.
#Person2#: 이야기 나눠서 좋았어.
#Person1#: 잘 가. 또 봐.","#Person1#는 John과 최근 근황에 대해 이야기를 나눈다. 또한, John이 쇼핑을 함께 가자고 초대했으나, #Person1#은 다른 사람과의 약속이 있어 거절한다."
dev.csv,이 회사,"#Person1#: 음... 내 식기들은 어디 있지?
#Person2#: 손으로 먹는 거야. 빵으로 음식을 떠먹으면 돼.
#Person3#: 이 요리는 Zilbo라고 불리고, 양고기와 감자로 만들어.
#Person1#: 음! 이거 정말 맛있다! 꿀 와인 좀 건네줄래? 그래서, Clyde, 무슨 공부해?
#Person2#: 국제법과 비즈니스를 공부하고 있어. 우리 가족이 회사를 운영해.
#Person3#: Clyde는 최초의 흑인 대통령이 되고 싶대.
#Person2#: 최초의 흑인 대통령이 될 거야. 나는 Ronald Reagan을 롤모델로 삼고 있어.","#Person1#와 Clyde, #Person3#가 함께 식사하면서 Clyde가 최초의 흑인 대통령이 되고 싶다는 소망을 이야기한다."
dev.csv,이 회사,"#Person1#: 혹시 제 월급에 대해 좀 상의할 수 있을까요?
#Person2#: 물론이죠.
#Person1#: 먼저, 이 회사에서 일하는 걸 정말 좋아한다는 걸 알아주셨으면 해요. 제가 여기서 잘 일하고 있다고 생각하시나요?
#Person2#: 음, 당신은 정말 열심히 일하는 분이죠.
#Person1#: 정말 열심히 하려고 노력하고 있어요. 문제는, 제 월급으로는 생활하기가 힘들다는 거예요. 지금 와이프랑 아이를 부양하다 보니 음식비랑 집세도 간신히 감당하고 있어요.
#Person2#: 다들 힘든 시기죠. 뭘 제안하시겠어요?
#Person1#: 5% 인상해 주시면 정말 도움이 될 것 같아요.
#Person2#: 꽤 큰 인상인데요. 당신에게 인상해주면 다른 사람들한테도 해줘야 해요.
#Person1#: 들어봐 주세요, 만약 월급을 인상해 주시면 추가 책임도 맡겠습니다.
#Person2#: 그건 합리적이군요. 이렇게 하죠, 앞으로는 스케줄 짜는 책임을 맡는 건 어때요? 그러니까 만약 교대 근무자를 못 구하면 당신이 직접 해야 하는 거예요.
#Person1#: 괜찮습니다. 그러면 추가 근무 시간에 대해 추가 수당을 받을 수 있나요?
#Person2#: 당연하죠. 안 그러면 법을 위반하게 되죠.
#Person1#: 그렇게 하면 좋겠네요. 정말 감사합니다.
#Person2#: 천만에요. 내일 아침 일찍 와서 스케줄 짜는 법을 알려드릴게요.",#Person1#은 #Person2#에게 월급 인상을 요청하며 5% 인상을 제안합니다. #Person2#는 #Person1#이 스케줄 담당의 추가 책임을 맡으면 인상이 합리적이라고 생각합니다.
dev.csv,이 회사,"#Person1#: 새 직장에서는 뭐가 제일 좋아요?
#Person2#: 음, 일단 월급도 더 좋고, 집이랑 직장 사이 거리도 더 가까워졌어요. 근데 제일 좋은 건 업무 기술을 향상시킬 수 있는 교육 프로그램이 있다는 거예요. 그리고 이 교육들이 회사 시간에도 일부 진행되거든요. 보통 수요일과 금요일 오후 4시에서 6시 사이에요.
#Person1#: 정말 좋네요. 우리 회사도 그런 게 있었으면 좋겠다.
#Person2#: 정말 그래요. 회사가 교육비를 부담하긴 하지만, 장기적으로 보면 그만큼의 가치가 있어요. 매일 쓰는 컴퓨터 프로그램을 더 잘 이해하게 되니, 일상 업무를 더 빠르고 효과적으로 처리할 수 있거든요.",#Person2#는 새 직장에서 가장 좋은 점이 업무 기술을 향상시킬 수 있는 교육 프로그램이라고 #Person1#에게 말합니다. #Person1#은 본인의 회사도 그러기를 바랍니다. #Person2#는 장기적으로 좋은 투자라고 생각합니다.
dev.csv,이 도시,"#Person1#: 이리 와봐! 여기서 높은 녹나무가 보여. 
#Person2#: 응, 저기 주목나무도 몇 그루 보이네. 
#Person1#: 이 도시에서 정말 멋진 식물원이야. 
#Person2#: 자연의 소리를 들어봐! 음악 같아. 
#Person1#: 맞아, 나도 그렇게 느껴. 정말 기분 좋게 해줘. 
#Person2#: 저게 뭐야, Miss Liu? 
#Person1#: 빨간 꽃 말하는 거야? 모란꽃이야. 
#Person2#: 빨간색과 노란색 모란꽃들이 정말 아름다워. 
#Person1#: 네가 정말 좋아하는구나, 맞지? 
#Person2#: 당연하지. 오늘 사진 많이 찍을 거야. 
#Person1#: 내가 도와줄게. 
#Person2#: 정말 친절하네. 고마워.",Miss Liu와 #Person2#는 식물원을 방문하고 있으며 #Person2#는 그곳의 풍경을 즐기고 Miss Liu는 사진 촬영을 도와주겠다고 합니다.
dev.csv,이 도시,"#Person1#: 안녕! 저번 주에 샀다는 새 노트북 맞아? 정말 예쁘다. 
#Person2#: 맞아. 고마워. 지금 인터넷 서핑 중이야.
#Person1#: 여기 카페에서? 어떻게 그게 가능해?
#Person2#: 이 카페는 무선 인터넷을 제공해. 그래서 여기 있는 동안은 공짜로 인터넷을 사용할 수 있어. 물론 커피 한 잔은 사야지!
#Person1#: 그거 좋네. 어디서나 할 수 있어?
#Person2#: 아니, 무선 인터넷을 제공하는 카페에서만 할 수 있어. 이 도시에 그런 곳이 대략 10개나 12개 정도밖에 없어.
#Person1#: 그래서 노트북에 어떤 프로그램이 깔려 있어?
#Person2#: 보통 문서 작업에 필요한 건 다 있고, 사진 편집하고 만드는 데 쓰는 프로그램도 몇 개 있어.
#Person1#: 네가 사진 찍는 걸 좋아하는 거 알아. 디지털 카메라에서 사진을 다운로드할 수 있는 건 정말 유용하겠다. 그리고 그 사진 파일을 이메일에 첨부해서 언제 어디서나 보낼 수 있잖아!
#Person2#: 멋지지 않아? 최근에 찍은 사진 좀 보고 싶어?","#Person2#는 #Person1#에게 새 노트북의 기능, 사진 편집 프로그램, 카페에서 무선 인터넷을 사용해 인터넷 서핑하는 방법에 대해 이야기합니다."
dev.csv,이 시간,"#Person1#: 아, 여기가 어디죠?
#Person2#: 저기요, 도와드릴까요?
#Person1#: 과학 박물관에 가고 싶은데 몇 시간째 길을 잃었어요. 이 발권기를 사용할 줄도 몰라요.
#Person2#: 음, 그러면 이 버튼을 누르시고 4번 플랫폼에서 기차를 타시면 돼요.
#Person1#: 알겠어요. 아, 그리고 이 시간대에 기차는 얼마나 자주 오나요?
#Person2#: 보통 6분 간격으로 옵니다.
#Person1#: 알겠습니다, 어디에서 내려야 하나요?
#Person2#: 여기서 세 정거장 가서 State Street Station에서 내리시면 돼요.
#Person1#: 알겠어요, 도와주셔서 감사합니다.
#Person2#: 천만에요. 행운을 빌어요.",#Person2#는 #Person1#에게 발권기 사용 방법과 과학 박물관까지 가는 길을 안내한다.
dev.csv,이 시간,"#Person1#: 택시! 택시!
#Person2#: 어디로 가세요, 손님?
#Person1#: 기차역으로 가 주세요.
#Person2#: 타세요.
#Person1#: 거기까지 꽤 먼가요?
#Person2#: 한 20분 정도 걸립니다.
#Person1#: 이 시간에 길이 많이 막히죠?
#Person2#: 네, 맞아요.
#Person1#: 지금 출퇴근 시간인가요?
#Person2#: 네, 그렇습니다. 급하신가요, 손님?
#Person1#: 아니요, 그렇지 않아요. 천천히 안전하게 운전해주실 수 있나요?
#Person2#: 네, 알겠습니다.",#Person1#은 #Person2#의 택시를 타고 기차역으로 이동합니다. #Person1#은 서두르지 않아 #Person2#는 천천히 안전하게 운전할 예정입니다.
dev.csv,이 문제,"#Person1#: ABC Company입니다, 저는 루시입니다. 무엇을 도와드릴까요?
#Person2#: 안녕하세요, 루시. 저는 모니카입니다. 회계직에 지원하려고 전화 드렸어요. 귀사의 웹사이트에서 공고를 봤는데, 아직 채용 중인지요?
#Person1#: 관심 가져주셔서 감사합니다. 그 자리는 아직 가능합니다. 혹시 저희에게 이력서를 보내셨나요?
#Person2#: 아직 못 보냈어요. 먼저 채용 여부를 확인하고, 더 많은 정보를 얻고 싶어서요.
#Person1#: 지금 저희는 이 자리를 시급히 채워야 하고, 국제적인 연락 때문에 영어는 필수입니다. 곧 해외 출장이 있을 가능성이 크기 때문에 꼭 강조하고 싶어요. 만약 이런 것들이 문제가 되지 않으신다면, 자기소개서에 언급하시고 저에게 직접 보내시는 걸 추천드립니다.
#Person2#: 지금 다니는 직장의 퇴사 통보 기간은 길지 않아요. 저는 영어에 꽤 능숙하고, 다른 문화의 사람들과 잘 지내서 해외 출장도 문제없어요. 오히려 일이 더 흥미로워지죠. 이번 주 내로 이력서를 보내겠습니다.","모니카는 ABC Company에 회계직 채용 여부를 확인하기 위해 전화하여 채용 가능성과 관련된 정보를 받았습니다. 루시는 영어 능력과 해외 출장 가능성을 강조했고, 모니카는 이력서를 제출하겠다고 약속했습니다."
dev.csv,이 문제,"#Person1#: 제가 도와드릴 일이 있을까요?
#Person2#: 네, 오늘 아침에 버스 투어 그룹에 합류했는데요. 3시간 동안 진행되며 15개 관광지를 방문한다고 하셨잖아요.
#Person1#: 네, 맞습니다. 그렇게 약속드렸어요.
#Person2#: 그런데 2시간밖에 걸리지 않았어요.
#Person1#: 정말 그렇군요. 죄송합니다. 이 문제를 조사해 보겠습니다. 잠시만 기다려 주시겠어요?",#Person1#은 약속했던 투어 일정과 달리 진행된 것에 대해 #Person2#에게 사과하고 문제를 조사하겠다고 했습니다.
dev.csv,그다음에,"#Person1#: 다시 만나서 반가워, Mike. 중국 여행은 어땠어?
#Person2#: 정말 좋았어. 지난달에 아내랑 함께 베이징에 가서 3일 동안 지냈어. 볼 것도 많고 갈 곳도 많아서 떠날지 머물러야 할지 정말 고민했었어.
#Person1#: 다른 중국 도시들도 방문했어?
#Person2#: 응, 그다음에 상하이랑 난징에 각각 2일씩 있었어. 마지막으로 계림에 가서 3일을 보냈는데, 도시들이 너무 아름다워서 깊은 인상을 받았어.
#Person1#: 정말 좋았다.",Mike는 #Person1#에게 아내와 함께한 중국 여행의 즐거움을 이야기합니다.
dev.csv,그다음에,"#Person1#: 나 휴가로 캐나다에 갈 계획이야.
#Person2#: 어디를 방문할 예정이야?
#Person1#: 먼저 밴쿠버에서 며칠을 보낼 거야. 그다음에는 로키 산맥을 기차로 여행할 거야.
#Person2#: 오, 로키 산맥을 지나간다고? 정말 신나겠다.
#Person1#: 그리고 나서 토론토로 비행기를 타고 가서 나이아가라 폭포까지는 버스를 탈 거야. 그 큰 폭포 밑을 배로 지나갈 계획이야.
#Person2#: 와, 멋지다. 정말 부럽네!
#Person1#: 음, 배멀미만 안 했으면 좋겠어. 마지막으로 노바스코샤에서 나의 여행이 끝나. 작은 어촌 마을들을 자전거로 돌아보고 싶어.
#Person2#: 좋은 시간 보내고 사진 많이 찍어!","#Person1#이 #Person2#에게 캐나다로 떠나 밴쿠버, 로키 산맥, 토론토, 나이아가라 폭포, 노바스코샤를 방문할 계획을 이야기한다."
dev.csv,이 버스,"#Person1#: 저기요, 이 버스가 중국 국가 도서관으로 가나요?
#Person2#: 네, 세 정거장 남았어요.
#Person1#: 얼마나 걸릴까요?
#Person2#: 음, 교통이 별로 막히지 않으면 15분 정도 걸릴 거예요.
#Person1#: 고마워요. 제가 여기 처음 와서 그런데, 정거장에 도착하면 알려주실 수 있을까요?
#Person2#: 물론이죠. 도착하면 알려드릴게요.",#Person1#이 #Person2#에게 도착하면 정거장에 알려달라고 부탁합니다.
dev.csv,이 버스,"#Person1#: 어떻게 지내? 
#Person2#: 꽤 좋아, 너는? 
#Person1#: 나는 정말 좋아. 
#Person2#: 버스 탄 지 얼마나 됐어? 
#Person1#: 한 15분 정도 된 것 같아. 
#Person2#: 이 버스 자주 타? 
#Person1#: 많이 타진 않아, 차가 있거든. 
#Person2#: 그럼 차 있어? 
#Person1#: 물론이지. 
#Person2#: 그런데 왜 나랑 버스 타고 있어? 
#Person1#: 대통령 임기 끝날 때까지 기다리고 있어. 그럼 기름값이 내려갈 거야. 
#Person2#: 좋은 생각이네.",#Person1#과 #Person2#가 버스에서 대화를 나눈다. #Person1#은 기름값이 내릴 때까지 차를 운전하지 않는다.
dev.csv,그 수업,"#Person1#: 마이크, 나 등록 날짜 깜빡했어. 하루 늦었는데, 수업이 거의 다 찼어. 어떻게 해야 할까?
#Person2#: 큰일이네. 딱히 할 수 있는 게 없어. 쓸만한 수업 몇 개라도 잡히길 바래야지.
#Person1#: 등록 건물에 가보는 게 도움이 될까?
#Person2#: 아니. 거기가면 똑같은 얘기를 더 별로인 방식으로 들을 거야.
#Person1#: 너는 벌써 등록했어?
#Person2#: 당연하지. 수업 등록은 놓치면 안 돼.
#Person1#: 아직 자리 남아있는 수업이 뭐가 있을까?
#Person2#: 음, 심리학 101은 큰 수업이라 항상 자리 남아. 또 사회학도 들어갈 수 있을 거야.
#Person1#: 그거 도움이 되네. 고마워. 그런데 철학 수업은 어때? 이번 학기엔 그 수업 듣고 싶었거든.
#Person2#: 나 작년에 그 수업 들었어. 교수님 정말 좋으셔서, 사무실에 찾아가면 클래스가 꽉 차도 받아줄 카드에 사인해 주실 수도 있어.
#Person1#: 그렇게 해주셔?
#Person2#: 그 수업 많이들 포기해서 그런 것 같아.
#Person1#: 그러네, 이해가 돼. 그럼 그렇게 해야겠다. 도움 줘서 고마워.
#Person2#: 문제 없어, 친구.","#Person1#가 수업 등록을 깜빡하여 마이크에게 조언을 구합니다. 마이크는 #Person1#에게 심리학, 사회학, 철학 수업을 권장합니다. #Person1#는 마이크의 도움에 감사드립니다."
dev.csv,그 수업,"#Person1#: 여기서 공부하고 있어? 
#Person2#: 응, 나 동아시아어학과에서 공부해.
#Person1#: 전공이 뭐야?
#Person2#: 일본어 전공이야.
#Person1#: 문학 수업은 어때?
#Person2#: 정말 많이 도움이 돼. 그 수업 덕분에 문학의 세계에 푹 빠졌어. 엄청난 문학 작품들도 많이 읽었어.",#Person2#는 일본어를 전공하며 문학 수업이 매우 유익하다고 느낀다.
dev.csv,그 자리,"#Person1#: 안타깝게도 좋은 소식은 아닙니다. 당신은 그 자리에 선발되지 못했습니다.
#Person2#: 아, 안돼요! 제가 떨어질 리 없어요. 정말 확실한가요?
#Person1#: 네, 정말 죄송합니다.
#Person2#: 너무하네요. 그런데 Arden이 제 자격과 경험에 만족한다고 했었어요.
#Person1#: 그는 여러 사람 중 결정권자 중 한 명일 뿐이에요.
#Person2#: 우리 사무실 동료들 얼굴을 어떻게 봐야 할지 모르겠어요. 그들이 제가 승진할 거라 생각했어요. 좋은 소식 기다리고 있을 텐데요.
#Person1#: 그렇게 심각한 일은 아닌 것 같아요. 결과를 받아들이는 게 좋습니다. 게다가, 그 자리가 당신에게 최선은 아닐지도 몰라요.
#Person2#: 그래도 기회를 놓쳤네요.
#Person1#: 계속 열심히 일하면 언젠가 또 다른 승진 기회를 얻을 겁니다.","#Person1#은 #Person2#에게 자리에 선발되지 못했다고 전하고, #Person2#는 실망하지만 #Person1#은 계속 노력하라고 격려합니다."
dev.csv,그 자리,"#Person1#: 네, 절도를 신고하려고 해요.
#Person2#: 알겠습니다. 정확히 무슨 일이 있었는지 말씀해 주세요.
#Person1#: 음, 이틀 전에 퇴근하고 집에 가는 길에 주변 자연을 즐기고 있었어요. 새소리, 개구리 소리, 흐르는 냇물 소리 같은 것들이요... 그런데 어떤 여자가 저를 넘어뜨리고 제 물건을 낚아채고는 나무 사이로 도망갔어요. 너무 놀라서 쫓아가지 못했어요.
#Person2#: 그렇군요. 그 여자분의 인상착의를 설명해 주시겠어요?
#Person1#: 네. 키가 한 190cm 정도 됐던 것 같아요...
#Person2#: 잠깐만요. 여자라고 하지 않으셨어요?
#Person1#: 글쎄요, 확실하진 않네요. 그 사람이 흰색과 검은색 물방울 무늬 드레스를 입고 있었고, 그 위에 연한 빨간색 스웨터를 걸치고 농구화를 신고 있었어요.
#Person2#: 다른 특징은 없나요?
#Person1#: 음, 그 사람 키는 약 190cm였고, 체격이 크고 머리는 길고 웨이브가 있었습니다. 아마도 30대 후반쯤이었을 거예요. 얼굴은 잘 보지 못했어요.
#Person2#: 또 다른 특징은 있었나요?
#Person1#: 그 사람... 수염이 있었어요.
#Person2#: 아! 무슨 물건이 훔쳐졌나요?
#Person1#: 음, 제 왼쪽 신발 한 짝이요. 이상하죠?
#Person2#: 아. '수염 있는 여자'가 또 나타났군요!
#Person1#: '수염 있는 여자'요?
#Person2#: 네. 여장을 하고 피해자들의 왼쪽 신발을 빼앗아 가는 남자가 있어요. 이유는 잘 모르겠지만, 보통 며칠 후 그 자리에 신발을 돌려준답니다.
#Person1#: 아, 그는 제 신발 가져도 되고, 저는 공원 지날 때마다 왼쪽 신발 벗고 다녀야겠네요.","#Person1#은 경찰에게 절도를 신고합니다. #Person1#이 도둑의 외모를 묘사하자, 경찰은 피해자의 왼쪽 신발을 빼앗아가는 '수염 있는 여자'로 알려진 자를 알아챕니다. 그 도둑은 며칠 후 신발을 돌려주곤 합니다."
dev.csv,그 자리,"#Person1#: ABC Company입니다, 저는 루시입니다. 무엇을 도와드릴까요?
#Person2#: 안녕하세요, 루시. 저는 모니카입니다. 회계직에 지원하려고 전화 드렸어요. 귀사의 웹사이트에서 공고를 봤는데, 아직 채용 중인지요?
#Person1#: 관심 가져주셔서 감사합니다. 그 자리는 아직 가능합니다. 혹시 저희에게 이력서를 보내셨나요?
#Person2#: 아직 못 보냈어요. 먼저 채용 여부를 확인하고, 더 많은 정보를 얻고 싶어서요.
#Person1#: 지금 저희는 이 자리를 시급히 채워야 하고, 국제적인 연락 때문에 영어는 필수입니다. 곧 해외 출장이 있을 가능성이 크기 때문에 꼭 강조하고 싶어요. 만약 이런 것들이 문제가 되지 않으신다면, 자기소개서에 언급하시고 저에게 직접 보내시는 걸 추천드립니다.
#Person2#: 지금 다니는 직장의 퇴사 통보 기간은 길지 않아요. 저는 영어에 꽤 능숙하고, 다른 문화의 사람들과 잘 지내서 해외 출장도 문제없어요. 오히려 일이 더 흥미로워지죠. 이번 주 내로 이력서를 보내겠습니다.","모니카는 ABC Company에 회계직 채용 여부를 확인하기 위해 전화하여 채용 가능성과 관련된 정보를 받았습니다. 루시는 영어 능력과 해외 출장 가능성을 강조했고, 모니카는 이력서를 제출하겠다고 약속했습니다."
dev.csv,저 사람,"#Person1#: 이 파티 정말 대박이야! 
#Person2#: 맞아, 맥주도 좋고 음악도 좋고, 매력적인 사람들도 많아!
#Person1#: 그러게. 저기 있는 그녀 좀 봐. 나 사랑에 빠질 것 같아!
#Person2#: 음, 나쁘진 않은데 내 스타일은 아니야. 빨간 드레스 입은 금발은 어때?
#Person1#: 아, 저 사람 Janice야. 이 동네에 새로 왔어. 너 금발 좋아하나 봐?
#Person2#: 응! 그녀가 어떻게 생각하든 난 상관없어!
#Person1#: 그러지 말고 그냥 가서 말 걸어봐. 그녀 정말 친절해.
#Person2#: 아니야. 여자에게 말 걸면 너무 긴장돼. 항상 실수를 해서 당황하게 하고 결국 바보 같아 보여. 게다가 그녀는 내겐 너무 아까운 사람 같아.
#Person1#: 용기를 내! 해보기 전엔 모르는 거야.
#Person2#: 그래, 정신 차리려고 맥주 한 잔 더 마실게.
#Person1#: 알겠어. 하지만 서두르는 게 좋을 거야.
#Person2#: 왜?
#Person1#: 다른 남자 다섯 명이 그녀를 관심 있게 보고 있더라고.
#Person2#: 좋아, 간다!
#Person1#: 행운을 빌어!","#Person1#과 #Person2#는 금발 여자를 보고, #Person2#는 여자와 대화하는 것에 긴장합니다. #Person1#의 격려와 맥주 한 잔 후, #Person2#는 금발 여자에게 말을 걸기로 결심합니다."
dev.csv,저 사람,"#Person1#: 봐봐! 오늘 매트릭스 상영하네. 
#Person2#: 그러게, 저 사람들 좀 봐. 우리 표 살 수 있을까? 
#Person1#: 모르겠어. 안 되면 암표 사도 되잖아. 
#Person2#: 그건 싫어. 차라리 다른 영화관 가는 게 낫겠어. 
#Person1#: 제발 좀. 우리 여기까지 왔잖아. 그리고 이 영화 정말 보고 싶어. 
#Person2#: 알겠어. 다음 상영이 언제지? 
#Person1#: 7시 30분. 10분밖에 안 남았는데 줄 정말 길다! 
#Person2#: 한번 해볼까? 
#Person1#: 그래, 그렇게 해보자. 
#Person2#: 줄이 너무 느리게 가네. 
#Person1#: 사람이 이렇게 많은데 뭐 어쩌겠어? 줄 안 끼어들길 기도해야지. 
#Person2#: 아무도 안 끼어들 거야. 
#Person1#: 그러길 바라. 조금만 더 가면 돼... 두 명 남았어... 한 명 남았어... 우리 차례다.",#Person1#이 암표를 사는 것을 제안했지만 #Person2#가 이를 거절했습니다. 그들은 긴 줄을 기다려 결국 그들의 차례가 됩니다.
dev.csv,이 셔츠,"#Person1#: 아이고, 나 정말 끔찍해 보여. 
#Person2#: 무슨 소리야. 그렇게 나쁠 리 없잖아. 내가 들어가서 좀 볼까, 자기야? 
#Person1#: 절대 안 돼. 이 셔츠는 진열대에서는 예뻐 보였는데, 내 몸에선 정말 끔찍하다고. 
#Person2#: 난 네가 80년대 스타일 좋아하는 줄 알았는데. 
#Person1#: 좋은 80년대 스타일을 좋아하지, 나쁜 80년대 스타일은 아니야. 
#Person2#: 그런 식으로 나뉜 줄 몰랐네. 난 그냥 모든 80년대 스타일이 다 좋은 줄 알았어. 
#Person1#: 정말 웃기네. 우리 여기서 나갈 수 있을까? 더 현대적인 가게를 찾아보자. 나를 동물원에 있는 거대한 만화 동물처럼 보이게 하지 않는 옷이 있을지도 몰라. 
#Person2#: 네가 결정해.","#Person1#은 자신의 셔츠가 끔찍해 보인다고 느끼고 있습니다. #Person2#는 #Person1#이 80년대 스타일을 좋아한다고 생각했지만, #Person1#은 좋은 80년대 스타일만 선호합니다. 결국 #Person1#은 더 현대적인 가게를 찾아보기로 결정합니다."
dev.csv,이 자리,"#Person1#: 저기요, 이 자리 비었나요? 
#Person2#: 네, 비어 있어요. 
#Person1#: 여기 앉아도 될까요? 
#Person2#: 물론이죠. 오늘 사람 진짜 많네요. 
#Person1#: 그러게요, 자리 찾기가 어려워요.","#Person1#이 자리 공유를 요청하고, #Person2#이 동의합니다."
dev.csv,이 자리,"#Person1#: ABC Company입니다, 저는 루시입니다. 무엇을 도와드릴까요?
#Person2#: 안녕하세요, 루시. 저는 모니카입니다. 회계직에 지원하려고 전화 드렸어요. 귀사의 웹사이트에서 공고를 봤는데, 아직 채용 중인지요?
#Person1#: 관심 가져주셔서 감사합니다. 그 자리는 아직 가능합니다. 혹시 저희에게 이력서를 보내셨나요?
#Person2#: 아직 못 보냈어요. 먼저 채용 여부를 확인하고, 더 많은 정보를 얻고 싶어서요.
#Person1#: 지금 저희는 이 자리를 시급히 채워야 하고, 국제적인 연락 때문에 영어는 필수입니다. 곧 해외 출장이 있을 가능성이 크기 때문에 꼭 강조하고 싶어요. 만약 이런 것들이 문제가 되지 않으신다면, 자기소개서에 언급하시고 저에게 직접 보내시는 걸 추천드립니다.
#Person2#: 지금 다니는 직장의 퇴사 통보 기간은 길지 않아요. 저는 영어에 꽤 능숙하고, 다른 문화의 사람들과 잘 지내서 해외 출장도 문제없어요. 오히려 일이 더 흥미로워지죠. 이번 주 내로 이력서를 보내겠습니다.","모니카는 ABC Company에 회계직 채용 여부를 확인하기 위해 전화하여 채용 가능성과 관련된 정보를 받았습니다. 루시는 영어 능력과 해외 출장 가능성을 강조했고, 모니카는 이력서를 제출하겠다고 약속했습니다."
dev.csv,이 자리,"#Person1#: 우리 고객들 대부분이 외국인인데, 엘리자베스, 외국어 몇 개 할 수 있어?
#Person2#: 두 개. 프랑스어랑 스페인어.
#Person1#: 얼마나 잘해?
#Person2#: 음, 프랑스어는 학교에서 제일 잘했던 과목이라 꽤 잘 읽고 쓸 수 있어.
#Person1#: 스페인어는 어때?
#Person2#: 프랑스어보다는 조금 못해. 말하기는 그럭저럭 하는데 쓰기는 잘 못해.
#Person1#: 그렇구나. 근데 우리 스페인 고객이 많긴 한데 여기서는 스페인어로 글 쓰는 건 필요 없어.
#Person2#: 그렇다면 이 자리에 적합할 것 같아.","엘리자베스는 프랑스어와 스페인어를 구사할 수 있으며, 스페인 고객이 많지만 문서 작성은 요구되지 않아 이 자리에 적합하다."
dev.csv,그 영화,"#Person1#: 금요일 영화 표 두 장 주세요.
#Person2#: 어느 영화 표를 원하시나요, 손님?
#Person1#: 아, 맞다. Dark and Stormy Night요.
#Person2#: 죄송하지만, 그 영화는 매진되었습니다.
#Person1#: 그럼, 토요일이나 일요일은 어때요?
#Person2#: 네, 손님, 그 영화는 그날들에 표가 있습니다.
#Person1#: 토요일 중간 줄에 남은 자리 있나요?
#Person2#: 네, 있지만 서로 붙어있지 않습니다.
#Person1#: 아, 아쉽네요. 저희는 함께 앉고 싶어요.
#Person2#: 그렇다면, 앞줄이나 뒷줄에 함께 앉을 자리는 아직 남아 있습니다.
#Person1#: 앞줄 괜찮네요. 표 금액이 얼마인가요?
#Person2#: 총 25달러입니다.
#Person1#: 좋아요, 그것들로 할게요.",#Person2#는 #Person1#이 토요일에 Dark and Stormy Night 영화의 표 두 장을 예약할 수 있도록 돕습니다. 좌석은 앞줄이며 서로 붙어 있습니다.
dev.csv,그 영화,"#Person1#: 새 영화 어땠어? 재밌었어?
#Person2#: 그 영화 그냥 떠드는 소리야. Simon이랑 똑같이.
#Person1#: 어, 무슨 일 있었어, Carole?
#Person2#: 나 혼자 가야 했어. Simon은 못 온다고 해서.
#Person1#: 뭐라고? 내가 Kitty's에서 출발하기 전에 Simon 만났는데, 온다고 했는데.
#Person2#: Kitty's? 참 여기저기 잘 다니네, 안 그래?
#Person1#: 그러게. 그래서 어떻게 대처했어?
#Person2#: 변명이 또 뻔했어. 차가 또 고장 났다고 하더라.
#Person1#: 그냥 변명일 뿐일걸. 내 눈엔 괜찮아 보였어.
#Person2#: 그러게. 지난주에는 무척 바쁘다는 핑계를 대더라.
#Person1#: 별로 희망적이진 않은데.
#Person2#: 글쎄, 이제는 끝내야 할 때인 것 같아.
#Person1#: 내가 그를 만나면 말해줄까?
#Person2#: 고맙지만 직접할게, Rebecca. 우리 수업 가자.","Carole은 Simon의 변명에 대해 Rebecca에게 이야기하고, Rebecca가 도와주려 하지만 Carole은 직접 해결하기로 결심한다."
dev.csv,그 영화,"#Person1#: 언제 태어나셨어요, 물어봐도 될까요?
#Person2#: #DateOfBirth#이에요.
#Person1#: 음력으로는 언제인지 아세요?
#Person2#: 4월 27일이에요.
#Person1#: 그런데 그 영화 언제 시작하는지 좀 알려줄 수 있어요?
#Person2#: 다섯 시 반에 시작해요.
#Person1#: 제가 너무 추워서 제시간에 못 갈 것 같아요.
#Person2#: 내일 보면 되잖아요.
#Person1#: 오늘 놓치고 싶지 않아요.
#Person2#: 그럼, 내일 봐요.
#Person1#: 그래요, 내일 봐요.","#Person1#은 #Person2#에게 생일과 영화 시작 시간을 묻고, 영화 시간에 맞추기 어려움을 토로합니다."
dev.csv,이 신발,"#Person1#: 이런 신발 있어요?
#Person2#: 어떤 사이즈 찾으세요?
#Person1#: 5 사이즈요.
#Person2#: 어떤 색 찾으세요?
#Person1#: 검정색이요.
#Person2#: 죄송하지만, 지금은 없어요.
#Person1#: 근데 제 여동생이 지난달에 이걸 샀어요.
#Person2#: 여기서 구매한 건가요?
#Person1#: 아니요, 미국에서 샀어요.
#Person2#: 한 달 전쯤 이렇게 생긴 신발이 있었는데 지금은 없네요.
#Person1#: 저한테 한 켤레 구해줄 수 있나요?
#Person2#: 죄송하지만 못 구해드려요. 작년과 재작년에 유행이었는데 올해는 유행이 아니에요. 요즘은 이 신발이 유행이에요.
#Person1#: 되게 불편해 보이네요.
#Person2#: 네, 정말 불편해요. 하지만 여자들은 항상 불편한 신발을 신어요.",#Person1#이 찾고 있는 신발은 품절되었습니다. #Person2#는 유행이지만 불편한 다른 신발을 추천합니다.
dev.csv,이 수업,"#Person1#: 여기서 공부해요?
#Person2#: 네, 저는 동아시아 언어학과에서 공부해요.
#Person1#: 전공이 뭐예요?
#Person2#: 저는 일본어 전공이에요.
#Person1#: 문학 수업은 어때요?
#Person2#: 정말 도움이 많이 돼요. 이 수업 덕분에 새로운 문학 세계에 발을 들였고, 훌륭한 문학 작품들을 많이 읽었어요.","#Person1#는 #Person2#에게 전공이 무엇인지 묻고, 문학 수업에 대해 어떻게 생각하는지 질문합니다."
dev.csv,이 수업,"#Person1#: 제가 드릴 말씀은, 가끔 당신 아들이 수업에 25분씩 늦는다는 겁니다.
#Person2#: 정말인가요? 그는 항상 수업에 10분 일찍 도착한다고 말하던데요. 이번에야말로 혼을 좀 내야겠네요.",#Person1#은 #Person2#에게 #Person2#의 아들이 수업에 가끔 늦는다고 알립니다. #Person2#는 그 사실을 알고 아들이 거짓말을 했다는 것을 깨닫고 그를 혼내기로 합니다.
dev.csv,그 시간,"#Person1#: 안녕하세요, Dr. Anderson의 사무실입니다.
#Person2#: 안녕하세요, 저는 John Keat입니다. 오늘 의사 선생님을 뵐 수 있을까요?
#Person1#: Dr. Anderson의 환자신가요?
#Person2#: 음, 아니요. 멕시코에서 컨벤션에 참석 중인데, 머물고 있는 호텔의 매니저가 여기로 전화해 보라고 했어요.
#Person1#: 아, 그렇군요. 어떤 문제가 있으신가요?
#Person2#: 귀에 울림이 있어요. 소리가 너무 커서 사람들 말하는 소리도 잘 안 들려요.
#Person1#: 통증이나 분비물은 있나요?
#Person2#: 분비물은 없고, 약간 귀가 아파요.
#Person1#: 통증이 항상 있는 건가요, 아니면 가끔 발생하나요?
#Person2#: 이틀 동안 계속 아팠어요. 비행기 타고 와서 그런가 하고 쉬면 괜찮을 줄 알았는데, 더 심해졌어요. 의사 선생님을 봐야겠어요.
#Person1#: 의사 선생님께서 저녁까지 병원에 계실 예정입니다. 가장 빠른 예약은 내일 아침 10시입니다.
#Person2#: 그 시간이 괜찮아요. 그때 갈게요.
#Person1#: 그러면 좋습니다, 그동안 쉬도록 노력하세요. 샤워할 때 귀를 누르거나 물이 들어가지 않도록 하세요.
#Person2#: 캐나다에서 의사를 본 적이 없어서, 뭔가 가져가야 하나요?
#Person1#: 외국인 방문자의 경우 병원 등록을 위해 여권을 가져오시면 좋겠어요.
#Person2#: 네, 알겠습니다. 도와주셔서 감사합니다.
#Person1#: 전화 주셔서 감사합니다. 그럼 내일 뵙겠습니다.","John Keat은 Dr. Anderson의 사무실에 연락하여 귀 통증을 호소하고, 내일 오전 10시에 예약을 잡고 여권을 지참하라는 안내를 받습니다."
dev.csv,그 시간,"#Person1#: 우리 집에 고속 인터넷 설치하고 싶어요.
#Person2#: 설치 가기 전에 예약을 하셔야 해요.
#Person1#: 지금 예약하고 싶어요.
#Person2#: 어떤 날이 괜찮으세요?
#Person1#: 이번 금요일에 됐으면 좋겠어요.
#Person2#: 3시만 가능한데요.
#Person1#: 조금 일찍 와주실 수는 없나요?
#Person2#: 죄송하지만, 그 시간밖에 안 돼요.
#Person1#: 토요일은 어때요?
#Person2#: 토요일은 완전히 비어 있어요.
#Person1#: 11시에 오실 수 있나요?
#Person2#: 괜찮습니다.",#Person1#이 고속 인터넷 설치를 원해서 #Person2#와 토요일 11시에 예약했습니다.
dev.csv,그 부분,"#Person1#: 음, 내 생각에 Jim, 나는 컴퓨터가 꽤 괜찮다고 봐. 아이들에게 논리적으로 사고하는 법을 가르쳐 준다고 생각하거든.
#Person2#: 난 그 부분에 동의하지 않아. 컴퓨터가 아이들의 사고 능력을 약하게 만든다고 생각해. 아이들이 기본적인 기술을 배우지 않잖아.
#Person1#: 무슨 말이야?
#Person2#: 아이들이 철자를 제대로 모르고, 덧셈이나 뺄셈도 잘 못하고, 이제는 아무것도 기억하려고 하지 않잖아. 그건 기기에 의존하기 때문이야.
#Person1#: 그건 기기 탓이 아니야. 프로그램을 만드는 건 사고를 자극하고, 상상력을 발휘하게 해서 정신을 더 날카롭게 만들어.","#Person1#은 컴퓨터가 아이들에게 논리적 사고를 가르치며 상상력을 자극한다고 생각하지만, #Person2#는 아이들이 컴퓨터에 의존해 기본 기술을 배우지 않으며, 사고 능력이 저하된다고 본다."
dev.csv,그 부분,"#Person1#: 이번 운전 시험, 내가 잘 봤을까요?
#Person2#: 정말 잘 봤어요.
#Person1#: 그럼 합격한 건가요?
#Person2#: 네, 합격했어요.
#Person1#: 시험 중 어디가 부족했나요?
#Person2#: 딱 한 군데 실수가 있었어요.
#Person1#: 그게 뭐였는지 알려줄래요?
#Person2#: 평행 주차에서 살짝 어려움을 겪었어요.
#Person1#: 그 부분은 저한테 정말 어려워요.
#Person2#: 그 부분은 확실히 연습이 필요해요.
#Person1#: 그래도 면허는 받을 수 있나요?
#Person2#: 네, 면허 받을 수 있을 거예요.","#Person1#은 운전 시험에 합격했으며, #Person2#는 평행 주차에서 약간의 어려움이 있었음을 지적합니다."
dev.csv,그 부분,"#Person1#: 좋은 아침입니다, 손님. 도와드릴까요?
#Person2#: 좋은 아침입니다. 여기 목욕이 가능한 싱글룸을 예약했습니다.
#Person1#: 성함을 말씀해 주시겠습니까?
#Person2#: Bradley, John Bradley입니다.
#Person1#: 잠시만 기다려주시면 리스트를 확인하겠습니다. 네, Mr. Bradley, 예약이 확인되었습니다. 키 카드를 준비하는 동안 이 양식을 작성해 주시겠습니까?
#Person2#: 네. 펜을 잠시 빌려주실 수 있나요?
#Person1#: 물론입니다. 여기 있습니다.
#Person2#: 방 번호는 어디에 적어야 하나요?
#Person1#: 그 부분은 빈칸으로 두셔도 됩니다. 나중에 제가 넣어드릴 겁니다.
#Person2#: 여기 있습니다. 전부 제대로 작성한 것 같습니다.
#Person1#: 확인해볼게요... 이름, 주소, 국적, 다음 주소, 여권 번호, 발급지, 서명, 퇴실 날짜. 아, 여기요, 손님. 퇴실 날짜를 안 적으셨네요. 제가 대신 적어드리겠습니다. 언제 퇴실하시나요?
#Person2#: 10월 24일입니다.
#Person1#: 이제 모든 게 완료되었습니다. 여기가 키 카드입니다, Mr. Bradley. 방 번호는 1020호이며, 10층에 있습니다. 하루 요금은 $90입니다. 이 카드에는 예약 정보, 호텔 서비스 및 호텔 규정이 담겨 있으니 항상 소지해 주시기 바랍니다. 식사나 음료를 결제할 때 이 카드를 보여주셔야 하고, 인포메이션 데스크에서 키를 받을 때도 필요합니다.
#Person2#: 네, 잘 보관하겠습니다.
#Person1#: 준비되셨으면 벨보이를 불러서 방으로 안내해 드리겠습니다, Mr. Bradley.
#Person2#: 네, 부탁드립니다.","#Person1#이 Mr. Bradley가 체크인을 위해 양식을 작성하도록 도와줍니다. #Person1#은 Mr. Bradley에게 방 번호를 알려주고, 다기능 키 카드를 항상 소지해야 한다고 상기시킨 후 벨보이를 불러 Mr. Bradley를 도와줍니다."
dev.csv,그 여자,"#Person1#: 네, 절도를 신고하려고 해요.
#Person2#: 알겠습니다. 정확히 무슨 일이 있었는지 말씀해 주세요.
#Person1#: 음, 이틀 전에 퇴근하고 집에 가는 길에 주변 자연을 즐기고 있었어요. 새소리, 개구리 소리, 흐르는 냇물 소리 같은 것들이요... 그런데 어떤 여자가 저를 넘어뜨리고 제 물건을 낚아채고는 나무 사이로 도망갔어요. 너무 놀라서 쫓아가지 못했어요.
#Person2#: 그렇군요. 그 여자분의 인상착의를 설명해 주시겠어요?
#Person1#: 네. 키가 한 190cm 정도 됐던 것 같아요...
#Person2#: 잠깐만요. 여자라고 하지 않으셨어요?
#Person1#: 글쎄요, 확실하진 않네요. 그 사람이 흰색과 검은색 물방울 무늬 드레스를 입고 있었고, 그 위에 연한 빨간색 스웨터를 걸치고 농구화를 신고 있었어요.
#Person2#: 다른 특징은 없나요?
#Person1#: 음, 그 사람 키는 약 190cm였고, 체격이 크고 머리는 길고 웨이브가 있었습니다. 아마도 30대 후반쯤이었을 거예요. 얼굴은 잘 보지 못했어요.
#Person2#: 또 다른 특징은 있었나요?
#Person1#: 그 사람... 수염이 있었어요.
#Person2#: 아! 무슨 물건이 훔쳐졌나요?
#Person1#: 음, 제 왼쪽 신발 한 짝이요. 이상하죠?
#Person2#: 아. '수염 있는 여자'가 또 나타났군요!
#Person1#: '수염 있는 여자'요?
#Person2#: 네. 여장을 하고 피해자들의 왼쪽 신발을 빼앗아 가는 남자가 있어요. 이유는 잘 모르겠지만, 보통 며칠 후 그 자리에 신발을 돌려준답니다.
#Person1#: 아, 그는 제 신발 가져도 되고, 저는 공원 지날 때마다 왼쪽 신발 벗고 다녀야겠네요.","#Person1#은 경찰에게 절도를 신고합니다. #Person1#이 도둑의 외모를 묘사하자, 경찰은 피해자의 왼쪽 신발을 빼앗아가는 '수염 있는 여자'로 알려진 자를 알아챕니다. 그 도둑은 며칠 후 신발을 돌려주곤 합니다."
dev.csv,이 가게,"#Person1#: 이 가게에는 수공예품이 많아요. 천천히 둘러보시면 마음에 드는 걸 찾을 수 있을지도 몰라요.
#Person2#: 그렇게 해볼게요.
#Person1#: 궁금한 점 있으면 언제든지 말씀하세요.
#Person2#: 알겠어요. 이 나무 조각은 얼마인가요?
#Person1#: 나무 조각에 대해 잘 아시네요. 그 나무 조각은 아주 희귀한 작품이에요. 그런데 죄송하지만, 판매용은 아니에요.
#Person2#: 괜찮아요. 추천해주실 다른 제품이 있나요?
#Person1#: 특별히 찾으시는 것이 있으세요?
#Person2#: 전통 예술품을 보고 싶어요.
#Person1#: 선물로 구매하시는 건가요?
#Person2#: 네, 외국인 친구들에게 줄 특별한 선물을 찾고 있어요.
#Person1#: 그렇다면 종이 공예품을 추천드려요. 휴대하기도 좋고, 외국인분들도 종이 공예를 정말 좋아하더라고요. 많은 사람들이 그것이 놀랍다고 생각해요.
#Person2#: 좋네요. 그럼 종이 공예품으로 할게요.
#Person1#: 저는 전국의 다양한 종이 공예품을 모았어요. 마음에 드는 걸 골라보세요.
#Person2#: 직접 모으신 거예요? 도매로 판매하는 줄 알았어요.
#Person1#: 사실, 예술에 관심이 많아서 이 가게를 열게 됐어요. 우리나라 민속 예술을 연구하는 데 많은 시간을 쏟았어요.
#Person2#: 와, 정말 전문가시네요.","#Person2#는 외국인 친구들을 위한 선물을 찾기 위해 예술품 가게를 방문합니다. #Person1#은 종이 공예품을 추천하며 본인이 직접 수집한 것이라고 설명합니다. #Person2#는 이 선택을 좋게 생각하고, #Person1#의 전문성을 칭찬합니다."
dev.csv,이 근처,"#Person1#: 우주의 은하들이 공간을 통해 움직이나요? 
#Person2#: 아니요, 은하들은 주변 공간 안에 거의 가만히 있어요. 하지만 은하들 사이의 공간이 팽창하면서 더 멀리 떨어지게 되죠. 마치 팽창하는 반죽 속의 건포도처럼요. 
#Person1#: 그런데 우리 은하수가 언젠가 이웃 은하와 충돌할 수도 있다고 들었어요. 은하들이 서로 멀어진다면, 어떻게 충돌할 수 있죠? 
#Person2#: 음, 우주는 복잡해요. 어떤 은하나 은하 그룹의 중력이 근처 다른 은하의 움직임에 영향을 줘서 충돌이 발생할 수 있어요. 하지만 일반적으로 보면, 충분히 큰 규모에서 은하들은 서로 멀어지고 있어요. 
#Person1#: 와, 정말 유익하네요. 정말 고마워요. 
#Person2#: 천만에요.","#Person2#는 #Person1#의 질문에 대해 은하들이 공간을 통해 이동하지 않지만, 공간의 팽창으로 인해 특정 경우 충돌할 수 있다고 설명합니다. #Person1#은 이 설명이 유익하다고 생각합니다."
dev.csv,이 도움,"#Person1#: 여기서 공부하고 있어? 
#Person2#: 응, 나 동아시아어학과에서 공부해.
#Person1#: 전공이 뭐야?
#Person2#: 일본어 전공이야.
#Person1#: 문학 수업은 어때?
#Person2#: 정말 많이 도움이 돼. 그 수업 덕분에 문학의 세계에 푹 빠졌어. 엄청난 문학 작품들도 많이 읽었어.",#Person2#는 일본어를 전공하며 문학 수업이 매우 유익하다고 느낀다.
dev.csv,그 가격,"#Person1#: 안녕하세요, 호텔 방을 예약하고 싶어요. 
#Person2#: 문제없습니다. 성함을 말씀해 주시겠어요? 
#Person1#: 제 이름은 John Sandals입니다. 
#Person2#: 안녕하세요, Sandals 씨. 저는 Michelle입니다. 언제부터 며칠까지 예약 필요하신가요? 
#Person1#: 4월 14일 금요일부터 4월 17일 월요일까지 뉴욕에 방문할 예정입니다. 
#Person2#: 방 가격이 최근에 올랐는데 괜찮으세요, Sandals 씨? 
#Person1#: 하룻밤에 얼마인가요? 
#Person2#: 하룻밤에 $308입니다. 
#Person1#: 그 가격은 괜찮습니다. 
#Person2#: 좋습니다! 흡연 방과 금연 방 중 어느 것을 원하시나요? 
#Person1#: 금연 방으로 해주세요. 
#Person2#: 다음 질문입니다, 퀸 사이즈 침대가 괜찮으신가요? 
#Person1#: 괜찮습니다. 
#Person2#: 알겠습니다, Sandals 씨. 예약이 컴퓨터에 입력되었습니다. 이제 전화번호만 필요합니다. 
#Person1#: 물론이죠. 제 전화번호는 #PhoneNumber#입니다. 
#Person2#: 감사합니다, Sandals 씨. 뉴욕에서 뵙기를 기대하겠습니다!",Michelle은 John Sandals 씨가 뉴욕을 방문하는 4월 14일부터 4월 17일까지 금연 방과 퀸 사이즈 침대 예약을 돕습니다.
dev.csv,그 가격,"#Person1#: 어떤 호텔 방을 예약할지 결정하는 데 도와줄래?
#Person2#: 음, 난 침대가 좋은 방이 좋아.
#Person1#: 웃기네. 전망에 따라 방 가격이 달라. 예를 들면, 도시 전망 방은 1박에 175야.
#Person2#: 1박에 175라고?! 너무 비싸다!
#Person1#: 그게 비싸다고 느낀다면, 다른 옵션도 있어. 전망 없는 안뜰 방은 1박에 120이고, 부분적인 바다 전망이나 가려진 바다 전망이 있는 방은 1박에 130이야.
#Person2#: 난 방 종류보다 지상층만 아니면 돼. 밤새 창밖으로 사람들이 오가는 게 싫어.
#Person1#: 알았어, 위층 방으로 요청할게. 특별히 원하는 건 없어?
#Person2#: 아냐, 딱히 없어.
#Person1#: 1박에 400짜리 펜트하우스 방도 있는데.
#Person2#: 뭐라고?! 그 가격이면 에펠탑, 파르테논, 만리장성까지 보여야겠네!",#Person1#은 호텔 방을 예약할 때 #Person2#의 의견을 묻는다. #Person2#는 높은 방값에 놀란다. #Person2#는 적당한 가격대의 위층 방을 원한다.
dev.csv,그 가격,"#Person1#: 이 아파트 정말 임대하고 싶어요.
#Person2#: 그렇게 말씀해주시니 기쁘네요.
#Person1#: 한 달에 얼마를 원하시나요?
#Person2#: 이 아파트는 한 달에 $1050입니다.
#Person1#: 한 달에 그 정도면 꽤 비싸네요.
#Person2#: 그 가격이 적정한데요.
#Person1#: 한 달에 $850은 어떠세요?
#Person2#: 그건 안 되겠네요.
#Person1#: $850이 아니면 아예 안 하겠습니다.
#Person2#: $1050 이하로는 못 내려가요.
#Person1#: 좀 더 낮출 수 없나요?
#Person2#: 그게 제가 드릴 수 있는 최선의 가격이에요.","#Person1#은 아파트를 한 달에 $850에 임대하고 싶어하지만, #Person2#는 $1050 이하로는 불가능하다고 답합니다."
dev.csv,이 소포,"#Person1#: 무엇을 도와드릴까요?
#Person2#: 네, 이 소포를 장춘으로 보내고 싶어요.
#Person1#: 어떻게 보내실 건가요?
#Person2#: 항공우편으로 보낼까 해요.
#Person1#: 귀중품이 들어 있나요?
#Person2#: 아니요, 그냥 도자기 몇 개 들어 있어요.
#Person1#: 이건 깨지기 쉬운 물건들이네요. 튼튼한 박스에 잘 포장해야 합니다. 이렇게 얇은 종이박스로는 안 됩니다.
#Person2#: 박스 판매하는 게 있나요?
#Person1#: 네, 있습니다.
#Person2#: 이 박스로 괜찮을까요?
#Person1#: 네, 이제 영어로 세관 신고서 두 장과 발송 전표 한 장을 작성하세요. 양식을 다 작성하신 후에 저 문으로 가셔서 검사 받으셔야 합니다.
#Person2#: 알겠습니다.
#Person1#: 반송 주소도 적으셨나요?
#Person2#: 네, 적었어요.",#Person2#는 도자기가 들어 있는 소포를 항공우편으로 장춘에 보내려 합니다. #Person1#은 깨지기 쉬운 물품이므로 튼튼한 박스에 포장할 것을 제안합니다.
dev.csv,이 영화,"#Person1#: 봐봐! 오늘 매트릭스 상영하네. 
#Person2#: 그러게, 저 사람들 좀 봐. 우리 표 살 수 있을까? 
#Person1#: 모르겠어. 안 되면 암표 사도 되잖아. 
#Person2#: 그건 싫어. 차라리 다른 영화관 가는 게 낫겠어. 
#Person1#: 제발 좀. 우리 여기까지 왔잖아. 그리고 이 영화 정말 보고 싶어. 
#Person2#: 알겠어. 다음 상영이 언제지? 
#Person1#: 7시 30분. 10분밖에 안 남았는데 줄 정말 길다! 
#Person2#: 한번 해볼까? 
#Person1#: 그래, 그렇게 해보자. 
#Person2#: 줄이 너무 느리게 가네. 
#Person1#: 사람이 이렇게 많은데 뭐 어쩌겠어? 줄 안 끼어들길 기도해야지. 
#Person2#: 아무도 안 끼어들 거야. 
#Person1#: 그러길 바라. 조금만 더 가면 돼... 두 명 남았어... 한 명 남았어... 우리 차례다.",#Person1#이 암표를 사는 것을 제안했지만 #Person2#가 이를 거절했습니다. 그들은 긴 줄을 기다려 결국 그들의 차례가 됩니다.
dev.csv,이 가방,"#Person1#: 안녕하세요, Barbara. 돌아와 줘서 반가워요. 잘 지냈나요?
#Person2#: Rod, 다시 만나서 반가워요.
#Person1#: 여행은 어땠어요?
#Person2#: 괜찮았지만 피곤했어요. 밀라노는 기대보다 크고, 시끄럽고 더럽기도 했어요.
#Person1#: 그럼 피렌체는 어땠어요?
#Person2#: 음, 거기엔 못 갔어요. 가보셨어요?
#Person1#: 아니요, 이탈리아는 안 가봤어요. 로마에 정말 가보고 싶어요. 자, 차들은 주차장에 있어요. 이게 당신 짐 전부인가요?
#Person2#: 네, 그런데 이 가방이 아주 무거워요.
#Person1#: Barbara, 안에 뭐가 들었어요? 책이나 돌이요?
#Person2#: 그냥 구두 20켤레요.",#Person1#은 #Person2#에게 여행 경험과 그녀의 무거운 짐에 대해 묻고 있습니다.
dev.csv,이 동네,"#Person1#: 이 파티 정말 대박이야! 
#Person2#: 맞아, 맥주도 좋고 음악도 좋고, 매력적인 사람들도 많아!
#Person1#: 그러게. 저기 있는 그녀 좀 봐. 나 사랑에 빠질 것 같아!
#Person2#: 음, 나쁘진 않은데 내 스타일은 아니야. 빨간 드레스 입은 금발은 어때?
#Person1#: 아, 저 사람 Janice야. 이 동네에 새로 왔어. 너 금발 좋아하나 봐?
#Person2#: 응! 그녀가 어떻게 생각하든 난 상관없어!
#Person1#: 그러지 말고 그냥 가서 말 걸어봐. 그녀 정말 친절해.
#Person2#: 아니야. 여자에게 말 걸면 너무 긴장돼. 항상 실수를 해서 당황하게 하고 결국 바보 같아 보여. 게다가 그녀는 내겐 너무 아까운 사람 같아.
#Person1#: 용기를 내! 해보기 전엔 모르는 거야.
#Person2#: 그래, 정신 차리려고 맥주 한 잔 더 마실게.
#Person1#: 알겠어. 하지만 서두르는 게 좋을 거야.
#Person2#: 왜?
#Person1#: 다른 남자 다섯 명이 그녀를 관심 있게 보고 있더라고.
#Person2#: 좋아, 간다!
#Person1#: 행운을 빌어!","#Person1#과 #Person2#는 금발 여자를 보고, #Person2#는 여자와 대화하는 것에 긴장합니다. #Person1#의 격려와 맥주 한 잔 후, #Person2#는 금발 여자에게 말을 걸기로 결심합니다."
dev.csv,이 동네,"#Person1#: 실례합니다. 이 동네에 대해 잘 아세요?
#Person2#: 물론이죠. 저는 평생 이곳에서 살았어요. 뭘 찾고 계시죠?
#Person1#: 우체국이요.
#Person2#: 가장 가까운 곳은 약 1마일 떨어져 있어요.
#Person1#: 아, 그렇군요. 편지를 보내려고 했어요.
#Person2#: 위쪽 거리에는 우체통이 있어요. 그 편지에 우표는 이미 붙였나요?
#Person1#: 네, 등기로 보내야 해요. 여기서 우체국까지 어떻게 가야 하나요?
#Person2#: 이 길을 따라서 큰 길까지 가세요. 그리고 오른쪽으로 돌아서 한 4블록 정도 걸으시면 돼요.
#Person1#: 도움 주셔서 감사합니다.
#Person2#: 우체국 입구는 다른 사무실들이 있는 건물 단지 안에 있어요.
#Person1#: 제가 찾을 수 있을 거예요. 길을 잃으면 다시 물어볼게요.
#Person2#: 앞에 미국 국기가 있고, '미국 우체국'이라는 표지판이 있어요.
#Person1#: 다시 감사드려요. 안녕히 계세요.",#Person1#이 우체국의 위치에 대해 #Person2#에게 물어봅니다. #Person2#는 가장 가까운 우체국과 그곳에 가는 길을 #Person1#에게 알려줍니다.
dev.csv,이 모델,"#Person1#: 어떤 차가 저한테 제일 좋을까요? 
#Person2#: 당신에게는 이 차를 추천드릴게요. 
#Person1#: 소형차요? 그게 다른 차들보다 왜 더 좋다고 생각하세요? 
#Person2#: 이 자동차는 도시에서 운전하기 편한 소형차인 동시에 안전 기능이 많아서 당신의 필요에 딱 맞아요. 부모로서 아이들을 학교에 데려다 주고 데려오는 것에 대해 안전에 신경 쓰고 계시잖아요. 
#Person1#: 맞아요. 어떤 안전 기능들이 있는지 말씀해 주세요. 
#Person2#: 이 모델에는 ABS 브레이크, 운전석과 조수석 에어백, 충돌 방지 설계가 포함되어 있어요. 하지만 그게 다가 아닙니다. 이 차는 안전할 뿐만 아니라 매우 경제적입니다. 
#Person1#: 다른 모델들보다 가격이 저렴하다는 말씀이신가요? 
#Person2#: 네, 가격도 매우 합리적이고, 이 차를 운전하시면 연간 연료 소비에서도 큰 절감을 느끼실 겁니다. 이 모델의 주요 매력은 연비 절감이에요. 
#Person1#: 요즘 휘발유 가격이 비싸서, 그건 정말 큰 장점이네요. 이 모델이 제가 찾고 있는 차일 것 같아요. 
#Person2#: 시운전을 해보시고 고민해보시면 어떨까요?","#Person2#는 #Person1#에게 소형차를 추천하고 그 특징들을 소개합니다. #Person1#은 가격에 만족하며, #Person2#는 #Person1#에게 시운전을 해보라고 제안합니다."
dev.csv,이 가격,"#Person1#: 5% 할인을 해드릴 수 있어요.
#Person2#: 당신들 가격이 예상보다 너무 높아요. 이런 조건에서는 구매할 수 없어요.
#Person1#: 그럼 어떻게 제안하시겠어요? 8%는 어때요?
#Person2#: 저희가 가격이 너무 높다고 한 건 2~3% 높다는 의미가 아니었어요. 주문을 하려면 15% 정도의 할인이 필요하다고 생각해요.
#Person1#: 뭐라고요? 그러면 저희 망하라는 거잖아요! 그렇게 큰 폭의 할인을 기대하시면 안 돼요.
#Person2#: 가격 차이가 너무 크니 제안할 가치가 없네요.
#Person1#: 10%는 어때요? 이 가격도 좀 타이트해서 저희 마진이 크지 않아요.
#Person2#: 좋아요. 그 정도로 합의할게요.","#Person1#이 할인을 제안했지만 #Person2#가 만족하지 않았습니다. 협상 후, 그들은 10% 할인에 합의했습니다."
dev.csv,이 가격,"#Person1#: 우리 공장에서 주문하면 비용이 얼마나 드나요?
#Person2#: 며칠 내로 견적을 알려드릴게요.
#Person1#: 그렇게 오래 기다릴 수는 없어요. 대략적인 금액이라도 알려주실 수 있나요?
#Person2#: 음, 주문 규모를 알아야 할 것 같아요. 몇 대 정도 필요하세요?
#Person1#: 100대를 기준으로 대략적인 견적을 알려주세요.
#Person2#: 계산할 시간을 잠시 주세요... 100대를 주문하실 경우, 저희 가격은 대략 한 대당 $100 정도입니다. 이 가격 괜찮으신가요?
#Person1#: 견적이 좀 높은 것 같은데, 한 대당 $80까지는 생각하고 있습니다.
#Person2#: 100대만 주문하시면 예산에 맞추기 어렵습니다. 500대 이상 주문하시면 조정이 가능할 수도 있습니다.","#Person1#은 100대 주문에 대한 견적을 요청했고, #Person2#는 견적이 조금 높음을 느낀 #Person1#에게 더 많은 대수를 주문하면 가격 조정이 가능하다고 설명합니다."
dev.csv,저 건물,"#Person1#: 왜 제대로 보고 다니지 않는 거예요?
#Person2#: 제가요? 지금 길 막고 끼어든 건 당신이잖아요!
#Person1#: 끼어들 수 있는 공간 충분했어요. 굳이 그 차선에 계속 있을 필요는 없잖아요.
#Person2#: 이봐요, 전 내 차선에 있을 권리가 있어요. 당신은 기다렸어야죠, 제 뒤로 갈 때까지. 게다가 갑자기 '휙' 하고 나타나셨잖아요.
#Person1#: 제 팔이 부러진 것 같아요.
#Person2#: 팔이 안타깝긴 하지만, 당신 잘못 아닙니까. 운전 좀 배우셔야겠어요. 죽다 살아난 데 감사해야죠. 저도 살아있는 게 다행이에요.
#Person1#: 경찰 올 때까지 기다려보죠. 그러면 누구 잘못인지 알 수 있겠죠.
#Person2#: 좋아요. 전 도로 법규 잘 알아요. 걱정 없어요.
#Person1#: 제 차에 휴대폰이 있어요. 아마 조수석 쪽 바닥에 떨어졌을 거예요. 좀 주워주시면 제가 경찰에 전화할게요.
#Person2#: 알겠어요.
#Person1#: 작동이 안 돼요. 고장난 것 같아요. 병원에 가야겠어요. 절 좀 데려다줘야겠어요.
#Person2#: 오, 그래요? 근데 경찰에 신고 먼저 해야겠어요. 그런 다음에 병원 가요.
#Person1#: 제기랄! 부상당했어요. 그냥 기다릴 수 없어요.
#Person2#: 기다려야 해요. 경찰 오기 전에는 차 안 움직입니다. 저 건물들 중 하나에 가서 전화하고 올게요. 걱정 마세요. 병원 시간 맞출 수 있을 거예요.
#Person1#: 정말 아파요.
#Person2#: 예, 아플 것 같네요. 하지만 그렇게 운전할 거면 몸 상할 각오해야 해요. 무슨 말인지 알겠어요?
#Person1#: 그만해요. 사고 당신 잘못이에요.
#Person2#: 아닐걸요. 경찰 오면 당신도 알게 될 거예요. 이 쓸데없는 말싸움 그만하죠. 전화 찾으러 갈게요. 팔 움직이지 마세요. 알겠죠?
#Person1#: 진짜 짜증나요.","#Person1#이 #Person2#의 차 앞에 끼어들며 교통사고가 발생했습니다. #Person1#은 팔을 다치고 휴대전화가 고장났으며, #Person2#는 경찰에 연락해 사고 책임 여부를 판단하려고 합니다."
dev.csv,저 건물,"#Person1#: 오늘 신문 봤어? 센터빌에 있는 저 건물이 네 번째로 번개에 맞았다던데. 
#Person2#: 정말 대단하네. 한 번 맞게 되면 다시 맞을 가능성도 높은 건가 봐. 
#Person1#: 나는 이런 거 놓치지 않아. 만약 천둥 번개가 치면, 건물이나 닫힌 차 안으로 들어갈 거야. 또, 밖에 있을 땐 최대한 몸을 낮게 하고 물가를 피하래. 
#Person2#: 집에 있을 때도 천둥 번개 치면 목욕이나 샤워 안 해. 전기 사용도 피하고. 내가 좀 걱정이 많은 걸까? 
#Person1#: 그렇지 않아. 기사에 따르면 번개가 매년 미국에서만 수천 건의 화재를 일으킨대. 수백 명이 다치거나 목숨을 잃기도 하고. 그냥 합리적으로 행동하는 거라고 생각해.",#Person1#과 #Person2#가 천둥 번개가 칠 때 취해야 할 행동과 주의사항에 대해 이야기하고 있다.
dev.csv,그 외에,"#Person1#: 여보세요, 필 테일러 씨인가요? 
#Person2#: 네, 맞습니다. 
#Person1#: 안녕하세요, 필. 저는 더 선의 기자입니다. 화재에 대해 몇 가지 질문 드리려고 전화드렸습니다. 어떤 일이 있었는지 말씀해 주시겠어요? 
#Person2#: 물론이죠. 그게 2일 전인 11월 10일 밤 11시경이었어요. 감자튀김을 해먹으려고 기름을 많이 사용했어요. 온도가 충분히 올라갔길래 감자튀김을 넣고 있었는데, 엄마한테 전화가 왔어요. 
#Person1#: 아. 
#Person2#: 대화를 시작했는데, 감자튀김을 완전히 잊어버렸죠. 통화를 마치고 그냥 다시 거실로 갔어요. 
#Person1#: 아, 그랬군요. 
#Person2#: 네, TV를 한 20분 정도 보고 있었는데, 갑자기 연기 냄새가 나고 누군가가 불이야 하고 외치는 소리가 들렸어요. 그제서야 그게 제 감자튀김 때문이라는 걸 깨달았어요. 급히 나가서 부엌으로 갔는데, 벽 하나에 불꽃이 가득했어요. 
#Person1#: 그래서 어떻게 하셨나요? 
#Person2#: 침대에서 담요 몇 개를 가져와서 부엌으로 달려가 불에 덮었어요. 그때쯤 이웃들이 이미 소방서를 불렀더군요. 소방관들이 10분 정도 후에 도착해서 불을 빨리 꺼주셨어요. 
#Person1#: 손상 정도는 어떻게 되었나요? 
#Person2#: 음, 레인지 전체를 교체해야 할 것 같아요. 그 외에 부엌 유닛 2개와 벽 하나를 수리해야 해요.","#Person1#은 필 테일러에게 화재에 대해 질문합니다. 테일러는 감자튀김을 팬에 둔 것을 잊어버려 화재가 났으며, 빠르게 대처하여 소방서가 불을 껐다고 설명합니다."
dev.csv,그 외에,"#Person1#: 안녕 존, 다음 주에 있을 회의에 우리 고객들을 모두 초대해 줘.
#Person2#: 연락처는 어떻게 얻을까요?
#Person1#: 내 연락처 기록에 있는 고객 정보를 사용해.
#Person2#: 고객들을 어디에 숙박시키면 좋을까요?
#Person1#: 홀리데이 인은 어때?
#Person2#: 고객들이 샹그릴라 호텔을 더 좋아해요.
#Person1#: 그렇다면, 고객이 항상 옳지.
#Person2#: 그 외에 준비할 것이 있을까요?
#Person1#: 회의 안건을 출력해서 검토할 수 있게 해줘.
#Person2#: 알겠습니다.
#Person1#: 그리고 끝나면 내 연락처 기록을 내 책상에 돌려놔.
#Person2#: 물론이죠. 바로 처리할게요.","#Person1#는 #Person2#에게 다음 주 회의에 고객들을 초대하고, 회의 안건을 출력하며, 작업이 끝나면 연락처 기록을 책상에 두도록 지시합니다."
dev.csv,그 마음,"#Person1#: 이번 크리스마스에는 우리 가족을 위해 특별한 걸 해보자.
#Person2#: 어떤 거 생각하고 있어?
#Person1#: 아직 잘 모르겠어.
#Person2#: 그냥 의미 없는 선물 주고받기를 벗어나고 싶어.
#Person1#: 그 마음 이해해.
#Person2#: 정말로 의미 있는 선물을 주고 싶어.
#Person1#: 아니면 우리가 그들을 위해 시간을 써서 준비한 걸 보여주는 것도 좋지.
#Person2#: 아니면 우리만이 줄 수 있는 걸 줄 수도 있잖아.","#Person1#과 #Person2#는 이번 크리스마스에 가족을 위해 특별한 일을 계획하며, 의미 있는 선물을 주고받고 싶어 한다."
dev.csv,이 반지,"#Person1#: 트리나, 나랑 결혼해줄래?
#Person2#: 네! 네! 그리고 네! 제러드, 물론 당신과 결혼할게요!
#Person1#: 아, 자기야, 당신과 평생을 함께 하고 싶어! 앞으로 겪게 될 모든 모험들, 싸우고 웃으면서 시간이 지나 주름 많고 나이 들어가는 모습이 기대돼.
#Person2#: 아, 제러드! 우리 결혼식이 정말 기다려져! 당신이 싫어하지 않으면 좋겠지만, 사실 벌써 날짜를 정했어요! 여름에 6개월 후로요! 멜리사가 지난달 당신이 반지를 사는 걸 봐서 이미 계획을 시작할 시간이 충분했어요!
#Person1#: 뭐라고?
#Person2#: 아, 괜찮아, 자기야. 당신이 언제 프로포즈할지 몰랐으니까 아직도 깜짝 놀랄 만한 일이었어요! 어쨌든 거의 다 계획했어요. 할 일이 거의 남지 않았어요! 초대 손님 명단을 작성했더니 대략 400명 정도가 참석할 예정이에요.
#Person1#: 400명?
#Person2#: 걱정하지 마세요. 우리 부모님이 대부분의 결혼식 비용을 부담하기로 하셨고, 저예산으로 진행하려고 해요. 그래서 대략 400명 정도로, 노스우즈 하이츠 홀을 리셉션 장소로 정했어요. 당신 부모님 교회에서 결혼식을 하고 제 삼촌이 주례를 맡아 주시면 좋을 것 같아요. 조만간 결혼 준비 상담도 받을 거예요. 결혼식 음악은 간단하게 해결됐어요. 제 의붓자매와 그녀의 현악 4중주가 맡을 예정이고, 제 사촌이 공식 사진사가 될 거예요. 그 사촌의 딸이 솔로로 노래하는 것도 좋을 것 같아요. 오페라 가수가 될 예정인 거 알죠?
#Person1#: 아... 
#Person2#: 그리고 교회 여성분들이 연회장에서 음식을 준비해주시고, 청소년 그룹이 서빙할 거예요. 당신 친구의 밴드가 그날 밤 우리의 엔터테인먼트를 맡아도 좋겠다고 생각했어요. 다만 약간 조절해야 할 수도 있어요. 아니면 DJ를 고용할 수도 있고요. 당신 여동생의 남편이 결혼식 장식 회사를 통해 할인을 받을 수도 있겠죠. 이름이 뭐였더라? 저는 섬 파라다이스 테마의 결혼식을 하고 싶고, 테마 색상은 아쿠아마린처럼 차분한 파란색으로 했으면 좋겠어요. 그리고 우리는 이곳 강단 뒤에 큰 조개껍데기를 두고 건배할 거예요! 결혼식 답례품으로 작은 음료 믹스 패키지는 어떨까요? 누구를 빠뜨렸을까요? 아, 당신 삼촌이 플로리스트가 되고 삼촌 부인이 웨딩케이크를 만들어 주시면 좋겠어요!
#Person1#: 와.
#Person2#: 보세요? 정말 멋질 거예요! 이 결혼식은 제가 꿈꾸던 모든 게 될 거예요.
#Person1#: 내가 앞으로 6개월을 버틸 수 있다면 말이지.","트리나는 제러드의 프로포즈를 받아들입니다. 제러드는 트리나가 멜리사에게서 그가 반지를 사는 것을 봤다는 이야기를 듣고, 결혼을 계획하고 있는 것을 알게 되어 놀랍니다. 트리나는 이미 날짜를 정하고 400명의 손님 명단을 작성한 상태로, 그녀의 준비 사항을 들떠서 이야기합니다. 제러드는 이를 받아들이기 힘들어합니다."
dev.csv,이 여기,"#Person1#: 저기요, 기차역에 가려면 어떤 버스를 타야 할지 알려주실 수 있을까요?
#Person2#: 16번 버스를 타시면 돼요. 그게 기차역까지 가요.
#Person1#: 그 버스는 얼마나 자주 오나요?
#Person2#: 15분마다 한 대씩 와요.
#Person1#: 그렇게 오래 기다릴 수는 없는데, 다른 버스도 있나요?
#Person2#: 2번 버스도 기차역으로 가요. 그걸 타셔도 돼요.
#Person1#: 그 버스는 어디서 탈 수 있나요?
#Person2#: 버스 정류장이 여기서 멀지 않아요. 쭉 가시면 쉽게 찾을 수 있을 거예요.
#Person1#: 감사해요.
#Person2#: 천만에요.","#Person2#는 #Person1#에게 16번 버스가 기차역까지 간다고 알려주지만, 간격이 길자 2번 버스도 추천합니다."
dev.csv,그 후에,"#Person1#: 그럼, Mark, 너는 캐나다 출신이야?
#Person2#: 맞아.
#Person1#: 어디서 자랐지?
#Person2#: 난 몬트리올에서 태어나서 처음 4년 동안 살았어. 그 후에는 앨버타의 캘거리에서 자랐어.
#Person1#: 그래, 너의 어린 시절은 어땠어? 자연이나 스포츠에 관심이 많았어?
#Person2#: 어렸을 때는 책에 관심이 많았어. 나는 책을 많이 읽었고, 엄마랑 같이 도서관에 자주 가곤 했어.
#Person1#: 그래, 그러면 처음으로 해외여행 간 건 언제였어? 어디로 갔어?
#Person2#: 처음 해외로 간 큰 여행은 14살 때였어. 그때 리버풀에 갔어. 우리 엄마 고향이고, 그 후에 웨일즈하고 스코틀랜드도 5번이나 6번 정도 갔어.","Mark는 몬트리올에서 태어나 캘거리에서 자랐으며, 어린 시절에 책을 많이 읽었습니다. 처음 해외여행은 14세 때 리버풀로 갔으며, 이후 웨일즈와 스코틀랜드도 여러 번 방문했습니다."
dev.csv,그 다음,"#Person1#: 가슴 엑스레이를 찍으러 여기 오라고 들었어요.
#Person2#: 네, 문제 없습니다. 허리 위쪽 옷을 벗고, 가운을 뒤가 열리도록 입으세요.
#Person1#: 그 다음엔 어떻게 할까요?
#Person2#: 여기 와서 이 판에 기대어 서시면 됩니다.
#Person1#: 자연스럽게 서면 되나요?
#Person2#: 팔을 어깨 높이로 올리시면 됩니다.
#Person1#: 이렇게 하면 되나요?
#Person2#: 네, 아주 잘하고 계세요.
#Person1#: 어디 가시나요?
#Person2#: 이 쉴드 뒤에 있어야 합니다. 이제 깊이 숨을 들이쉬고, 참았다가 내뱉으세요.
#Person1#: 그렇게 하면 되나요?
#Person2#: 네, 다 끝났어요. 필름이 현상되면 옷을 입으시면 됩니다.",#Person1#가 #Person2#의 안내에 따라 가슴 엑스레이를 단계적으로 촬영합니다.
dev.csv,이 편지,"#Person1#: 안녕하세요. 
#Person2#: 안녕하세요. 무엇을 도와드릴까요? 
#Person1#: 하이난으로 중요한 편지를 보내야 하는데, 등기 우편으로 보낼 수 있나요? 
#Person2#: 물론입니다. 
#Person1#: 요금이 얼마나 나오나요? 
#Person2#: 이위안입니다. 
#Person1#: 여기 편지와 돈입니다. 
#Person2#: 잠시만요. 편지가 무게 초과인 것 같습니다. 확인해 볼게요. 
#Person1#: 무게 초과인가요? 
#Person2#: 죄송하지만 그렇습니다. 그래서 이위안을 추가로 내셔야 해요. 총 요금은 사위안입니다. 
#Person1#: 알겠습니다. 여기 돈입니다. 
#Person2#: 여기 우표와 영수증입니다. 
#Person1#: 영수증은 어떻게 해야 하나요? 
#Person2#: 수신인이 편지를 받았다는 확인이 될 때까지 보관하세요. 만약 편지가 도착하지 않으면, 편지를 보냈다는 증거가 됩니다. 
#Person1#: 감사합니다. 
#Person2#: 천만에요.",#Person2#는 #Person1#이 하이난으로 중요한 편지를 등기로 보내는 것을 도와줍니다. #Person2#는 편지가 배달될 때까지 영수증을 보관하라고 #Person1#에게 안내합니다.
dev.csv,이 선반,"#Person1#: 저기요. 유전공학에 관한 책 있나요? 여기저기 찾아봤는데 아무리 찾아도 없네요.
#Person2#: 지금 있는지 잘 모르겠네요. 그런 책은 이 선반에 있어요. 음, 안타깝게도 다 팔렸네요.
#Person1#: 아, 정말 아쉽네요! 더 일찍 왔어야 했네요.
#Person2#: 다음 주쯤에 오시면 좋을 것 같아요. 그때쯤이면 들어올 것 같아요.
#Person1#: 네, 그럴게요.","#Person1#은 유전공학 관련 책을 찾고 있으며, #Person2#는 책이 다 팔렸고 다음 주에 다시 오라고 권했습니다."
dev.csv,이 지금,"#Person1#: 루시, 무슨 일이야?
#Person2#: 우리 강아지 러스티가 없어졌어. 누가 뒤뜰 문을 열어 놓아서 나갔나 봐. 우리 딸이 지금 너무 속상해.
#Person1#: 지역 강아지 보호소에 전화해 봤어?
#Person2#: 응, 근데 못 봤대. 찾으면 전화하겠다고 했지만, 기적을 기대하진 않아. 벌써 이틀이나 지났고...
#Person1#: 그래도 기적은 바라볼 수 있잖아. 신분증 같은 걸 달고 있어?
#Person2#: 스웨터 입고 있어. 갈색에 하얀 점이 있고... 미안, 정신이 없어. 알다시피 걔는 우리 가족의 큰 부분이야. 강아지였을 때 데려왔는데 혹시 누가 훔쳐갔거나 어딘가 다친 게 아닐까 걱정되네.
#Person1#: 이해해. 나도 강아지 키운 적 있었거든. 우리 동네 한 바퀴 걸어보자. 어, 봐! 저기 있다.
#Person2#: 러스티! 이리 와, 얘야! 아, 글렌, 정말 너무 고마워. 큰 은혜를 입었어.","루시의 강아지 러스티가 실종되었고, 글렌은 루시와 함께 러스티를 찾는 데 도움을 준다."
dev.csv,이 제품,"#Person1#: 여기 홍콩에는 광고가 너무 많아. 특히 밤에는 네온사인 때문에 도시가 정말 밝아 보이더라.
#Person2#: 난 그게 좋아. 도시가 살아 있는 느낌이 들어. 다양한 색깔도 좋고, 주목할 만한 사진과 슬로건이 있는 광고판도 좋아.
#Person1#: 난 너무 많다고 생각해. 광고에 돈을 너무 많이 쓰는 것 같아. 대신에 가격을 낮춰야 한다고 생각해. 그러면 더 잘 팔릴 거야.
#Person2#: 이해는 하지만, 광고에 돈을 쓰지 않으면 사람들이 제품에 대해 알 수 없잖아. 간혹 거슬리는 광고도 있다는 건 동의해. 사람들이 관심 없는 제품 정보가 적힌 전단지를 나눠줄 때 그게 참 싫어.
#Person1#: 스팸 메일 받는 것도 정말 싫어. 매장이나 지하철에서 광고나 지겹게 들려주는 음악 듣는 것도 싫어.
#Person2#: 응, 나도 그거 싫어. 광고판은 안 보면 되는데, 방송 광고는 피할 수가 없으니까. 근데 광고 회사들이 코미디 요소를 캠페인에 사용하는 건 좋아.
#Person1#: 그건 나도 좋아해. 근데 어떤 광고 캠페인은 특정 제품을 사지 않으면 쿨하지도 않고 현대적이지도 않다는 식으로 하는 게 싫어.
#Person2#: 그런 광고는 이름 있는 브랜드에서 자주 하는 거 같아. 브랜드 충성도를 유지하려고 노력하는 것 같아.","#Person1#과 #Person2#는 홍콩의 광고에 대해 이야기한다. #Person2#는 광고판을 좋아하는 반면, #Person1#은 광고가 너무 많다고 생각한다. 둘 다 전단지와 방송 광고를 싫어하지만, 광고 회사가 코미디 요소를 사용하는 것은 좋아한다."
dev.csv,이 직업,"#Person1#: 왜 이 직업을 선택하게 됐나요?
#Person2#: 음, 솔직히 하늘을 정말 좋아해요. 어릴 적에는 언젠가 푸른 하늘로 날아가고 싶다고 상상했거든요. 이제 그 꿈을 이룰 때가 온 것 같아요. 그리고 여행을 무척 좋아하고 사람들과 함께 일하는 것도 즐깁니다.
#Person1#: 영어로 의사소통하는 데 큰 어려움은 없나요?
#Person2#: 네, 영어는 꽤 유창하다고 생각해요. 지난달에는 중등 영어 교육 인증서도 받았어요.
#Person1#: 승무원의 책임은 무엇인지 아시나요?
#Person2#: 승무원의 주된 책임은 승객들이 비행 중에 편안하고 즐거운 시간을 보낼 수 있도록 하는 거예요. 그리고 좋은 서비스 제공도 중요하죠.
#Person1#: 건강은 괜찮으신가요?
#Person2#: 얼마 전에 종합 건강 검진을 받았는데, 상태가 아주 좋다고 나왔어요.
#Person1#: 간호 경험이 있나요?
#Person2#: 네, 2년 동안 간호 경험이 있고, 현재 병원에서 간호사로 일하고 있어요.
#Person1#: 키는 어떻게 되시고, 시력은 괜찮나요?
#Person2#: 제 키는 1미터 68센티미터예요. 시력 문제는 전혀 없습니다.
#Person1#: 자신의 강점과 약점은 뭐라고 생각하세요?
#Person2#: 제 강점은 친절함과 개방적인 태도라고 생각하고, 따뜻한 성격을 가지고 있다고 생각해요. 하지만 때로는 다른 사람들이 하는 것이 마음에 들지 않을 때, 그걸 말하기가 어려울 때가 있어요.
#Person1#: 승객이 말씀하시는 걸 이해하지 못하면 어떻게 하실 건가요?
#Person2#: 다른 언어로 시도하거나, 최대한 손짓이나 그림을 그려가며 설명할 것입니다.","#Person1#은 #Person2#와 승무원 직업을 위한 면접을 진행 중입니다. #Person1#은 #Person2#에게 동기, 영어 실력, 건강 상태, 간호 경험, 키, 시력, 강점, 약점 등을 질문하고 있습니다."
dev.csv,이 직업,"#Person1#: Vicky, 지금 맡고 있는 직책은 얼마나 되셨나요?
#Person2#: 비서로 일한 지 2년 됐어요. 그전에는 대학생이었어요.
#Person1#: IBM에서 일하는 건 어때요?
#Person2#: 도전적이에요. 많이 배운 것 같아요.
#Person1#: 이 직업에 어떤 강점을 가지고 있나요?
#Person2#: 사람들과 잘 어울리고, 다른 사람들과 함께 일하는 걸 좋아해요.
#Person1#: 좋네요. 우리는 항상 팀워크가 중요한 곳이에요.",Vicky는 #Person1#에게 IBM에서 2년 동안 비서로 일하고 있으며 많은 것을 배웠다고 말합니다. Vicky는 팀워크를 즐깁니다.
dev.csv,이 직업,"#Person1#: 네, 인터뷰는 여기까지입니다. 이 직업에 관심 가져주셔서 감사합니다. 
#Person2#: 아닙니다. 바쁜 일정에도 시간을 내어 인터뷰를 해주셔서 감사합니다. 
#Person1#: 최종 결정에 대해 전화드려도 될까요? 
#Person2#: 네, 그렇게 해주세요. 제 전화번호는 #PhoneNumber#입니다. 낮 시간대에 언제든지 전화주세요. 
#Person1#: 다음 주 말까지 연락드리겠습니다. 
#Person2#: 좋습니다. 연락 기다리겠습니다. 그리고 두 번째 인터뷰가 필요한가요? 
#Person1#: 필요하다면 연락드리겠습니다. 안녕히 계세요. 
#Person2#: 안녕히 계세요.","인터뷰가 종료되었고, #Person1#은 #Person2#에게 최종 결정을 알리기 위해 전화하겠다고 합니다."
dev.csv,그 분야,"#Person1#: 오늘 와주셔서 감사합니다. 여기 찾느라 어려움 없으셨죠? 여기 앉으세요.
#Person2#: 감사합니다.
#Person1#: 자, 그럼 시작해볼까요. 학력에 대해 말씀해 주세요.
#Person2#: 네, 저는 Chesterton 대학교에서 경영학을 전공하고 정보 관리에 특화하며 우등으로 졸업했습니다. 심리학을 부전공으로 했어요. 이 과정을 선택한 이유는 두 가지입니다. 정보 관리 분야에서 실용적이고 시장성이 있는 기술을 배우고자 했고, 직업 성공에는 대인관계 기술이 중요하다고 생각했기 때문에 심리학을 선택했습니다.
#Person1#: 흥미롭네요. 대학원은요?
#Person2#: 네, 소비자 행동에 관심이 많아서 그 분야로 석사 과정을 마쳤습니다. 또한, 지속해서 전문 기술을 유지하기 위해 관리 및 고객 서비스 관련 세미나와 컨퍼런스에 꾸준히 참석하고 있습니다.
#Person1#: 아주 좋네요. 이제 경력에 대해 조금 말씀해 주세요. 여기 보니 전에 Oracle에서 일하셨네요.
#Person2#: 네, 고객 지원 관리자로서 클라이언트 케어와 프로세스 관리에서 다양한 경험을 쌓았습니다. 고객 지원 팀을 감독하며 고객 만족도를 높이기 위한 새로운 전략도 구현했습니다.
#Person1#: 흥미롭네요...
#Person2#: 네, 이 직책에서 회사 전체의 성공에 상당히 기여했습니다. 다양한 이니셔티브를 통해 이탈률을 약 5%로 낮췄고, 이는 매출에도 직접적으로 영향을 미쳤습니다.","#Person1#이 #Person2#와의 인터뷰를 통해 #Person2#의 학사 및 대학원 교육 배경과 Oracle에서의 직장 경험을 듣습니다. 또한, #Person2#는 회사의 전반적인 성공에 기여할 수 있다고 강조합니다."
dev.csv,이 학교,"#Person1#: Elaine이 학교에서 돌아왔대. 너 걔한테 데이트 신청해 보는 게 어때? 걔가 널 마음에 안 드는 건 아니겠지, 그렇지? 
#Person2#: 아니, 나 Elaine Robinson이랑은 잘 안 맞아.
#Person1#: 그걸 어떻게 알아? 너 고등학교 이후로 그녀 본 적 없잖아. 저녁에 뭘 하는지 그렇게 중요하겠지.
#Person2#: 그건 상관없어...
#Person1#: Mr. Robinson에게 네가 매일 저녁 바쁘다고 말해야겠네. 대체 뭘 하는지는 모르겠지만... 제발 그러지 마. 네가 정말로 그녀랑 나가기 싫다면...
#Person2#: 그래, 싫어.
#Person1#: 그럼 방법이 없네. 목요일에 Robinson 가족 전부를 저녁에 초대해야겠어.","#Person1#은 #Person2#에게 Elaine Robinson과 데이트 신청을 권하지만, #Person2#는 이를 거절한다. 결국 #Person1#은 Robinson 가족을 저녁 식사에 초대하기로 한다."
dev.csv,이 양식,"#Person1#: 어떻게 도와드릴까요, 손님?
#Person2#: 네, 저희 가방을 오후 6시까지 맡아주실 수 있나요?
#Person1#: 저희 손님이신가요?
#Person2#: 네, 방금 체크아웃했어요.
#Person1#: 이 양식을 작성해 주세요.
#Person2#: 이렇게 하면 될까요?
#Person1#: 오늘 저녁에 떠나시는군요. 가방은 오후 6시까지 보관해 드리겠습니다. 여기 보관증입니다.
#Person2#: 정말 감사합니다.",#Person2#가 #Person1#에게 오후 6시까지 가방 보관을 요청합니다.
dev.csv,이 양식,"#Person1#: 일자리를 찾고 싶어요.
#Person2#: 여기 여러 파트타임 일자리가 있는데, 목록을 보시겠어요?
#Person1#: 네, 감사합니다. 컴퓨터 센터의 일자리에 지원하고 싶어요.
#Person2#: 이 양식을 작성해 주세요.",#Person1#은 컴퓨터 센터의 일자리에 지원하려고 합니다.
dev.csv,이 양식,"#Person1#: 안녕하세요. 무엇을 도와드릴까요?
#Person2#: 차를 렌트하고 싶어요.
#Person1#: 네. 대형, 중형, 소형 중 어떤 걸로 하시겠어요?
#Person2#: 소형으로 할게요. 요금은 얼마예요?
#Person1#: 하루에 78달러입니다.
#Person2#: 그리고 만약을 대비해서 보험도 추가하고 싶어요.
#Person1#: 전면 보험을 원하시면 하루에 8달러 추가됩니다.
#Person2#: 좋아요, 그것도 추가할게요.
#Person1#: 여기 저희 브로셔입니다. 음... 소형... 네. 이 섹션에서 모델을 선택해 주세요.
#Person2#: 이걸로 할게요.
#Person1#: 알겠습니다. 며칠 동안 사용하실 건가요?
#Person2#: 하루만 사용할게요.
#Person1#: 운전면허증을 보여주시겠어요?
#Person2#: 국제운전면허증도 괜찮나요?
#Person1#: 네, 괜찮습니다. 감사합니다. 이 양식을 작성해 주세요.",#Person2#는 전면 보험을 추가하여 소형차를 렌트합니다. #Person1#은 #Person2#에게 운전면허증을 보여 달라고 요청합니다.
dev.csv,이 종이,"#Person1#: 저기요, 선생님. 빨간불 못 보셨어요?
#Person2#: 아, 여기서는 빨간불에 우회전해도 되는 줄 알았습니다.
#Person1#: 아니요, 선생님. '빨간불에 우회전 금지' 표지판이 있습니다.
#Person2#: 아, 제가 그 표지판을 못 본 것 같네요.
#Person1#: 죄송하지만, 선생님. 운전면허증과 보험증명서 좀 보여주시겠어요? 제가 티켓을 발행해야 합니다.
#Person2#: 여기 있습니다.
#Person1#: 여기 서명해 주세요. 14일 이내에 법원에 항소하실 수 있습니다. 이 종이에 필요한 정보가 모두 있습니다. 운전 조심하세요, 선생님.
#Person2#: 감사합니다, 사모님.",#Person2#가 빨간불에 잘못된 방향으로 돌았습니다. #Person1#이 #Person2#의 운전면허증과 보험증명서를 확인하고 티켓을 발행했습니다.
dev.csv,이 기계,"#Person1#: Sound and Vision, 행정부입니다. Eve Wheeler입니다. 무엇을 도와드릴까요?
#Person2#: 안녕하세요. 저는 John Cruise입니다. 제 비디오 녹화기에 대해 불만이 있어서 연락드렸습니다.
#Person1#: 알겠습니다. 문제에 대해 말씀해 주시겠어요?
#Person2#: 네, 녹화기가 제 비싼 테이프 두 개를 망가뜨렸습니다. 그리고 귀사는 이 기계가 최고라고 보장했었죠. 간단한 수리로는 안 될 것 같습니다. 망가진 테이프에 대한 보상도 요구합니다.
#Person1#: 죄송합니다. 안타까운 일이네요. 해결 방안을 찾아보겠습니다. 법무 상담사인 Mrs. Schroder에게 연결해 드리겠습니다. 잠시만 기다려 주세요. (전화 연결음...) 안녕하세요, Mr. Cruise? 기다려 주셔서 감사합니다. 죄송하지만, Mrs. Schroder가 지금 회의 중이라 오늘 오후에 다시 연락 드려도 될까요?
#Person2#: 혹시 저를 피하려는 건 아닌가요?
#Person1#: 전혀 아닙니다. 고객님의 불만 사항을 기록했으며, 가능한 한 빨리 Mrs. Schroder가 연락드리도록 하겠습니다. 전화번호를 알려 주시겠어요?
#Person2#: 네, #PhoneNumber#입니다.
#Person1#: 감사합니다. 좋은 하루 되세요.","John Cruise는 Eve에게 비디오 녹화기 문제로 불만을 제기하고, 기기가 테이프를 망가뜨렸다고 설명했습니다. Eve는 법무 상담사에게 상황을 전달하고 빠른 시일 내에 연락할 것을 약속했습니다."
dev.csv,이 기계,"#Person1#: ATM 카드는 어떻게 쓰는 거니, Billy?
#Person2#: 그거 간단해요, 할아버지. 여기 기계에 카드를 넣으세요. 잠깐 기다리시면 돼요. 자, 이제 비밀번호를 입력하세요. 네 자리 숫자일 거예요.
#Person1#: 아, 맞아요. 여기 적어 뒀어요. 잠시만.
#Person2#: 비밀번호는 적어 두지 않는 게 좋아요. 외워야 해요. 더 편한 숫자로 바꿀 수도 있어요.
#Person1#: 좋아, 비밀번호를 입력했어. 화면에 여러 가지 옵션이 있네. 원하는 서비스를 선택하면 되겠지?
#Person2#: 맞아요. 필요한 서비스를 고르세요. 돈을 인출하려면, 기계가 얼마를 인출할 건지 물어볼 거예요.
#Person1#: 금액은 키패드로 입력하면 되지?
#Person2#: 맞아요. 요청을 처리할 시간을 좀 주세요. 그리고 돈을 받으면 돼요.
#Person1#: 이 기계들 사용하는 거 그리 어렵지 않네. 실제로 꽤 마음에 드는군. 은행 직원보다 훨씬 빠른데.","Billy는 할아버지에게 ATM 카드를 사용하는 방법을 가르칩니다. 할아버지는 ATM을 사용하는 것이 어렵지 않으며, 은행 직원과 처리하는 것보다 빠르다고 생각합니다."
dev.csv,그 전에,"#Person1#: 9월에 선적이 가능할까요?
#Person2#: 가능할 것 같지 않습니다.
#Person1#: 그럼 가장 빨리 언제 선적이 가능할까요?
#Person2#: 10월 중순쯤 될 것 같습니다.
#Person1#: 그건 너무 늦어요. 우리 시장에서는 10월이 그 상품의 성수기라서 그 전에 선적해야 시즌에 맞출 수 있습니다.
#Person2#: 음, 오랜 비즈니스 관계를 고려해서 더 빠른 선적을 위해 제조사와 협상해 보겠습니다.
#Person1#: 감사합니다. 그럼 계약서에 '9월 15일 또는 그 이전 선적'이라고 명시해 주실 수 있나요?
#Person2#: 음, 그럼 작업자들이 세 교대로 일해야 할 것입니다. 음, 9월 20일에 맞출 수 있을 것 같습니다. 그게 최선입니다.
#Person1#: 아, 정말 배려해 주셔서 감사합니다. 믿고 기다리겠습니다.","#Person1#은 시즌에 맞추기 위해 선적일을 앞당길 것을 요청하였고, #Person2#는 협의를 통해 9월 20일에 선적하기로 합의합니다."
dev.csv,그 버스,"#Person1#: 저기요, 기차역에 가려면 어떤 버스를 타야 할지 알려주실 수 있을까요?
#Person2#: 16번 버스를 타시면 돼요. 그게 기차역까지 가요.
#Person1#: 그 버스는 얼마나 자주 오나요?
#Person2#: 15분마다 한 대씩 와요.
#Person1#: 그렇게 오래 기다릴 수는 없는데, 다른 버스도 있나요?
#Person2#: 2번 버스도 기차역으로 가요. 그걸 타셔도 돼요.
#Person1#: 그 버스는 어디서 탈 수 있나요?
#Person2#: 버스 정류장이 여기서 멀지 않아요. 쭉 가시면 쉽게 찾을 수 있을 거예요.
#Person1#: 감사해요.
#Person2#: 천만에요.","#Person2#는 #Person1#에게 16번 버스가 기차역까지 간다고 알려주지만, 간격이 길자 2번 버스도 추천합니다."
dev.csv,그 버스,"#Person1#: 뭐 하고 있어? 얼른 그 버스 타. 
#Person2#: 근데 표는 어디서 사는 거야? 
#Person1#: 버스에서 사. 운전사가 요금을 받아. 짐은 네가 직접 가져가야 해. 
#Person2#: 아, 들고 갈 게 너무 많지 않았으면 좋겠다.","#Person1#이 #Person2#에게 버스를 서둘러 타라고 재촉하고, 버스에서 요금을 지불해야 한다고 설명한다."
dev.csv,이 신문,"#Person1#: B, 너 손에 든 게 뭐야?
#Person2#: 일요 신문이야. 회사에서 집에 돌아오면 보통 읽곤 해.
#Person1#: 왜 읽어?
#Person2#: 너도 알다시피, 난 스포츠 팬이잖아. 이 신문은 스포츠 섹션으로 유명해서, 내가 관심 있는 소식을 보면 기분이 풀리거든.
#Person1#: 이해했어. 읽는 게 네가 바쁜 일에서 오는 스트레스를 푸는 방법이구나.
#Person2#: 맞아! 넌 어때, 프레드?
#Person1#: 난 너무 지치면 기숙사 근처 바에 자주 가. 특이한 맛의 와인 마시는 거에 빠져있거든.
#Person2#: 너무 무리하지 마.
#Person1#: 시간 되면 같이 한 잔 할까?
#Person2#: 난 술이 약해.","B는 스포츠 정보를 읽으며 스트레스를 해소하고, 프레드는 피곤할 때 바에 가서 와인을 즐긴다."
dev.csv,이 모두,"#Person1#: 난 이 집에 좋은 느낌이 들어. 
#Person2#: 나도 처음에 도착했을 때부터 마음에 들었어. 
#Person1#: 페인트 색깔이 정말 마음에 들어! 
#Person2#: 밖이 마음에 들면 안쪽은 정말 좋아할 거야. 
#Person1#: 정말 아름다운 집이야! 
#Person2#: 창문 장식, 카펫, 커튼이 모두 새것이야. 
#Person1#: 블라인드가 거리에서의 시선을 가려주는 게 좋아. 
#Person2#: 부엌으로 따라와 봐. 정말 마음에 들 거야. 
#Person1#: 부엌에 와인 저장 공간이 있는 게 정말 좋네. 
#Person2#: 최고는 침실과 붙어 있는 욕실이야. 
#Person1#: 타일과 바닥재의 편안한 색상이 정말 좋아! 
#Person2#: 이 집에서 우리가 좋았던 것들을 기억할 수 있도록 몇 장 찍어보자.","#Person1#과 #Person2#가 집을 구경하며, 둘 다 이 집에 대해 긍정적인 인상을 받았습니다."
dev.csv,이 운동,"#Person1#: 왜 항상 그렇게 행복해 보이고 에너지가 넘치는지 모르겠어. 매일 좋은 일이라도 있는 것 같아.
#Person2#: 정말? 내가 항상 행복해 보였어?
#Person1#: 내가 아는 한 너는 다른 선생님들과는 다르게 보여.
#Person2#: 아, 왜 그러는지 알 것 같아. 사실 간단해. 내가 항상 운동을 하거든. 내 운동은 꽤 힘들거든. 이 어려움을 극복하고 나면 기분이 아주 좋아져. 생동감이 느껴져!
#Person1#: 아, 알아. 캠퍼스 5에서 너가 팔굽혀펴기하는 걸 봤어. 몇몇 학생들이 너를 따라 하려고 하더라고.
#Person2#: 맞아, 그 애들은 재미로 하는 거야. 내 운동을 좋아하는 사람은 드물어. 어렵고 지루하거든.
#Person1#: 그래. 많은 학생들이 해야 할 때만 운동을 해. 우리는 일주일에 한 번 체육 시간이 있어.
#Person2#: 하지만 중국 학생들은 더 많이 운동해야 한다고 생각해. 게다가 운동은 새로운 것을 배우는 데 도움이 돼. 학생들이 좋은 기억력을 원하지 않겠어?
#Person1#: 물론이지. 그건 몰랐네. 운동이 단지 몸을 튼튼하게 할 뿐이라고만 알았어. 나도 운동을 좀 해야겠다. 추천해줄 만한 거 있어?
#Person2#: 음, 네가 좋아하는 걸 해봐. 뭐든 좋거든. 조깅, 에어로빅, 자전거 타기, 탁구. 정말 뭐든지 할 수 있어. 주 3회 이상 운동하면 좋아. 하지만 스트레칭부터 꼭 해.
#Person1#: 아, 알겠어. 고마워.",#Person1#은 #Person2#가 항상 행복하고 에너지가 넘치는 이유에 대해 궁금해합니다. #Person2#는 꾸준한 운동이 기분 향상과 좋은 기억력 유지에 도움을 준다고 설명합니다.
dev.csv,이 우리,"#Person1#: Bill, 너 점심 때 시간 돼?
#Person2#: 응, 내가 도와줄 일 있어?
#Person1#: 사무실에 새로운 서류 캐비닛이 필요해. 점심 먹고 나서 나랑 시내에 같이 갈 수 있어?
#Person2#: 그래, 어떤 종류를 사야 할지 생각해 둔 거 있어?
#Person1#: 응, 지금 있는 거랑 같은 걸로. 그리고 사무실에 펜, 클립, 지우개, 그리고 메모지도 필요해.
#Person2#: 그걸 다 기억할 수 있겠어?
#Person1#: Susan이 우리가 사야 할 문구류 목록을 이미 줬어.",#Person1#은 Bill에게 Susan이 목록으로 준 사무용품을 사러 가자고 제안합니다.
dev.csv,이 우리,"#Person1#: 안녕하세요, Mrs. Brandon.
#Person2#: 안녕하세요. 어떻게 지내세요?
#Person1#: 별로 안 좋아요. 오늘 회사에서 해고됐어요.
#Person2#: 정말 안타깝네요.
#Person1#: 학생들은 어떻게 지내나요?
#Person2#: 학생들이 기말고사 때문에 많이 긴장하고 있어요.
#Person1#: 제가 대학 1학년 때 Mrs. Brandon이 우리 반에 기말고사를 어렵게 내셨던 게 기억나요. 많은 학생이 떨어졌지만, 선생님 덕분에 정말 많은 것을 배웠어요. 보세요, 저 영어 잘하죠.
#Person2#: 그렇게 말해줘서 고마워요.",#Person1#은 직장을 잃었지만 Mrs. Brandon에게서 많은 것을 배운 것에 대해 감사하고 있습니다.
dev.csv,이 우리,"#Person1#: 너 뭔가 기분이 안 좋아 보이는데, 무슨 일 있어? 
#Person2#: Arden이 우리 신제품 시리즈에 대해 상표 등록을 원해. 그런데 내가 등록 절차에 대해 아무것도 몰라서 그래. 
#Person1#: 생각보다 그렇게 복잡하지 않아. 
#Person2#: 정말 그렇게 쉬운 거야? 나 한 번도 해본 적이 없거든. 좀 설명해 줄래? 
#Person1#: 상표는 유효 기간이 있고, 같은 분야의 비슷한 상표는 있으면 안 돼. 
#Person2#: 그러면 우리가 'genova' 같은 상표는 못 쓰겠네, 맞지? 
#Person1#: 맞아. 그리고 우리나라는 사용 우선주의를 따르고 있어. 
#Person2#: 등록 준비에 대해 좀 알려줄 수 있어? 
#Person1#: 관련 문서들이 필요하고, 수수료가 꽤 비쌀 수도 있어. 그래서 이 과정과 규정에 대해 더 알아봐야 해.",#Person2#는 상표 등록 절차를 몰라서 걱정하고 있다. #Person1#은 #Person2#에게 필요한 정보와 주의사항을 설명하며 과정을 더 알아보라고 조언한다.
dev.csv,이 음식,"#Person1#: 오늘 신문에 재미있는 이야기 있어?
#Person2#: 자연재해에 관한 이야기가 몇 개 있어. 호주에 엄청난 산불이 났대. 몇 제곱킬로미터의 땅을 덮고 있고, 더 많은 제곱킬로미터가 파괴됐대.
#Person1#: 사고로 생긴 거야, 아니면 자연적으로 발생한 거야? 가끔 호주나 아프리카에서는 너무 더워져서 자연적으로 불이 날 때도 있잖아.
#Person2#: 지금은 아무도 모르지만, 최근에는 거기가 굉장히 더웠어. 아프리카의 가뭄이 기아를 일으키고 있대. 수백만 명이 음식을 찾기 위해 이동 중이래.
#Person1#: 국제 사회가 어떻게 돕고 있어?
#Person2#: 유럽 연합은 구호 물자를 실은 비행기를 여러 대 보냈고, 여러 나라들이 식량과 의료품을 배포하기 위해 군인들을 보냈어. 난민 캠프도 지역 곳곳에 설치됐대.
#Person1#: 얼마나 많은 나라들이 영향을 받았어?
#Person2#: 6개 나라가 심각하게 영향을 받았고, 난민들은 주변 여러 나라로도 이동 중이래.
#Person1#: 어제 TV에서 이란에 또 지진이 났다고 봤어.
#Person2#: 응, 최근에 거기도 몇 번 있었어. 이번 지진은 크지 않았대. 이란 사람들이 자체적으로 대처하고 있대. 잔해 속에 묻힌 사람들을 찾기 위한 특별 장비를 구입했대.
#Person1#: 신문에 사상자에 대한 얘기가 있어?
#Person2#: 지금까지는 20명 이하가 사망했고, 100명이 넘게 병원에 있어.","#Person2#는 #Person1#에게 오늘 신문에 보도된 자연재해 소식을 전하고, 호주의 대규모 산불, 아프리카의 기아, 이란의 지진, 그리고 호주와 아프리카를 돕기 위한 국제사회의 지원을 설명합니다."
dev.csv,이 때문,"#Person1#: 안녕! 요즘 어떻게 지내? 
#Person2#: 안녕! 새로 키우는 고양이 때문에 바빠. 사진 볼래? 
#Person1#: 뭐? 고양이가 생겼구나! 사진 좀 보여줘! 
#Person2#: 자, 얘가 이제 3개월이야.
#Person1#: 정말 작구나. 진짜 귀엽다.",#Person2#는 새로 키우는 작은 고양이를 소개하며 #Person1#에게 사진을 보여준다.
dev.csv,이 때문,"#Person1#: 영화 등급이 어떤 걸 의미하는지 기억해?
#Person2#: 응, G는 전체 관람가, PG는 부모 지도 하에 관람 권장, R은 18세 미만 관람 불가, X는 성인용이야.
#Person1#: 요즘은 그 등급에 신경 쓰는 사람 있긴 해?
#Person2#: 우리 어렸을 때 기억나? 영화관에서 부모 없이 PG 영화 못 보게 했잖아.
#Person1#: 나는 X 영화는 아예 걸려 있는 것조차 본 적이 없어.
#Person2#: 이제는 비디오 대여점 덕분에 다 개인 취향이지 뭐.
#Person1#: 맞아, 이제 영화관에서 나이 때문에 쫓아내는 모습도 본 적이 없는 것 같아.
#Person2#: 이제는 우리가 볼 것과 안 볼 것을 스스로 선택해야 돼.",#Person1#과 #Person2#는 현재 영화관에서 영화 등급에 대한 관심이 예전만큼 크지 않다고 이야기한다. 비디오 대여점의 등장으로 인해 영화 선택이 더 이상 나이에 제한받지 않고 개인의 선택에 따라 이뤄진다고 생각한다.
dev.csv,이 직책,"#Person1#: 오늘 와주셔서 감사합니다. 여기 찾느라 어려움 없으셨죠? 여기 앉으세요.
#Person2#: 감사합니다.
#Person1#: 자, 그럼 시작해볼까요. 학력에 대해 말씀해 주세요.
#Person2#: 네, 저는 Chesterton 대학교에서 경영학을 전공하고 정보 관리에 특화하며 우등으로 졸업했습니다. 심리학을 부전공으로 했어요. 이 과정을 선택한 이유는 두 가지입니다. 정보 관리 분야에서 실용적이고 시장성이 있는 기술을 배우고자 했고, 직업 성공에는 대인관계 기술이 중요하다고 생각했기 때문에 심리학을 선택했습니다.
#Person1#: 흥미롭네요. 대학원은요?
#Person2#: 네, 소비자 행동에 관심이 많아서 그 분야로 석사 과정을 마쳤습니다. 또한, 지속해서 전문 기술을 유지하기 위해 관리 및 고객 서비스 관련 세미나와 컨퍼런스에 꾸준히 참석하고 있습니다.
#Person1#: 아주 좋네요. 이제 경력에 대해 조금 말씀해 주세요. 여기 보니 전에 Oracle에서 일하셨네요.
#Person2#: 네, 고객 지원 관리자로서 클라이언트 케어와 프로세스 관리에서 다양한 경험을 쌓았습니다. 고객 지원 팀을 감독하며 고객 만족도를 높이기 위한 새로운 전략도 구현했습니다.
#Person1#: 흥미롭네요...
#Person2#: 네, 이 직책에서 회사 전체의 성공에 상당히 기여했습니다. 다양한 이니셔티브를 통해 이탈률을 약 5%로 낮췄고, 이는 매출에도 직접적으로 영향을 미쳤습니다.","#Person1#이 #Person2#와의 인터뷰를 통해 #Person2#의 학사 및 대학원 교육 배경과 Oracle에서의 직장 경험을 듣습니다. 또한, #Person2#는 회사의 전반적인 성공에 기여할 수 있다고 강조합니다."
dev.csv,이 직책,"#Person1#: 이 직책에 왜 적합하다고 생각하시나요?
#Person2#: 저는 기계공학과에서 4년 동안 공부해서 탄탄한 이론적 기반을 갖추었습니다. 또한, CAB 회사에서 4년 동안 근무하며 많은 실무 경험도 쌓았습니다.
#Person1#: 좋습니다. 지금 맡고 계신 기술직 직함은 무엇인가요?
#Person2#: 저는 선임 기계 설계 엔지니어입니다.
#Person1#: 원본 증명서를 가지고 계신가요?
#Person2#: 네, 여기 있습니다.
#Person1#: 당신의 디자인 중 하나에 대해 간단히 설명해 주실 수 있나요?
#Person2#: 물론이죠. 제가 설계한 더 강력한 가솔린 엔진이 리무진의 속도를 크게 향상시켰습니다.","#Person2#는 #Person1#과의 면접에서 자신의 자격, 기술직 직함, 원본 증명서, 그리고 디자인 중 하나에 대해 설명합니다."
dev.csv,이 그림,"#Person1#: 방 벽이 좀 칙칙한 것 같아서 이 그림들로 장식해봤어.
#Person2#: 아, 이거 마음에 든다. 어디서 샀어?
#Person1#: 뉴욕 현대 미술관에서 샀어. 우리 미술사학과에서 거기서 특수 박물관 투어를 했거든.
#Person2#: 이거 미술관 컬렉션에 있는 작품의 복사본이야?
#Person1#: 응, 조지아 오키프의 '레이크 조지 윈도'라는 그림의 프린트야.
#Person2#: 사진처럼 보이네. 미술사학과에서 또 다른 박물관 투어 계획하고 있어?
#Person1#: 응, 다음엔 보스턴의 파인드 아웃 미술관에서 유럽 화가들 특별 전시회를 할 거야. 나도 그거 신청할까 해. 어쩌면 내 방 빈 벽들을 채울 다른 프린트를 가져올지도 몰라.",#Person1#이 #Person2#의 방 벽을 미술관 투어에서 구입한 그림들로 장식했다. #Person1#은 다음 미술관 투어에도 참가할 계획이다.
dev.csv,이 하루,"#Person1#: 저기, 장 본 것 좀 도와줄래? 내가 쇼핑해도 된다고 했잖아.
#Person2#: 와! 이 모든 게 정말 필요한 거야? 영수증 좀 보자.
#Person1#: 나 필수적인 것만 샀어.
#Person2#: 그래, 보자. 개 사료가 24.70달러? 우리 개도 없잖아!
#Person1#: 사실 이거 깜짝 선물인데, 트럭 뒤를 봐봐.
#Person2#: 뭐?
#Person1#: 아하하, 말이 없지. 네가 좋아할 줄 알았어.
#Person2#: 저거? 저 개는 말처럼 크잖아. 먹이도 말처럼 많이 먹겠어.
#Person1#: 아, 그래도 엄청 친절해. 누가 슈퍼에서 이 개를 그냥 준다고 하길래, 불쌍한 애가 사랑받는 집 없이 하루를 더 보내게 할 순 없었어.
#Person2#: 뭐든지. 어디 보자. 토마토 주스 24캔에 18.19달러라고? 너 그거 좋아하지도 않잖아!
#Person1#: 아직은. 내 식습관을 바꾸기로 했거든.
#Person2#: 그래.
#Person1#: 두고 봐, 봐봐.
#Person2#: 좋아, 보자. 초콜릿 쿠키 3.84달러, 그리고 탄산음료 한 상자에 12.56달러.
#Person1#: 맞아!
#Person2#: 식습관 바꾼다고? 쿠키가 다이어트 식품의 일종이라고 생각해?
#Person1#: 이게 말이야, 내가 2시간마다 쿠키 한두 개만 먹을 거야. 사실 쿠키는 에너지를 위한 훌륭한 탄수화물 원천이거든. 그리고 토마토 주스랑 쿠키가 서로 상쇄된다고나 할까.
#Person2#: 참 어이가 없네. 내가 뭘 듣고 있는지도 모르겠어. 어, 어디 보자? 달걀 하나, 우유 한 갤런에 2.50달러, 참치캔 세 개. 좋아. [응.] 마지막으로 8.14달러짜리 스테이크 두 개. 이제야 제대로 된 게 있네. 내가 그릴에 불 붙일게.
#Person1#: 어, 저기... 저기, 스테이크는 Herbert 거야.
#Person2#: Herbert? Herbert가 누구야?
#Person1#: 어... 그 개야.
#Person2#: 안 돼!
#Person1#: 이유가 있어, 이전 주인이 말하기를 그가 먹는 것에 약간 까다롭대.
#Person2#: 안 돼!
#Person1#: 스테이크가 새 집에 적응하는 데 도움 될 거야.
#Person2#: 절대 안 돼!
#Person1#: 안 돼, 안 돼, 스테이크는 새 집에 적응하게 도와줄 거라고. 어, 너 뭐 하는 거야? 아... 왜 스테이크를 밖으로 던진 거야?
#Person2#: 이제 너랑 Herbert가 좀 더 친해질 기회가 생겼네. 나 혼자 나가서 먹을래.
#Person1#: 아으.",#Person2#는 #Person1#의 쇼핑 영수증을 보고 개를 위한 물건만 많고 #Person2#를 위한 건 적다는 사실에 화를 냅니다. #Person1#은 Herbert라는 개를 집으로 데리고 오고 싶어합니다. #Person2#는 스테이크가 Herbert를 위한 것이지 #Person2#를 위한 것이 아니라는 것을 알고 더 화를 냅니다.
dev.csv,이 직무,"#Person1#: 이 직무에 관심 가져주셔서 감사합니다. 저희 쪽에서 연락드리겠습니다. 나가실 때 다음 지원자를 보내주세요.
#Person2#: 이런 기회를 주셔서 정말 감사합니다.
#Person1#: 대화가 즐거웠습니다.
#Person2#: 저도 대화가 즐거웠습니다. 감사합니다.
#Person1#: 최종 결정에 대해 집으로 연락드려도 될까요?
#Person2#: 네, 물론입니다. 제 전화번호는 #PhoneNumber#입니다. 오후 4시에서 6시 사이에 전화 주시면 됩니다.
#Person1#: 다음 주 수요일까지 연락드리겠습니다. 이 직무에 관심 가져주셔서 감사합니다.
#Person2#: 면접 기회 주셔서 감사합니다.",#Person2#가 면접을 마치고 결과를 통보받기 위해 #Person1#에게 본인의 전화번호를 제공합니다.
dev.csv,이 직무,"#Person1#: 오늘 와줘서 고마워요. 앉으세요. 자기소개 좀 해주시겠어요? 이 직무에 적합하다고 생각하는 이유는 무엇인가요?
#Person2#: 저는 평생 음악 교사로 일했으며, 주로 아이들과 함께 해왔습니다. 이제 변화를 원합니다. 음악을 정말 사랑하기 때문에 라디오 방송국에서 일하는 게 딱 맞을 것 같아요.
#Person1#: 이 직무는 전화 응대와 이메일 발송 업무가 포함됩니다. 이 부분에 대해서는 어떠신가요?
#Person2#: 이메일 보내는 것은 익숙하고, 전화 응대도 자신 있습니다. 10대 때 TV 방송국에서 전화를 받는 일을 했거든요. 아마 비슷할 겁니다.
#Person1#: 스튜디오에서 아침 일찍부터 일해야 할 경우가 있습니다. 때로는 새벽 4시나 5시에 출근해야 할 수도 있는데 괜찮으신가요?
#Person2#: 저는 아침형 인간이라 괜찮습니다. 교통 체증이 덜한 것도 마음에 들어요.
#Person1#: 참고인 연락처를 주실 수 있나요?
#Person2#: 네, 리스트를 가지고 있습니다. 두 분은 전 직장에서 함께 일했던 분들이고, 한 분은 대학원 시절 교수님입니다.
#Person1#: 좋습니다! 오늘 인터뷰는 여기까지입니다. 며칠 내로 결과를 알려드리겠습니다.
#Person2#: 정말 감사합니다.","#Person2#가 라디오 방송국에 지원하여 #Person1#과 인터뷰를 진행합니다. #Person1#은 #Person2#의 경력과 능력, 그리고 추천인에 대해 묻습니다. #Person2#가 답변한 후, #Person1#은 결과를 며칠 내로 알려주겠다고 전합니다."
dev.csv,이 거리,"#Person1#: 새 직장에서는 뭐가 제일 좋아요?
#Person2#: 음, 일단 월급도 더 좋고, 집이랑 직장 사이 거리도 더 가까워졌어요. 근데 제일 좋은 건 업무 기술을 향상시킬 수 있는 교육 프로그램이 있다는 거예요. 그리고 이 교육들이 회사 시간에도 일부 진행되거든요. 보통 수요일과 금요일 오후 4시에서 6시 사이에요.
#Person1#: 정말 좋네요. 우리 회사도 그런 게 있었으면 좋겠다.
#Person2#: 정말 그래요. 회사가 교육비를 부담하긴 하지만, 장기적으로 보면 그만큼의 가치가 있어요. 매일 쓰는 컴퓨터 프로그램을 더 잘 이해하게 되니, 일상 업무를 더 빠르고 효과적으로 처리할 수 있거든요.",#Person2#는 새 직장에서 가장 좋은 점이 업무 기술을 향상시킬 수 있는 교육 프로그램이라고 #Person1#에게 말합니다. #Person1#은 본인의 회사도 그러기를 바랍니다. #Person2#는 장기적으로 좋은 투자라고 생각합니다.
dev.csv,그 정도,"#Person1#: 5% 할인을 해드릴 수 있어요.
#Person2#: 당신들 가격이 예상보다 너무 높아요. 이런 조건에서는 구매할 수 없어요.
#Person1#: 그럼 어떻게 제안하시겠어요? 8%는 어때요?
#Person2#: 저희가 가격이 너무 높다고 한 건 2~3% 높다는 의미가 아니었어요. 주문을 하려면 15% 정도의 할인이 필요하다고 생각해요.
#Person1#: 뭐라고요? 그러면 저희 망하라는 거잖아요! 그렇게 큰 폭의 할인을 기대하시면 안 돼요.
#Person2#: 가격 차이가 너무 크니 제안할 가치가 없네요.
#Person1#: 10%는 어때요? 이 가격도 좀 타이트해서 저희 마진이 크지 않아요.
#Person2#: 좋아요. 그 정도로 합의할게요.","#Person1#이 할인을 제안했지만 #Person2#가 만족하지 않았습니다. 협상 후, 그들은 10% 할인에 합의했습니다."
dev.csv,그 정도,"#Person1#: 저기요. 11시 30분 기차를 탈 수 있을까요?
#Person2#: 음, 한번 볼게요. 지금 11시 정각이에요. 꽤 먼 길인데요. 가장 짧은 길로 가면 교통 체증이 있을 수도 있어요. 덜 막히는 길로 가면 10분 정도 절약할 수 있지만, 요금이 더 나옵니다. 어느 쪽이 좋으세요?
#Person1#: 덜 막히는 길로 가면 정말 시간 맞출 수 있을까요?
#Person2#: 일반적으로 지금 속도로 가고 예상치 못한 일이 없으면 가능합니다.
#Person1#: 추가로 얼마나 더 내야 하나요?
#Person2#: 가장 짧은 길과 비교해서 약 5유로 더 내셔야 해요.
#Person1#: 그 정도는 괜찮아요. 기차 놓치는 건 싫으니까요.
#Person2#: 알겠습니다. 여기서 왼쪽으로 가면 됩니다. 직진하면 가장 짧은 길이에요.
#Person1#: 감사합니다!",#Person1#은 #Person2#의 제안에 따라 5유로를 추가로 내고 덜 막히는 길로 가기로 했습니다.
dev.csv,그 정도,"#Person1#: 너 여기 온 지 얼마나 됐어? 지금 4개월째인가?
#Person2#: 응, 대충 그 정도 돼.
#Person1#: 중국어는 좀 더 나아졌어?
#Person2#: 아, 완전 그렇지. 처음 광저우에 왔을 때 여자친구가 핸드폰 가격 가지고 점원하고 흥정하는데 진짜…
#Person1#: 그렇지. 중국 사람들 흥정 많이 하잖아. 거의 어디서나 그러던데.
#Person2#: 그게 당연하다고 생각은 하는데, 말이 점점 빨라지더니 막 싸우는 것처럼 들리더라. 듣기엔 완전 싸우는 줄 알았어. 하지만 알고 보니 완전 평범한 대화였던 거야.
#Person1#: 싸우다니? 너 진짜 웃긴다. 과장하는 거 아니야?
#Person2#: 하나도 과장한 거 아니야. 그때 진짜 그렇게 느꼈다니까.
#Person1#: 아, 그런가. 중국 사람들은 그런 걸 별로 신경 안 쓸걸? 우리한테는 그냥 흔한 일인 거 같아.
#Person2#: 그래, 정말 맞아.",#Person2#는 여자친구가 중국어로 점원과 흥정을 할 때 싸우는 것처럼 들렸다고 느꼈다. #Person1#는 그가 과장한다고 생각한다.
dev.csv,이 잡지,"#Person1#: 이 잡지에 오프라 윈프리에 대한 특집 기사 읽어봤어?
#Person2#: 아니, 무슨 내용인데?
#Person1#: 그녀가 자선단체에 아주 많은 돈을 기부해서 상을 받을 거래.
#Person2#: 그녀는 돈에 아주 관대한 것 같아. 그건 아마 어렸을 때 가난했기 때문일 거야.
#Person1#: 그녀가 세계에서 가장 부유한 여성 중 한 명이라고 들었어.
#Person2#: 믿을 수 있어. 그녀는 잡지, TV 쇼도 소유하고 있고 팬도 엄청 많잖아.
#Person1#: 있잖아, 그녀가 아프리카에서 불우한 소녀들을 위한 학교를 열고 있다고 들었어.
#Person2#: 그거 기사에 나왔어?
#Person1#: 응, 그녀는 학교를 건설할 뿐만 아니라, 학교 유지비와 교사들의 공정한 급여를 직접 돈을 써가며 제공하고 있어.
#Person2#: 정말 칭찬할 만하네. 많은 유명인들이 오프라처럼 사람들을 돕기 위해 돈을 사용해야 한다고 생각해.
#Person1#: 동의해. 많은 연예인들이 스포츠카, 비싼 옷, 럭셔리한 호텔에 돈을 낭비하잖아.
#Person2#: 정말 그들이 어떻게 그렇게 많은 돈을 쓸 수 있는지 놀라워. 브리트니 스피어스가 한밤에 호텔 방에 24,000 달러를 썼다고 들었어!
#Person1#: 진짜 낭비야. 어떤 스타들은 자선에 더 신경 쓰는 게 보기 좋아.","#Person1#과 #Person2#는 오프라 윈프리가 자선 활동에 적극적이라는 기사 내용을 언급하며, 그녀의 사회 기여를 칭찬하고 다른 유명인들의 소비 습관과 비교하여 의견을 나눈다."
dev.csv,이 잡지,"#Person1#: 오늘 뭘 도와드릴까요?
#Person2#: 책을 반납하려고 해요.
#Person1#: 더 도와드릴 게 있을까요?
#Person2#: 이 잡지를 대출하고 싶어요.
#Person1#: 저희는 잡지 대출을 허용하지 않습니다.
#Person2#: 왜 안 되죠?
#Person1#: 도서관 정책상 그렇습니다.
#Person2#: 그럼 무엇을 대출할 수 있나요?
#Person1#: 책이나 비디오를 대출하실 수 있습니다.
#Person2#: 이 잡지 꼭 대출하고 싶은데요.
#Person1#: 도서관 내에서만 열람 가능합니다.
#Person2#: 그건 말이 안 되네요.",#Person2#는 잡지를 대출하고자 하지만 #Person1#은 도서관 정책상 잡지 대출이 불가하다고 안내합니다. #Person2#는 이에 불만을 표합니다.
dev.csv,이 나무,"#Person1#: 이 가게에는 수공예품이 많아요. 천천히 둘러보시면 마음에 드는 걸 찾을 수 있을지도 몰라요.
#Person2#: 그렇게 해볼게요.
#Person1#: 궁금한 점 있으면 언제든지 말씀하세요.
#Person2#: 알겠어요. 이 나무 조각은 얼마인가요?
#Person1#: 나무 조각에 대해 잘 아시네요. 그 나무 조각은 아주 희귀한 작품이에요. 그런데 죄송하지만, 판매용은 아니에요.
#Person2#: 괜찮아요. 추천해주실 다른 제품이 있나요?
#Person1#: 특별히 찾으시는 것이 있으세요?
#Person2#: 전통 예술품을 보고 싶어요.
#Person1#: 선물로 구매하시는 건가요?
#Person2#: 네, 외국인 친구들에게 줄 특별한 선물을 찾고 있어요.
#Person1#: 그렇다면 종이 공예품을 추천드려요. 휴대하기도 좋고, 외국인분들도 종이 공예를 정말 좋아하더라고요. 많은 사람들이 그것이 놀랍다고 생각해요.
#Person2#: 좋네요. 그럼 종이 공예품으로 할게요.
#Person1#: 저는 전국의 다양한 종이 공예품을 모았어요. 마음에 드는 걸 골라보세요.
#Person2#: 직접 모으신 거예요? 도매로 판매하는 줄 알았어요.
#Person1#: 사실, 예술에 관심이 많아서 이 가게를 열게 됐어요. 우리나라 민속 예술을 연구하는 데 많은 시간을 쏟았어요.
#Person2#: 와, 정말 전문가시네요.","#Person2#는 외국인 친구들을 위한 선물을 찾기 위해 예술품 가게를 방문합니다. #Person1#은 종이 공예품을 추천하며 본인이 직접 수집한 것이라고 설명합니다. #Person2#는 이 선택을 좋게 생각하고, #Person1#의 전문성을 칭찬합니다."
dev.csv,이 집,"#Person1#: 난 이 집에 좋은 느낌이 들어. 
#Person2#: 나도 처음에 도착했을 때부터 마음에 들었어. 
#Person1#: 페인트 색깔이 정말 마음에 들어! 
#Person2#: 밖이 마음에 들면 안쪽은 정말 좋아할 거야. 
#Person1#: 정말 아름다운 집이야! 
#Person2#: 창문 장식, 카펫, 커튼이 모두 새것이야. 
#Person1#: 블라인드가 거리에서의 시선을 가려주는 게 좋아. 
#Person2#: 부엌으로 따라와 봐. 정말 마음에 들 거야. 
#Person1#: 부엌에 와인 저장 공간이 있는 게 정말 좋네. 
#Person2#: 최고는 침실과 붙어 있는 욕실이야. 
#Person1#: 타일과 바닥재의 편안한 색상이 정말 좋아! 
#Person2#: 이 집에서 우리가 좋았던 것들을 기억할 수 있도록 몇 장 찍어보자.","#Person1#과 #Person2#가 집을 구경하며, 둘 다 이 집에 대해 긍정적인 인상을 받았습니다."
dev.csv,이 집,"#Person1#: 주문하시겠어요?
#Person2#: 이 집의 특선 요리는 뭐예요?
#Person1#: 토마토 소스를 곁들인 구운 생선이 꽤 맛있어요.
#Person2#: 생선을 좋아해요. 그거 하나 주세요.
#Person1#: 디저트는 필요하세요?
#Person2#: 애플 파이로 주세요.
#Person1#: 하나 드릴까요, 두 개 드릴까요?
#Person2#: 두 개 주세요.",#Person1#은 #Person2#의 구운 생선과 애플 파이 두 조각 주문을 도와줍니다.
dev.csv,그 일,"#Person1#: 나는 대학 시절을 항상 기억할 거야.
#Person2#: 아, 그래?
#Person1#: 내 인생에서 가장 좋았던 시기 중 하나였어. 힘들었지만, 결국 해냈어. 대학을 졸업했거든.
#Person2#: 졸업했을 때 기분이 어땠어?
#Person1#: 나한테는 자랑스러운 날이었어. 가족들이 졸업식에 참석했거든. 너무 긴장돼서 학사모랑 가운도 못 찾았어. 하지만 결국 다 잘됐어.
#Person2#: 졸업 후에 뭐 했어?
#Person1#: 대학원에 갈 계획이었는데, 마케팅 일을 하는 좋은 직장을 제안받아서 생각을 바꿨어.
#Person2#: 네 결정에 만족한 것 같네.
#Person1#: 완전 만족해. 너는 어땠어? 졸업했을 때 기분이 어땠어?
#Person2#: 나한테도 자랑스러운 날이었지만, 동시에 뭔가 상실감 같은 게 느껴졌어.
#Person1#: 그럴 수 있지?
#Person2#: 다른 사람들이 일을 하거나 공부를 계속하는 걸 보면서 나는 뭘 해야 할지 몰랐어.
#Person1#: 제안 받은 게 없었어?
#Person2#: 하나 있었는데 그 일을 별로 좋아하지 않았어. 대학원에 가고 싶었지만, 너무 힘들까 봐 두려웠어.
#Person1#: 너는 결정력이 부족한 것 같아. 결정을 내렸으면, 망설임과 두려움에 휘둘리지 말고 그냥 끝까지 밀어붙여!","#Person1#과 #Person2#는 졸업 날과 졸업 후의 계획에 대한 감정을 나누며, #Person1#은 #Person2#에게 결단력을 가지라고 격려합니다."
dev.csv,그 일,"#Person1#: 내 친구가 드디어 남자친구랑 헤어졌어. 이제 결혼할 만한 제대로 된 사람을 만날 때까지 좀 자제하겠다고 하더라고.
#Person2#: 그런 일을 겪고 나면 그럴 만도 하지. 친구 정신 상태는 어때?
#Person1#: 아주 잘 지내고 있어. 자신감도 다시 찾고 자존감도 많이 회복됐어. 정말 행복해 보여.
#Person2#: 네가 곁에서 잘 도와준 덕분이야. 네가 진짜 큰 힘이 됐을 거야.
#Person1#: 다음 주 일요일 저녁에 약속 있어?
#Person2#: 아냐, 왜?
#Person1#: 그 일 겪은 내 친구가 우리한테 감사 표시로 저녁을 사주고 싶대.
#Person2#: 그런 거 안 해도 돼, 난 별로 한 게 없어.
#Person1#: 네가 도와줄 수 있게 내게 자유를 줬다고 고마워하더라고. 그냥 한번 하자.",#Person1#은 친구가 남자친구와 헤어졌다고 #Person2#에게 말한다. 친구는 감사의 표시로 두 사람을 저녁 식사에 초대한다.
dev.csv,이 차,"#Person1#: 나 이거 샀어. 시계도 샀어. 이 차를 파는 회사에 차 동호회가 있더라고.
#Person2#: 거기서 여러 가지 물건도 살 수 있어?
#Person1#: 응, 그리고 같은 차 운전하는 사람들도 만날 수 있어!
#Person2#: 멋지다!
#Person1#: 알잖아, 여자들은 이런 차 좋아해. 봐봐, 선루프도 있어! 상상해봐... 시원하고 별이 빛나는 밤...
#Person2#: 그래서 Sarah의 차를 빌려서 여자들 만나러 가려고?
#Person1#: 아니. 그냥 쇼핑하러 가려고 빌렸어.",#Person1#는 #Person2#에게 차를 보여주며 Sarah의 차를 빌려 쇼핑하러 간다고 설명한다.
dev.csv,이 차,"#Person1#: 어떤 차가 저한테 제일 좋을까요? 
#Person2#: 당신에게는 이 차를 추천드릴게요. 
#Person1#: 소형차요? 그게 다른 차들보다 왜 더 좋다고 생각하세요? 
#Person2#: 이 자동차는 도시에서 운전하기 편한 소형차인 동시에 안전 기능이 많아서 당신의 필요에 딱 맞아요. 부모로서 아이들을 학교에 데려다 주고 데려오는 것에 대해 안전에 신경 쓰고 계시잖아요. 
#Person1#: 맞아요. 어떤 안전 기능들이 있는지 말씀해 주세요. 
#Person2#: 이 모델에는 ABS 브레이크, 운전석과 조수석 에어백, 충돌 방지 설계가 포함되어 있어요. 하지만 그게 다가 아닙니다. 이 차는 안전할 뿐만 아니라 매우 경제적입니다. 
#Person1#: 다른 모델들보다 가격이 저렴하다는 말씀이신가요? 
#Person2#: 네, 가격도 매우 합리적이고, 이 차를 운전하시면 연간 연료 소비에서도 큰 절감을 느끼실 겁니다. 이 모델의 주요 매력은 연비 절감이에요. 
#Person1#: 요즘 휘발유 가격이 비싸서, 그건 정말 큰 장점이네요. 이 모델이 제가 찾고 있는 차일 것 같아요. 
#Person2#: 시운전을 해보시고 고민해보시면 어떨까요?","#Person2#는 #Person1#에게 소형차를 추천하고 그 특징들을 소개합니다. #Person1#은 가격에 만족하며, #Person2#는 #Person1#에게 시운전을 해보라고 제안합니다."
dev.csv,그녀의,"#Person1#: 있잖아, Karen, 나 좀 도와줘야겠어. 여기 아직 아는 사람이 없거든.
#Person2#: 도와줄게. 무슨 일이야?
#Person1#: 시어머니가 LA 병원에 입원하셨거든. Hank랑 나 오늘 밤에 비행기 타고 가야 해.
#Person2#: 안됐네. 무슨 일이 있으셔?
#Person1#: 의사들이 아직 확실히 모르겠대. 그런데 문제는 Suzy야. Suzy가 감기에 걸려서 같이 가고 싶지 않은데, 누구랑 있어야 할지 모르겠어.
#Person2#: 그러면 베이비시터가 필요하겠네.
#Person1#: 맞아. 전에 썼던 Jill한테 부탁하려 했는데, 이번엔 밤새 누군가 필요해. 아마 이틀 밤을 넘길 수도 있고.
#Person2#: Suzy 우리 집에 와서 지내도 돼.
#Person1#: 너한테 그런 부담 주고 싶지 않아, Karen.
#Person2#: 왜 안 돼?
#Person1#: 네 아이들이 Suzy 감기 옮을까봐. 좋은 베이비시터가 여기 있어주는 게 더 좋을 것 같아. 그런데 누구한테 부탁해야 할지 모르겠어. Jill보단 조금 더 성숙한 사람이 필요해. 아마 이틀에서 삼일 정도가 될 수도 있어.
#Person2#: 부탁할 사람이 생각나. Sara Ralston이라는 애가 있는데, 17살이고 이런 일 자주 해. 우리 교회에서 알아서 완전히 믿을 수 있어.
#Person1#: 그녀랑 얘기하고 싶어. 갑자기 부탁하는 건 알겠지만 Hank랑 난 오늘 밤에 떠나야 해.
#Person2#: 그녀의 번호 줄게. 그녀가 가능하면 좋겠네. 정말 책임감이 강한 아이야.
#Person1#: 네가 아는 사람 있어서 다행이야. Karen한테 부탁하는 게 제일 좋을 것 같았어. Jill이나 그녀 엄마 기분 상하고 싶지 않아. Jill도 할 수 있을 것 같긴 해. 그런데 좀 더 나이 든 사람을 원해.
#Person2#: 집에 가서 Sara 번호 알아보고 내가 먼저 그녀한테 전화해볼게.
#Person1#: 좋아. 그녀가 가능하면 나한테 전화 줘.",#Person1#은 Karen에게 도움을 요청하여 Suzy를 돌볼 성숙한 베이비시터를 찾아야 한다고 말한다. #Person1#은 시어머니를 병문안하기 위해 L.A.로 떠나야 하고 Suzy는 감기에 걸려 집에 남겨야 한다. Karen은 성숙하고 책임감 있는 Sara를 추천하며 그녀에게 연락해 보겠다고 한다.
dev.csv,그녀의,"#Person1#: Lily, Lizzy 알아?
#Person2#: 어느 Lizzy 말하는 거야?
#Person1#: Lizzy Smith.
#Person2#: 당연히 알지.
#Person1#: 그럼 그녀의 여동생도 알아?
#Person2#: Mary 말하는 거야?
#Person1#: 맞아.
#Person2#: 물론이지. 난 그녀의 언니 Sue랑 동생 Mary도 알아.
#Person1#: 오, 그렇구나. 그럼 그녀의 엄마는?
#Person2#: 당연히 알아. 그녀의 엄마, 아빠, 그리고 오빠랑 자매들도 다 알고 있어.
#Person1#: 멋지네.
#Person2#: 갑자기 왜 그런 걸 물어보는 거야?
#Person1#: 그냥 그 가족을 언젠가 방문하고 싶어서.","#Person1#은 Lizzy의 가족에 대해 #Person2#에게 물어보고, 가족을 방문하고 싶다고 말한다."
dev.csv,그녀의,"#Person1#: 트리나, 나랑 결혼해줄래?
#Person2#: 네! 네! 그리고 네! 제러드, 물론 당신과 결혼할게요!
#Person1#: 아, 자기야, 당신과 평생을 함께 하고 싶어! 앞으로 겪게 될 모든 모험들, 싸우고 웃으면서 시간이 지나 주름 많고 나이 들어가는 모습이 기대돼.
#Person2#: 아, 제러드! 우리 결혼식이 정말 기다려져! 당신이 싫어하지 않으면 좋겠지만, 사실 벌써 날짜를 정했어요! 여름에 6개월 후로요! 멜리사가 지난달 당신이 반지를 사는 걸 봐서 이미 계획을 시작할 시간이 충분했어요!
#Person1#: 뭐라고?
#Person2#: 아, 괜찮아, 자기야. 당신이 언제 프로포즈할지 몰랐으니까 아직도 깜짝 놀랄 만한 일이었어요! 어쨌든 거의 다 계획했어요. 할 일이 거의 남지 않았어요! 초대 손님 명단을 작성했더니 대략 400명 정도가 참석할 예정이에요.
#Person1#: 400명?
#Person2#: 걱정하지 마세요. 우리 부모님이 대부분의 결혼식 비용을 부담하기로 하셨고, 저예산으로 진행하려고 해요. 그래서 대략 400명 정도로, 노스우즈 하이츠 홀을 리셉션 장소로 정했어요. 당신 부모님 교회에서 결혼식을 하고 제 삼촌이 주례를 맡아 주시면 좋을 것 같아요. 조만간 결혼 준비 상담도 받을 거예요. 결혼식 음악은 간단하게 해결됐어요. 제 의붓자매와 그녀의 현악 4중주가 맡을 예정이고, 제 사촌이 공식 사진사가 될 거예요. 그 사촌의 딸이 솔로로 노래하는 것도 좋을 것 같아요. 오페라 가수가 될 예정인 거 알죠?
#Person1#: 아... 
#Person2#: 그리고 교회 여성분들이 연회장에서 음식을 준비해주시고, 청소년 그룹이 서빙할 거예요. 당신 친구의 밴드가 그날 밤 우리의 엔터테인먼트를 맡아도 좋겠다고 생각했어요. 다만 약간 조절해야 할 수도 있어요. 아니면 DJ를 고용할 수도 있고요. 당신 여동생의 남편이 결혼식 장식 회사를 통해 할인을 받을 수도 있겠죠. 이름이 뭐였더라? 저는 섬 파라다이스 테마의 결혼식을 하고 싶고, 테마 색상은 아쿠아마린처럼 차분한 파란색으로 했으면 좋겠어요. 그리고 우리는 이곳 강단 뒤에 큰 조개껍데기를 두고 건배할 거예요! 결혼식 답례품으로 작은 음료 믹스 패키지는 어떨까요? 누구를 빠뜨렸을까요? 아, 당신 삼촌이 플로리스트가 되고 삼촌 부인이 웨딩케이크를 만들어 주시면 좋겠어요!
#Person1#: 와.
#Person2#: 보세요? 정말 멋질 거예요! 이 결혼식은 제가 꿈꾸던 모든 게 될 거예요.
#Person1#: 내가 앞으로 6개월을 버틸 수 있다면 말이지.","트리나는 제러드의 프로포즈를 받아들입니다. 제러드는 트리나가 멜리사에게서 그가 반지를 사는 것을 봤다는 이야기를 듣고, 결혼을 계획하고 있는 것을 알게 되어 놀랍니다. 트리나는 이미 날짜를 정하고 400명의 손님 명단을 작성한 상태로, 그녀의 준비 사항을 들떠서 이야기합니다. 제러드는 이를 받아들이기 힘들어합니다."
dev.csv,그 말,"#Person1#: 메리? 아직 거기 있어? 
#Person2#: 응, 나 여기 있어. 왜? 
#Person1#: 너 입찰 성공했어? 
#Person2#: 네가 그걸 왜 신경 써? 
#Person1#: 야, 나 좋게 말하려고 했어. 진짜 동상 얻었어, 안 얻었어? 
#Person2#: 무슨 상관이야? 
#Person1#: 미안, 그 말 취소할게. 네가 원했던 구리 불상을 말하는 거야.","#Person1#은 메리에게 입찰 결과를 물어보지만, 메리는 대답을 꺼린다."
dev.csv,그 말,"#Person1#: 우리가 서로 다른 종류의 영화를 좋아해서 좀 아쉽네. 아마 우리는 그냥 취향이 다른 사람인가 봐.
#Person2#: 맞아, 아쉽긴 해. 그런데 사실 어떻게 해야 할지 알 것 같아.
#Person1#: 뭔데?
#Person2#: 공포 영화를 보러 가는 거야. 내가 네 손 잡아 줄 테니까 안 무서울 거야.
#Person1#: 그 말은... 두 번째 데이트 같은 건가?
#Person2#: 물론이지! 아니면 아직도 무서운 거야?
#Person1#: 절대 아니야! 좋은데!","#Person2#가 두 번째 데이트로 공포 영화를 보자고 제안하였고, #Person1#은 동의한다."
dev.csv,그 말,"#Person1#: 나는 장기보다는 체스가 더 좋아. 너는 어때?
#Person2#: 나는 장기가 더 나은 것 같아. 내 여자친구가 중국인이라 그런지 몰라.
#Person1#: 난 체스가 더 논리적이라고 생각해. 말이야, 양쪽에 각각 여덟 개의 폰이 있어서 장기의 병들보다 숫자가 많잖아. 진정한 전투라면 이래야 해. 병사가 지휘관보다 많아야지.
#Person2#: 맞는 말이야. 그리고 장기의 병사와는 달리 체스의 폰은 마지막 줄에 도달하면 승급할 수 있어. 성과가 좋은 사람에게 공적을 부여하는 게 아주 좋다고 생각해.
#Person1#: 맞아! 또 다른 차이점은 장군과 왕의 규칙이야. 장기의 장군이나 마션은 너무 무능력해 보이지. 궁전 안에 머물러야 하고, 적에게 체크당하면 도망가야 해. 체스의 왕을 봐봐, 훨씬 유능해.
#Person2#: 그래, 그리고 체스의 왕은 경호원이 없지만, 가장 강력한 말인 여왕이 있거든. 이건 중세 유럽에서 귀족 여성의 상대적으로 높은 사회적 지위를 보여주는 것 같아.
#Person1#: 또 다른 뚜렷한 차이점이 있어. 두 보드 게임 모두 총 32개의 말을 사용하지만, 장기는 9 x 9 보드에서 진행되고 체스는 8 x 8 보드에서 진행돼.
#Person2#: 그 말은, 장기의 말들이 더 넓은 공간에서 움직일 수 있다는 거야?
#Person1#: 그렇지. 체스판에서는 전투가 훨씬 더 격렬해. 판이 작아서 카, 말, 비숍과 같은 큰 말들이 더 긴 거리를 커버할 수 있어.","#Person1#과 #Person2#는 체스와 장기의 차이점에 대해 이야기한다. 그들은 체스가 규칙 면에서 더 논리적이라고 생각하며, 장기는 더 넓은 공간을 제공한다고 평가한다."
dev.csv,그 애,"#Person1#: 왜 항상 그렇게 행복해 보이고 에너지가 넘치는지 모르겠어. 매일 좋은 일이라도 있는 것 같아.
#Person2#: 정말? 내가 항상 행복해 보였어?
#Person1#: 내가 아는 한 너는 다른 선생님들과는 다르게 보여.
#Person2#: 아, 왜 그러는지 알 것 같아. 사실 간단해. 내가 항상 운동을 하거든. 내 운동은 꽤 힘들거든. 이 어려움을 극복하고 나면 기분이 아주 좋아져. 생동감이 느껴져!
#Person1#: 아, 알아. 캠퍼스 5에서 너가 팔굽혀펴기하는 걸 봤어. 몇몇 학생들이 너를 따라 하려고 하더라고.
#Person2#: 맞아, 그 애들은 재미로 하는 거야. 내 운동을 좋아하는 사람은 드물어. 어렵고 지루하거든.
#Person1#: 그래. 많은 학생들이 해야 할 때만 운동을 해. 우리는 일주일에 한 번 체육 시간이 있어.
#Person2#: 하지만 중국 학생들은 더 많이 운동해야 한다고 생각해. 게다가 운동은 새로운 것을 배우는 데 도움이 돼. 학생들이 좋은 기억력을 원하지 않겠어?
#Person1#: 물론이지. 그건 몰랐네. 운동이 단지 몸을 튼튼하게 할 뿐이라고만 알았어. 나도 운동을 좀 해야겠다. 추천해줄 만한 거 있어?
#Person2#: 음, 네가 좋아하는 걸 해봐. 뭐든 좋거든. 조깅, 에어로빅, 자전거 타기, 탁구. 정말 뭐든지 할 수 있어. 주 3회 이상 운동하면 좋아. 하지만 스트레칭부터 꼭 해.
#Person1#: 아, 알겠어. 고마워.",#Person1#은 #Person2#가 항상 행복하고 에너지가 넘치는 이유에 대해 궁금해합니다. #Person2#는 꾸준한 운동이 기분 향상과 좋은 기억력 유지에 도움을 준다고 설명합니다.
dev.csv,그 애,"#Person1#: 너랑 Charlie 사이에 무슨 일 있어? 싸웠니? 
#Person2#: 아니, 그런데 이제 그 애는 정말 못 참겠어. 지금까지 있었던 룸메이트 중에 최악이야. 자기는 뒷정리 하나도 안 하고, 내가 잘라고 할 때마다 음악 크게 틀어놔. 
#Person1#: Charlie랑 진지하게 얘기해보는 게 어때? 
#Person2#: 시도는 해봤어, 근데 소용이 없었어. 너라도 한번 얘기해볼래? 어쨌든 너는 그 애랑 친한 친구잖아.",#Person2#가 #Person1#에게 Charlie라는 룸메이트에 대해 불평하며 #Person1#에게 Charlie와 얘기해달라고 부탁한다.
dev.csv,이 일,"#Person1#: 안녕하세요, 저는 Daniel입니다. 매니저 직책에 지원하려고 합니다.
#Person2#: 네, 앉으세요. 우리 회사를 어떻게 알게 되셨나요?
#Person1#: LUX, LIPTON, WALLS 같은 유명 브랜드를 통해 알게 됐어요. 고객 설문조사를 통해 많은 중국인들이 귀사의 제품을 정말 좋아한다는 걸 알게 되어 기뻤습니다.
#Person2#: 우리 회사에서 일하고 싶은 이유가 뭔가요?
#Person1#: 제가 관심 있는 분야라서요. 귀사는 상당히 잘 알려진 회사입니다. 매니저로서의 경험은 많이 없지만, 직무 설명이 정말 흥미로웠습니다. 제가 꿈꾸던 일이기도 하고, 잘 어울릴 거라고 생각합니다.
#Person2#: 아, 그렇군요. 혹시 기대에 미치지 못하면 다른 회사로 옮기실 건가요?
#Person1#: 그런 생각은 안 해봤습니다. 속담처럼, 큰 나무는 깊은 뿌리가 필요하죠. 이 일에 정말 관심이 많습니다.
#Person2#: 알겠습니다. 와주셔서 감사합니다. 이번 주 안으로 결과를 알려드릴 수 있을 것 같습니다.","Daniel은 매니저 직책에 지원하며, #Person2#와의 인터뷰에서 회사에 대해 알게 된 경로와 일하고 싶은 이유를 설명합니다."
dev.csv,이 일,"#Person1#: 나는 대학 시절을 항상 기억할 거야.
#Person2#: 아, 그래?
#Person1#: 내 인생에서 가장 좋았던 시기 중 하나였어. 힘들었지만, 결국 해냈어. 대학을 졸업했거든.
#Person2#: 졸업했을 때 기분이 어땠어?
#Person1#: 나한테는 자랑스러운 날이었어. 가족들이 졸업식에 참석했거든. 너무 긴장돼서 학사모랑 가운도 못 찾았어. 하지만 결국 다 잘됐어.
#Person2#: 졸업 후에 뭐 했어?
#Person1#: 대학원에 갈 계획이었는데, 마케팅 일을 하는 좋은 직장을 제안받아서 생각을 바꿨어.
#Person2#: 네 결정에 만족한 것 같네.
#Person1#: 완전 만족해. 너는 어땠어? 졸업했을 때 기분이 어땠어?
#Person2#: 나한테도 자랑스러운 날이었지만, 동시에 뭔가 상실감 같은 게 느껴졌어.
#Person1#: 그럴 수 있지?
#Person2#: 다른 사람들이 일을 하거나 공부를 계속하는 걸 보면서 나는 뭘 해야 할지 몰랐어.
#Person1#: 제안 받은 게 없었어?
#Person2#: 하나 있었는데 그 일을 별로 좋아하지 않았어. 대학원에 가고 싶었지만, 너무 힘들까 봐 두려웠어.
#Person1#: 너는 결정력이 부족한 것 같아. 결정을 내렸으면, 망설임과 두려움에 휘둘리지 말고 그냥 끝까지 밀어붙여!","#Person1#과 #Person2#는 졸업 날과 졸업 후의 계획에 대한 감정을 나누며, #Person1#은 #Person2#에게 결단력을 가지라고 격려합니다."
dev.csv,이 일,"#Person1#: 오늘밤 소비자 보고서를 여기서 마무리하겠습니다. 이제 스포츠 세계에서는 어떤 일들이 일어나고 있는지 알아보기 위해 Jerry Ryan에게 넘기겠습니다. Jerry? 
#Person2#: 감사합니다, Sarah. 안녕하세요, 스포츠 팬 여러분. 오늘 세계 축구에서는 아주 흥미진진한 하루였습니다. 멕시코가 프랑스를 7대 6으로 이기며 관중들을 열광시켰고, 캐나다와 아르헨티나는 3대 3으로 무승부를 기록했습니다. 현재 진행 중인 경기에서는 이탈리아가 아이티를 2대 1로 앞서고 있으며, 30분이 남아 있습니다.",#Person1#은 #Person2#에게 세계 축구 이벤트에 대해 시청자들에게 전해달라고 요청합니다.
dev.csv,이 약,"#Person1#: 처방전을 받으러 왔어요.
#Person2#: 처방전은 20분 후에 준비됩니다.
#Person1#: 처방전 배달 서비스도 하시나요?
#Person2#: 네, 인터넷으로 갱신해서 집으로 배달 받을 수 있어요.
#Person1#: 약은 어떻게 복용해야 하나요?
#Person2#: 하루에 두 번 드세요.
#Person1#: 이 약 먹을 때 술은 피해야 하나요?
#Person2#: 약 먹을 때는 속에 뭐가 있어야 돼요. 이 약과 술은 같이 드시면 안 돼요.
#Person1#: 부작용은 없나요?
#Person2#: 가끔 어지러울 수도 있는데 흔하진 않아요.",#Person1#은 처방전을 받기 위해 #Person2#를 방문합니다. 또한 #Person1#은 약 복용 방법과 주의 사항에 대해 질문합니다.
dev.csv,이 약,"#Person1#: 무슨 일이야? 왜 그가 우승하지 못했어?
#Person2#: 못 들었니? 실격했어.
#Person1#: 어떻게 그런 일이 벌어진 거야? 정말 재능 있는 사람인데! 금메달 딸 줄 알았는데!
#Person2#: 약물 문제가 없었으면 우승했을 거야.
#Person1#: 뭐라고? 무슨 약을 쓴 거야?
#Person2#: 힘을 더 세고 빠르게 하려고 스테로이드를 썼어.
#Person1#: 모든 선수들이 약물 검사를 규칙적으로 받는다고 알고 있었는데.
#Person2#: 맞아. 경기가 끝나고 나서 실격 처리된 이유는 검사 결과가 그때 나왔기 때문이야.
#Person1#: 정말 실망스럽다. 왜 정상급 선수들이 약을 쓸 필요를 느끼는지 이해가 안 돼.
#Person2#: 옳지 않다고 생각하지만, 왜 그들이 그러는지 이해는 할 수 있어. 나라를 위해 이겨야 한다는 압박이 얼마나 클지 상상해 봐!
#Person1#: 아무리 압박이 있어도 약을 쓸 이유는 없어.
#Person2#: 나도 동의해. 새로운 규제 덕분에 약물로 부정 행위를 시도하는 선수가 줄어들겠지.
#Person1#: 그랬으면 좋겠어.",#Person2#는 #Person1#에게 재능 있는 선수가 약물 문제로 우승하지 못했다고 설명합니다. 두 사람은 그 선수가 경기 후 실격된 이유와 약물을 사용한 이유에 대해 이야기합니다.
dev.csv,이 약,"#Person1#: 결국 이혼했대. 
#Person2#: 그럴 수밖에 없었을 거야. 그들의 사랑이 약했으니까 결혼 생활도 오래가지 않은 거지. 
#Person1#: 맞아, 사랑이 약하면 쉽게 무너질 수 있어. 
#Person2#: 우리에게도 중요한 교훈이 되겠네.",#Person1#과 #Person2#는 누군가의 이혼을 통해 사랑이 약하면 쉽게 무너질 수 있다는 교훈을 얻게 됩니다.
dev.csv,그 책,"#Person1#: 무슨 일이야?
#Person2#: 설명서를 이메일로 보내려고 하는데 여러 번 실패했어. 인터넷에 문제가 있는 것 같아. 너무 느려.
#Person1#: 아, 지금 인터넷이 좀 느린가 보네. 다시 시도해봐.
#Person2#: 난 Word 2003으로 편집하는 게 익숙해. 그 책에는 사진이 많아.
#Person1#: 당연히 가능하지. 그냥 문서로 저장하면 돼.
#Person2#: 난 그냥 편지 보내는 것밖에 몰라. 첨부파일은 잘 몰라.
#Person1#: 평소처럼 하면 돼. 다른 점은 그 책을 첨부파일로 붙여야 한다는 것뿐이야.
#Person2#: 파일이 너무 크면 책을 보낼 수 있을까?
#Person1#: 이메일 용량에 제한이 있어. 보통 4MB를 넘지 않아.
#Person2#: 용량을 초과하면 어떻게 해야 해?
#Person1#: 여러 개의 문서로 나눠서 보낼 수도 있고, 경고에서 언급된 소프트웨어를 다운로드할 수도 있어.","#Person2#는 설명서를 이메일로 보내는 데 어려움을 겪고 있으며, #Person1#이 #Person2#에게 방법을 알려주고 도와줍니다."
dev.csv,그 책,"#Person1#: 여보세요, 아마존 고객 서비스입니다. 어떻게 도와드릴까요?
#Person2#: 안녕하세요, 어제 저희 웹사이트에서 산 책을 읽다가 53쪽이 없는 걸 발견했어요.
#Person1#: 알겠습니다. 주문 번호 좀 알려주시겠어요?
#Person2#: B113-7423935입니다.
#Person1#: 확인해볼게요. 고객님이 10일 전, 10월 13일에 저희 웹사이트에서 구매하신 RA Salvatore의 '헌터의 밤' 종이책 맞으신가요?
#Person2#: 네, 맞아요.
#Person1#: 그렇다면 그 책의 문제 부분을 사진으로 찍어서 저희 웹사이트 고객 서비스 페이지에 업로드해 주셔야 할 것 같아요. 문제가 확인되면 2일 내로 새 책을 보내드리겠습니다.
#Person2#: 알겠습니다. 그럼 기존 책은 어떻게 해야 하나요? 반송해야 하나요?
#Person1#: 그럴 필요 없습니다. 계속 가지고 계셔도 돼요. 더 도와드릴 게 있으신가요?
#Person2#: 아니요, 감사합니다.
#Person1#: 별말씀을요, 좋은 하루 보내세요.",#Person2#가 아마존 고객 서비스에 전화하여 아마존에서 구매한 책에 53페이지가 없다고 확인합니다. #Person1#은 문제를 확인 후 새 책을 보내겠다고 안내합니다.
dev.csv,그 후,"#Person1#: 홀리데이 트래블입니다! 무엇을 도와드릴까요?
#Person2#: 안녕하세요! 이번 달 23일에 베를린으로 가는 비행기 표를 예약하고 싶어요.
#Person1#: 네, 가능한 항공편을 확인해볼게요. 그리고 돌아오는 날짜는 언제인가요?
#Person2#: 음, 29일에 돌아오는 비행기를 타고 싶어요. 그리고 가장 저렴한 좌석으로 부탁드릴게요.
#Person1#: 알겠습니다, 확인해볼게요. 하루 일찍 출발하시면 티켓 가격이 훨씬 저렴하네요.
#Person2#: 아, 그렇군요. 하루 일찍 떠나는 건 얼마나 하나요?
#Person1#: 980달러밖에 안 돼요.
#Person2#: 좋아요. 그러면 그 비행기로 할게요.
#Person1#: 네, BA 7101편으로 솔트레이크 시티에서 뉴욕 케네디 공항으로 가고, 그 후 BA 2701편으로 케네디 공항에서 베를린으로 가시는 항공편입니다. 첫 번째 비행기는 솔트레이크 시티에서 오전 10시에 출발해서 뉴욕에 오후 4시 15분에 도착합니다. 그리고 두 번째 비행기는 케네디 공항에서 오후 5시 45분에 출발합니다. 다음 날 오전 8시 30분에 베를린에 도착하실 거예요.
#Person2#: 알겠습니다. 감사합니다.",#Person1#은 #Person2#의 솔트레이크시티에서 베를린으로 하루 일찍 출발하는 비행편과 29일에 돌아오는 비행편 예약을 도와줍니다.
dev.csv,그 후,"#Person1#: 저기요, Miss Ames, 뭐 좀 물어봐도 될까요?
#Person2#: 물론이죠, John. 뭐든 물어보세요.
#Person1#: 네, 문에 기름 좀 발라주실래요?
#Person2#: 뭐라고요?
#Person1#: 항상 너무 늦게 들어오시잖아요. 그리고 현관문 열 때마다 소리가 너무 커요.
#Person2#: 늦긴 뭐가 늦어요? 11시쯤 들어오는데, 그게 전혀 늦지 않잖아요.
#Person1#: 그런데 그 후로 몇 시간이나 들락날락하셔서 머리가 터질 것 같아요.
#Person2#: 아, 정말 죄송해요. 이번 주말에 문 어떻게 해보도록 할게요.
#Person1#: 정말 감사합니다, Miss Ames. 세상에서 가장 친절한 여자세요.","John은 Miss Ames에게 현관문 소음을 줄이기 위해 기름칠을 요청하고, Miss Ames는 이를 수락합니다."
dev.csv,그 후,"#Person1#: 그럼, Mark, 너는 캐나다 출신이야?
#Person2#: 맞아.
#Person1#: 어디서 자랐지?
#Person2#: 난 몬트리올에서 태어나서 처음 4년 동안 살았어. 그 후에는 앨버타의 캘거리에서 자랐어.
#Person1#: 그래, 너의 어린 시절은 어땠어? 자연이나 스포츠에 관심이 많았어?
#Person2#: 어렸을 때는 책에 관심이 많았어. 나는 책을 많이 읽었고, 엄마랑 같이 도서관에 자주 가곤 했어.
#Person1#: 그래, 그러면 처음으로 해외여행 간 건 언제였어? 어디로 갔어?
#Person2#: 처음 해외로 간 큰 여행은 14살 때였어. 그때 리버풀에 갔어. 우리 엄마 고향이고, 그 후에 웨일즈하고 스코틀랜드도 5번이나 6번 정도 갔어.","Mark는 몬트리올에서 태어나 캘거리에서 자랐으며, 어린 시절에 책을 많이 읽었습니다. 처음 해외여행은 14세 때 리버풀로 갔으며, 이후 웨일즈와 스코틀랜드도 여러 번 방문했습니다."
dev.csv,그분들,"#Person1#: 손님, 기분 이해합니다. 하지만 자리가 없어요. 예약 전화를 받은 사람이 기록을 깜빡했나 봅니다. 실수였던 것 같아요. 그 직원은 이제 막 시작해서요.
#Person2#: 그냥 실수라고요? 제가 아주 중요한 사람들을 저녁 식사에 초대했는데, 이렇게 되면 중요한 사업 파트너를 잃을 수도 있어요.
#Person1#: 죄송합니다, 손님. 그 분들께 설명 드리시고 다른 좋은 식당들을 여기서 찾아보시는 게 좋겠어요.
#Person2#: 그분들과 연락이 안 돼요. 아마 지금 이쯤엔 오는 중일 거예요. 한 테이블 정도는 더 넣을 수 있지 않나요?
#Person1#: 복도에 자리를 드려도 괜찮으시다면 가능합니다, 손님.
#Person2#: 그거라도 없는 것보다 낫죠.",#Person1#이 예약 실수에 대해 #Person2#에게 사과합니다. #Person2#는 화가 나지만 결국 복도에서 식사하는 것에 동의합니다.
dev.csv,그분들,"#Person1#: Johnson 가족이 곧 돌아온대. 기억나지 않아? 
#Person2#: Johnson? 전혀 기억 안 나. 
#Person1#: 작년 5월에 버뮤다에서 만났잖아. 
#Person2#: 아, 완전히 잊어버렸어. 
#Person1#: 강아지를 데리고 다니던 그 부부 기억나지? 
#Person2#: 아니, 전혀 기억이 안 나. 
#Person1#: 내가 그분들을 브런치에 초대했어. 
#Person2#: 음, 나도 이제 건망증이 심해졌나 보네.","#Person1#이 Johnson 가족을 #Person2#에게 기억나게 하려 하지만, #Person2#는 여전히 기억하지 못한다."
dev.csv,그분들,"#Person1#: 안녕하세요, 어서 오세요. 외투 맡아 드릴까요?
#Person2#: 네, 감사합니다. 와인 한 병도 가져왔어요.
#Person1#: 오늘 첫 번째 손님이시네요. 외투 맡아드리고 마실 것 가져다 드릴게요.
#Person2#: 신발 벗어야 하나요?
#Person1#: 편하신 대로 하세요.
#Person2#: 여기 정말 좋네요. 산 지 얼마나 되셨나요?
#Person1#: 이제 3주 좀 넘었어요. 마실 것 드릴까요?
#Person2#: 네, 어떤 게 있나요?
#Person1#: 화이트 와인, 레드 와인, 진토닉, 진저 에일, 레모네이드, 오렌지 주스, 스프라이트 있어요.
#Person2#: 레드 와인 한 잔 주세요.
#Person1#: 레드 와인 한 잔 나갑니다!
#Person2#: 오늘 저녁에 몇 명이 오는 거예요?
#Person1#: 오늘은 우리 포함 6명이에요.
#Person2#: 아, 여덟 명인 줄 알았는데요. 누가 안 오는 거예요?
#Person1#: 마르시아와 폴이 막판에 못 온다고 했어요. 폴은 늦게까지 일하고, 마르시아는 몸이 안 좋대요.
#Person2#: 아쉽네요. 그분들 정말 재미있는 분들인데요.
#Person1#: 누가 문 앞에 온 것 같네요. 잠깐만 기다리세요, 가서 문 좀 열고 올게요.",#Person1#은 저녁 식사를 주최하고 있으며 #Person2#는 첫 번째 손님으로 도착합니다. #Person1#은 #Person2#에게 레드 와인을 제안하고 두 명의 친구가 방문을 취소했다고 전합니다. #Person2#는 이를 안타까워합니다.
dev.csv,이 날,"#Person1#: 오늘 신문에 재미있는 이야기 있어?
#Person2#: 자연재해에 관한 이야기가 몇 개 있어. 호주에 엄청난 산불이 났대. 몇 제곱킬로미터의 땅을 덮고 있고, 더 많은 제곱킬로미터가 파괴됐대.
#Person1#: 사고로 생긴 거야, 아니면 자연적으로 발생한 거야? 가끔 호주나 아프리카에서는 너무 더워져서 자연적으로 불이 날 때도 있잖아.
#Person2#: 지금은 아무도 모르지만, 최근에는 거기가 굉장히 더웠어. 아프리카의 가뭄이 기아를 일으키고 있대. 수백만 명이 음식을 찾기 위해 이동 중이래.
#Person1#: 국제 사회가 어떻게 돕고 있어?
#Person2#: 유럽 연합은 구호 물자를 실은 비행기를 여러 대 보냈고, 여러 나라들이 식량과 의료품을 배포하기 위해 군인들을 보냈어. 난민 캠프도 지역 곳곳에 설치됐대.
#Person1#: 얼마나 많은 나라들이 영향을 받았어?
#Person2#: 6개 나라가 심각하게 영향을 받았고, 난민들은 주변 여러 나라로도 이동 중이래.
#Person1#: 어제 TV에서 이란에 또 지진이 났다고 봤어.
#Person2#: 응, 최근에 거기도 몇 번 있었어. 이번 지진은 크지 않았대. 이란 사람들이 자체적으로 대처하고 있대. 잔해 속에 묻힌 사람들을 찾기 위한 특별 장비를 구입했대.
#Person1#: 신문에 사상자에 대한 얘기가 있어?
#Person2#: 지금까지는 20명 이하가 사망했고, 100명이 넘게 병원에 있어.","#Person2#는 #Person1#에게 오늘 신문에 보도된 자연재해 소식을 전하고, 호주의 대규모 산불, 아프리카의 기아, 이란의 지진, 그리고 호주와 아프리카를 돕기 위한 국제사회의 지원을 설명합니다."
dev.csv,이 날,"#Person1#: 자, Rebecca, 지금 더 궁금한 점 있으세요?
#Person2#: 아니요, Mr. Parsons. 주요한 점들은 다 설명해 주신 것 같아요.
#Person1#: 좋아요, 여기 제 명함입니다. 제 휴대폰 번호도 적혀 있으니 궁금한 게 생기면 언제든지 연락 주세요. 물론, Miss Childs에게 연락하셔도 되고요.
#Person2#: 좋습니다. 음, 언제쯤 소식을 들을 수 있을까요?
#Person1#: 내일 면접을 마치면 다음 주 초에는 결정이 날 겁니다. Miss Childs가 월요일이나 화요일에 연락드릴 거예요. 괜찮으신가요?
#Person2#: 완벽합니다. 저와 시간 내 주셔서 정말 감사합니다, Mr. Parsons.
#Person1#: 오히려 제가 영광입니다, Rebecca.
#Person2#: 빨리 소식 듣기를 기대하겠습니다.
#Person1#: 물론이죠. 와 주셔서 감사합니다, Rebecca. 안녕히 가세요.","Mr. Parsons는 Rebecca에게 명함을 주며, 면접 후 결정이 다음 주 초에 날 것이며 Miss Childs가 Rebecca에게 연락할 것이라고 알린다."
dev.csv,이 새,"#Person1#: 티나, 너 이번 주에 밴드 연습 오니? 우리 공연이 이번 주 금요일이잖아... 단 이틀밖에 안 남았어.
#Person2#: 응, 오늘 밤 갈 거야. 지난주에 못 간 건 내 기타가 고장 났었어.
#Person1#: 기타 고쳤니? 우리 동생이 새 기타가 있는데, 너 기타가 아직도 고장 났으면 빌려줄 수 있을 거야.
#Person2#: 고마워, 근데 나는 내 기타로만 연주할 수 있어. 왼손잡이 기타라서 왼손으로 주로 하는 사람들을 위한 것이거든. 월요일 밤에 내 기타 고쳤어.
#Person1#: 왜 더 빨리 고치지 않았어? 공연까지 이틀밖에 안 남았잖아.
#Person2#: 이번 달 너무 바빴어! 마트에서 일해야 하고 엄마 퇴근할 때까지 동생 봐야 하거든.","티나는 기타가 고장 나서 지난주 밴드 연습에 가지 못했습니다. #Person1#은 기타를 빨리 고치지 않은 것을 탓하지만, 티나는 이번 달 너무 바빴습니다."
dev.csv,그 차,"#Person1#: 왜 제대로 보고 다니지 않는 거예요?
#Person2#: 제가요? 지금 길 막고 끼어든 건 당신이잖아요!
#Person1#: 끼어들 수 있는 공간 충분했어요. 굳이 그 차선에 계속 있을 필요는 없잖아요.
#Person2#: 이봐요, 전 내 차선에 있을 권리가 있어요. 당신은 기다렸어야죠, 제 뒤로 갈 때까지. 게다가 갑자기 '휙' 하고 나타나셨잖아요.
#Person1#: 제 팔이 부러진 것 같아요.
#Person2#: 팔이 안타깝긴 하지만, 당신 잘못 아닙니까. 운전 좀 배우셔야겠어요. 죽다 살아난 데 감사해야죠. 저도 살아있는 게 다행이에요.
#Person1#: 경찰 올 때까지 기다려보죠. 그러면 누구 잘못인지 알 수 있겠죠.
#Person2#: 좋아요. 전 도로 법규 잘 알아요. 걱정 없어요.
#Person1#: 제 차에 휴대폰이 있어요. 아마 조수석 쪽 바닥에 떨어졌을 거예요. 좀 주워주시면 제가 경찰에 전화할게요.
#Person2#: 알겠어요.
#Person1#: 작동이 안 돼요. 고장난 것 같아요. 병원에 가야겠어요. 절 좀 데려다줘야겠어요.
#Person2#: 오, 그래요? 근데 경찰에 신고 먼저 해야겠어요. 그런 다음에 병원 가요.
#Person1#: 제기랄! 부상당했어요. 그냥 기다릴 수 없어요.
#Person2#: 기다려야 해요. 경찰 오기 전에는 차 안 움직입니다. 저 건물들 중 하나에 가서 전화하고 올게요. 걱정 마세요. 병원 시간 맞출 수 있을 거예요.
#Person1#: 정말 아파요.
#Person2#: 예, 아플 것 같네요. 하지만 그렇게 운전할 거면 몸 상할 각오해야 해요. 무슨 말인지 알겠어요?
#Person1#: 그만해요. 사고 당신 잘못이에요.
#Person2#: 아닐걸요. 경찰 오면 당신도 알게 될 거예요. 이 쓸데없는 말싸움 그만하죠. 전화 찾으러 갈게요. 팔 움직이지 마세요. 알겠죠?
#Person1#: 진짜 짜증나요.","#Person1#이 #Person2#의 차 앞에 끼어들며 교통사고가 발생했습니다. #Person1#은 팔을 다치고 휴대전화가 고장났으며, #Person2#는 경찰에 연락해 사고 책임 여부를 판단하려고 합니다."
dev.csv,이 길,"#Person1#: 저기요, 여기 처음 와서 길을 잃었어요. 
#Person2#: 도와드릴까요? 
#Person1#: 네, 물론이죠. 이 길로 중앙 백화점까지 갈 수 있을까요? 
#Person2#: 네, 오른쪽으로 돈 다음, 두 번째 골목에서 왼쪽으로 가세요. 
#Person1#: 많이 멀어요? 
#Person2#: 걸어서 15분 정도입니다. 
#Person1#: 그럼, 혹시 국민은행이 어디 있는지 아세요? 
#Person2#: 네, 이 길을 따라 두 블록 정도 가시면 오른쪽 코너에 있어요. 
#Person1#: 감사합니다. 
#Person2#: 천만에요. 행운을 빌어요! 
#Person1#: 감사합니다. 잃지 않게 조심할게요.",#Person1#이 길을 잃고 #Person2#에게 중앙 백화점과 국민은행으로 가는 길을 물어봅니다.
dev.csv,이 길,"#Person1#: 우리 도시에 어떤 사업가가 개 공원을 만든다고 들었어.
#Person2#: 정말? 왜 그런 거지?
#Person1#: 아마도 길에서 개를 키우는 게 금지돼서 그런 것 같아.
#Person2#: 그럼 개들은 집에만 있어야 하는 거야?
#Person1#: 좀 잔인한 것 같지 않아? 그래서 개 공원이 좋은 아이디어일 수도 있어.
#Person2#: 그냥 사람들이 길에서 개를 산책하게 해주는 게 더 낫지 않을까?
#Person1#: 그러면 길거리가 엉망이 될 수도 있잖아.
#Person2#: 사람들이 자기 개를 산책시키고 뒷처리만 잘하면 되지 않을까?
#Person1#: 그런가?",#Person1#과 #Person2#는 개 공원의 필요성과 장단점에 대해 토론한다.
dev.csv,이 길,"#Person1#: 안녕하세요, 어르신. 다시 오셨네요?
#Person2#: 네, 안녕하세요. 배당금 예금이랑 배당 참여 예금이 어떻게 다른지 알고 싶어요.
#Person1#: 쉽게 설명드릴게요. 배당금 예금은 이자가 고정되어 있고, 각 증권의 배당금은 매년 말에 자동으로 은행 계좌에 들어갑니다. 기간이 길어질수록 받는 배당금이 커지는데, 복리로 이자를 계산하기 때문이에요.
#Person2#: 여기서 구매할 수 있나요?
#Person1#: 네, 가능합니다. 그리고 이미 저희 은행에 계좌가 있다면, 보험료를 그 계좌로 납부할 수 있어서 여러모로 편리하세요.",#Person1#이 #Person2#에게 배당금 예금과 배당 참여 예금의 차이점 및 구매 방법을 설명합니다.
dev.csv,그 전,"#Person1#: 그래서 배수구가 왜 문제인 거야?
#Person2#: 막혀서 물이 안 내려가.
#Person1#: 어디 보자. 머리카락이 막혔네. 물이 안 내려가는 게 당연하지.
#Person2#: 그 전 사람들은 욕조를 안 청소했나 보구나.
#Person1#: 그러게.
#Person2#: 이제 어떻게 해야 돼?
#Person1#: 걱정 마. 여기 산이 있어. 그게 밑에 있는 머리카락을 녹여줄 거야.
#Person2#: 으, 냄새 나!
#Person1#: 이제 너도 욕조 쓸 때마다 청소해야겠네.",#Person1#이 #Person2#에게 막힌 배수구 문제를 해결하면서 욕조를 청소하도록 조언합니다.
dev.csv,그 전,"#Person1#: 9월에 선적이 가능할까요?
#Person2#: 가능할 것 같지 않습니다.
#Person1#: 그럼 가장 빨리 언제 선적이 가능할까요?
#Person2#: 10월 중순쯤 될 것 같습니다.
#Person1#: 그건 너무 늦어요. 우리 시장에서는 10월이 그 상품의 성수기라서 그 전에 선적해야 시즌에 맞출 수 있습니다.
#Person2#: 음, 오랜 비즈니스 관계를 고려해서 더 빠른 선적을 위해 제조사와 협상해 보겠습니다.
#Person1#: 감사합니다. 그럼 계약서에 '9월 15일 또는 그 이전 선적'이라고 명시해 주실 수 있나요?
#Person2#: 음, 그럼 작업자들이 세 교대로 일해야 할 것입니다. 음, 9월 20일에 맞출 수 있을 것 같습니다. 그게 최선입니다.
#Person1#: 아, 정말 배려해 주셔서 감사합니다. 믿고 기다리겠습니다.","#Person1#은 시즌에 맞추기 위해 선적일을 앞당길 것을 요청하였고, #Person2#는 협의를 통해 9월 20일에 선적하기로 합의합니다."
dev.csv,이 방,"#Person1#: 프런트입니다, 도와드릴까요?
#Person2#: 네, 다른 방으로 옮기고 싶습니다.
#Person1#: 혹시 방에서 불편한 점이 있나요?
#Person2#: 네, 이 방의 에어컨이 작동하지 않습니다.
#Person1#: 방 번호가 어떻게 되시나요?
#Person2#: Wang Wei입니다. 1212호입니다.
#Person1#: 알겠습니다. Wang님, 먼저 직원이 확인하러 가도 될까요?
#Person2#: 네, 괜찮습니다.
#Person1#: (15분 후) Wang님, 불편을 드려 대단히 죄송합니다. 수리가 오래 걸릴 것 같습니다. 다른 방을 제공해도 될까요?
#Person2#: 네, 괜찮습니다.",에어컨이 고장난 1212호의 Wang Wei가 다른 방으로 옮길 수 있도록 호텔이 조치를 취합니다.
dev.csv,이 방,"#Person1#: 안녕하세요. 여기 빈방 있나요?
#Person2#: 싱글룸이 필요하신가요, 아니면 더블룸이 필요하신가요?
#Person1#: 싱글룸이요, 가능하면 욕실 딸린 방으로요.
#Person2#: 얼마나 머무실 예정이신가요?
#Person1#: 한 4일 정도요.
#Person2#: 5층에 싱글룸 하나 있습니다.
#Person1#: 조용한 방이었으면 좋겠어요. 시끄러운 건 싫어하거든요.
#Person2#: 아주 조용한 방입니다, 손님.
#Person1#: 하루에 얼마인가요?
#Person2#: 하루에 150위안인데, 10%의 서비스 요금이 포함되어 있습니다.
#Person1#: 좋아요. 그 방으로 할게요.
#Person2#: 등록 양식 좀 작성해 주시겠어요?
#Person1#: 네.
#Person2#: 호텔 정책상 예약 없이 방문하시는 손님께는 하루치 객실 요금을 보증금으로 받습니다.
#Person1#: 괜찮습니다. 여기 있습니다.
#Person2#: 방번호는 505호입니다. 이건 열쇠입니다. 벨보이가 짐을 도와드릴 거예요.",#Person2#는 #Person1#이 예약 없이 조용한 싱글룸을 예약하고 보증금을 지불하도록 도와줍니다.
dev.csv,그것들,"#Person1#: 금요일 영화 표 두 장 주세요.
#Person2#: 어느 영화 표를 원하시나요, 손님?
#Person1#: 아, 맞다. Dark and Stormy Night요.
#Person2#: 죄송하지만, 그 영화는 매진되었습니다.
#Person1#: 그럼, 토요일이나 일요일은 어때요?
#Person2#: 네, 손님, 그 영화는 그날들에 표가 있습니다.
#Person1#: 토요일 중간 줄에 남은 자리 있나요?
#Person2#: 네, 있지만 서로 붙어있지 않습니다.
#Person1#: 아, 아쉽네요. 저희는 함께 앉고 싶어요.
#Person2#: 그렇다면, 앞줄이나 뒷줄에 함께 앉을 자리는 아직 남아 있습니다.
#Person1#: 앞줄 괜찮네요. 표 금액이 얼마인가요?
#Person2#: 총 25달러입니다.
#Person1#: 좋아요, 그것들로 할게요.",#Person2#는 #Person1#이 토요일에 Dark and Stormy Night 영화의 표 두 장을 예약할 수 있도록 돕습니다. 좌석은 앞줄이며 서로 붙어 있습니다.
dev.csv,이 색,"#Person1#: 당 왕조 스타일의 치파오가 정말 아름다워요. 저에게 보여주실 수 있나요?
#Person2#: 물론이죠. 여기 있습니다.
#Person1#: 입어봐도 될까요?
#Person2#: 그러세요, 피팅룸은 저기에 있어요.
#Person1#: 허리 부분이 좀 꽉 끼는 것 같아요. 더 큰 사이즈 있나요?
#Person2#: 죄송합니다. 이 색상은 더 큰 사이즈가 없어요. 대신, 귀하의 사이즈에 맞는 초록색이 있습니다. 이 초록색을 한번 보시겠어요?
#Person1#: 네. 가격이 얼마인가요?
#Person2#: 486위안입니다.",#Person1#은 매장에서 꽉 끼는 치파오를 입어보고 #Person2#의 도움으로 사이즈에 맞는 다른 색상의 치파오를 구매합니다.
dev.csv,이 색,"#Person1#: 이 디자인에 가슴 포켓 하나만 있는 것도 있나요?
#Person2#: 한번 볼게요. 아, 이 디자인은 있긴 한데 같은 색상은 아니네요.
#Person1#: 아쉽네요. 이 색은 좀 튀어서 부담스러워요. 고마워요.
#Person2#: 천만에요.","#Person1#은 가슴 포켓이 하나인 특정 디자인을 찾지만, #Person2#은 동일한 색상의 디자인을 제공할 수 없다고 합니다."
dev.csv,이 색,"#Person1#: 어서 오세요. 뭐 도와드릴까요?
#Person2#: 네, 아이섀도를 사고 싶어요.
#Person1#: 저희는 다양한 색상의 아이섀도가 있어요. 평소에 어떤 색을 선호하시나요?
#Person2#: 보라색이요. 근데 오늘은 밝은 색상으로 하나 사고 싶어요.
#Person1#: 아, 그러시군요. 이 색상은 어떠세요?
#Person2#: 시험 발라봐도 될까요?
#Person1#: 물론이죠.
#Person2#: 아직 너무 어두워요. 더 밝은 색상 없나요?
#Person1#: 이 브랜드는 안타깝게도 없어요.
#Person2#: 다른 브랜드는 어떤가요?
#Person1#: 이건 어떠세요?
#Person2#: 아, 이게 바로 제가 찾던 거네요.","#Person2#는 밝은 색상의 아이섀도를 원하고, #Person1#은 #Person2#가 만족할 만한 제품을 선택할 수 있도록 도와줍니다."
dev.csv,이디어,"#Person1#: 홍, 너 영어 배우는 게 참 힘들어 보이네. 이 정도 수준이 너무 어렵니?
#Person2#: 잘 모르겠어. 그냥 좀 지루한 것 같아. 교재 내용이 애들 얘기만 해서 재미가 없어. 난 어린 아이가 아니잖아. 좀 더 재미있는 걸 배우고 싶어.
#Person1#: 흠, 네가 좋아할 만한 아이디어가 있어. 이번 주에 특별 프로젝트를 해볼래?
#Person2#: 오, 그게 뭐야?
#Person1#: 다양한 영어 억양으로 말하는 사람들에 대한 유튜브 영상을 보면 좋겠어. 네가 봐야 할 영상 링크를 보내줄게. 아주 재미있어. 어떤 사람은 10분 동안 30가지 다른 억양으로 말하더라.
#Person2#: 와, 좋다. 그런데 여러 다른 억양을 들어도 영어 배우는 데 어려움이 생기진 않을까?
#Person1#: 그렇지 않을 거야. 이건 그냥 수업에 더 흥미를 느끼게 하려는 재미있는 프로젝트야. 하지만 좀 더 진지한 면도 있어. 영상을 보고 1쪽짜리 에세이를 써서 금요일에 교실에서 발표해. 발표할 때 동영상도 몇 개 보여줄 수 있어. 다른 학생들에게도 도움이 될 거야.
#Person2#: 빨리 시작하고 싶어. 감사합니다, 미스 윈터스.",영어 공부에 지루함을 느끼는 홍에게 미스 윈터스가 더 흥미를 느낄 수 있도록 특별 프로젝트를 제안합니다.
dev.csv,이디어,"#Person1#: 우리 도시에 어떤 사업가가 개 공원을 만든다고 들었어.
#Person2#: 정말? 왜 그런 거지?
#Person1#: 아마도 길에서 개를 키우는 게 금지돼서 그런 것 같아.
#Person2#: 그럼 개들은 집에만 있어야 하는 거야?
#Person1#: 좀 잔인한 것 같지 않아? 그래서 개 공원이 좋은 아이디어일 수도 있어.
#Person2#: 그냥 사람들이 길에서 개를 산책하게 해주는 게 더 낫지 않을까?
#Person1#: 그러면 길거리가 엉망이 될 수도 있잖아.
#Person2#: 사람들이 자기 개를 산책시키고 뒷처리만 잘하면 되지 않을까?
#Person1#: 그런가?",#Person1#과 #Person2#는 개 공원의 필요성과 장단점에 대해 토론한다.
dev.csv,이디어,"#Person1#: 안녕, 샘. 나 애완동물 사려고 하는데 좋은 아이디어 있어?
#Person2#: 레이첼의 애완동물 가게에 가보라고 정말 추천해.
#Person1#: 왜? 특별한 게 있어?
#Person2#: 특별한 정도가 아니야. 이름 붙일 수 있는 모든 종류의 동물들이 있고, 더 많은 것들도 있어.
#Person1#: 오, 진짜? 뱀도 있어?
#Person2#: 뱀? 설치류랑 원숭이까지 있어! 이국적인 애완동물의 세계야.
#Person1#: 대단하다. 얼른 가보고 싶어.
#Person2#: 잠깐만. 전통적이지 않은 애완동물을 키우는 거 확실해?
#Person1#: 왜 안돼? 엄청 멋지잖아.
#Person2#: 그렇지만 건강에 위험할 수 있어.
#Person1#: 뭐라고?
#Person2#: 대부분의 파충류는 해로운 박테리아를 가지고 있어. 면역 시스템 문제를 일으킬 가능성이 높아.
#Person1#: 아, 그건 몰랐네.
#Person2#: 특히 어린 아이가 있는 가족에게 그런 애완동물을 키우는 건 좋은 선택이 아니라고 생각해.
#Person1#: 오, 내 남동생 딸을 생각했어야 했는데. 아마 이국적인 애완동물보다 그냥 개를 키워야겠어.
#Person2#: 그래, 마리아. 행운을 빌어.","마리아는 애완동물을 사려고 하고, 샘은 레이첼의 애완동물 가게에 가보라고 제안한다. 마리아는 뱀을 키우고 싶어하지만, 샘은 건강상의 이유로 전통적이지 않은 애완동물을 키우지 말라고 설득한다."
dev.csv,그 집,"#Person1#: 너 인터넷에서 Bill Gate 집 본 적 있어?
#Person2#: 아니, 그 집이 어때?
#Person1#: 그 집에는 도서관, 극장, 수영장, 게스트하우스가 있어. 집은 열 개 정도의 다양한 방으로 이루어져 있고, 각각의 방들이 컴퓨터로 연결돼 있어서 어디서든 뭔가를 할 수 있어.
#Person2#: 거기서 살고 싶어?
#Person1#: 집이 정말 멋지긴 한데, 거기서 살고 싶진 않을 것 같아. 집 안의 모든 방을 청소하려면 한두 명을 고용해야 할 거고, 정원을 돌보기 위해서도 몇 명이 필요할 거야.
#Person2#: 네가 꿈꾸는 집은 어떤데?
#Person1#: 사실 내가 꿈꾸는 집은 조용한 영국 시골 마을에 있는 작은 코티지야.
#Person2#: 오래된 코티지를 사고 싶어, 아니면 새로 짓고 싶어?
#Person1#: 오래된 집들은 성격이 있어서 좋아. 그게 중요하다고 생각해.
#Person2#: 그래서 네가 중고 옷 입는 이유도 성격 때문이야? 옷에도 성격이 있으니까?
#Person1#: 아니, 그건 그냥 새 옷을 항상 살 돈이 없어서 그래!
#Person2#: 아 그렇구나. 만약 오래된 집에 살게 되면, 현대식으로 꾸밀 거야?
#Person1#: 아니, 나는 확실히 원래 상태로 복원하려고 할 거야. 다른 역사적 시기에 어떻게 살았을지 상상해 보는 걸 좋아하고, 200년 전처럼 꾸며진 집에서 사는 걸 좋아할 거야.","#Person1#과 #Person2#가 Bill Gate의 집에 대해 이야기합니다. #Person1#은 그 집이 멋지다고 생각하지만 살고 싶지는 않다고 합니다. #Person2#가 #Person1#의 꿈의 집에 대해 묻자, #Person1#은 성격이 있는 작고 오래된 코티지에서 살고 싶다고 대답합니다."
dev.csv,그 집,"#Person1#: 나 진짜 배고파. 너도 그렇지? 뭐 좀 먹을래?
#Person2#: 그래! 나도 완전 배고파! 뭘 먹고 싶어?
#Person1#: 매운 거 먹고 싶어. 사천 훠궈 어때?
#Person2#: 너 진짜 나랑 잘 맞네! 매운 거 먹는 사람 별로 없는데, 정말 괜찮아?
#Person1#: 물론이지! 가능하다면 매일 훠궈 먹고 싶어!
#Person2#: 음식 이야기할 때 진짜 신나는 것 같아!
#Person1#: 그럼 이제 그만 고민하고 사천 훠궈 집 찾으러 가자!
#Person2#: 잠깐만, 생각 좀 해볼게. 뭐더라... 아, 이름이 입안에서 맴도는데! 조금만 있으면 생각날 거야.
#Person1#: 어때, 생각났어?
#Person2#: 아직...
#Person1#: 괜찮아. 장안가 근처 중국월드타워에 진짜 맛있는 훠궈 집이 있거든. 가본 적 있어?
#Person2#: 그거야! 내가 생각했던 바로 그 집이야! 내가 기억할 거라고 했잖아!
#Person1#: 넌 정말 대단한데, 맞지?",#Person1#과 #Person2#는 배가 고파서 매운 사천 훠궈를 먹고 싶어 합니다. 그들은 장안가 중국월드타워 근처에 있는 훠궈 집에 가기로 결정합니다.
dev.csv,그 집,"#Person1#: 안녕 Joe. 여행 어땠어?
#Person2#: 좋았어, 형이랑 같이 삼촌이랑 이모랑 호숫가 집에 갔어.
#Person1#: 어떻게 갔어?
#Person2#: 우리 아빠가 운전해 주셨어. 나는 긴 드라이브를 좋아하니까 괜찮았는데, 아빠는 힘드셨대. 어쨌든 우리 짐이 많아서 그 집에 다 들어갈 수 있을까 걱정했었어. 난 가끔 조용한 곳에서 생각도 하고 책도 보고 싶어.
#Person1#: 아, 힘들었겠네.
#Person2#: 근데 결국엔 문제 없었어. 편안한 침실이 많았거든. 문제라면 지역 상점까지 거리가 멀었다는 거야. 그건 형이랑 내가 자전거 타고 갔다 오면서 해결했어.",Joe가 형과 함께 호숫가 집으로 여행을 다녀온 이야기를 나누며 아빠가 운전해 주신 드라이브와 상점까지의 거리 문제를 해결한 경험을 공유한다.
dev.csv,그 점,"#Person1#: 솔직히 세상이 매년 좋아지고 있다고 믿어? 
#Person2#: 응, 그래. 과학이 우리를 더 현명하게 만들고 있다고 생각해. 너는 어떻게 생각해?
#Person1#: 나는 네가 맞다고 생각하지 않아.
#Person2#: 나는 산업이 우리를 더 부유하게 만든다고 믿어.
#Person1#: 나는 그렇게 믿지 않아.
#Person2#: 그리고 내 생각에는 의학이 우리를 더 건강하게 만들고 있어.
#Person1#: 그 점에서는 동의해. 하지만 우리가 예전보다 더 불행한 것 같지 않아?
#Person2#: 나는 그렇게 생각하지 않아. 백 년 전보다 더 건강하고 부유하고 현명하다고 생각해.
#Person1#: 그건 네 의견일 뿐이야, 내 생각은 아니야.","#Person2#는 과학과 산업, 의학으로 사람들이 더 건강하고 부유하며 현명해졌다고 믿지만, #Person1#는 동의하지 않는다."
dev.csv,그 점,"#Person1#: 여보세요. 
#Person2#: 여보세요, 아빠? 
#Person1#: 그래... Mary구나! 잘 지내니? 무슨 일 있니? 
#Person2#: 아, 아니에요. 그냥 아빠랑 엄마가 어떻게 지내시는지 궁금해서 전화했어요. 마지막으로 뵌 지 꽤 됐잖아요.
#Person1#: 아, 우린 둘 다 잘 지내고 있어. 네 엄마는 지금 새로 생긴 쇼핑몰에 쇼핑하러 갔어.
#Person2#: 새 드레스를 사러 가셨어요?
#Person1#: 아니, 이번에는 신발 사러 간 것 같아. David는 어때?
#Person2#: 잘 지내요. 일도 좋아하고 지난달에 Mr. Smith한테 월급 인상도 받았어요. 우리 모두 그 점에 기뻐하고 있어요.
#Person1#: 잘됐네. 아이들은 어때?
#Person2#: 음, George는 오늘 학교에 안 갔어요. 심각한 건 아니고, 그냥 감기가 좀 심하게 걸려서요. 그리고 오늘 생일이에요!
#Person1#: 아, 난 그의 생일이 #DateOfBirth#인 줄 알았는데.
#Person2#: 아니에요. #DateOfBirth#이에요.
#Person1#: 아, 그랬구나. 선물 보내준다고 전해줘.
#Person2#: 알겠어요. Diane은 여전히 댄스 레슨 받고 있어요.
#Person1#: 지금쯤이면 꽤 잘하게 됐겠네. Tom은 어때?
#Person2#: 걔도 잘 지내요. 지금은 자동차 정비소에서 아르바이트하고 있어요.
#Person1#: 네 목소리 들으니 정말 좋구나.
#Person2#: 네, 아빠. 얘기 나눠서 좋았어요. 엄마에게도 우리 사랑 전해주세요.
#Person1#: 알았어. 안녕.",Mary가 아버지에게 가족의 안부를 물으며 통화한다.
dev.csv,그다음,"#Person1#: 다시 만나서 반가워, Mike. 중국 여행은 어땠어?
#Person2#: 정말 좋았어. 지난달에 아내랑 함께 베이징에 가서 3일 동안 지냈어. 볼 것도 많고 갈 곳도 많아서 떠날지 머물러야 할지 정말 고민했었어.
#Person1#: 다른 중국 도시들도 방문했어?
#Person2#: 응, 그다음에 상하이랑 난징에 각각 2일씩 있었어. 마지막으로 계림에 가서 3일을 보냈는데, 도시들이 너무 아름다워서 깊은 인상을 받았어.
#Person1#: 정말 좋았다.",Mike는 #Person1#에게 아내와 함께한 중국 여행의 즐거움을 이야기합니다.
dev.csv,그다음,"#Person1#: 안녕, David. 오늘 하루 어땠어?
#Person2#: 묻지 마, 정말 끔찍했어.
#Person1#: 안됐다. 도대체 무슨 일이 있었던 거야?
#Person2#: 오늘 아침 11시쯤에 공원에서 스케이트보드를 타고 있었어.
#Person1#: 아, 그래? Tony는 봤어?
#Person2#: 아니, 다행히도 아는 사람은 아무도 못 봤어.
#Person1#: '다행히도'라니 무슨 뜻이야?
#Person2#: 내가 앞을 안 보고 가다가 스케이트보드에서 넘어졌고, 연못에 빠졌어. 정말 더러워졌어.
#Person1#: 아, 안됐다. 그다음엔 어떻게 했어?
#Person2#: 음, 집에 가려고 버스를 타려는데 운전사가 소리치면서 못 태워준대. 물에 젖고 더러워서 그렇다고. 택시 탈 돈도 없어서 걸어서 집에 갔어.
#Person1#: 아, 이런...","David는 #Person1#에게 끔찍했던 하루를 이야기합니다. 그는 스케이트보드를 타다 넘어져 연못에 빠졌고, 버스에도 탈 수 없어 집까지 걸어가야 했습니다."
dev.csv,그다음,"#Person1#: 나 휴가로 캐나다에 갈 계획이야.
#Person2#: 어디를 방문할 예정이야?
#Person1#: 먼저 밴쿠버에서 며칠을 보낼 거야. 그다음에는 로키 산맥을 기차로 여행할 거야.
#Person2#: 오, 로키 산맥을 지나간다고? 정말 신나겠다.
#Person1#: 그리고 나서 토론토로 비행기를 타고 가서 나이아가라 폭포까지는 버스를 탈 거야. 그 큰 폭포 밑을 배로 지나갈 계획이야.
#Person2#: 와, 멋지다. 정말 부럽네!
#Person1#: 음, 배멀미만 안 했으면 좋겠어. 마지막으로 노바스코샤에서 나의 여행이 끝나. 작은 어촌 마을들을 자전거로 돌아보고 싶어.
#Person2#: 좋은 시간 보내고 사진 많이 찍어!","#Person1#이 #Person2#에게 캐나다로 떠나 밴쿠버, 로키 산맥, 토론토, 나이아가라 폭포, 노바스코샤를 방문할 계획을 이야기한다."
dev.csv,이후에,"#Person1#: 안녕하세요. 런던 가는 기차 시간 좀 알려주시겠어요?
#Person2#: 네. 7시 59분, 9시 18분, 10시 32분 기차가 있습니다.
#Person1#: 7시 59분 기차는 몇 시에 런던에 도착하나요?
#Person2#: 9시 36분이에요.
#Person1#: 돌아오는 건 어떻게 되죠? 저는 저녁 7시쯤 돌아오고 싶은데요.
#Person2#: 7시 10분과 7시 40분 기차가 있어요.
#Person1#: 음, 왕복 티켓 가격은 얼마예요?
#Person2#: 오후 4시 이전이나 오후 6시 이후에 타시면 세이버 왕복표가 9파운드고, 일반 왕복표는 16파운드입니다.
#Person1#: 그럼 일반 왕복표로 주세요.","#Person1#이 #Person2#에게 런던 가는 기차와 돌아오는 기차 시간을 물어본 후, 일반 왕복표를 구입합니다."
dev.csv,이후에,"#Person1#: 너의 미래 계획은 뭐야?
#Person2#: 로펌에서 일하면서 경험을 쌓고 지금까지 배운 걸 실전에 적용하고 싶어.
#Person1#: 이전에 일해본 경험이 있어?
#Person2#: 음. 대학 다닐 때 여름마다 변호사 사무실에서 인턴으로 일했어. 그게 해당될까?
#Person1#: 물론이지. 거기서 무슨 일을 했어?
#Person2#: 사무 작업하고 심부름했어.
#Person1#: 우리 사무실에서는 출석률을 높이기 위해 보너스를 줘. 휴가를 가면 월급에서 차감돼.
#Person2#: 회사 근무시간은 어떻게 되나요?
#Person1#: 근무 시간은 아홉 시부터 다섯 시 반까지야. 점심시간은 한 시간이고. 다른 질문 있어?
#Person2#: 음, 월급은 얼마나 되나요?
#Person1#: 처음엔 300만 원 정도 줄 거야. 세 달의 수습 기간이 있고, 6개월 후에 업무 평가를 통해 인상 여부를 고려할 거야.
#Person2#: 언제 결정 알려주실 수 있나요?
#Person1#: 하루 이틀 내로 전화할게. 이력서에 전화번호 적었어?
#Person2#: 네, 적었어요. 오후 7시 이후에 전화해 주실 수 있나요? 보통 낮에 외출 중이라서요.
#Person1#: 알겠어. 잘 가.
#Person2#: 안녕히 계세요.","#Person2#는 #Person1#에게 미래 계획과 이전 업무 경험에 대해 말하고, 사무실 근무 시간과 급여에 대해 문의한다. #Person1#은 하루 이틀 내로 전화로 결정사항을 알릴 것이다."
dev.csv,저 길,"#Person1#: 여름이 정말 좋아! 더운 것도 아니고, 선선한 바람과 맑은 공기, 온통 푸르른 게 너무 좋아.
#Person2#: 이번 휴가 정말 멋졌어. 연못 주변이나 저쪽 숲으로 잠깐 산책할까?
#Person1#: 둘 다 하자! 우리 급한 거 아니잖아?
#Person2#: 응, 급하지 않아. 원래는 오늘 밤 함부르크에 머무르려고 했는데, 서두르지 않으면 안 될 것 같아. 대신 브레멘에 머물러. 내일 함부르크에서 점심 먹고, 코펜하겐 호스텔에 체크인해서 저녁 먹으면 되잖아.
#Person1#: 그래, 괜찮아. 어쨌든, 먼저 이 연못부터 즐기자.
#Person2#: 좋아. 저 길 따라 숲으로 들어가자. 저기 봐! 갈대 속에 야생 오리들이 있어.
#Person1#: 보여! 와우! 어떻게 야생 오리인지 알아?
#Person2#: 삼촌이랑 사냥 다닌 적 있어서 그래.
#Person1#: 정말 멋지네. 이제 저 길 따라 숲으로 들어가서 뭐가 있는지 보자...","#Person1#과 #Person2#는 연못에서 시간을 보내며 천천히 걷고 있습니다. 원래 오늘 밤 함부르크에 머무르려 했지만, 급하지 않아서 브레멘에서 머물기로 결정합니다."
dev.csv,이 문,"#Person1#: ABC Company입니다, 저는 루시입니다. 무엇을 도와드릴까요?
#Person2#: 안녕하세요, 루시. 저는 모니카입니다. 회계직에 지원하려고 전화 드렸어요. 귀사의 웹사이트에서 공고를 봤는데, 아직 채용 중인지요?
#Person1#: 관심 가져주셔서 감사합니다. 그 자리는 아직 가능합니다. 혹시 저희에게 이력서를 보내셨나요?
#Person2#: 아직 못 보냈어요. 먼저 채용 여부를 확인하고, 더 많은 정보를 얻고 싶어서요.
#Person1#: 지금 저희는 이 자리를 시급히 채워야 하고, 국제적인 연락 때문에 영어는 필수입니다. 곧 해외 출장이 있을 가능성이 크기 때문에 꼭 강조하고 싶어요. 만약 이런 것들이 문제가 되지 않으신다면, 자기소개서에 언급하시고 저에게 직접 보내시는 걸 추천드립니다.
#Person2#: 지금 다니는 직장의 퇴사 통보 기간은 길지 않아요. 저는 영어에 꽤 능숙하고, 다른 문화의 사람들과 잘 지내서 해외 출장도 문제없어요. 오히려 일이 더 흥미로워지죠. 이번 주 내로 이력서를 보내겠습니다.","모니카는 ABC Company에 회계직 채용 여부를 확인하기 위해 전화하여 채용 가능성과 관련된 정보를 받았습니다. 루시는 영어 능력과 해외 출장 가능성을 강조했고, 모니카는 이력서를 제출하겠다고 약속했습니다."
dev.csv,이 문,"#Person1#: 제가 도와드릴 일이 있을까요?
#Person2#: 네, 오늘 아침에 버스 투어 그룹에 합류했는데요. 3시간 동안 진행되며 15개 관광지를 방문한다고 하셨잖아요.
#Person1#: 네, 맞습니다. 그렇게 약속드렸어요.
#Person2#: 그런데 2시간밖에 걸리지 않았어요.
#Person1#: 정말 그렇군요. 죄송합니다. 이 문제를 조사해 보겠습니다. 잠시만 기다려 주시겠어요?",#Person1#은 약속했던 투어 일정과 달리 진행된 것에 대해 #Person2#에게 사과하고 문제를 조사하겠다고 했습니다.
dev.csv,그 외,"#Person1#: 여보세요, 필 테일러 씨인가요? 
#Person2#: 네, 맞습니다. 
#Person1#: 안녕하세요, 필. 저는 더 선의 기자입니다. 화재에 대해 몇 가지 질문 드리려고 전화드렸습니다. 어떤 일이 있었는지 말씀해 주시겠어요? 
#Person2#: 물론이죠. 그게 2일 전인 11월 10일 밤 11시경이었어요. 감자튀김을 해먹으려고 기름을 많이 사용했어요. 온도가 충분히 올라갔길래 감자튀김을 넣고 있었는데, 엄마한테 전화가 왔어요. 
#Person1#: 아. 
#Person2#: 대화를 시작했는데, 감자튀김을 완전히 잊어버렸죠. 통화를 마치고 그냥 다시 거실로 갔어요. 
#Person1#: 아, 그랬군요. 
#Person2#: 네, TV를 한 20분 정도 보고 있었는데, 갑자기 연기 냄새가 나고 누군가가 불이야 하고 외치는 소리가 들렸어요. 그제서야 그게 제 감자튀김 때문이라는 걸 깨달았어요. 급히 나가서 부엌으로 갔는데, 벽 하나에 불꽃이 가득했어요. 
#Person1#: 그래서 어떻게 하셨나요? 
#Person2#: 침대에서 담요 몇 개를 가져와서 부엌으로 달려가 불에 덮었어요. 그때쯤 이웃들이 이미 소방서를 불렀더군요. 소방관들이 10분 정도 후에 도착해서 불을 빨리 꺼주셨어요. 
#Person1#: 손상 정도는 어떻게 되었나요? 
#Person2#: 음, 레인지 전체를 교체해야 할 것 같아요. 그 외에 부엌 유닛 2개와 벽 하나를 수리해야 해요.","#Person1#은 필 테일러에게 화재에 대해 질문합니다. 테일러는 감자튀김을 팬에 둔 것을 잊어버려 화재가 났으며, 빠르게 대처하여 소방서가 불을 껐다고 설명합니다."
dev.csv,그 외,"#Person1#: 안녕 존, 다음 주에 있을 회의에 우리 고객들을 모두 초대해 줘.
#Person2#: 연락처는 어떻게 얻을까요?
#Person1#: 내 연락처 기록에 있는 고객 정보를 사용해.
#Person2#: 고객들을 어디에 숙박시키면 좋을까요?
#Person1#: 홀리데이 인은 어때?
#Person2#: 고객들이 샹그릴라 호텔을 더 좋아해요.
#Person1#: 그렇다면, 고객이 항상 옳지.
#Person2#: 그 외에 준비할 것이 있을까요?
#Person1#: 회의 안건을 출력해서 검토할 수 있게 해줘.
#Person2#: 알겠습니다.
#Person1#: 그리고 끝나면 내 연락처 기록을 내 책상에 돌려놔.
#Person2#: 물론이죠. 바로 처리할게요.","#Person1#는 #Person2#에게 다음 주 회의에 고객들을 초대하고, 회의 안건을 출력하며, 작업이 끝나면 연락처 기록을 책상에 두도록 지시합니다."
dev.csv,그 정,"#Person1#: 5% 할인을 해드릴 수 있어요.
#Person2#: 당신들 가격이 예상보다 너무 높아요. 이런 조건에서는 구매할 수 없어요.
#Person1#: 그럼 어떻게 제안하시겠어요? 8%는 어때요?
#Person2#: 저희가 가격이 너무 높다고 한 건 2~3% 높다는 의미가 아니었어요. 주문을 하려면 15% 정도의 할인이 필요하다고 생각해요.
#Person1#: 뭐라고요? 그러면 저희 망하라는 거잖아요! 그렇게 큰 폭의 할인을 기대하시면 안 돼요.
#Person2#: 가격 차이가 너무 크니 제안할 가치가 없네요.
#Person1#: 10%는 어때요? 이 가격도 좀 타이트해서 저희 마진이 크지 않아요.
#Person2#: 좋아요. 그 정도로 합의할게요.","#Person1#이 할인을 제안했지만 #Person2#가 만족하지 않았습니다. 협상 후, 그들은 10% 할인에 합의했습니다."
dev.csv,그 정,"#Person1#: 저기요. 11시 30분 기차를 탈 수 있을까요?
#Person2#: 음, 한번 볼게요. 지금 11시 정각이에요. 꽤 먼 길인데요. 가장 짧은 길로 가면 교통 체증이 있을 수도 있어요. 덜 막히는 길로 가면 10분 정도 절약할 수 있지만, 요금이 더 나옵니다. 어느 쪽이 좋으세요?
#Person1#: 덜 막히는 길로 가면 정말 시간 맞출 수 있을까요?
#Person2#: 일반적으로 지금 속도로 가고 예상치 못한 일이 없으면 가능합니다.
#Person1#: 추가로 얼마나 더 내야 하나요?
#Person2#: 가장 짧은 길과 비교해서 약 5유로 더 내셔야 해요.
#Person1#: 그 정도는 괜찮아요. 기차 놓치는 건 싫으니까요.
#Person2#: 알겠습니다. 여기서 왼쪽으로 가면 됩니다. 직진하면 가장 짧은 길이에요.
#Person1#: 감사합니다!",#Person1#은 #Person2#의 제안에 따라 5유로를 추가로 내고 덜 막히는 길로 가기로 했습니다.
dev.csv,그 정,"#Person1#: 너 여기 온 지 얼마나 됐어? 지금 4개월째인가?
#Person2#: 응, 대충 그 정도 돼.
#Person1#: 중국어는 좀 더 나아졌어?
#Person2#: 아, 완전 그렇지. 처음 광저우에 왔을 때 여자친구가 핸드폰 가격 가지고 점원하고 흥정하는데 진짜…
#Person1#: 그렇지. 중국 사람들 흥정 많이 하잖아. 거의 어디서나 그러던데.
#Person2#: 그게 당연하다고 생각은 하는데, 말이 점점 빨라지더니 막 싸우는 것처럼 들리더라. 듣기엔 완전 싸우는 줄 알았어. 하지만 알고 보니 완전 평범한 대화였던 거야.
#Person1#: 싸우다니? 너 진짜 웃긴다. 과장하는 거 아니야?
#Person2#: 하나도 과장한 거 아니야. 그때 진짜 그렇게 느꼈다니까.
#Person1#: 아, 그런가. 중국 사람들은 그런 걸 별로 신경 안 쓸걸? 우리한테는 그냥 흔한 일인 거 같아.
#Person2#: 그래, 정말 맞아.",#Person2#는 여자친구가 중국어로 점원과 흥정을 할 때 싸우는 것처럼 들렸다고 느꼈다. #Person1#는 그가 과장한다고 생각한다.
dev.csv,이 공,"#Person1#: 너 컴퓨터 키보드 다 달아버릴 거야!
#Person2#: 아, 안녕.
#Person1#: 지금 몇 시인지 알아?
#Person2#: 한 열 시나 열 시 반쯤?
#Person1#: 거의 자정이야.
#Person2#: 정말? 이렇게 늦은 줄 몰랐어.
#Person1#: 내일 아침에 일찍 강의해야 하는 거 아니야?
#Person2#: 응, 7시에 있어. 출근 전 학생들이 듣는 통근 강좌야.
#Person1#: 그럼 자야겠네. 근데 지금 뭐 쓰고 있는 거야?
#Person2#: 팔 수 있으면 하는 기사 하나 쓰고 있어.
#Person1#: 아, 또 신문기사? 이번 거는 무슨 내용이야?
#Person2#: 지난 달에 내가 다녀온 여행 기억나?
#Person1#: 아마존으로 갔던 그거?
#Person2#: 맞아, 그게 바로 이번 주제야. 새로운 고속도로와 아마존 계곡에 미치는 변화들에 대해 쓰고 있어.
#Person1#: 재밌겠네.
#Person2#: 응, 그래서 시간 가는 줄 몰랐나 봐.
#Person1#: 지금까지 몇 개나 팔았어?
#Person2#: 한 열두 개쯤.
#Person1#: 어떤 신문사들이 사가?
#Person2#: 외신 많이 실리는 곳들이야. 주로 일요일에 큰 판으로 나올 때 광고 사이 공간 채우기 위한 배경기사로 많이 실려.
#Person1#: 미래가 있는 건가?
#Person2#: 그랬으면 좋겠어. 이번 기사는 뉴스 서비스에 팔릴 가능성이 있어.
#Person1#: 그럼 여러 신문에 실리겠네?
#Person2#: 바로 그거야. 정기적으로 다른 기사도 쓸 수 있을지도 몰라.
#Person1#: 그럼 좋지.",#Person1#은 #Person2#에게 아마존 여행에 관한 기사를 쓰는 도중 밤 늦은 시간임을 상기시킨다. #Person2#는 그 기사를 뉴스 서비스에 팔아 정기적으로 기사들을 쓰게 되길 희망한다.
dev.csv,이 공,"#Person1#: 이 가게에는 수공예품이 많아요. 천천히 둘러보시면 마음에 드는 걸 찾을 수 있을지도 몰라요.
#Person2#: 그렇게 해볼게요.
#Person1#: 궁금한 점 있으면 언제든지 말씀하세요.
#Person2#: 알겠어요. 이 나무 조각은 얼마인가요?
#Person1#: 나무 조각에 대해 잘 아시네요. 그 나무 조각은 아주 희귀한 작품이에요. 그런데 죄송하지만, 판매용은 아니에요.
#Person2#: 괜찮아요. 추천해주실 다른 제품이 있나요?
#Person1#: 특별히 찾으시는 것이 있으세요?
#Person2#: 전통 예술품을 보고 싶어요.
#Person1#: 선물로 구매하시는 건가요?
#Person2#: 네, 외국인 친구들에게 줄 특별한 선물을 찾고 있어요.
#Person1#: 그렇다면 종이 공예품을 추천드려요. 휴대하기도 좋고, 외국인분들도 종이 공예를 정말 좋아하더라고요. 많은 사람들이 그것이 놀랍다고 생각해요.
#Person2#: 좋네요. 그럼 종이 공예품으로 할게요.
#Person1#: 저는 전국의 다양한 종이 공예품을 모았어요. 마음에 드는 걸 골라보세요.
#Person2#: 직접 모으신 거예요? 도매로 판매하는 줄 알았어요.
#Person1#: 사실, 예술에 관심이 많아서 이 가게를 열게 됐어요. 우리나라 민속 예술을 연구하는 데 많은 시간을 쏟았어요.
#Person2#: 와, 정말 전문가시네요.","#Person2#는 외국인 친구들을 위한 선물을 찾기 위해 예술품 가게를 방문합니다. #Person1#은 종이 공예품을 추천하며 본인이 직접 수집한 것이라고 설명합니다. #Person2#는 이 선택을 좋게 생각하고, #Person1#의 전문성을 칭찬합니다."
dev.csv,이 공,"#Person1#: 트리나, 나랑 결혼해줄래?
#Person2#: 네! 네! 그리고 네! 제러드, 물론 당신과 결혼할게요!
#Person1#: 아, 자기야, 당신과 평생을 함께 하고 싶어! 앞으로 겪게 될 모든 모험들, 싸우고 웃으면서 시간이 지나 주름 많고 나이 들어가는 모습이 기대돼.
#Person2#: 아, 제러드! 우리 결혼식이 정말 기다려져! 당신이 싫어하지 않으면 좋겠지만, 사실 벌써 날짜를 정했어요! 여름에 6개월 후로요! 멜리사가 지난달 당신이 반지를 사는 걸 봐서 이미 계획을 시작할 시간이 충분했어요!
#Person1#: 뭐라고?
#Person2#: 아, 괜찮아, 자기야. 당신이 언제 프로포즈할지 몰랐으니까 아직도 깜짝 놀랄 만한 일이었어요! 어쨌든 거의 다 계획했어요. 할 일이 거의 남지 않았어요! 초대 손님 명단을 작성했더니 대략 400명 정도가 참석할 예정이에요.
#Person1#: 400명?
#Person2#: 걱정하지 마세요. 우리 부모님이 대부분의 결혼식 비용을 부담하기로 하셨고, 저예산으로 진행하려고 해요. 그래서 대략 400명 정도로, 노스우즈 하이츠 홀을 리셉션 장소로 정했어요. 당신 부모님 교회에서 결혼식을 하고 제 삼촌이 주례를 맡아 주시면 좋을 것 같아요. 조만간 결혼 준비 상담도 받을 거예요. 결혼식 음악은 간단하게 해결됐어요. 제 의붓자매와 그녀의 현악 4중주가 맡을 예정이고, 제 사촌이 공식 사진사가 될 거예요. 그 사촌의 딸이 솔로로 노래하는 것도 좋을 것 같아요. 오페라 가수가 될 예정인 거 알죠?
#Person1#: 아... 
#Person2#: 그리고 교회 여성분들이 연회장에서 음식을 준비해주시고, 청소년 그룹이 서빙할 거예요. 당신 친구의 밴드가 그날 밤 우리의 엔터테인먼트를 맡아도 좋겠다고 생각했어요. 다만 약간 조절해야 할 수도 있어요. 아니면 DJ를 고용할 수도 있고요. 당신 여동생의 남편이 결혼식 장식 회사를 통해 할인을 받을 수도 있겠죠. 이름이 뭐였더라? 저는 섬 파라다이스 테마의 결혼식을 하고 싶고, 테마 색상은 아쿠아마린처럼 차분한 파란색으로 했으면 좋겠어요. 그리고 우리는 이곳 강단 뒤에 큰 조개껍데기를 두고 건배할 거예요! 결혼식 답례품으로 작은 음료 믹스 패키지는 어떨까요? 누구를 빠뜨렸을까요? 아, 당신 삼촌이 플로리스트가 되고 삼촌 부인이 웨딩케이크를 만들어 주시면 좋겠어요!
#Person1#: 와.
#Person2#: 보세요? 정말 멋질 거예요! 이 결혼식은 제가 꿈꾸던 모든 게 될 거예요.
#Person1#: 내가 앞으로 6개월을 버틸 수 있다면 말이지.","트리나는 제러드의 프로포즈를 받아들입니다. 제러드는 트리나가 멜리사에게서 그가 반지를 사는 것을 봤다는 이야기를 듣고, 결혼을 계획하고 있는 것을 알게 되어 놀랍니다. 트리나는 이미 날짜를 정하고 400명의 손님 명단을 작성한 상태로, 그녀의 준비 사항을 들떠서 이야기합니다. 제러드는 이를 받아들이기 힘들어합니다."
dev.csv,그 중,"#Person1#: 안녕하세요, Mr. Zhang. 무슨 일이세요? 별로 기분이 좋아 보이지 않네요. 데이트는 어땠어요?
#Person2#: 또 거절당했어요. 정말 답답하네요. 그쪽이 저 좀 가르쳐줘야 할 것 같아요.
#Person1#: 나요? 나도 당신보다 경험이 더 없는데요.
#Person2#: 적어도 미국 여자들이 남자에게 무엇을 원하는지는 알잖아요.
#Person1#: 믿거나 말거나, 제 생각엔 미국 여자들은 건강한 남자를 좋아하는 것 같아요. 중국 여자들은 그다지 신경 쓰지 않을 수도 있죠. 솔직한 의견이에요. 당신이 정말 많은 노력을 하고 있다는 걸 알아요.
#Person2#: 미국 남자들은 자연스럽게 중국 남자들보다 키가 크잖아요. 그러니까 내가 운동을 해도 별로 가능성이 많진 않겠죠.
#Person1#: 아니에요, 그렇지 않아요. 미국 여자랑 결혼한 중국 남자 두 명을 만난 적이 있어요. 근데 그 중국 남자들은 아주 강하고 건강해 보였어요. 그러니까 더 자주 운동하면 미국 여자랑 데이트하는 게 분명히 더 쉬울 거예요. Jackie Chan이 몇 살이지요? 그는 작고 키도 작은데요. 하지만 아마 그가 원하는 미국 여자라면 누구라도 가질 수 있을 거예요.
#Person2#: 그거 정말 큰 변화가 될 텐데요. 왜냐면 저는 운동을 전혀 안 하거든요.
#Person1#: 그럼 한 번 시도해 보지 그래요? 그게 미국 여자 만나는 데 도움이 되지 않더라도, 더 강하고 건강한 몸을 가질 수 있잖아요. 그래서 손해 볼 건 없다고 봐요.",Mr. Zhang은 또다시 거절당한 후 #Person1#에게 조언을 구합니다. #Person1#은 미국 여자들이 건강한 남자를 선호한다고 말하며 Mr. Zhang에게 운동을 권유합니다.
dev.csv,그 중,"#Person1#: 요즘 일 바쁘세요?
#Person2#: 네, 바빠요. 당신은요?
#Person1#: 저도 많이 바빠요. 가끔 야근도 하고요.
#Person2#: 그러면 월급은 좀 많이 받겠네요?
#Person1#: 그냥 그래요. 그래서 저는 매년 두 번 여행 가요.
#Person2#: 이번 여행도 그 중 하나인가요?
#Person1#: 네, 하지만 10월까지는 또 못 갈 것 같아요.
#Person2#: 정말요? 저희는 매년 한 번밖에 못 가요.",#Person1#과 #Person2#는 서로의 바쁜 일상과 여행 계획에 대해 이야기합니다.
dev.csv,그 중,"#Person1#: 여기가 A 주거 사무실인가요?
#Person2#: 네, 맞아요. 이번 학기에 주거지를 찾고 계신가요?
#Person1#: 네, 저는 캠퍼스 내에서 살고 싶었는데, 친구가 다 찼다고 하더라고요.
#Person2#: 맞아요, 하지만 대기 명단에 올려드릴 수 있어요.
#Person1#: 부탁드릴게요. 그동안 근처에 있는 아파트를 이 사무실에서 볼 수 있을까요?
#Person2#: 네, 여기 매년 발간되는 카탈로그가 있어요. 캠퍼스 요건을 충족하는 위치들이 나와 있습니다.
#Person1#: 그 중에서 보고 싶은 곳이 있다면 누구에게 연락해야 하나요?
#Person2#: 각 항목 옆에 개별 집주인의 번호가 있어요. 궁금한 점 있으시면 전화하시면 됩니다.","#Person1#은 캠퍼스 내에서의 거주를 원하지만, 마감으로 인해 대기 명단에 오릅니다. #Person2#는 캠퍼스 요건을 충족하는 아파트들의 카탈로그를 제공합니다."
dev.csv,그 둘,"#Person1#: 안녕, 메리. 잘 지내고 있어? 
#Person2#: 글쎄, 어젯밤 앤이랑 크게 싸웠어.
#Person1#: 어머, 무슨 심각한 일이라도 있었나 봐. 너희 정말 친한 친구잖아.
#Person2#: 지금 와서 생각해보면 별일 아니었어. 내가 너무 흥분했나 봐.
#Person1#: 그래? 무슨 일이었어?
#Person2#: 우리 해변에 가기로 오래전부터 계획했었는데, 이번 주말에 둘 다 가능하다고 했거든. 그런데 갑자기 그녀가 전화해서, 남자친구랑 계획이 잡혀서 가게 됐다고 하더라.
#Person1#: 그건 좀 냉정하네.
#Person2#: 알아, 하지만 정말 화가 났어. 아니, 그녀가 남자친구가 하라는 대로 다 해야 해?
#Person1#: 그녀도 분명히 나만큼 괴로울 거야.
#Person2#: 나도 너무 이기적이었던 것 같아. 그 둘이 자주 못 만나는 건 알고 있어.
#Person1#: 그렇다면 더 이해해줄 수도 있겠네. 이런 사소한 일로 너희 우정에 금 가지 않게 하는 게 좋을 거야. 어차피 해변은 언제든 갈 수 있잖아.
#Person2#: 맞아, 나중에 전화해서 화해해야겠다.","메리는 앤이 남자친구와의 약속으로 인해 만나지 못하자 다툼을 벌였고, #Person1#은 메리를 위로했습니다. 메리는 앤과 화해하기 위해 나중에 전화하기로 했습니다."
dev.csv,이 그,"#Person1#: 안녕하세요, 오늘 기분이 어떠세요?
#Person2#: 요즘 숨쉬기가 힘들어요.
#Person1#: 최근에 감기에 걸렸나요?
#Person2#: 아니요, 감기는 안 걸렸어요. 숨쉴 때 가슴이 답답해요.
#Person1#: 혹시 알고 있는 알레르기 있으세요?
#Person2#: 아니요, 특별히 알고 있는 알레르기는 없어요.
#Person1#: 이게 항상 그런가요, 아니면 주로 활동할 때 그런가요?
#Person2#: 운동할 때 특히 많이 그래요.
#Person1#: 천식 검사를 위해 폐 전문의에게 가보시는 게 좋겠어요.
#Person2#: 도와주셔서 감사합니다, 의사 선생님.","#Person2#는 숨쉬기 어려워합니다. 의사는 #Person2#에게 증상을 확인하고, 천식 검사를 위해 폐 전문의에게 가볼 것을 권합니다."
dev.csv,이 그,"#Person1#: 9월에 선적이 가능할까요?
#Person2#: 가능할 것 같지 않습니다.
#Person1#: 그럼 가장 빨리 언제 선적이 가능할까요?
#Person2#: 10월 중순쯤 될 것 같습니다.
#Person1#: 그건 너무 늦어요. 우리 시장에서는 10월이 그 상품의 성수기라서 그 전에 선적해야 시즌에 맞출 수 있습니다.
#Person2#: 음, 오랜 비즈니스 관계를 고려해서 더 빠른 선적을 위해 제조사와 협상해 보겠습니다.
#Person1#: 감사합니다. 그럼 계약서에 '9월 15일 또는 그 이전 선적'이라고 명시해 주실 수 있나요?
#Person2#: 음, 그럼 작업자들이 세 교대로 일해야 할 것입니다. 음, 9월 20일에 맞출 수 있을 것 같습니다. 그게 최선입니다.
#Person1#: 아, 정말 배려해 주셔서 감사합니다. 믿고 기다리겠습니다.","#Person1#은 시즌에 맞추기 위해 선적일을 앞당길 것을 요청하였고, #Person2#는 협의를 통해 9월 20일에 선적하기로 합의합니다."
dev.csv,이 그,"#Person1#: 왜 제대로 보고 다니지 않는 거예요?
#Person2#: 제가요? 지금 길 막고 끼어든 건 당신이잖아요!
#Person1#: 끼어들 수 있는 공간 충분했어요. 굳이 그 차선에 계속 있을 필요는 없잖아요.
#Person2#: 이봐요, 전 내 차선에 있을 권리가 있어요. 당신은 기다렸어야죠, 제 뒤로 갈 때까지. 게다가 갑자기 '휙' 하고 나타나셨잖아요.
#Person1#: 제 팔이 부러진 것 같아요.
#Person2#: 팔이 안타깝긴 하지만, 당신 잘못 아닙니까. 운전 좀 배우셔야겠어요. 죽다 살아난 데 감사해야죠. 저도 살아있는 게 다행이에요.
#Person1#: 경찰 올 때까지 기다려보죠. 그러면 누구 잘못인지 알 수 있겠죠.
#Person2#: 좋아요. 전 도로 법규 잘 알아요. 걱정 없어요.
#Person1#: 제 차에 휴대폰이 있어요. 아마 조수석 쪽 바닥에 떨어졌을 거예요. 좀 주워주시면 제가 경찰에 전화할게요.
#Person2#: 알겠어요.
#Person1#: 작동이 안 돼요. 고장난 것 같아요. 병원에 가야겠어요. 절 좀 데려다줘야겠어요.
#Person2#: 오, 그래요? 근데 경찰에 신고 먼저 해야겠어요. 그런 다음에 병원 가요.
#Person1#: 제기랄! 부상당했어요. 그냥 기다릴 수 없어요.
#Person2#: 기다려야 해요. 경찰 오기 전에는 차 안 움직입니다. 저 건물들 중 하나에 가서 전화하고 올게요. 걱정 마세요. 병원 시간 맞출 수 있을 거예요.
#Person1#: 정말 아파요.
#Person2#: 예, 아플 것 같네요. 하지만 그렇게 운전할 거면 몸 상할 각오해야 해요. 무슨 말인지 알겠어요?
#Person1#: 그만해요. 사고 당신 잘못이에요.
#Person2#: 아닐걸요. 경찰 오면 당신도 알게 될 거예요. 이 쓸데없는 말싸움 그만하죠. 전화 찾으러 갈게요. 팔 움직이지 마세요. 알겠죠?
#Person1#: 진짜 짜증나요.","#Person1#이 #Person2#의 차 앞에 끼어들며 교통사고가 발생했습니다. #Person1#은 팔을 다치고 휴대전화가 고장났으며, #Person2#는 경찰에 연락해 사고 책임 여부를 판단하려고 합니다."
dev.csv,이 꼭,"#Person1#: 아담, 학교 좀 구경시켜 줄 수 있어?
#Person2#: 물론이지.
#Person1#: 제일 높은 건물은 뭐야?
#Person2#: 운동장 근처 하얀 건물 말하는 거야?
#Person1#: 응, 맞아.
#Person2#: 저건 도서관이야. 책이 백만 권 이상 있어.
#Person1#: 도서관 남쪽에 있는 건물은 뭐야?
#Person2#: 우리 학교는 중학교와 고등학교 두 부분으로 나누어져 있거든. 그건 우리 고등학교의 새 교실 건물이야.
#Person1#: 학교에 수영장은 있어?
#Person2#: 응. 큰 수영장이 있는데 여름에만 이용할 수 있어.
#Person1#: 부럽다. 나도 언젠가 너희 학교에 들어가고 싶어.
#Person2#: 네 꿈이 꼭 이뤄질 거라고 믿어.","#Person1#은 아담에게 학교를 구경시켜 달라고 요청하고, 아담의 학교에 들어가고 싶다고 희망한다."
dev.csv,이 꼭,"#Person1#: 저기요. 이 처방전을 다시 받아야 해요.
#Person2#: 여기 병에 두 번 더 받을 수 있다고 되어 있네요.
#Person1#: 네, 오늘 꼭 다시 받아야 해요.
#Person2#: 알겠습니다. 죄송하지만, 저희 파일에 따르면 이 처방전은 이미 두 번 받으셨습니다.
#Person1#: 그게 걱정이었어요. 두 번 받은 건 기억이 안 나네요.
#Person2#: 음, 보니까 다 쓰셨어요. 새로운 처방전을 받으시려면 의사에게 가셔야 합니다.
#Person1#: 들어보세요. 이건 급한 상황이에요. 의사에게 전화하려 했는데, 지금 도시를 떠나 있어요. 그래서 제때 볼 수가 없어요. 이 약이 꼭 필요해요. 피부 치료에 쓰는 건데 다 떨어졌어요. 한 번만 더 받을 수 없나요?
#Person2#: 죄송합니다만, 그렇게 할 수는 없어요. 처방전은 반드시 따라야 해요. 이 처방전은 만료됐습니다.
#Person1#: 하지만 필요해요. 제발, 이번 한 번만 더 해주세요. 10일 후에 의사에게 갈 수 있을 거예요. 그러면 다른 처방전을 받을 겁니다.
#Person2#: 아가씨의 마음은 이해하지만, 처방전 없이 약을 판매하는 것은 불법입니다. 그건 법이라 어쩔 수 없습니다. 유효한 처방전 없이는 절대 약을 팔 수 없어요.
#Person1#: 하지만 처방전이 있다니까요. 추가로 더 필요할 뿐이에요.
#Person2#: 처방전은 유효해야 합니다. 만료된 처방전은 사용할 수 없어요. 죄송해요, 아가씨. 이건 법이에요. 다른 의사에게 가서 처방받으셔야 해요.
#Person1#: 아, 그럼 비용이 너무 많이 들겠네요! 제 특별 의료 계획 때문에 한 의사만 볼 수 있어요. 다른 의사를 보는 건 너무 비싸요.
#Person2#: 아가씨, 제가 도와드릴 수 없어요. 저는 약사이지 의사가 아닙니다. 그리고 다른 손님들도 도와야 해요. 이런 상황은 답답하겠지만, 어쩔 수 없어요. 죄송합니다.
#Person1#: 너무 말도 안 돼요! 대만에서는 필요할 때 약을 구하기 훨씬 쉬워요.
#Person2#: 그럴 수도 있겠지만, 대만에서도 분명 처방전이 필요할 거예요.","#Person1#은 #Person2#에게 더 이상 유효하지 않은 처방전을 재발급해달라고 요청하지만, #Person2#는 이미 두 번 처방이 완료되었다며 거절합니다. #Person1#은 긴급한 상황이라고 주장하지만, #Person2#는 유효한 처방전 없이는 약을 판매할 수 없다고 설명하며 다른 의사를 찾아보라고 조언합니다. #Person1#은 다른 의사를 보는 것이 비싸고 현실적이지 않다고 토로하며, 대만에서는 약을 쉽게 구할 수 있었다고 말하지만, #Person2#는 규정을 준수해야 한다고 강조합니다."
dev.csv,이 줄,"#Person1#: 내가 실업 수당을 받을 자격이 있는지 어떻게 알 수 있을까?
#Person2#: 예전보다 일하는 시간이 줄었어?
#Person1#: 해고당했어.
#Person2#: 해고되었거나 근무 시간이 많이 줄었으면 보통 자격이 있어.
#Person1#: 모든 직장에서 실업 수당을 제공하나?
#Person2#: 대부분의 직장은 실업 수당을 제공하지만, 그렇지 않은 곳도 있어.
#Person1#: 내 직장도 실업 수당을 줄 것 같아?
#Person2#: 실업 사무소에 전화해서 확인해보면 알아봐 줄 거야.
#Person1#: 실업 수당으로 많은 돈을 받을 수 있을까?
#Person2#: 얼마를 벌었는지에 따라서 금액이 결정되는 공식이 있어. 청구할 때 알려줄 거야.",#Person1#은 실업 수당에 대해 #Person2#에게 상담합니다. #Person2#는 실업 사무소에 전화를 걸어 세부 정보를 확인할 것을 제안합니다.
dev.csv,이 줄,"#Person1#: 이번 크리스마스에는 우리 가족을 위해 특별한 걸 해보자.
#Person2#: 어떤 거 생각하고 있어?
#Person1#: 아직 잘 모르겠어.
#Person2#: 그냥 의미 없는 선물 주고받기를 벗어나고 싶어.
#Person1#: 그 마음 이해해.
#Person2#: 정말로 의미 있는 선물을 주고 싶어.
#Person1#: 아니면 우리가 그들을 위해 시간을 써서 준비한 걸 보여주는 것도 좋지.
#Person2#: 아니면 우리만이 줄 수 있는 걸 줄 수도 있잖아.","#Person1#과 #Person2#는 이번 크리스마스에 가족을 위해 특별한 일을 계획하며, 의미 있는 선물을 주고받고 싶어 한다."
dev.csv,이웃들,"#Person1#: 안녕, Sally.
#Person2#: 안녕, Tom. 어떻게 지내?
#Person1#: 잘 지내. 너 어디 가는 중이야?
#Person2#: 아, 나 일 끝나고 집에 가는 길이야.
#Person1#: 네가 일하는 줄 몰랐어.
#Person2#: 그래. 나 슈퍼마켓에서 아르바이트해.
#Person1#: 거기서 무슨 일 해?
#Person2#: 나는 신선 과일과 채소 다듬고 포장해. 그리고 선반에 물건 채우기도 해. 정말 바쁠 때는 계산대에서도 일해. 너는 일해, Tom?
#Person1#: 응. 나는 사람들 마당 일해 줘. 예를 들어 잔디 깎거나, 낙엽 긁어 모으거나, 잡초 뽑거나, 그런 것들 해.
#Person2#: 나도 그런 일 해보고 싶어. 야외에서 일하는 것 좋을 것 같아.
#Person1#: 가끔은 그래. 비가 오거나 눈이 오거나 너무 덥거나 너무 추울 때 빼고는 말이야...
#Person2#: 하하. 모든 일에는 단점이 있는 것 같아. 나도 내 일에서 물건 나르는 게 귀찮을 때가 있거든. 하지만 일은 일이야. 학교 다니려면 돈을 벌어야 해.
#Person1#: 나도 그래. 학비가 참 비싸지 않니? 하여간 이제 가봐야겠어. 오늘 오후에는 이웃들 위해 나무 심어야 해.
#Person2#: 너무 무리하지 마. 일하고, 수업 듣고, 공부하고... 한 사람에게는 가끔 감당하기 버거울 수 있어. 쉬엄쉬엄 해.
#Person1#: 너도 그래. 만나서 반가웠어, Sally!","Sally와 Tom은 각자의 일에 대해 이야기한다. Sally는 슈퍼마켓에서 아르바이트를 하고, Tom은 사람들의 마당 일을 한다. 그들은 각 직업의 단점을 논의하면서도 학교를 다니기 위해 돈을 벌어야 한다고 말한다."
dev.csv,이웃들,"#Person1#: 여보세요, 필 테일러 씨인가요? 
#Person2#: 네, 맞습니다. 
#Person1#: 안녕하세요, 필. 저는 더 선의 기자입니다. 화재에 대해 몇 가지 질문 드리려고 전화드렸습니다. 어떤 일이 있었는지 말씀해 주시겠어요? 
#Person2#: 물론이죠. 그게 2일 전인 11월 10일 밤 11시경이었어요. 감자튀김을 해먹으려고 기름을 많이 사용했어요. 온도가 충분히 올라갔길래 감자튀김을 넣고 있었는데, 엄마한테 전화가 왔어요. 
#Person1#: 아. 
#Person2#: 대화를 시작했는데, 감자튀김을 완전히 잊어버렸죠. 통화를 마치고 그냥 다시 거실로 갔어요. 
#Person1#: 아, 그랬군요. 
#Person2#: 네, TV를 한 20분 정도 보고 있었는데, 갑자기 연기 냄새가 나고 누군가가 불이야 하고 외치는 소리가 들렸어요. 그제서야 그게 제 감자튀김 때문이라는 걸 깨달았어요. 급히 나가서 부엌으로 갔는데, 벽 하나에 불꽃이 가득했어요. 
#Person1#: 그래서 어떻게 하셨나요? 
#Person2#: 침대에서 담요 몇 개를 가져와서 부엌으로 달려가 불에 덮었어요. 그때쯤 이웃들이 이미 소방서를 불렀더군요. 소방관들이 10분 정도 후에 도착해서 불을 빨리 꺼주셨어요. 
#Person1#: 손상 정도는 어떻게 되었나요? 
#Person2#: 음, 레인지 전체를 교체해야 할 것 같아요. 그 외에 부엌 유닛 2개와 벽 하나를 수리해야 해요.","#Person1#은 필 테일러에게 화재에 대해 질문합니다. 테일러는 감자튀김을 팬에 둔 것을 잊어버려 화재가 났으며, 빠르게 대처하여 소방서가 불을 껐다고 설명합니다."
dev.csv,이 첫,"#Person1#: 이튼, 괜찮아? 평소보다 기분이 안 좋아 보이네. 
#Person2#: 솔직히 말해서, 아바, 오늘 정말 안 좋은 날이었어. 
#Person1#: 무슨 일이 있었어? 
#Person2#: 일단, 알람 소리를 못 듣고 두 시간이나 늦게 출근했어. 
#Person1#: 상사가 뭐라고 했어? 
#Person2#: 다시 늦게 오면 해고한다고 하더라고. 정말 심술궂어! 
#Person1#: 그거 정말 끔찍하다. 이번이 첫 번째 늦은 거야? 
#Person2#: 두 번째야. 처음에는 교통사고가 났거든. 
#Person1#: 네 상사가 중국 사람이야? 
#Person2#: 아니, 호주 사람이야. 그를 만나기 전에는 호주 사람들이 여유롭고 편안할 줄 알았어. 이렇게 까다로울 줄은 몰랐어. 
#Person1#: 어떻게 할 거야? 
#Person2#: 다른 직장을 찾으려고 해. 지금 상사보다 좀 더 이해심 있고 긍정적인 사람을 찾아야겠어. 
#Person1#: 그거 참 현명한 계획인 것 같은데. 네 구직 활동을 도와줄까? 
#Person2#: 정말 고마워. 제안해줘서 고마워. 
#Person1#: 언급도 하지마. 그게 친구라는 거잖아!",이튼은 상사가 출근을 두 번 늦었다며 다음에 또 늦으면 해고하겠다고 해서 기분이 나쁘다. 이튼은 이해심 있고 긍정적인 상사가 있는 다른 직장을 찾기로 한다. 아바는 그를 돕겠다고 제안한다.
dev.csv,이 정,"#Person1#: 너 인터넷에서 Bill Gate 집 본 적 있어?
#Person2#: 아니, 그 집이 어때?
#Person1#: 그 집에는 도서관, 극장, 수영장, 게스트하우스가 있어. 집은 열 개 정도의 다양한 방으로 이루어져 있고, 각각의 방들이 컴퓨터로 연결돼 있어서 어디서든 뭔가를 할 수 있어.
#Person2#: 거기서 살고 싶어?
#Person1#: 집이 정말 멋지긴 한데, 거기서 살고 싶진 않을 것 같아. 집 안의 모든 방을 청소하려면 한두 명을 고용해야 할 거고, 정원을 돌보기 위해서도 몇 명이 필요할 거야.
#Person2#: 네가 꿈꾸는 집은 어떤데?
#Person1#: 사실 내가 꿈꾸는 집은 조용한 영국 시골 마을에 있는 작은 코티지야.
#Person2#: 오래된 코티지를 사고 싶어, 아니면 새로 짓고 싶어?
#Person1#: 오래된 집들은 성격이 있어서 좋아. 그게 중요하다고 생각해.
#Person2#: 그래서 네가 중고 옷 입는 이유도 성격 때문이야? 옷에도 성격이 있으니까?
#Person1#: 아니, 그건 그냥 새 옷을 항상 살 돈이 없어서 그래!
#Person2#: 아 그렇구나. 만약 오래된 집에 살게 되면, 현대식으로 꾸밀 거야?
#Person1#: 아니, 나는 확실히 원래 상태로 복원하려고 할 거야. 다른 역사적 시기에 어떻게 살았을지 상상해 보는 걸 좋아하고, 200년 전처럼 꾸며진 집에서 사는 걸 좋아할 거야.","#Person1#과 #Person2#가 Bill Gate의 집에 대해 이야기합니다. #Person1#은 그 집이 멋지다고 생각하지만 살고 싶지는 않다고 합니다. #Person2#가 #Person1#의 꿈의 집에 대해 묻자, #Person1#은 성격이 있는 작고 오래된 코티지에서 살고 싶다고 대답합니다."
dev.csv,이 정,"#Person1#: 안녕하세요, Mr. Zhang. 무슨 일이세요? 별로 기분이 좋아 보이지 않네요. 데이트는 어땠어요?
#Person2#: 또 거절당했어요. 정말 답답하네요. 그쪽이 저 좀 가르쳐줘야 할 것 같아요.
#Person1#: 나요? 나도 당신보다 경험이 더 없는데요.
#Person2#: 적어도 미국 여자들이 남자에게 무엇을 원하는지는 알잖아요.
#Person1#: 믿거나 말거나, 제 생각엔 미국 여자들은 건강한 남자를 좋아하는 것 같아요. 중국 여자들은 그다지 신경 쓰지 않을 수도 있죠. 솔직한 의견이에요. 당신이 정말 많은 노력을 하고 있다는 걸 알아요.
#Person2#: 미국 남자들은 자연스럽게 중국 남자들보다 키가 크잖아요. 그러니까 내가 운동을 해도 별로 가능성이 많진 않겠죠.
#Person1#: 아니에요, 그렇지 않아요. 미국 여자랑 결혼한 중국 남자 두 명을 만난 적이 있어요. 근데 그 중국 남자들은 아주 강하고 건강해 보였어요. 그러니까 더 자주 운동하면 미국 여자랑 데이트하는 게 분명히 더 쉬울 거예요. Jackie Chan이 몇 살이지요? 그는 작고 키도 작은데요. 하지만 아마 그가 원하는 미국 여자라면 누구라도 가질 수 있을 거예요.
#Person2#: 그거 정말 큰 변화가 될 텐데요. 왜냐면 저는 운동을 전혀 안 하거든요.
#Person1#: 그럼 한 번 시도해 보지 그래요? 그게 미국 여자 만나는 데 도움이 되지 않더라도, 더 강하고 건강한 몸을 가질 수 있잖아요. 그래서 손해 볼 건 없다고 봐요.",Mr. Zhang은 또다시 거절당한 후 #Person1#에게 조언을 구합니다. #Person1#은 미국 여자들이 건강한 남자를 선호한다고 말하며 Mr. Zhang에게 운동을 권유합니다.
dev.csv,이 정,"#Person1#: 하이킹은 2시간 정도 걸릴 거예요. 해수면에서 시작해서 몇 개의 언덕을 오를 거예요. 준비됐어요?
#Person2#: 물론이죠. 오늘 아침에 한 시간짜리 요가 클래스를 해서 에너지가 넘쳐요. 기분이 정말 좋네요. 언덕 올라가기 내기하실래요?
#Person1#: 그럴 필요 없어요. 중간중간 경치도 즐기면서 천천히 가려고요. 특정 식물이나 곤충도 같이 보고, 가끔 뱀도 조심해야 해요.
#Person2#: 뱀이요? 오, 그럼 저는 그 뱀들을 피해서 언덕을 빠르게 올라가야겠어요!
#Person1#: 걱정 마세요. 자연은 참 멋져요. 뱀이나 거미, 나무, 그리고 우리 인간 모두 함께 어우러져서 즐길 수 있어요.","#Person1#과 #Person2#는 하이킹을 계획하고 있습니다. #Person2#는 #Person1#과 경주하고 싶지만, #Person1#은 경치를 즐기며 천천히 걷고 싶어 합니다."
dev.csv,그 안,"#Person1#: 뉴욕 타임즈에서 광고를 봤는데, 그 안에 나오는 아파트 중 하나를 진지하게 고려하고 있어요.
#Person2#: 저희가 도와드릴게요. 어느 아파트 말씀하시는 건가요?
#Person1#: 38번가 동쪽에 있는 침실 두 개짜리 아파트요.
#Person2#: 아, 거기 위치가 참 좋죠.
#Person1#: 네, 그래서 저한테 딱 맞을 것 같아요.
#Person2#: 맞아요. 가구도 다 갖춰져 있어서 계약만 하면 바로 입주하실 수 있어요.
#Person1#: 광고에 월세가 840달러라고 나와 있던데, 맞나요?
#Person2#: 네, 맞습니다. 다만 공과금은 별도예요.
#Person1#: 한 달씩 계약할 수도 있나요?
#Person2#: 가능할 것 같아요. 하지만 반환 가능한 보증금이 필요해요.
#Person1#: 아, 그건 문제없어요.","#Person1#이 광고에 나온 침실 두 개짜리 아파트에 대해 #Person2#와 문의합니다. 두 사람은 위치, 가구 상태, 월세와 계약 조건에 대해 논의합니다."
dev.csv,이 말,"#Person1#: 왜 이 직업을 선택하게 됐나요?
#Person2#: 음, 솔직히 하늘을 정말 좋아해요. 어릴 적에는 언젠가 푸른 하늘로 날아가고 싶다고 상상했거든요. 이제 그 꿈을 이룰 때가 온 것 같아요. 그리고 여행을 무척 좋아하고 사람들과 함께 일하는 것도 즐깁니다.
#Person1#: 영어로 의사소통하는 데 큰 어려움은 없나요?
#Person2#: 네, 영어는 꽤 유창하다고 생각해요. 지난달에는 중등 영어 교육 인증서도 받았어요.
#Person1#: 승무원의 책임은 무엇인지 아시나요?
#Person2#: 승무원의 주된 책임은 승객들이 비행 중에 편안하고 즐거운 시간을 보낼 수 있도록 하는 거예요. 그리고 좋은 서비스 제공도 중요하죠.
#Person1#: 건강은 괜찮으신가요?
#Person2#: 얼마 전에 종합 건강 검진을 받았는데, 상태가 아주 좋다고 나왔어요.
#Person1#: 간호 경험이 있나요?
#Person2#: 네, 2년 동안 간호 경험이 있고, 현재 병원에서 간호사로 일하고 있어요.
#Person1#: 키는 어떻게 되시고, 시력은 괜찮나요?
#Person2#: 제 키는 1미터 68센티미터예요. 시력 문제는 전혀 없습니다.
#Person1#: 자신의 강점과 약점은 뭐라고 생각하세요?
#Person2#: 제 강점은 친절함과 개방적인 태도라고 생각하고, 따뜻한 성격을 가지고 있다고 생각해요. 하지만 때로는 다른 사람들이 하는 것이 마음에 들지 않을 때, 그걸 말하기가 어려울 때가 있어요.
#Person1#: 승객이 말씀하시는 걸 이해하지 못하면 어떻게 하실 건가요?
#Person2#: 다른 언어로 시도하거나, 최대한 손짓이나 그림을 그려가며 설명할 것입니다.","#Person1#은 #Person2#와 승무원 직업을 위한 면접을 진행 중입니다. #Person1#은 #Person2#에게 동기, 영어 실력, 건강 상태, 간호 경험, 키, 시력, 강점, 약점 등을 질문하고 있습니다."
dev.csv,이 말,"#Person1#: 유로 2012 축구 토너먼트 보고 있어요?
#Person2#: 조금 봤어요. 당신은요?
#Person1#: 당연하죠. 런던에 온 이후로 축구가 정말 좋아졌어요. 1년 전 몬트리올에 있었을 땐 축구에 대해 아는 게 없었는데 말이죠.
#Person2#: 음, 저는 뉴저지 출신이에요. 미국인들은 축구에 그렇게 관심이 많지 않아요. 사실 저희는 '사커'라고 불러요. 미국인들이 '풋볼'이라고 말할 때는 미식축구를 뜻하는 거죠. 여기 온 지 2년이 되었지만 사람들이 사커를 풋볼이라고 부를 때 아직도 헷갈려요.
#Person1#: 맞아요. 당신들 미국인에게 풋볼은 큰 남자들이 헬멧을 쓰고 서로 격렬히 부딪히는 스포츠를 의미하죠.
#Person2#: 네, 미국인들은 농구처럼 빠른 스포츠를 보는 걸 더 좋아해요. 농구 선수들은 정말 놀라운 운동선수들이라고 생각해요. 그들이 할 수 있는 일은 정말 놀라워요. 그런데 사커 경기를 볼 때는 지루해져요. 골이 너무 적어요.
#Person1#: 음, 이해는 해요. 하지만 당신이 말하는 '사커'에는 단순한 골 이상의 것들이 있어요. 많은 전략이 포함되어 있죠. 유로 2012 같은 토너먼트에서는 여러 나라가 다른 스타일로 플레이하는 것을 보는 것이 정말 흥미로워요.","#Person1#과 #Person2#는 미식축구와 축구의 차이에 대해 이야기합니다. #Person2#는 축구가 지루하다고 생각하지만, #Person1#은 흥미롭다고 여깁니다."
dev.csv,이 말,"#Person1#: 저기, 장 본 것 좀 도와줄래? 내가 쇼핑해도 된다고 했잖아.
#Person2#: 와! 이 모든 게 정말 필요한 거야? 영수증 좀 보자.
#Person1#: 나 필수적인 것만 샀어.
#Person2#: 그래, 보자. 개 사료가 24.70달러? 우리 개도 없잖아!
#Person1#: 사실 이거 깜짝 선물인데, 트럭 뒤를 봐봐.
#Person2#: 뭐?
#Person1#: 아하하, 말이 없지. 네가 좋아할 줄 알았어.
#Person2#: 저거? 저 개는 말처럼 크잖아. 먹이도 말처럼 많이 먹겠어.
#Person1#: 아, 그래도 엄청 친절해. 누가 슈퍼에서 이 개를 그냥 준다고 하길래, 불쌍한 애가 사랑받는 집 없이 하루를 더 보내게 할 순 없었어.
#Person2#: 뭐든지. 어디 보자. 토마토 주스 24캔에 18.19달러라고? 너 그거 좋아하지도 않잖아!
#Person1#: 아직은. 내 식습관을 바꾸기로 했거든.
#Person2#: 그래.
#Person1#: 두고 봐, 봐봐.
#Person2#: 좋아, 보자. 초콜릿 쿠키 3.84달러, 그리고 탄산음료 한 상자에 12.56달러.
#Person1#: 맞아!
#Person2#: 식습관 바꾼다고? 쿠키가 다이어트 식품의 일종이라고 생각해?
#Person1#: 이게 말이야, 내가 2시간마다 쿠키 한두 개만 먹을 거야. 사실 쿠키는 에너지를 위한 훌륭한 탄수화물 원천이거든. 그리고 토마토 주스랑 쿠키가 서로 상쇄된다고나 할까.
#Person2#: 참 어이가 없네. 내가 뭘 듣고 있는지도 모르겠어. 어, 어디 보자? 달걀 하나, 우유 한 갤런에 2.50달러, 참치캔 세 개. 좋아. [응.] 마지막으로 8.14달러짜리 스테이크 두 개. 이제야 제대로 된 게 있네. 내가 그릴에 불 붙일게.
#Person1#: 어, 저기... 저기, 스테이크는 Herbert 거야.
#Person2#: Herbert? Herbert가 누구야?
#Person1#: 어... 그 개야.
#Person2#: 안 돼!
#Person1#: 이유가 있어, 이전 주인이 말하기를 그가 먹는 것에 약간 까다롭대.
#Person2#: 안 돼!
#Person1#: 스테이크가 새 집에 적응하는 데 도움 될 거야.
#Person2#: 절대 안 돼!
#Person1#: 안 돼, 안 돼, 스테이크는 새 집에 적응하게 도와줄 거라고. 어, 너 뭐 하는 거야? 아... 왜 스테이크를 밖으로 던진 거야?
#Person2#: 이제 너랑 Herbert가 좀 더 친해질 기회가 생겼네. 나 혼자 나가서 먹을래.
#Person1#: 아으.",#Person2#는 #Person1#의 쇼핑 영수증을 보고 개를 위한 물건만 많고 #Person2#를 위한 건 적다는 사실에 화를 냅니다. #Person1#은 Herbert라는 개를 집으로 데리고 오고 싶어합니다. #Person2#는 스테이크가 Herbert를 위한 것이지 #Person2#를 위한 것이 아니라는 것을 알고 더 화를 냅니다.
dev.csv,그 분,"#Person1#: 손님, 기분 이해합니다. 하지만 자리가 없어요. 예약 전화를 받은 사람이 기록을 깜빡했나 봅니다. 실수였던 것 같아요. 그 직원은 이제 막 시작해서요.
#Person2#: 그냥 실수라고요? 제가 아주 중요한 사람들을 저녁 식사에 초대했는데, 이렇게 되면 중요한 사업 파트너를 잃을 수도 있어요.
#Person1#: 죄송합니다, 손님. 그 분들께 설명 드리시고 다른 좋은 식당들을 여기서 찾아보시는 게 좋겠어요.
#Person2#: 그분들과 연락이 안 돼요. 아마 지금 이쯤엔 오는 중일 거예요. 한 테이블 정도는 더 넣을 수 있지 않나요?
#Person1#: 복도에 자리를 드려도 괜찮으시다면 가능합니다, 손님.
#Person2#: 그거라도 없는 것보다 낫죠.",#Person1#이 예약 실수에 대해 #Person2#에게 사과합니다. #Person2#는 화가 나지만 결국 복도에서 식사하는 것에 동의합니다.
dev.csv,그 분,"#Person1#: 오늘 와주셔서 감사합니다. 여기 찾느라 어려움 없으셨죠? 여기 앉으세요.
#Person2#: 감사합니다.
#Person1#: 자, 그럼 시작해볼까요. 학력에 대해 말씀해 주세요.
#Person2#: 네, 저는 Chesterton 대학교에서 경영학을 전공하고 정보 관리에 특화하며 우등으로 졸업했습니다. 심리학을 부전공으로 했어요. 이 과정을 선택한 이유는 두 가지입니다. 정보 관리 분야에서 실용적이고 시장성이 있는 기술을 배우고자 했고, 직업 성공에는 대인관계 기술이 중요하다고 생각했기 때문에 심리학을 선택했습니다.
#Person1#: 흥미롭네요. 대학원은요?
#Person2#: 네, 소비자 행동에 관심이 많아서 그 분야로 석사 과정을 마쳤습니다. 또한, 지속해서 전문 기술을 유지하기 위해 관리 및 고객 서비스 관련 세미나와 컨퍼런스에 꾸준히 참석하고 있습니다.
#Person1#: 아주 좋네요. 이제 경력에 대해 조금 말씀해 주세요. 여기 보니 전에 Oracle에서 일하셨네요.
#Person2#: 네, 고객 지원 관리자로서 클라이언트 케어와 프로세스 관리에서 다양한 경험을 쌓았습니다. 고객 지원 팀을 감독하며 고객 만족도를 높이기 위한 새로운 전략도 구현했습니다.
#Person1#: 흥미롭네요...
#Person2#: 네, 이 직책에서 회사 전체의 성공에 상당히 기여했습니다. 다양한 이니셔티브를 통해 이탈률을 약 5%로 낮췄고, 이는 매출에도 직접적으로 영향을 미쳤습니다.","#Person1#이 #Person2#와의 인터뷰를 통해 #Person2#의 학사 및 대학원 교육 배경과 Oracle에서의 직장 경험을 듣습니다. 또한, #Person2#는 회사의 전반적인 성공에 기여할 수 있다고 강조합니다."
dev.csv,그게,"#Person1#: 나 진짜 건강에 안 좋은 음식 좀 그만 먹어야겠어. 
#Person2#: 맞아, 무슨 말인지 알아. 나도 요즘 건강하게 먹으려고 하거든. 
#Person1#: 요즘은 뭐 먹어? 
#Person2#: 주로 과일이랑 채소, 닭고기 먹지. 
#Person1#: 그게 다야? 
#Person2#: 거의 그렇지 뭐. 
#Person1#: 왜 다른 건 안 먹어? 
#Person2#: 음, 과일이랑 채소는 진짜 건강에 좋잖아. 
#Person1#: 그럼 닭고기는? 
#Person2#: 구워 먹으면 정말 건강에 좋아. 
#Person1#: 그래, 그게 훨씬 건강해 보이네.","#Person1#은 건강에 안 좋은 음식을 그만 먹기로 결심하고, #Person2#는 자신의 건강한 식단을 #Person1#에게 공유합니다."
dev.csv,그게,"#Person1#: 너 UFO 믿어?
#Person2#: 당연하지, 있는 거 아냐.
#Person1#: 근데 나는 못 봤어.
#Person2#: 바보야? 그게 UFO라서 아무나 볼 수 있는 게 아니야.
#Person1#: 너는 볼 수 있다는 거야?
#Person2#: 맞아. 꿈에서 볼 수 있어.
#Person1#: 지구로 오는 거야?
#Person2#: 아니야. 자기네 우주에서 외계인을 지구로 보내는 게 임무야.
#Person1#: 우주에서 온 외계인? 말해봤어? 어떻게 생겼어?
#Person2#: 아이고, 아이고, 하나씩 물어봐! 로봇같이 생겼는데 말할 수 있어. 인간이랑 친구가 되는 게 임무야.
#Person1#: 그러면 너 걔들이랑 얘기해? 무슨 언어로?
#Person2#: 당연히 영어로 하지, 걔네도 화성에서 영어 배워.
#Person1#: 와, 대단하다!","#Person2#는 UFO를 믿고 꿈에서 볼 수 있다고 한다. #Person1#은 #Person2#가 꿈에서 본 UFO와 외계인에 대해 물어보고, #Person2#의 꿈이 대단하다고 생각한다."
dev.csv,그게,"#Person1#: 실례합니다, Mr. White? 제가 가기 전에 이거 사인 좀 해주셔야 해요.
#Person2#: 알겠어요, Sherry. 기다리게 해서 미안해요. 네가 말해주지 않았으면 아마 깜빡했을 거예요.
#Person1#: 그게 제 일이죠, 선생님. 여기 한 번 더 사인 부탁드려요.
#Person2#: 여기 있어요.",Sherry가 Mr. White에게 사인을 요청합니다.
dev.csv,그런,"#Person1#: 안녕하세요, 오늘 기분이 어떠세요?
#Person2#: 요즘 숨쉬기가 힘들어요.
#Person1#: 최근에 감기에 걸렸나요?
#Person2#: 아니요, 감기는 안 걸렸어요. 숨쉴 때 가슴이 답답해요.
#Person1#: 혹시 알고 있는 알레르기 있으세요?
#Person2#: 아니요, 특별히 알고 있는 알레르기는 없어요.
#Person1#: 이게 항상 그런가요, 아니면 주로 활동할 때 그런가요?
#Person2#: 운동할 때 특히 많이 그래요.
#Person1#: 천식 검사를 위해 폐 전문의에게 가보시는 게 좋겠어요.
#Person2#: 도와주셔서 감사합니다, 의사 선생님.","#Person2#는 숨쉬기 어려워합니다. 의사는 #Person2#에게 증상을 확인하고, 천식 검사를 위해 폐 전문의에게 가볼 것을 권합니다."
dev.csv,그런,"#Person1#: 여보, 담배 좀 끊는 게 좋을 것 같아.
#Person2#: 왜? 나 담배 피울 때 멋지다고 했잖아.
#Person1#: 그런데 건강을 위해서라도 그만 뒀으면 좋겠어.
#Person2#: 담배가 해로운 건 알아.
#Person1#: 이 기사 좀 봐봐. 담배가 폐암을 유발할 수 있다고 해.
#Person2#: 안 믿어.
#Person1#: 그래도 담배가 건강에 해롭다는 건 알지?
#Person2#: 당연히 알지, 그런데 담배 끊는 거 쉽지 않은 거 알잖아...
#Person1#: 말 돌리지 마. 담배 끊을 거야, 안 끊을 거야?
#Person2#: 네, 여사님. 말씀대로 하죠.","#Person1#은 #Person2#에게 건강을 위해 담배를 끊을 것을 권유하고, #Person2#은 이를 어렵다고 느끼지만 동의합니다."
dev.csv,그런,"#Person1#: 여기 홍콩에는 광고가 너무 많아. 특히 밤에는 네온사인 때문에 도시가 정말 밝아 보이더라.
#Person2#: 난 그게 좋아. 도시가 살아 있는 느낌이 들어. 다양한 색깔도 좋고, 주목할 만한 사진과 슬로건이 있는 광고판도 좋아.
#Person1#: 난 너무 많다고 생각해. 광고에 돈을 너무 많이 쓰는 것 같아. 대신에 가격을 낮춰야 한다고 생각해. 그러면 더 잘 팔릴 거야.
#Person2#: 이해는 하지만, 광고에 돈을 쓰지 않으면 사람들이 제품에 대해 알 수 없잖아. 간혹 거슬리는 광고도 있다는 건 동의해. 사람들이 관심 없는 제품 정보가 적힌 전단지를 나눠줄 때 그게 참 싫어.
#Person1#: 스팸 메일 받는 것도 정말 싫어. 매장이나 지하철에서 광고나 지겹게 들려주는 음악 듣는 것도 싫어.
#Person2#: 응, 나도 그거 싫어. 광고판은 안 보면 되는데, 방송 광고는 피할 수가 없으니까. 근데 광고 회사들이 코미디 요소를 캠페인에 사용하는 건 좋아.
#Person1#: 그건 나도 좋아해. 근데 어떤 광고 캠페인은 특정 제품을 사지 않으면 쿨하지도 않고 현대적이지도 않다는 식으로 하는 게 싫어.
#Person2#: 그런 광고는 이름 있는 브랜드에서 자주 하는 거 같아. 브랜드 충성도를 유지하려고 노력하는 것 같아.","#Person1#과 #Person2#는 홍콩의 광고에 대해 이야기한다. #Person2#는 광고판을 좋아하는 반면, #Person1#은 광고가 너무 많다고 생각한다. 둘 다 전단지와 방송 광고를 싫어하지만, 광고 회사가 코미디 요소를 사용하는 것은 좋아한다."
dev.csv,그거,"#Person1#: 여기 홍콩에는 광고가 너무 많아. 특히 밤에는 네온사인 때문에 도시가 정말 밝아 보이더라.
#Person2#: 난 그게 좋아. 도시가 살아 있는 느낌이 들어. 다양한 색깔도 좋고, 주목할 만한 사진과 슬로건이 있는 광고판도 좋아.
#Person1#: 난 너무 많다고 생각해. 광고에 돈을 너무 많이 쓰는 것 같아. 대신에 가격을 낮춰야 한다고 생각해. 그러면 더 잘 팔릴 거야.
#Person2#: 이해는 하지만, 광고에 돈을 쓰지 않으면 사람들이 제품에 대해 알 수 없잖아. 간혹 거슬리는 광고도 있다는 건 동의해. 사람들이 관심 없는 제품 정보가 적힌 전단지를 나눠줄 때 그게 참 싫어.
#Person1#: 스팸 메일 받는 것도 정말 싫어. 매장이나 지하철에서 광고나 지겹게 들려주는 음악 듣는 것도 싫어.
#Person2#: 응, 나도 그거 싫어. 광고판은 안 보면 되는데, 방송 광고는 피할 수가 없으니까. 근데 광고 회사들이 코미디 요소를 캠페인에 사용하는 건 좋아.
#Person1#: 그건 나도 좋아해. 근데 어떤 광고 캠페인은 특정 제품을 사지 않으면 쿨하지도 않고 현대적이지도 않다는 식으로 하는 게 싫어.
#Person2#: 그런 광고는 이름 있는 브랜드에서 자주 하는 거 같아. 브랜드 충성도를 유지하려고 노력하는 것 같아.","#Person1#과 #Person2#는 홍콩의 광고에 대해 이야기한다. #Person2#는 광고판을 좋아하는 반면, #Person1#은 광고가 너무 많다고 생각한다. 둘 다 전단지와 방송 광고를 싫어하지만, 광고 회사가 코미디 요소를 사용하는 것은 좋아한다."
dev.csv,그거,"#Person1#: 안녕하세요, Mr. Zhang. 무슨 일이세요? 별로 기분이 좋아 보이지 않네요. 데이트는 어땠어요?
#Person2#: 또 거절당했어요. 정말 답답하네요. 그쪽이 저 좀 가르쳐줘야 할 것 같아요.
#Person1#: 나요? 나도 당신보다 경험이 더 없는데요.
#Person2#: 적어도 미국 여자들이 남자에게 무엇을 원하는지는 알잖아요.
#Person1#: 믿거나 말거나, 제 생각엔 미국 여자들은 건강한 남자를 좋아하는 것 같아요. 중국 여자들은 그다지 신경 쓰지 않을 수도 있죠. 솔직한 의견이에요. 당신이 정말 많은 노력을 하고 있다는 걸 알아요.
#Person2#: 미국 남자들은 자연스럽게 중국 남자들보다 키가 크잖아요. 그러니까 내가 운동을 해도 별로 가능성이 많진 않겠죠.
#Person1#: 아니에요, 그렇지 않아요. 미국 여자랑 결혼한 중국 남자 두 명을 만난 적이 있어요. 근데 그 중국 남자들은 아주 강하고 건강해 보였어요. 그러니까 더 자주 운동하면 미국 여자랑 데이트하는 게 분명히 더 쉬울 거예요. Jackie Chan이 몇 살이지요? 그는 작고 키도 작은데요. 하지만 아마 그가 원하는 미국 여자라면 누구라도 가질 수 있을 거예요.
#Person2#: 그거 정말 큰 변화가 될 텐데요. 왜냐면 저는 운동을 전혀 안 하거든요.
#Person1#: 그럼 한 번 시도해 보지 그래요? 그게 미국 여자 만나는 데 도움이 되지 않더라도, 더 강하고 건강한 몸을 가질 수 있잖아요. 그래서 손해 볼 건 없다고 봐요.",Mr. Zhang은 또다시 거절당한 후 #Person1#에게 조언을 구합니다. #Person1#은 미국 여자들이 건강한 남자를 선호한다고 말하며 Mr. Zhang에게 운동을 권유합니다.
dev.csv,그거,"#Person1#: 오늘 날씨 정말 좋다! 이번 주말에 해변 갈래? 
#Person2#: 그래, 좋은 생각이야. Sara도 같이 가면 좋겠다. 
#Person1#: 글쎄, 아닌 것 같아. 
#Person2#: 왜? 농담하지 마! 너도 알잖아, 그녀는 바다 보는 걸 좋아해. 
#Person1#: 그런데 어제 그녀가 이번 토요일에 집에 간다고 했어. 어머니가 아프셔서 병원에 계신다고 하더라. 
#Person2#: 안타깝네. 음, 어쩌지? 우리 뭐 좀 가져갈까? 
#Person1#: 그거 좋지. 해변에서 소풍도 할 수 있잖아. 샌드위치랑 칩스, 샐러드도 좀 가져가자. 
#Person2#: 코카콜라나 맥주 같은 음료도 가져가야지. 
#Person1#: 좋아. 그리고 해변 타월이랑 자외선 차단제도 챙기는 게 좋겠어. 
#Person2#: 알겠어. 잊지 말고 내게 전화해. 같이 가자.","#Person1#은 #Person2#에게 Sara가 어머니가 아프셔서 갈 수 없다고 전하며 주말에 해변에 가자고 제안합니다. 그들은 해변에 가져갈 음식, 음료, 그리고 준비물들을 정리합니다."
dev.csv,그건,"#Person1#: 너 인터넷에서 Bill Gate 집 본 적 있어?
#Person2#: 아니, 그 집이 어때?
#Person1#: 그 집에는 도서관, 극장, 수영장, 게스트하우스가 있어. 집은 열 개 정도의 다양한 방으로 이루어져 있고, 각각의 방들이 컴퓨터로 연결돼 있어서 어디서든 뭔가를 할 수 있어.
#Person2#: 거기서 살고 싶어?
#Person1#: 집이 정말 멋지긴 한데, 거기서 살고 싶진 않을 것 같아. 집 안의 모든 방을 청소하려면 한두 명을 고용해야 할 거고, 정원을 돌보기 위해서도 몇 명이 필요할 거야.
#Person2#: 네가 꿈꾸는 집은 어떤데?
#Person1#: 사실 내가 꿈꾸는 집은 조용한 영국 시골 마을에 있는 작은 코티지야.
#Person2#: 오래된 코티지를 사고 싶어, 아니면 새로 짓고 싶어?
#Person1#: 오래된 집들은 성격이 있어서 좋아. 그게 중요하다고 생각해.
#Person2#: 그래서 네가 중고 옷 입는 이유도 성격 때문이야? 옷에도 성격이 있으니까?
#Person1#: 아니, 그건 그냥 새 옷을 항상 살 돈이 없어서 그래!
#Person2#: 아 그렇구나. 만약 오래된 집에 살게 되면, 현대식으로 꾸밀 거야?
#Person1#: 아니, 나는 확실히 원래 상태로 복원하려고 할 거야. 다른 역사적 시기에 어떻게 살았을지 상상해 보는 걸 좋아하고, 200년 전처럼 꾸며진 집에서 사는 걸 좋아할 거야.","#Person1#과 #Person2#가 Bill Gate의 집에 대해 이야기합니다. #Person1#은 그 집이 멋지다고 생각하지만 살고 싶지는 않다고 합니다. #Person2#가 #Person1#의 꿈의 집에 대해 묻자, #Person1#은 성격이 있는 작고 오래된 코티지에서 살고 싶다고 대답합니다."
dev.csv,그건,"#Person1#: 여기 홍콩에는 광고가 너무 많아. 특히 밤에는 네온사인 때문에 도시가 정말 밝아 보이더라.
#Person2#: 난 그게 좋아. 도시가 살아 있는 느낌이 들어. 다양한 색깔도 좋고, 주목할 만한 사진과 슬로건이 있는 광고판도 좋아.
#Person1#: 난 너무 많다고 생각해. 광고에 돈을 너무 많이 쓰는 것 같아. 대신에 가격을 낮춰야 한다고 생각해. 그러면 더 잘 팔릴 거야.
#Person2#: 이해는 하지만, 광고에 돈을 쓰지 않으면 사람들이 제품에 대해 알 수 없잖아. 간혹 거슬리는 광고도 있다는 건 동의해. 사람들이 관심 없는 제품 정보가 적힌 전단지를 나눠줄 때 그게 참 싫어.
#Person1#: 스팸 메일 받는 것도 정말 싫어. 매장이나 지하철에서 광고나 지겹게 들려주는 음악 듣는 것도 싫어.
#Person2#: 응, 나도 그거 싫어. 광고판은 안 보면 되는데, 방송 광고는 피할 수가 없으니까. 근데 광고 회사들이 코미디 요소를 캠페인에 사용하는 건 좋아.
#Person1#: 그건 나도 좋아해. 근데 어떤 광고 캠페인은 특정 제품을 사지 않으면 쿨하지도 않고 현대적이지도 않다는 식으로 하는 게 싫어.
#Person2#: 그런 광고는 이름 있는 브랜드에서 자주 하는 거 같아. 브랜드 충성도를 유지하려고 노력하는 것 같아.","#Person1#과 #Person2#는 홍콩의 광고에 대해 이야기한다. #Person2#는 광고판을 좋아하는 반면, #Person1#은 광고가 너무 많다고 생각한다. 둘 다 전단지와 방송 광고를 싫어하지만, 광고 회사가 코미디 요소를 사용하는 것은 좋아한다."
dev.csv,그건,"#Person1#: 뭐 도와드릴까요?
#Person2#: 네, 여기에 빈 방 있나요?
#Person1#: 세 개의 방이 있는 아파트는 어떠세요? 지금 몇 개 있습니다.
#Person2#: 그건 제가 필요한 방보다 많을 것 같아요. 가구가 별로 없거든요.","#Person1#은 세 개의 방이 있는 아파트를 추천하지만, #Person2#는 더 적은 방이 필요하다고 말합니다."
dev.csv,그녀,"#Person1#: 안녕 Kevin!
#Person2#: 안녕 Laura, 오랜만이야! 요즘 어떻게 지냈어?
#Person1#: 별로 특별한 건 없어. 그리고 너는?
#Person2#: 나도 그렇긴 한데 사실 큰 소식이 있어.
#Person1#: 어서 말해줘, 궁금해 죽겠어.
#Person2#: 아니, 근데 정말로 지난 몇 주 동안 무슨 일이 있었는지 말해줘. 마지막에 봤을 때 너 새로운 직장 찾고 있다던데.
#Person1#: 사실, 꼭 그렇진 않아. 이직을 고려하고 있었어. 다행히도 회계부서에서 새로운 자리를 제안해줬어.
#Person2#: 큰 회사에서 한 단계 올라섰네.
#Person1#: 그렇게 과장할 것까진 없지만, 만족해. 한동안 승진을 기대하고 있었거든. 결국 그렇게 됐을 때 정말 안도했어. 사실 그게 내가 새로운 직업을 찾으려고 했던 이유야. 내 노력을 인정해주지 않으면 더 이상 거기서 일하고 싶지 않았거든.
#Person2#: 맞아, 가끔은 아무리 최선을 다해도 다른 사람들이 널 알아주지 않는 것 같을 때가 있어. 돈은 좀 더 나아졌길 바래.
#Person1#: 그럭저럭 합리적인 인상을 받았어, 이제 내 얘기는 그만하자. 네 소식이 너무 궁금해.
#Person2#: 나 결혼해.
#Person1#: 아니, 너 결혼 안 한다고 했잖아.
#Person2#: 예전에는 그랬는데, 지금은 달라. Andrea 꼭 만나봐, 그녀는 정말 멋져!
#Person1#: 전부 처음 듣는 소식이야. 너 연애 중인 줄도 몰랐어.
#Person2#: 우리 아직 사귄 지 2주밖에 안 됐어.
#Person1#: 그리고 결혼한다고?
#Person2#: 알아. 그냥 어쩔 수 없었어. 그녀가 맞다고 그냥 알겠더라.
#Person1#: 와, 축하해! 정말 대단한 소식이야!
#Person2#: 고마워, 그렇게 느껴줘서 기뻐.","Laura와 Kevin은 오랜만에 만나 서로의 최근 소식을 나눈다. Laura는 승진과 급여 인상을 받았고, Kevin은 Andrea와 만난 지 2주 만에 결혼을 결정했다."
dev.csv,그녀,"#Person1#: 오늘 날씨 정말 좋다! 이번 주말에 해변 갈래? 
#Person2#: 그래, 좋은 생각이야. Sara도 같이 가면 좋겠다. 
#Person1#: 글쎄, 아닌 것 같아. 
#Person2#: 왜? 농담하지 마! 너도 알잖아, 그녀는 바다 보는 걸 좋아해. 
#Person1#: 그런데 어제 그녀가 이번 토요일에 집에 간다고 했어. 어머니가 아프셔서 병원에 계신다고 하더라. 
#Person2#: 안타깝네. 음, 어쩌지? 우리 뭐 좀 가져갈까? 
#Person1#: 그거 좋지. 해변에서 소풍도 할 수 있잖아. 샌드위치랑 칩스, 샐러드도 좀 가져가자. 
#Person2#: 코카콜라나 맥주 같은 음료도 가져가야지. 
#Person1#: 좋아. 그리고 해변 타월이랑 자외선 차단제도 챙기는 게 좋겠어. 
#Person2#: 알겠어. 잊지 말고 내게 전화해. 같이 가자.","#Person1#은 #Person2#에게 Sara가 어머니가 아프셔서 갈 수 없다고 전하며 주말에 해변에 가자고 제안합니다. 그들은 해변에 가져갈 음식, 음료, 그리고 준비물들을 정리합니다."
dev.csv,그녀,"#Person1#: 이 파티 정말 대박이야! 
#Person2#: 맞아, 맥주도 좋고 음악도 좋고, 매력적인 사람들도 많아!
#Person1#: 그러게. 저기 있는 그녀 좀 봐. 나 사랑에 빠질 것 같아!
#Person2#: 음, 나쁘진 않은데 내 스타일은 아니야. 빨간 드레스 입은 금발은 어때?
#Person1#: 아, 저 사람 Janice야. 이 동네에 새로 왔어. 너 금발 좋아하나 봐?
#Person2#: 응! 그녀가 어떻게 생각하든 난 상관없어!
#Person1#: 그러지 말고 그냥 가서 말 걸어봐. 그녀 정말 친절해.
#Person2#: 아니야. 여자에게 말 걸면 너무 긴장돼. 항상 실수를 해서 당황하게 하고 결국 바보 같아 보여. 게다가 그녀는 내겐 너무 아까운 사람 같아.
#Person1#: 용기를 내! 해보기 전엔 모르는 거야.
#Person2#: 그래, 정신 차리려고 맥주 한 잔 더 마실게.
#Person1#: 알겠어. 하지만 서두르는 게 좋을 거야.
#Person2#: 왜?
#Person1#: 다른 남자 다섯 명이 그녀를 관심 있게 보고 있더라고.
#Person2#: 좋아, 간다!
#Person1#: 행운을 빌어!","#Person1#과 #Person2#는 금발 여자를 보고, #Person2#는 여자와 대화하는 것에 긴장합니다. #Person1#의 격려와 맥주 한 잔 후, #Person2#는 금발 여자에게 말을 걸기로 결심합니다."
dev.csv,저기,"#Person1#: 저기요, 직원분, 걸레 좀 갖다 주실 수 있나요? 와인을 쏟았어요. 
#Person2#: 네, 제가 도와드릴게요. 
#Person1#: 감사합니다. 종이 냅킨도 좀 부탁드려요. 
#Person2#: 여기 있습니다. 
#Person1#: 다음엔 더 조심해야겠어요.",#Person1#이 와인을 쏟아 #Person2#에게 걸레와 종이 냅킨을 요청합니다.
dev.csv,저기,"#Person1#: 신랑이 좀 긴장한 것 같아. 
#Person2#: 이런 경우엔 대부분 그렇지. 
#Person1#: 오, 결혼 행진곡이 나오네. 저기 온다. 
#Person2#: 신부가 정말 아름답다. 
#Person1#: 정말 기쁘네. 
#Person2#: 울고 있는 거야? 
#Person1#: 응, 나 결혼식 볼 때마다 눈물이 나. 
#Person2#: Harris와 Anne은 정말 잘 어울려. 
#Person1#: 맞아, 정말 그래. 
#Person2#: 너랑 Tom도 좋은 커플이야. 
#Person1#: 사실 우리도 준비를 시작했어. 
#Person2#: 결혼식을? 
#Person1#: 아니, 약혼 준비를 하고 있어. 
#Person2#: 그럼 부케 잘 잡아봐.",#Person1#와 #Person2#는 결혼식에 감동하며 #Person1#은 자신과 Tom이 약혼 준비를 하고 있다고 말합니다.
dev.csv,저기,"#Person1#: 저기요. 유전공학에 관한 책 있나요? 여기저기 찾아봤는데 아무리 찾아도 없네요.
#Person2#: 지금 있는지 잘 모르겠네요. 그런 책은 이 선반에 있어요. 음, 안타깝게도 다 팔렸네요.
#Person1#: 아, 정말 아쉽네요! 더 일찍 왔어야 했네요.
#Person2#: 다음 주쯤에 오시면 좋을 것 같아요. 그때쯤이면 들어올 것 같아요.
#Person1#: 네, 그럴게요.","#Person1#은 유전공학 관련 책을 찾고 있으며, #Person2#는 책이 다 팔렸고 다음 주에 다시 오라고 권했습니다."
dev.csv,이거,"#Person1#: 실례합니다, Mr. White? 제가 가기 전에 이거 사인 좀 해주셔야 해요.
#Person2#: 알겠어요, Sherry. 기다리게 해서 미안해요. 네가 말해주지 않았으면 아마 깜빡했을 거예요.
#Person1#: 그게 제 일이죠, 선생님. 여기 한 번 더 사인 부탁드려요.
#Person2#: 여기 있어요.",Sherry가 Mr. White에게 사인을 요청합니다.
dev.csv,이거,"#Person1#: 미안해요, Brad. 이거 다시 해야 할 것 같아요.
#Person2#: 무슨 문제인가요, Ms. Murphy?
#Person1#: 정리가 잘 안 되어 있어요. 이렇게는 위원회에 제출할 수 없어요.
#Person2#: 죄송해요, Ms. Murphy. 다시 작업하겠습니다. 오늘 오후에 다시 드리면 될까요?",Ms. Murphy는 Brad에게 잘못 정리된 작업을 다시 요청했습니다.
dev.csv,이거,"#Person1#: 주방에서 쓸 수 있는 팬을 찾고 있어요. 
#Person2#: 어떤 크기의 팬을 생각하셨어요? 
#Person1#: 이미 작은 팬은 있어서, 큰 팬이 필요해요. 
#Person2#: 이 팬이 괜찮을 것 같은데요. 
#Person1#: 아, 이건 너무 무겁네요. 
#Person2#: 이 알루미늄 팬 들어 보세요. 같은 크기예요. 
#Person1#: 네, 아주 가볍네요. 하지만 이 알루미늄 손잡이는 싫어요. 
#Person2#: 여기 비슷한 알루미늄 팬이에요. 열에 강한 손잡이가 있어요. 
#Person1#: 오, 이거 아주 맘에 드네요. 완벽해요. 이거 살게요. 
#Person2#: 언젠가는 딱 맞는 팬을 찾을 줄 알았어요. 결제는 어떻게 하실 건가요? 
#Person1#: 현금이요. 근데 먼저 이 팬에 맞는 뚜껑이 필요해요. 
#Person2#: 아, 문제 없어요. 팬에 같이 나오는 뚜껑 여기 있어요.","#Person1#은 주방에서 사용할 큰 팬을 찾고 있으며, #Person2#는 열에 강한 손잡이와 뚜껑이 있는 알루미늄 팬을 추천합니다. #Person1#은 현금으로 구매를 결정합니다."
dev.csv,그때,"#Person1#: 저기요. 유전공학에 관한 책 있나요? 여기저기 찾아봤는데 아무리 찾아도 없네요.
#Person2#: 지금 있는지 잘 모르겠네요. 그런 책은 이 선반에 있어요. 음, 안타깝게도 다 팔렸네요.
#Person1#: 아, 정말 아쉽네요! 더 일찍 왔어야 했네요.
#Person2#: 다음 주쯤에 오시면 좋을 것 같아요. 그때쯤이면 들어올 것 같아요.
#Person1#: 네, 그럴게요.","#Person1#은 유전공학 관련 책을 찾고 있으며, #Person2#는 책이 다 팔렸고 다음 주에 다시 오라고 권했습니다."
dev.csv,그때,"#Person1#: 안녕하세요, Dr. Anderson의 사무실입니다.
#Person2#: 안녕하세요, 저는 John Keat입니다. 오늘 의사 선생님을 뵐 수 있을까요?
#Person1#: Dr. Anderson의 환자신가요?
#Person2#: 음, 아니요. 멕시코에서 컨벤션에 참석 중인데, 머물고 있는 호텔의 매니저가 여기로 전화해 보라고 했어요.
#Person1#: 아, 그렇군요. 어떤 문제가 있으신가요?
#Person2#: 귀에 울림이 있어요. 소리가 너무 커서 사람들 말하는 소리도 잘 안 들려요.
#Person1#: 통증이나 분비물은 있나요?
#Person2#: 분비물은 없고, 약간 귀가 아파요.
#Person1#: 통증이 항상 있는 건가요, 아니면 가끔 발생하나요?
#Person2#: 이틀 동안 계속 아팠어요. 비행기 타고 와서 그런가 하고 쉬면 괜찮을 줄 알았는데, 더 심해졌어요. 의사 선생님을 봐야겠어요.
#Person1#: 의사 선생님께서 저녁까지 병원에 계실 예정입니다. 가장 빠른 예약은 내일 아침 10시입니다.
#Person2#: 그 시간이 괜찮아요. 그때 갈게요.
#Person1#: 그러면 좋습니다, 그동안 쉬도록 노력하세요. 샤워할 때 귀를 누르거나 물이 들어가지 않도록 하세요.
#Person2#: 캐나다에서 의사를 본 적이 없어서, 뭔가 가져가야 하나요?
#Person1#: 외국인 방문자의 경우 병원 등록을 위해 여권을 가져오시면 좋겠어요.
#Person2#: 네, 알겠습니다. 도와주셔서 감사합니다.
#Person1#: 전화 주셔서 감사합니다. 그럼 내일 뵙겠습니다.","John Keat은 Dr. Anderson의 사무실에 연락하여 귀 통증을 호소하고, 내일 오전 10시에 예약을 잡고 여권을 지참하라는 안내를 받습니다."
dev.csv,그때,"#Person1#: Wangfujing Grand Hotels입니다. 무엇을 도와드릴까요?
#Person2#: 다음 주 토요일과 일요일 밤에 방이 있나요?
#Person1#: 잠시만 기다려 주세요. 그날의 방 예약 가능 여부를 확인해보겠습니다... 네, 다음 주말에 몇 방 남아 있습니다. 더블 룸, 스위트룸, 그리고 일본식, 로마식, 프렌치식과 대통령 스타일의 디럭스 스위트룸이 있어요. 어떤 걸 선호하시나요?
#Person2#: 더블 룸으로 해주세요.
#Person1#: 알겠습니다. 성함을 알려주시겠어요?
#Person2#: 제 이름은 Monica Cellar예요.
#Person1#: 알겠습니다, Ms. Monica. 다음 주 토요일과 일요일 밤에 더블 룸으로 예약해 드렸습니다. 그럼 그때 뵙겠습니다!
#Person2#: 감사합니다.","Monica는 다음 주 토요일과 일요일 밤의 방 예약을 위해 호텔에 전화했고, 리셉션에서 도움을 받았습니다."
dev.csv,이건,"#Person1#: 줄리아, 너한테 할 말이 있어. 앉아봐. 
#Person2#: 감사합니다. 
#Person1#: 네 성과를 기반으로 월급 인상을 결정했어. 다음 달부터 월급이 2,000 위안 올라갈 거야. 첫 인상이라 실감이 안 날 수도 있지만, 회사는 네 능력을 믿고 있어서 곧 더 좋은 인상도 있을 거라 생각해. 
#Person2#: 감사합니다, 조지 씨. 신입이라 회사의 사정을 이해하고, 이번 인상에 만족합니다. 
#Person1#: 이건 당연히 네가 받을 보상이야. 
#Person2#: 다시 한번 감사드려요. 최선을 다할게요.","조지 씨는 줄리아의 성과에 따라 월급을 인상하기로 결정하였고, 줄리아는 이에 만족합니다."
dev.csv,이건,"#Person1#: 안녕하세요, 미스 Qi. 
#Person2#: 안녕하세요. 다시 뵈어서 정말 반가워요. 
#Person1#: 오늘 기분은 어떠세요? 
#Person2#: 훨씬 나아졌어요. 복통은 사라졌고, 의사 선생님께서 궤양이 나았는지 보기 위해 곧 다시 내시경 검사를 하실 거예요. 
#Person1#: 다행이네요. 이건 당신을 위한 거예요. 마음에 드셨으면 좋겠어요. 
#Person2#: 정말 예쁘네요! 정말 감사합니다. 
#Person1#: 병원에서 심심하지 않게 잡지도 몇 권 가져왔어요. 
#Person2#: 정말 마음이 따뜻하시네요! 
#Person1#: 이제 슬슬 가볼게요. 빨리 회복하시길 바랄게요. 다음에 봬요. 
#Person2#: 와주셔서 감사합니다. 안녕히 가세요.",#Person1#은 병원에 있는 미스 Qi를 방문하여 그녀가 지루하지 않도록 잡지를 가져다주었습니다.
dev.csv,이건,"#Person1#: 주방에서 쓸 수 있는 팬을 찾고 있어요. 
#Person2#: 어떤 크기의 팬을 생각하셨어요? 
#Person1#: 이미 작은 팬은 있어서, 큰 팬이 필요해요. 
#Person2#: 이 팬이 괜찮을 것 같은데요. 
#Person1#: 아, 이건 너무 무겁네요. 
#Person2#: 이 알루미늄 팬 들어 보세요. 같은 크기예요. 
#Person1#: 네, 아주 가볍네요. 하지만 이 알루미늄 손잡이는 싫어요. 
#Person2#: 여기 비슷한 알루미늄 팬이에요. 열에 강한 손잡이가 있어요. 
#Person1#: 오, 이거 아주 맘에 드네요. 완벽해요. 이거 살게요. 
#Person2#: 언젠가는 딱 맞는 팬을 찾을 줄 알았어요. 결제는 어떻게 하실 건가요? 
#Person1#: 현금이요. 근데 먼저 이 팬에 맞는 뚜껑이 필요해요. 
#Person2#: 아, 문제 없어요. 팬에 같이 나오는 뚜껑 여기 있어요.","#Person1#은 주방에서 사용할 큰 팬을 찾고 있으며, #Person2#는 열에 강한 손잡이와 뚜껑이 있는 알루미늄 팬을 추천합니다. #Person1#은 현금으로 구매를 결정합니다."
dev.csv,그걸,"#Person1#: Bill, 너 점심 때 시간 돼?
#Person2#: 응, 내가 도와줄 일 있어?
#Person1#: 사무실에 새로운 서류 캐비닛이 필요해. 점심 먹고 나서 나랑 시내에 같이 갈 수 있어?
#Person2#: 그래, 어떤 종류를 사야 할지 생각해 둔 거 있어?
#Person1#: 응, 지금 있는 거랑 같은 걸로. 그리고 사무실에 펜, 클립, 지우개, 그리고 메모지도 필요해.
#Person2#: 그걸 다 기억할 수 있겠어?
#Person1#: Susan이 우리가 사야 할 문구류 목록을 이미 줬어.",#Person1#은 Bill에게 Susan이 목록으로 준 사무용품을 사러 가자고 제안합니다.
dev.csv,그걸,"#Person1#: 왜 어떤 부모들은 딸들이 기존의 기대에 따르지 않는다고 불평하는지 이해가 안 돼요.
#Person2#: 맞아요. Li Na의 엄마는 이웃 딸이 캐나다인과 결혼한 이후로 계속 Li Na에게 결혼하라고 압박을 주고 있어요. 그래서 Li Na는 스트레스를 많이 받고 있죠.
#Person1#: 내가 Li Na라면, 엄마에게 그걸 직접 해봤냐고 물어볼 것 같아요.
#Person2#: Li Na는 워낙 온순해서 누구에게도 따지지 않아요. 정말 착한 사람이죠.",#Person1#과 #Person2#는 Li Na가 그녀의 어머니에게 결혼을 강요받고 있어 스트레스를 받고 있다는 이야기를 나눕니다.
dev.csv,그걸,"#Person1#: 메리? 아직 거기 있어? 
#Person2#: 응, 나 여기 있어. 왜? 
#Person1#: 너 입찰 성공했어? 
#Person2#: 네가 그걸 왜 신경 써? 
#Person1#: 야, 나 좋게 말하려고 했어. 진짜 동상 얻었어, 안 얻었어? 
#Person2#: 무슨 상관이야? 
#Person1#: 미안, 그 말 취소할게. 네가 원했던 구리 불상을 말하는 거야.","#Person1#은 메리에게 입찰 결과를 물어보지만, 메리는 대답을 꺼린다."
dev.csv,그분,"#Person1#: 수잔, 여기 매니저 계신가요?
#Person2#: 네, 계시는데 지금 고객이랑 만나고 있어요.
#Person1#: 아, 그렇군요. 방금 전화 받았는데 아내가 병원에 있어서요. 아이를 출산한다고 해서 병원에 가야 해요. 제가 휴가를 요청하려고 그분에게 말씀드려도 될까요?
#Person2#: 지금은 힘들 것 같아요. 하지만 고객이 간 후에 매니저에게 #Person1#의 요청을 전달할게요.
#Person1#: 정말 고마워요. 감사합니다. 빨리 가봐야겠어요.",#Person1#는 아내의 출산으로 병원에 가기 위해 휴가를 요청해야 합니다. 수잔은 고객이 떠난 후 매니저에게 #Person1#의 요청을 전달할 것이라고 약속합니다.
dev.csv,그분,"#Person1#: 안녕하세요, 어떻게 도와드릴까요?
#Person2#: 누가 제 금목걸이를 훔쳐갔어요.
#Person1#: 안타깝네요. 제 사무실로 함께 와서 무슨 일이 있었는지 정확히 말씀해 주시겠어요?
#Person2#: 물론이죠.
#Person1#: 혹시 방 안에 있는 건 아닌가요?
#Person2#: 네, 방 구석구석 다 찾아봤지만 못 찾겠어요.
#Person1#: 좋아요, 마지막으로 언제 어디서 봤는지 말씀해 주세요.
#Person2#: 어젯밤 화장대 위에 놔뒀어요. 샤워하기 전에 벗어두고, 샤워 후에 다시 착용하는 걸 깜빡했어요. 오늘 아침 급히 호텔을 나가느라 목걸이를 착용하지 않았어요.
#Person1#: 오늘 아침에 착용하지 않은 게 확실하세요?
#Person2#: 네, 확실해요.
#Person1#: 그렇다면 나가기 전에 방 문을 잠그셨나요?
#Person2#: 네, 잠그었던 것 같아요. 호텔 하녀 중 한 명이 가져간 게 분명해요. 목걸이를 돌려받고 싶어요.
#Person1#: 네, 이해합니다. 최선을 다해 도와드리겠습니다. 먼저 하녀 한 명을 보내서 다시 방을 철저히 수색하도록 하겠습니다. 혹시 방 안에 있을지 모르니까요. 있으면 모두가 행복하겠지만, 없다면 경찰에 사건을 넘기겠습니다. 하지만 호텔은 손님의 손실에 대해 책임질 수 없음을 말씀드립니다. 금목걸이는 호텔의 안전 금고에 보관하셨어야 했습니다. 키 카드에 명확하게 경고되어 있었는데요.
#Person2#: 그건 충분하지 않아요. 총지배인을 불러 주세요. 당장 얘기하고 싶어요.
#Person1#: 죄송하지만, 사모님. 총지배인님은 지금 출장 중이십니다. 원하시면 부지배인님을 모시겠습니다. 다만 그분도 같은 말씀을 하실 거예요. 귀중품에 대한 명확한 지침이 있으니 따라야 합니다. 이제 부지배인님을 모시러 가겠습니다.","#Person2#는 금목걸이를 도난당했다고 주장합니다. #Person1#은 몇 가지 세부 사항을 물어본 뒤, 하녀를 보내 방을 다시 수색해 보겠다고 제안합니다. 만약 찾지 못하면 경찰에 사건을 넘길 예정이지만, 호텔은 손실에 대해 책임지지 않는다고 설명합니다. #Person2#는 이에 불만을 표하며 총지배인과의 대화를 요청하지만, #Person1#은 총지배인이 출장 중이라고 답합니다."
dev.csv,그분,"#Person1#: 손님, 기분 이해합니다. 하지만 자리가 없어요. 예약 전화를 받은 사람이 기록을 깜빡했나 봅니다. 실수였던 것 같아요. 그 직원은 이제 막 시작해서요.
#Person2#: 그냥 실수라고요? 제가 아주 중요한 사람들을 저녁 식사에 초대했는데, 이렇게 되면 중요한 사업 파트너를 잃을 수도 있어요.
#Person1#: 죄송합니다, 손님. 그 분들께 설명 드리시고 다른 좋은 식당들을 여기서 찾아보시는 게 좋겠어요.
#Person2#: 그분들과 연락이 안 돼요. 아마 지금 이쯤엔 오는 중일 거예요. 한 테이블 정도는 더 넣을 수 있지 않나요?
#Person1#: 복도에 자리를 드려도 괜찮으시다면 가능합니다, 손님.
#Person2#: 그거라도 없는 것보다 낫죠.",#Person1#이 예약 실수에 대해 #Person2#에게 사과합니다. #Person2#는 화가 나지만 결국 복도에서 식사하는 것에 동의합니다.
dev.csv,이게,"#Person1#: 안녕하세요, 오늘 기분이 어떠세요?
#Person2#: 요즘 숨쉬기가 힘들어요.
#Person1#: 최근에 감기에 걸렸나요?
#Person2#: 아니요, 감기는 안 걸렸어요. 숨쉴 때 가슴이 답답해요.
#Person1#: 혹시 알고 있는 알레르기 있으세요?
#Person2#: 아니요, 특별히 알고 있는 알레르기는 없어요.
#Person1#: 이게 항상 그런가요, 아니면 주로 활동할 때 그런가요?
#Person2#: 운동할 때 특히 많이 그래요.
#Person1#: 천식 검사를 위해 폐 전문의에게 가보시는 게 좋겠어요.
#Person2#: 도와주셔서 감사합니다, 의사 선생님.","#Person2#는 숨쉬기 어려워합니다. 의사는 #Person2#에게 증상을 확인하고, 천식 검사를 위해 폐 전문의에게 가볼 것을 권합니다."
dev.csv,이게,"#Person1#: 이게 맞는 정류장인지 잘 모르겠어, 우리가 내려야 할 곳 맞아?
#Person2#: 어, 여기서 내려야 돼.
#Person1#: 근데 여기가 어디인지 알아?
#Person2#: 사실 나도 정확히는 몰라.
#Person1#: 이곳이 맞는 곳 같지 않아.
#Person2#: 나도 그런 것 같아.
#Person1#: 우리 너무 일찍 내린 거 아니야?
#Person2#: 맞아, 너무 일찍 내린 것 같아.
#Person1#: 그냥 버스에 계속 있었어야 했네.
#Person2#: 내가 실수했어.
#Person1#: 아, 이제 걸어가야겠네.
#Person2#: 아니면 다음 버스를 기다릴래?",#Person1#과 #Person2#는 #Person2#의 판단 실수로 인해 버스에서 너무 일찍 내렸습니다.
dev.csv,이게,"#Person1#: 주방에서 쓸 프라이팬을 찾고 있어요.
#Person2#: 어떤 크기의 프라이팬을 생각하고 계시죠?
#Person1#: 작은 프라이팬은 이미 있는데, 큰 게 필요해요.
#Person2#: 이게 괜찮을 것 같은데요.
#Person1#: 아, 이건 너무 무거워요.
#Person2#: 그럼, 이 알루미늄 팬 들어보세요. 같은 크기인데요.
#Person1#: 네, 아주 가볍네요. 그런데 이 알루미늄 손잡이는 싫어요.
#Person2#: 여기 비슷한 알루미늄 팬인데, 열에 강한 손잡이가 달려 있어요.
#Person1#: 아, 이거 정말 좋네요. 딱이에요. 이걸로 할게요.
#Person2#: 딱 맞는 팬을 찾을 줄 알았어요. 어떻게 결제하시겠어요?
#Person1#: 현금으로요. 근데 먼저 이 팬에 맞는 뚜껑이 필요해요.
#Person2#: 아, 문제없어요. 이 팬에 맞는 뚜껑입니다.",#Person1#은 프라이팬을 찾기 위해 #Person2#의 도움을 받아 만족스러운 제품을 구매합니다.
dev.csv,그곳,"#Person1#: 안녕하세요, 오늘 아침 스튜디오에 Green Peace에서 일하시는 피터 윌슨님을 모셨습니다. 피터님, 환영합니다.
#Person2#: 감사합니다. 여기 오니 좋네요.
#Person1#: 좋습니다! 피터님, Green Peace와 그곳에서 하시는 일에 대해 좀 말씀해 주실 수 있을까요?
#Person2#: 물론이죠. 먼저 Green Peace가 어떤 단체인지 간단히 설명드리겠습니다. 저는 실제로 런던에 있는 Green Peace 조직에서 일하고 있습니다. 저희는 수십 년 동안 활동해온 비폭력, 비정치적 단체입니다. 반핵 활동, 동물 보존 및 보호, 생태계 보호와 지원에 참여하고 있습니다. 저는 액션 조직자로서 모든 시위를 계획하고 있습니다.
#Person1#: 그렇군요! 정말 중요한 역할을 하시는군요, 피터님. 어떤 종류의 시위를 조직하시나요?
#Person2#: 최근에는 반핵 캠페인에 참여하고 있습니다. 개인적으로 대서양의 방사성 폐기물 투기 반대 시위를 준비했습니다. 저희는 몇 대의 작은 Green Peace 배로 폐기물 운반선을 방해하고 있습니다.
#Person1#: 잠시만요, 피터님. 여러분의 조직이 비폭력적이라고 하셨는데, '방해한다'는 무슨 뜻인가요?
#Person2#: 저희는 선박 주변을 돌아다니며 그들이 핵 폐기물 드럼을 바다에 버리려 할 때 방해합니다. 사람들과 대화를 시도하고, 멈추라고 소리도 질러요. 최대한 성가시게 만들려는 노력을 합니다.
#Person1#: 많은 사람들이 당신의 방법에 대해 다르게 생각할 수 있겠지만, 당신이 훌륭한 일을 하고 있다는 것은 의심의 여지가 없네요. 계속 열심히 하시고 행운을 빕니다. 그리고 대화해 주셔서 감사합니다.","#Person1#은 Green Peace의 액션 조직자인 피터 윌슨과 스튜디오에서 인터뷰를 진행합니다. #Person1#은 피터에게 Green Peace의 활동에 대해 설명해 달라고 요청하고, 피터는 구체적인 반핵 캠페인에 대해 이야기합니다."
dev.csv,그것,"#Person1#: 안녕하세요. 무엇을 도와드릴까요?
#Person2#: 차를 렌트하고 싶어요.
#Person1#: 네. 대형, 중형, 소형 중 어떤 걸로 하시겠어요?
#Person2#: 소형으로 할게요. 요금은 얼마예요?
#Person1#: 하루에 78달러입니다.
#Person2#: 그리고 만약을 대비해서 보험도 추가하고 싶어요.
#Person1#: 전면 보험을 원하시면 하루에 8달러 추가됩니다.
#Person2#: 좋아요, 그것도 추가할게요.
#Person1#: 여기 저희 브로셔입니다. 음... 소형... 네. 이 섹션에서 모델을 선택해 주세요.
#Person2#: 이걸로 할게요.
#Person1#: 알겠습니다. 며칠 동안 사용하실 건가요?
#Person2#: 하루만 사용할게요.
#Person1#: 운전면허증을 보여주시겠어요?
#Person2#: 국제운전면허증도 괜찮나요?
#Person1#: 네, 괜찮습니다. 감사합니다. 이 양식을 작성해 주세요.",#Person2#는 전면 보험을 추가하여 소형차를 렌트합니다. #Person1#은 #Person2#에게 운전면허증을 보여 달라고 요청합니다.
dev.csv,그것,"#Person1#: 안녕하세요. 제 옆자리에 앉으셨네요. 35B석이 맞나요?
#Person2#: 아, 죄송해요. 제 짐 좀 옮길게요. 잠시만요.
#Person1#: 고마워요. 휴... 출발 대기하면서 오랫동안 기다렸어요.
#Person2#: 네, 베이징 출발이 지연됐거든요. 보안 검사 때문이었어요.
#Person1#: 네, 저도 같은 상황이었어요.
#Person2#: 런던 가세요?
#Person1#: 네. LSE에서 국제 관계 석사 과정 하려고요.
#Person2#: 정말요? 흥미롭겠네요. 공부 잘하시나 봐요.
#Person1#: 그럼 당신도 런던 가세요?
#Person2#: 네, 사실은 Middlesex 대학교에서 경영학 공부하러 가요.
#Person1#: 그것도 흥미롭겠네요.
#Person2#: 사실 부모님이 경영학 공부하라고 하셔서요. 저는 철학 공부하고 싶은데, 아버지가 가족 사업 물려받으라고 하세요. 경영학 공부하면 부자가 될 거라 생각하세요.
#Person1#: 뭐, 가난하게 살고 싶어하는 사람은 없죠... 아, 음료 카트가 왔네요. 뭐 드시겠어요?
#Person2#: 콜라로 할게요. 아, 참, 이름을 못 들었네요.
#Person1#: 아, 죄송해요. 깜빡했네요. Ali라고 해요.","#Person1#은 비행기에서 #Person2#와 옆자리에 앉아 런던으로 가는 이유에 대해 이야기합니다. #Person1#은 LSE에서 국제 관계 석사 과정을, #Person2#은 Middlesex 대학교에서 경영학을 공부하러 갑니다."
dev.csv,그것,"#Person1#: 이 아파트를 임대하고 싶어요.
#Person2#: 좋네요.
#Person1#: 임대료가 얼마인가요?
#Person2#: 월 1050달러입니다.
#Person1#: 너무 비싸네요.
#Person2#: 저는 그렇게 생각하지 않아요.
#Person1#: 850달러는 어떤가요?
#Person2#: 그건 부족해요.
#Person1#: 그것이 제가 낼 수 있는 최대 금액이에요.
#Person2#: 850달러로는 안 돼요.
#Person1#: 다시 고려해주실 수 있나요?
#Person2#: 이것이 제 최종 제안입니다. 선택하세요.","#Person1#는 #Person2#와 아파트 임대에 대해 협상하지만, 임대료 금액에 대한 합의에 이르지 못합니다."
dev.csv,그쪽,"#Person1#: 안녕하세요, Mr. Zhang. 무슨 일이세요? 별로 기분이 좋아 보이지 않네요. 데이트는 어땠어요?
#Person2#: 또 거절당했어요. 정말 답답하네요. 그쪽이 저 좀 가르쳐줘야 할 것 같아요.
#Person1#: 나요? 나도 당신보다 경험이 더 없는데요.
#Person2#: 적어도 미국 여자들이 남자에게 무엇을 원하는지는 알잖아요.
#Person1#: 믿거나 말거나, 제 생각엔 미국 여자들은 건강한 남자를 좋아하는 것 같아요. 중국 여자들은 그다지 신경 쓰지 않을 수도 있죠. 솔직한 의견이에요. 당신이 정말 많은 노력을 하고 있다는 걸 알아요.
#Person2#: 미국 남자들은 자연스럽게 중국 남자들보다 키가 크잖아요. 그러니까 내가 운동을 해도 별로 가능성이 많진 않겠죠.
#Person1#: 아니에요, 그렇지 않아요. 미국 여자랑 결혼한 중국 남자 두 명을 만난 적이 있어요. 근데 그 중국 남자들은 아주 강하고 건강해 보였어요. 그러니까 더 자주 운동하면 미국 여자랑 데이트하는 게 분명히 더 쉬울 거예요. Jackie Chan이 몇 살이지요? 그는 작고 키도 작은데요. 하지만 아마 그가 원하는 미국 여자라면 누구라도 가질 수 있을 거예요.
#Person2#: 그거 정말 큰 변화가 될 텐데요. 왜냐면 저는 운동을 전혀 안 하거든요.
#Person1#: 그럼 한 번 시도해 보지 그래요? 그게 미국 여자 만나는 데 도움이 되지 않더라도, 더 강하고 건강한 몸을 가질 수 있잖아요. 그래서 손해 볼 건 없다고 봐요.",Mr. Zhang은 또다시 거절당한 후 #Person1#에게 조언을 구합니다. #Person1#은 미국 여자들이 건강한 남자를 선호한다고 말하며 Mr. Zhang에게 운동을 권유합니다.
dev.csv,이걸,"#Person1#: 주문하시겠어요, 손님?
#Person2#: 네, 부탁드려요. 스테이크랑 버섯 주세요.
#Person1#: 스테이크는 어떻게 해드릴까요? 레어, 미디엄, 아니면 웰던으로 하시겠어요?
#Person2#: 웰던으로 해주세요.
#Person1#: 함께 드릴 감자는 어떤 걸로 하시겠어요? 으깬 감자, 삶은 감자, 구운 감자 중에서요?
#Person2#: 구운 감자로 할게요. 그리고 아이스티에는 레몬도 주세요.
#Person1#: 알겠습니다. 그럼 이제 스프나 샐러드를 먼저 시작하시겠습니까?
#Person2#: 크림 양파스프로 주세요.
#Person1#: 디저트는 안 드시겠습니까, 손님?
#Person2#: 디저트는 생략할게요. 이걸로 끝입니다, 고맙습니다.
#Person1#: 알겠습니다, 잠시만 기다려 주세요.","#Person1#은 #Person2#가 웰던 스테이크, 버섯, 구운 감자, 아이스티 및 수프를 주문할 수 있도록 도왔습니다."
dev.csv,이걸,"#Person1#: 저기, 디지털 카메라 좀 볼 수 있을까요?
#Person2#: 네, 물론이죠. 이거 정말 좋은 제품이에요.
#Person1#: 얼마예요?
#Person2#: 이건 1500위안이에요.
#Person1#: 꽤 좋아 보이네요. 이걸로 할게요.
#Person2#: 다른 거 더 필요하신 건 없나요?
#Person1#: 그게 다예요. 감사합니다.",#Person1#은 #Person2#의 도움으로 카메라를 구매합니다.
dev.csv,이걸,"#Person1#: 주방에서 쓸 프라이팬을 찾고 있어요.
#Person2#: 어떤 크기의 프라이팬을 생각하고 계시죠?
#Person1#: 작은 프라이팬은 이미 있는데, 큰 게 필요해요.
#Person2#: 이게 괜찮을 것 같은데요.
#Person1#: 아, 이건 너무 무거워요.
#Person2#: 그럼, 이 알루미늄 팬 들어보세요. 같은 크기인데요.
#Person1#: 네, 아주 가볍네요. 그런데 이 알루미늄 손잡이는 싫어요.
#Person2#: 여기 비슷한 알루미늄 팬인데, 열에 강한 손잡이가 달려 있어요.
#Person1#: 아, 이거 정말 좋네요. 딱이에요. 이걸로 할게요.
#Person2#: 딱 맞는 팬을 찾을 줄 알았어요. 어떻게 결제하시겠어요?
#Person1#: 현금으로요. 근데 먼저 이 팬에 맞는 뚜껑이 필요해요.
#Person2#: 아, 문제없어요. 이 팬에 맞는 뚜껑입니다.",#Person1#은 프라이팬을 찾기 위해 #Person2#의 도움을 받아 만족스러운 제품을 구매합니다.
dev.csv,그의,"#Person1#: 오바마가 새 대통령이 됐다는 게 믿어지니?
#Person2#: 너무 기뻐.
#Person1#: 너 투표했어?
#Person2#: 그럼, 했지. 너는?
#Person1#: 나도 그를 뽑았어.
#Person2#: 난 우리 새 대통령을 완전히 믿어.
#Person1#: 정말로?
#Person2#: 그가 미국을 변화시킬 수 있을 것 같아.
#Person1#: 그러면 좋겠어. 미국은 진정 변화가 필요하니까.
#Person2#: 그가 당선된 것만으로도 이미 변화가 시작된 것 같아.
#Person1#: 나도 완전히 동의해.
#Person2#: 이제 나라가 그의 손안에 있으니 걱정 없어.","#Person1#과 #Person2#는 모두 오바마에게 투표했고, 그가 미국을 변화시킬 것이라고 믿는다."
dev.csv,그의,"#Person1#: 여보세요. 
#Person2#: 여보세요, 아빠? 
#Person1#: 그래... Mary구나! 잘 지내니? 무슨 일 있니? 
#Person2#: 아, 아니에요. 그냥 아빠랑 엄마가 어떻게 지내시는지 궁금해서 전화했어요. 마지막으로 뵌 지 꽤 됐잖아요.
#Person1#: 아, 우린 둘 다 잘 지내고 있어. 네 엄마는 지금 새로 생긴 쇼핑몰에 쇼핑하러 갔어.
#Person2#: 새 드레스를 사러 가셨어요?
#Person1#: 아니, 이번에는 신발 사러 간 것 같아. David는 어때?
#Person2#: 잘 지내요. 일도 좋아하고 지난달에 Mr. Smith한테 월급 인상도 받았어요. 우리 모두 그 점에 기뻐하고 있어요.
#Person1#: 잘됐네. 아이들은 어때?
#Person2#: 음, George는 오늘 학교에 안 갔어요. 심각한 건 아니고, 그냥 감기가 좀 심하게 걸려서요. 그리고 오늘 생일이에요!
#Person1#: 아, 난 그의 생일이 #DateOfBirth#인 줄 알았는데.
#Person2#: 아니에요. #DateOfBirth#이에요.
#Person1#: 아, 그랬구나. 선물 보내준다고 전해줘.
#Person2#: 알겠어요. Diane은 여전히 댄스 레슨 받고 있어요.
#Person1#: 지금쯤이면 꽤 잘하게 됐겠네. Tom은 어때?
#Person2#: 걔도 잘 지내요. 지금은 자동차 정비소에서 아르바이트하고 있어요.
#Person1#: 네 목소리 들으니 정말 좋구나.
#Person2#: 네, 아빠. 얘기 나눠서 좋았어요. 엄마에게도 우리 사랑 전해주세요.
#Person1#: 알았어. 안녕.",Mary가 아버지에게 가족의 안부를 물으며 통화한다.
dev.csv,그의,"#Person1#: Rick이 일하는 법률 사무소의 상사가 그를 브라질로 한 달 동안 일하러 보내게 됐다던데, 들었어?
#Person2#: 와, 좋겠다. 모든 비용이 다 제공된다니 Rick이 무척 좋아하겠네. 항공편, 식사, 호텔 비용까지 전부 포함이라면서... 게다가 이번이 처음으로 미국을 벗어나는 거래.
#Person1#: 맞아. Rick이 얼마나 기대하고 있는지, 그리고 그의 여동생이 그를 얼마나 존경하는지 정말 알 수 없어! 일 끝나고 해변에서 즐기고, 여동생에게 줄 선물도 사기로 했대.
#Person2#: Rick 혼자 가는 거야?
#Person1#: 응, 혼자 가는 거래.
#Person2#: 언제 떠난대?
#Person1#: 삼일 전에 들었는데, 아마 일주일 후쯤 떠날 것 같아.","#Person1#은 #Person2#에게 Rick이 일주일 후 브라질로 떠나 한 달간 일할 예정이며, 혼자 가며 모든 비용이 제공된다고 말했다."
dev.csv,이곳,"#Person1#: 에이미, 얼굴이 안 좋아 보여. 무슨 일 있어? 
#Person2#: 응, 몸이 안 좋아. 아침 내내 기침이 나와. 
#Person1#: 다른 건 어때? 
#Person2#: 응, 추워지고 몸이 찌뿌둥해. 
#Person1#: 이런 느낌 들었던 적 있어? 
#Person2#: 아니, 오늘이 해외에 나온 첫날이야. 뭐가 문제인지 모르겠어. 
#Person1#: 걱정하지 마. 그냥 이곳 기후랑 안 맞는 것 같아. 약 좀 가져올게. 푹 자면 괜찮아질 거야. 
#Person2#: 정말 고마워.","에이미는 몸이 좋지 않음을 호소하며, 기침과 추위를 느낀다. #Person1#은 그녀가 현지 기후에 적응하지 못해서 그런 것 같다고 생각하며 약을 가져다 주기로 한다."
dev.csv,이곳,"#Person1#: 이게 맞는 정류장인지 잘 모르겠어, 우리가 내려야 할 곳 맞아?
#Person2#: 어, 여기서 내려야 돼.
#Person1#: 근데 여기가 어디인지 알아?
#Person2#: 사실 나도 정확히는 몰라.
#Person1#: 이곳이 맞는 곳 같지 않아.
#Person2#: 나도 그런 것 같아.
#Person1#: 우리 너무 일찍 내린 거 아니야?
#Person2#: 맞아, 너무 일찍 내린 것 같아.
#Person1#: 그냥 버스에 계속 있었어야 했네.
#Person2#: 내가 실수했어.
#Person1#: 아, 이제 걸어가야겠네.
#Person2#: 아니면 다음 버스를 기다릴래?",#Person1#과 #Person2#는 #Person2#의 판단 실수로 인해 버스에서 너무 일찍 내렸습니다.
dev.csv,이곳,"#Person1#: 뉴욕에 얼마나 계실 건가요?
#Person2#: 그냥 사흘 정도요. 이 짐들은 필요 없을 것 같은데, 여기 두고 가도 될까요?
#Person1#: 죄송하지만, 연결 비행기 사이에 24시간 이상 머무르시면 이곳에서는 짐을 맡길 수 없습니다.
#Person2#: 아, 그럼 공항 보관소에 맡기면 되겠네요.
#Person1#: 맞아요, 저쪽에 있어요.","#Person2#가 #Person1#에게 짐을 여기에 둘 수 없다는 설명을 듣고, 공항 보관소에 맡기기로 결정합니다."
dev.csv,이것,"#Person1#: 이 아파트를 임대하고 싶어요.
#Person2#: 좋네요.
#Person1#: 임대료가 얼마인가요?
#Person2#: 월 1050달러입니다.
#Person1#: 너무 비싸네요.
#Person2#: 저는 그렇게 생각하지 않아요.
#Person1#: 850달러는 어떤가요?
#Person2#: 그건 부족해요.
#Person1#: 그것이 제가 낼 수 있는 최대 금액이에요.
#Person2#: 850달러로는 안 돼요.
#Person1#: 다시 고려해주실 수 있나요?
#Person2#: 이것이 제 최종 제안입니다. 선택하세요.","#Person1#는 #Person2#와 아파트 임대에 대해 협상하지만, 임대료 금액에 대한 합의에 이르지 못합니다."
dev.csv,이것,"#Person1#: 저기요, 여기 자리 비어 있나요?
#Person2#: 네, 비어 있어요.
#Person1#: 아, 감사합니다.
#Person2#: 제가 이것 좀 도와드릴게요.
#Person1#: 아, 감사합니다.
#Person2#: 창가 쪽에 앉고 싶으세요?
#Person1#: 아니요, 저는 복도 쪽 자리가 더 좋아요. 창가 쪽은 괜찮으세요?
#Person2#: 제 이름은 Mike Gerard Hogan입니다. 만나서 반가워요.
#Person1#: 저는 Elsa Tobin입니다. 안녕하세요?
#Person2#: 뉴욕에 사세요?
#Person1#: 아니요, 플로리다 출신이에요.
#Person2#: 저도 그래요. 근데 방금 타신 건 아니죠?
#Person1#: 아니요, 자리만 바꿨어요. 옆에 사람이 담배를 피워서 연기가 싫더라고요.","Elsa Tobin은 담배 연기를 피하기 위해 자리를 바꿨고, 그 과정에서 창가 쪽의 Mike Gerard Hogan과 인사를 나누었다."
dev.csv,이것,"#Person1#: 제 딸을 위한 물건 좀 찾고 있는데, 도와주실 수 있을까요?
#Person2#: 노트북은 어떠세요?
#Person1#: 아, 그거 좋을 것 같아요.
#Person2#: 맥북을 많이들 선호하시죠.
#Person1#: 맞아요, 제 딸도 맥북을 좋아해요. 가격이 어떻게 되나요?
#Person2#: 저희 15인치 프로 모델은 2,100달러입니다.
#Person1#: 제 딸이 정말 좋아할 거예요. 하나 주세요.
#Person2#: 좋은 선택하셨습니다. 결제는 어떻게 하시겠어요?
#Person1#: 비자 카드로 결제할게요.
#Person2#: 여기 서명해 주시면 됩니다.
#Person1#: 추가로 필요한 건 없을까요?
#Person2#: 이것만으로 충분할 거예요. 액세서리 필요하시면 언제든 다시 방문해 주세요.
#Person1#: 많이 도와주셔서 감사합니다.
#Person2#: 좋은 하루 보내세요, 그리고 저희 가게 방문해주셔서 감사합니다.","#Person1#은 #Person2#의 도움으로 딸을 위한 노트북을 구매하고, 맥북을 선택하여 비자 카드로 결제합니다. #Person2#는 액세서리가 필요하면 다시 방문하라고 제안합니다."
dev.csv,저쪽,"#Person1#: 중국 요리 재료를 어디서 살 수 있는지 아는 사람 있어요?
#Person2#: 켄징턴 하이 스트리트에 있는 슈퍼마켓에 가면 될 것 같아요. 같이 가줄게요.
#Person1#: 정말 고마워요. 여기 카트 하나 받아요. 무엇이 필요해요?
#Person2#: 만두에 넣을 재료가 필요해요. 배추 같은 거요.
#Person1#: 과일과 채소는 저쪽에 있어요.
#Person2#: 돼지고기도 필요해요. 고기 코너는 어디예요?
#Person1#: 저쪽이에요.",#Person2#가 #Person1#에게 중국 요리 재료를 찾는 것을 돕습니다.
dev.csv,저쪽,"#Person1#: 저기요, 계산할게요.
#Person2#: 이름 부를 때까지 기다려 주세요. 네, 진찰비하고 3일치 약값이 포함돼서 총 백 위안입니다.
#Person1#: 여기 있습니다.
#Person2#: 네, 영수증 드릴게요. 약국은 저쪽이에요. 그런데, 회사 보험으로 처리되나요?
#Person1#: 아니요, 제가 직접 낼 거예요. 하지만 개인 보험이 있어요.
#Person2#: 그러면, 환급 받을 수 있도록 증명서를 드릴게요.
#Person1#: 정말 감사합니다.
#Person2#: 이 영수증 잃어버리지 마세요. 보험사 서류 문제가 있을 때 도움이 필요하거든요.","#Person1#은 #Person2#의 도움으로 계산을 하고, 보험 청구를 위해 영수증을 잘 보관하라는 조언을 받습니다."
dev.csv,저쪽,"#Person1#: 여름이 정말 좋아! 더운 것도 아니고, 선선한 바람과 맑은 공기, 온통 푸르른 게 너무 좋아.
#Person2#: 이번 휴가 정말 멋졌어. 연못 주변이나 저쪽 숲으로 잠깐 산책할까?
#Person1#: 둘 다 하자! 우리 급한 거 아니잖아?
#Person2#: 응, 급하지 않아. 원래는 오늘 밤 함부르크에 머무르려고 했는데, 서두르지 않으면 안 될 것 같아. 대신 브레멘에 머물러. 내일 함부르크에서 점심 먹고, 코펜하겐 호스텔에 체크인해서 저녁 먹으면 되잖아.
#Person1#: 그래, 괜찮아. 어쨌든, 먼저 이 연못부터 즐기자.
#Person2#: 좋아. 저 길 따라 숲으로 들어가자. 저기 봐! 갈대 속에 야생 오리들이 있어.
#Person1#: 보여! 와우! 어떻게 야생 오리인지 알아?
#Person2#: 삼촌이랑 사냥 다닌 적 있어서 그래.
#Person1#: 정말 멋지네. 이제 저 길 따라 숲으로 들어가서 뭐가 있는지 보자...","#Person1#과 #Person2#는 연못에서 시간을 보내며 천천히 걷고 있습니다. 원래 오늘 밤 함부르크에 머무르려 했지만, 급하지 않아서 브레멘에서 머물기로 결정합니다."
dev.csv,그날,"#Person1#: Wangfujing Grand Hotels입니다. 무엇을 도와드릴까요?
#Person2#: 다음 주 토요일과 일요일 밤에 방이 있나요?
#Person1#: 잠시만 기다려 주세요. 그날의 방 예약 가능 여부를 확인해보겠습니다... 네, 다음 주말에 몇 방 남아 있습니다. 더블 룸, 스위트룸, 그리고 일본식, 로마식, 프렌치식과 대통령 스타일의 디럭스 스위트룸이 있어요. 어떤 걸 선호하시나요?
#Person2#: 더블 룸으로 해주세요.
#Person1#: 알겠습니다. 성함을 알려주시겠어요?
#Person2#: 제 이름은 Monica Cellar예요.
#Person1#: 알겠습니다, Ms. Monica. 다음 주 토요일과 일요일 밤에 더블 룸으로 예약해 드렸습니다. 그럼 그때 뵙겠습니다!
#Person2#: 감사합니다.","Monica는 다음 주 토요일과 일요일 밤의 방 예약을 위해 호텔에 전화했고, 리셉션에서 도움을 받았습니다."
dev.csv,그날,"#Person1#: 금요일 영화 표 두 장 주세요.
#Person2#: 어느 영화 표를 원하시나요, 손님?
#Person1#: 아, 맞다. Dark and Stormy Night요.
#Person2#: 죄송하지만, 그 영화는 매진되었습니다.
#Person1#: 그럼, 토요일이나 일요일은 어때요?
#Person2#: 네, 손님, 그 영화는 그날들에 표가 있습니다.
#Person1#: 토요일 중간 줄에 남은 자리 있나요?
#Person2#: 네, 있지만 서로 붙어있지 않습니다.
#Person1#: 아, 아쉽네요. 저희는 함께 앉고 싶어요.
#Person2#: 그렇다면, 앞줄이나 뒷줄에 함께 앉을 자리는 아직 남아 있습니다.
#Person1#: 앞줄 괜찮네요. 표 금액이 얼마인가요?
#Person2#: 총 25달러입니다.
#Person1#: 좋아요, 그것들로 할게요.",#Person2#는 #Person1#이 토요일에 Dark and Stormy Night 영화의 표 두 장을 예약할 수 있도록 돕습니다. 좌석은 앞줄이며 서로 붙어 있습니다.
dev.csv,그날,"#Person1#: 트리나, 나랑 결혼해줄래?
#Person2#: 네! 네! 그리고 네! 제러드, 물론 당신과 결혼할게요!
#Person1#: 아, 자기야, 당신과 평생을 함께 하고 싶어! 앞으로 겪게 될 모든 모험들, 싸우고 웃으면서 시간이 지나 주름 많고 나이 들어가는 모습이 기대돼.
#Person2#: 아, 제러드! 우리 결혼식이 정말 기다려져! 당신이 싫어하지 않으면 좋겠지만, 사실 벌써 날짜를 정했어요! 여름에 6개월 후로요! 멜리사가 지난달 당신이 반지를 사는 걸 봐서 이미 계획을 시작할 시간이 충분했어요!
#Person1#: 뭐라고?
#Person2#: 아, 괜찮아, 자기야. 당신이 언제 프로포즈할지 몰랐으니까 아직도 깜짝 놀랄 만한 일이었어요! 어쨌든 거의 다 계획했어요. 할 일이 거의 남지 않았어요! 초대 손님 명단을 작성했더니 대략 400명 정도가 참석할 예정이에요.
#Person1#: 400명?
#Person2#: 걱정하지 마세요. 우리 부모님이 대부분의 결혼식 비용을 부담하기로 하셨고, 저예산으로 진행하려고 해요. 그래서 대략 400명 정도로, 노스우즈 하이츠 홀을 리셉션 장소로 정했어요. 당신 부모님 교회에서 결혼식을 하고 제 삼촌이 주례를 맡아 주시면 좋을 것 같아요. 조만간 결혼 준비 상담도 받을 거예요. 결혼식 음악은 간단하게 해결됐어요. 제 의붓자매와 그녀의 현악 4중주가 맡을 예정이고, 제 사촌이 공식 사진사가 될 거예요. 그 사촌의 딸이 솔로로 노래하는 것도 좋을 것 같아요. 오페라 가수가 될 예정인 거 알죠?
#Person1#: 아... 
#Person2#: 그리고 교회 여성분들이 연회장에서 음식을 준비해주시고, 청소년 그룹이 서빙할 거예요. 당신 친구의 밴드가 그날 밤 우리의 엔터테인먼트를 맡아도 좋겠다고 생각했어요. 다만 약간 조절해야 할 수도 있어요. 아니면 DJ를 고용할 수도 있고요. 당신 여동생의 남편이 결혼식 장식 회사를 통해 할인을 받을 수도 있겠죠. 이름이 뭐였더라? 저는 섬 파라다이스 테마의 결혼식을 하고 싶고, 테마 색상은 아쿠아마린처럼 차분한 파란색으로 했으면 좋겠어요. 그리고 우리는 이곳 강단 뒤에 큰 조개껍데기를 두고 건배할 거예요! 결혼식 답례품으로 작은 음료 믹스 패키지는 어떨까요? 누구를 빠뜨렸을까요? 아, 당신 삼촌이 플로리스트가 되고 삼촌 부인이 웨딩케이크를 만들어 주시면 좋겠어요!
#Person1#: 와.
#Person2#: 보세요? 정말 멋질 거예요! 이 결혼식은 제가 꿈꾸던 모든 게 될 거예요.
#Person1#: 내가 앞으로 6개월을 버틸 수 있다면 말이지.","트리나는 제러드의 프로포즈를 받아들입니다. 제러드는 트리나가 멜리사에게서 그가 반지를 사는 것을 봤다는 이야기를 듣고, 결혼을 계획하고 있는 것을 알게 되어 놀랍니다. 트리나는 이미 날짜를 정하고 400명의 손님 명단을 작성한 상태로, 그녀의 준비 사항을 들떠서 이야기합니다. 제러드는 이를 받아들이기 힘들어합니다."
dev.csv,저번,"#Person1#: 안녕! 저번 주에 샀다는 새 노트북 맞아? 정말 예쁘다. 
#Person2#: 맞아. 고마워. 지금 인터넷 서핑 중이야.
#Person1#: 여기 카페에서? 어떻게 그게 가능해?
#Person2#: 이 카페는 무선 인터넷을 제공해. 그래서 여기 있는 동안은 공짜로 인터넷을 사용할 수 있어. 물론 커피 한 잔은 사야지!
#Person1#: 그거 좋네. 어디서나 할 수 있어?
#Person2#: 아니, 무선 인터넷을 제공하는 카페에서만 할 수 있어. 이 도시에 그런 곳이 대략 10개나 12개 정도밖에 없어.
#Person1#: 그래서 노트북에 어떤 프로그램이 깔려 있어?
#Person2#: 보통 문서 작업에 필요한 건 다 있고, 사진 편집하고 만드는 데 쓰는 프로그램도 몇 개 있어.
#Person1#: 네가 사진 찍는 걸 좋아하는 거 알아. 디지털 카메라에서 사진을 다운로드할 수 있는 건 정말 유용하겠다. 그리고 그 사진 파일을 이메일에 첨부해서 언제 어디서나 보낼 수 있잖아!
#Person2#: 멋지지 않아? 최근에 찍은 사진 좀 보고 싶어?","#Person2#는 #Person1#에게 새 노트북의 기능, 사진 편집 프로그램, 카페에서 무선 인터넷을 사용해 인터넷 서핑하는 방법에 대해 이야기합니다."
dev.csv,저번,"#Person1#: 어젯밤에 자려고 하는데 전화가 오더라고. 
#Person2#: 누구한테서 온 거야? 
#Person1#: 케이트였어. 너무 흥분해서 잠을 못 자겠다고 하더라고. 
#Person2#: 걔는 참 다른 사람 생각 안 하는구나. 
#Person1#: 맞아. 우리 어젯밤에 무슨 얘기했는지 맞혀봐. 
#Person2#: 새 남자친구 얘기지, 안 그래? 
#Person1#: 맞춰봐, 너 어떻게 알았어? 
#Person2#: 나도 저번 주에 그런 이유로 전화받았어.",#Person1#과 #Person2# 모두 케이트의 새 남자친구 이야기로 인해 방해받았다.
dev.csv,이쪽,"#Person1#: 안녕하세요, 손님. 
#Person2#: 안녕하세요. 저희 4명이 앉을 테이블이 필요해요.
#Person1#: 이쪽으로 오세요. 창가 쪽이라 전망이 좋아요. 앉으세요.
#Person2#: 감사합니다. 여기 중국 음식 맛있나요?
#Person1#: 네, 저희는 다양한 스타일의 중국 음식을 제공합니다. 후난 요리, 쓰촨 요리, 절강 요리가 있는데, 앞의 두 가지는 좀 매워요. 드셔보시겠어요?
#Person2#: 아니요, 저희는 조금 달콤한 맛을 좋아해요.
#Person1#: 그러면 절강 요리가 좋을 겁니다. 여기 메뉴입니다. 무료 주스도 좀 가져다 드릴게요.","#Person2#가 중국 음식점에 방문하여, #Person1#이 #Person2#의 입맛에 맞춰 절강 요리를 추천했습니다."
dev.csv,이쪽,"#Person1#: 손님, 도와드릴까요?
#Person2#: 네, 이 스테레오는 어떤 보증이 있나요?
#Person1#: 저희 매장은 90일 반품 정책을 제공하고, 제조업체는 공장 결함에 대해 1년 보증을 합니다.
#Person2#: 매장 정책에는 어떤 조건이 있나요?
#Person1#: 스테레오를 원래 포장 상태로 영수증과 함께 반품해 주시면 환불해 드립니다.
#Person2#: 알겠습니다. 제조업체 보증은 어떻게 받나요?
#Person1#: 보증 카드와 영수증 사본을 보내시면 됩니다.
#Person2#: 알겠습니다, 괜찮네요. 그럼 이걸로 할게요.
#Person1#: 네, 이쪽으로 오시면 계산해 드리겠습니다.","#Person2#는 스테레오에 대한 보증 종류와 매장 정책의 조건, 제조업체 보증을 받는 방법에 대해 #Person1#에게 묻습니다."
dev.csv,이쪽,"#Person1#: 무엇을 도와드릴까요? 
#Person2#: 네, 초록색 드레스를 찾고 있어요.
#Person1#: 사이즈는 어떻게 되세요? 이 드레스들은 세일 중이에요.
#Person2#: 32 사이즈요. 이거 괜찮아 보이네요. 어디서 입어볼 수 있나요?
#Person1#: 이쪽으로 오세요. 여기 탈의실입니다.
#Person2#: 어떤가요?
#Person1#: 잘 어울리세요. 그리고 가격도 저렴해요.
#Person2#: 얼마인가요?
#Person1#: $20밖에 안 해요.
#Person2#: 그럼 살게요.","#Person1#이 #Person2#에게 초록색 드레스를 추천하고, #Person2#는 드레스를 입어본 후 구매합니다."
dev.csv,저거,"#Person1#: 이 커피 테이블 어때?
#Person2#: 괜찮은데 우리 방 색이랑 안 맞는 것 같아.
#Person1#: 그럼 이건 어때?
#Person2#: 아, 저런 종류는 더러워지기 쉬워서 청소하기 힘들어.
#Person1#: 그럼 다른 거 좀 보자.
#Person2#: 저거 봐, 이건 우리 방이랑 잘 어울리고 가격도 저렴해.
#Person1#: 게다가 청소도 쉽지? 정말 매력적이네.",#Person1#과 #Person2#는 방에 어울리는 커피 테이블을 고르고 있다.
dev.csv,저거,"#Person1#: 뭐 듣고 있어? 저거 베토벤 아니면 모차르트야?
#Person2#: 베토벤이야. 좋아해?
#Person1#: 베토벤 음악 정말 대단하다고 생각해. 그 음악 들으면 더 똑똑해진다는 얘기 들었어. 그거 믿어?
#Person2#: 글쎄, 잘 모르겠지만 사람들이 편안함을 느끼는 데는 도움이 된다고 생각해.
#Person1#: 다른 음악도 들어?
#Person2#: 사실 거의 클래식 음악만 들어. 너는?
#Person1#: 솔직히 클래식 음악은 나한테 좀 복잡한 것 같아.
#Person2#: 그럼 어떤 음악 좋아해?
#Person1#: 팝 음악 좋아해. 너는?
#Person2#: 별로야. 팝 음악에는 깊이가 부족하다고 생각해.
#Person1#: 무슨 말인지 알겠어. 그래서 내가 그걸 더 좋아하는 것 같아.
#Person2#: 언제부터 팝 음악 좋아했어?
#Person1#: 원래부터 좋아했어. 너는 클래식 음악 언제부터 좋아했어?
#Person2#: 별로. 어릴 땐 음악 잘 안 들었어.
#Person1#: 어떻게 관심 가지게 됐어?
#Person2#: 음, 내가 10살쯤 피아노 치기 시작했을 때부터인 것 같아.
#Person1#: 아직도 피아노 치니?
#Person2#: 응, 그게 내 취미 중 하나야.","#Person1#은 #Person2#에게 베토벤의 음악이 사람들을 더 똑똑하게 만든다는 이야기를 하지만, #Person2#는 그것이 사람들에게 편안함을 준다고 말한다. 이후, 그들은 각자의 선호하는 음악 장르에 대해 이야기하고, #Person1#은 #Person2#가 클래식 음악에 관심을 가지게 된 계기를 묻는다."
dev.csv,저거,"#Person1#: 저기, 장 본 것 좀 도와줄래? 내가 쇼핑해도 된다고 했잖아.
#Person2#: 와! 이 모든 게 정말 필요한 거야? 영수증 좀 보자.
#Person1#: 나 필수적인 것만 샀어.
#Person2#: 그래, 보자. 개 사료가 24.70달러? 우리 개도 없잖아!
#Person1#: 사실 이거 깜짝 선물인데, 트럭 뒤를 봐봐.
#Person2#: 뭐?
#Person1#: 아하하, 말이 없지. 네가 좋아할 줄 알았어.
#Person2#: 저거? 저 개는 말처럼 크잖아. 먹이도 말처럼 많이 먹겠어.
#Person1#: 아, 그래도 엄청 친절해. 누가 슈퍼에서 이 개를 그냥 준다고 하길래, 불쌍한 애가 사랑받는 집 없이 하루를 더 보내게 할 순 없었어.
#Person2#: 뭐든지. 어디 보자. 토마토 주스 24캔에 18.19달러라고? 너 그거 좋아하지도 않잖아!
#Person1#: 아직은. 내 식습관을 바꾸기로 했거든.
#Person2#: 그래.
#Person1#: 두고 봐, 봐봐.
#Person2#: 좋아, 보자. 초콜릿 쿠키 3.84달러, 그리고 탄산음료 한 상자에 12.56달러.
#Person1#: 맞아!
#Person2#: 식습관 바꾼다고? 쿠키가 다이어트 식품의 일종이라고 생각해?
#Person1#: 이게 말이야, 내가 2시간마다 쿠키 한두 개만 먹을 거야. 사실 쿠키는 에너지를 위한 훌륭한 탄수화물 원천이거든. 그리고 토마토 주스랑 쿠키가 서로 상쇄된다고나 할까.
#Person2#: 참 어이가 없네. 내가 뭘 듣고 있는지도 모르겠어. 어, 어디 보자? 달걀 하나, 우유 한 갤런에 2.50달러, 참치캔 세 개. 좋아. [응.] 마지막으로 8.14달러짜리 스테이크 두 개. 이제야 제대로 된 게 있네. 내가 그릴에 불 붙일게.
#Person1#: 어, 저기... 저기, 스테이크는 Herbert 거야.
#Person2#: Herbert? Herbert가 누구야?
#Person1#: 어... 그 개야.
#Person2#: 안 돼!
#Person1#: 이유가 있어, 이전 주인이 말하기를 그가 먹는 것에 약간 까다롭대.
#Person2#: 안 돼!
#Person1#: 스테이크가 새 집에 적응하는 데 도움 될 거야.
#Person2#: 절대 안 돼!
#Person1#: 안 돼, 안 돼, 스테이크는 새 집에 적응하게 도와줄 거라고. 어, 너 뭐 하는 거야? 아... 왜 스테이크를 밖으로 던진 거야?
#Person2#: 이제 너랑 Herbert가 좀 더 친해질 기회가 생겼네. 나 혼자 나가서 먹을래.
#Person1#: 아으.",#Person2#는 #Person1#의 쇼핑 영수증을 보고 개를 위한 물건만 많고 #Person2#를 위한 건 적다는 사실에 화를 냅니다. #Person1#은 Herbert라는 개를 집으로 데리고 오고 싶어합니다. #Person2#는 스테이크가 Herbert를 위한 것이지 #Person2#를 위한 것이 아니라는 것을 알고 더 화를 냅니다.
dev.csv,저건,"#Person1#: 아담, 학교 좀 구경시켜 줄 수 있어?
#Person2#: 물론이지.
#Person1#: 제일 높은 건물은 뭐야?
#Person2#: 운동장 근처 하얀 건물 말하는 거야?
#Person1#: 응, 맞아.
#Person2#: 저건 도서관이야. 책이 백만 권 이상 있어.
#Person1#: 도서관 남쪽에 있는 건물은 뭐야?
#Person2#: 우리 학교는 중학교와 고등학교 두 부분으로 나누어져 있거든. 그건 우리 고등학교의 새 교실 건물이야.
#Person1#: 학교에 수영장은 있어?
#Person2#: 응. 큰 수영장이 있는데 여름에만 이용할 수 있어.
#Person1#: 부럽다. 나도 언젠가 너희 학교에 들어가고 싶어.
#Person2#: 네 꿈이 꼭 이뤄질 거라고 믿어.","#Person1#은 아담에게 학교를 구경시켜 달라고 요청하고, 아담의 학교에 들어가고 싶다고 희망한다."
dev.csv,저건,"#Person1#: 저건 내 알람 소리야. 호텔에서 11시에 약속이 있어. 
#Person2#: 벌써 11시야? 
#Person1#: 아니야, 아니야. 사실 10시 30분이야. 내 시계를 30분 빠르게 맞춰놨어. 
#Person2#: 넌 절대 늦지 않나 봐? 
#Person1#: 절대 안 늦어. 그럴 수 없어!","#Person1#은 #Person2#에게 11시 호텔 약속 때문에 알람이 울렸다고 말하며, 본인의 시계가 30분 빠르게 맞춰져 있어 항상 정시에 도착한다고 설명합니다."
dev.csv,저건,"#Person1#: 그건 세상에서 가장 지루하고 흔한 선물이야! 
#Person2#: 알아. 하지만 올해는 그에게 좀 더 재미있는 넥타이를 주고 싶어. 이런 거 말이야. 
#Person1#: 저건 대화의 주제가 되기엔 별로야. 너무 평범해. 
#Person2#: 이거 완벽해! 이건 딜버트 넥타이야! 
#Person1#: 대각선으로 된 검은색과 빨간색 줄무늬가 정말 보수적이긴 해... 
#Person2#: 근데 이거 봐봐... 딜버트 넥타이처럼 올라가. 안에 철사가 들어있어. 
#Person1#: 우와, 날아가는 넥타이라니! 정말 웃기다!",#Person1#은 #Person2#가 넥타이를 선물하겠다는 아이디어를 마음에 들어하지 않습니다. 그러나 #Person2#가 특별한 기능이 있는 넥타이를 보여주자 #Person1#이 그것을 멋지다고 생각하기 시작합니다.
dev.csv,저의,"#Person1#: 네, Mr. Wang. 공항까지 배웅해 주셔서 정말 감사합니다. 당신의 훌륭한 나라와 환대 덕분에 우리 모두 깊은 인상을 받았고, 당신의 업무 태도와 사업 방식 덕분에 중국인에 대한 저의 의견이 바뀌었습니다.
#Person2#: 정말요? 그렇게 말씀해 주시니 기쁘네요.
#Person1#: 맞아요. 이번 여행은 우리에게 매우 생산적이었어요.
#Person2#: 방문해 주셔서 다시 한번 감사드립니다. 답변 기다리고 있겠습니다.
#Person1#: 믿어주세요, Mr. Wang. 거래를 촉진하기 위해 최선을 다할 겁니다.
#Person2#: 사업 관계가 맺어진 것이 기쁩니다. 더 많은 비즈니스와 만남의 기회가 있기를 진심으로 바랍니다.
#Person1#: 그렇게 말씀해 주시니 정말 친절하시네요.
#Person2#: 정말 친절하시고 도움이 많이 되셨습니다. 다시 만나길 바랍니다.
#Person1#: 앞으로도 만날 기회가 있을 거라고 생각합니다.
#Person2#: 네, 이제 체크인하실 시간인 것 같네요. 혹시라도 어려움이 생기면 저희가 즉시 도와드릴게요.
#Person1#: 알겠습니다. 정말 감사합니다. 안녕히 계세요.
#Person2#: 안녕히 가세요.",Mr. Wang은 #Person1#을 공항에서 배웅하며 서로의 사업 관계에 대한 좋은 기대감을 나눴다.
dev.csv,저게,"#Person1#: 이리 와봐! 여기서 높은 녹나무가 보여. 
#Person2#: 응, 저기 주목나무도 몇 그루 보이네. 
#Person1#: 이 도시에서 정말 멋진 식물원이야. 
#Person2#: 자연의 소리를 들어봐! 음악 같아. 
#Person1#: 맞아, 나도 그렇게 느껴. 정말 기분 좋게 해줘. 
#Person2#: 저게 뭐야, Miss Liu? 
#Person1#: 빨간 꽃 말하는 거야? 모란꽃이야. 
#Person2#: 빨간색과 노란색 모란꽃들이 정말 아름다워. 
#Person1#: 네가 정말 좋아하는구나, 맞지? 
#Person2#: 당연하지. 오늘 사진 많이 찍을 거야. 
#Person1#: 내가 도와줄게. 
#Person2#: 정말 친절하네. 고마워.",Miss Liu와 #Person2#는 식물원을 방문하고 있으며 #Person2#는 그곳의 풍경을 즐기고 Miss Liu는 사진 촬영을 도와주겠다고 합니다.
dev.csv,그림,"#Person1#: 너 미술 좋아해? 
#Person2#: 그렇게 열정적이진 않아. 1년에 한두 번 미술 전시회 가는 건 좋아해. 근데 미술이나 조각에 대해 아는 건 거의 없어. 너는 진짜 미술 애호가야? 
#Person1#: 난 미술 전시회 가는 걸 좋아해. 특히 추상 미술 전시회가 열릴 때.
#Person2#: 그런 그림들은 이해하기 어려워. 나한텐 너무 추상적이야. 학교 다닐 때 미술 수업에 관심이 별로 없었어.
#Person1#: 미술은 모두의 취향이 아니니까. 나 내일 국립 미술관에 전시회 보러 갈 거야. 그리스와 로마 조각 전시야.
#Person2#: 나 조각은 좋아해, 특히 고대 로마나 그리스의 것들 말이야. 몇 시에 갈 생각이야? 나도 같이 가고 싶어.
#Person1#: 점심 일찍 먹고 바로 가려고. 그거 괜찮아? 51번 버스 타면 바로 갈 수 있어.
#Person2#: 좋지. 몇 시에 버스 정류장에서 만날까?
#Person1#: 12시 30분에 만나자. 전시 다 보려면 아마 3~4시간은 걸릴 거야.","#Person1#은 미술 전시회를 좋아하며, #Person2#은 그림보다는 고대 조각에 관심이 있다. 그들은 함께 그리스와 로마 조각 전시회에 가기로 한다."
dev.csv,그림,"#Person1#: 왜 이 직업을 선택하게 됐나요?
#Person2#: 음, 솔직히 하늘을 정말 좋아해요. 어릴 적에는 언젠가 푸른 하늘로 날아가고 싶다고 상상했거든요. 이제 그 꿈을 이룰 때가 온 것 같아요. 그리고 여행을 무척 좋아하고 사람들과 함께 일하는 것도 즐깁니다.
#Person1#: 영어로 의사소통하는 데 큰 어려움은 없나요?
#Person2#: 네, 영어는 꽤 유창하다고 생각해요. 지난달에는 중등 영어 교육 인증서도 받았어요.
#Person1#: 승무원의 책임은 무엇인지 아시나요?
#Person2#: 승무원의 주된 책임은 승객들이 비행 중에 편안하고 즐거운 시간을 보낼 수 있도록 하는 거예요. 그리고 좋은 서비스 제공도 중요하죠.
#Person1#: 건강은 괜찮으신가요?
#Person2#: 얼마 전에 종합 건강 검진을 받았는데, 상태가 아주 좋다고 나왔어요.
#Person1#: 간호 경험이 있나요?
#Person2#: 네, 2년 동안 간호 경험이 있고, 현재 병원에서 간호사로 일하고 있어요.
#Person1#: 키는 어떻게 되시고, 시력은 괜찮나요?
#Person2#: 제 키는 1미터 68센티미터예요. 시력 문제는 전혀 없습니다.
#Person1#: 자신의 강점과 약점은 뭐라고 생각하세요?
#Person2#: 제 강점은 친절함과 개방적인 태도라고 생각하고, 따뜻한 성격을 가지고 있다고 생각해요. 하지만 때로는 다른 사람들이 하는 것이 마음에 들지 않을 때, 그걸 말하기가 어려울 때가 있어요.
#Person1#: 승객이 말씀하시는 걸 이해하지 못하면 어떻게 하실 건가요?
#Person2#: 다른 언어로 시도하거나, 최대한 손짓이나 그림을 그려가며 설명할 것입니다.","#Person1#은 #Person2#와 승무원 직업을 위한 면접을 진행 중입니다. #Person1#은 #Person2#에게 동기, 영어 실력, 건강 상태, 간호 경험, 키, 시력, 강점, 약점 등을 질문하고 있습니다."
dev.csv,그림,"#Person1#: 방 벽이 좀 칙칙한 것 같아서 이 그림들로 장식해봤어.
#Person2#: 아, 이거 마음에 든다. 어디서 샀어?
#Person1#: 뉴욕 현대 미술관에서 샀어. 우리 미술사학과에서 거기서 특수 박물관 투어를 했거든.
#Person2#: 이거 미술관 컬렉션에 있는 작품의 복사본이야?
#Person1#: 응, 조지아 오키프의 '레이크 조지 윈도'라는 그림의 프린트야.
#Person2#: 사진처럼 보이네. 미술사학과에서 또 다른 박물관 투어 계획하고 있어?
#Person1#: 응, 다음엔 보스턴의 파인드 아웃 미술관에서 유럽 화가들 특별 전시회를 할 거야. 나도 그거 신청할까 해. 어쩌면 내 방 빈 벽들을 채울 다른 프린트를 가져올지도 몰라.",#Person1#이 #Person2#의 방 벽을 미술관 투어에서 구입한 그림들로 장식했다. #Person1#은 다음 미술관 투어에도 참가할 계획이다.
dev.csv,저 ,"#Person1#: 안녕하세요, Mr. Zhang. 무슨 일이세요? 별로 기분이 좋아 보이지 않네요. 데이트는 어땠어요?
#Person2#: 또 거절당했어요. 정말 답답하네요. 그쪽이 저 좀 가르쳐줘야 할 것 같아요.
#Person1#: 나요? 나도 당신보다 경험이 더 없는데요.
#Person2#: 적어도 미국 여자들이 남자에게 무엇을 원하는지는 알잖아요.
#Person1#: 믿거나 말거나, 제 생각엔 미국 여자들은 건강한 남자를 좋아하는 것 같아요. 중국 여자들은 그다지 신경 쓰지 않을 수도 있죠. 솔직한 의견이에요. 당신이 정말 많은 노력을 하고 있다는 걸 알아요.
#Person2#: 미국 남자들은 자연스럽게 중국 남자들보다 키가 크잖아요. 그러니까 내가 운동을 해도 별로 가능성이 많진 않겠죠.
#Person1#: 아니에요, 그렇지 않아요. 미국 여자랑 결혼한 중국 남자 두 명을 만난 적이 있어요. 근데 그 중국 남자들은 아주 강하고 건강해 보였어요. 그러니까 더 자주 운동하면 미국 여자랑 데이트하는 게 분명히 더 쉬울 거예요. Jackie Chan이 몇 살이지요? 그는 작고 키도 작은데요. 하지만 아마 그가 원하는 미국 여자라면 누구라도 가질 수 있을 거예요.
#Person2#: 그거 정말 큰 변화가 될 텐데요. 왜냐면 저는 운동을 전혀 안 하거든요.
#Person1#: 그럼 한 번 시도해 보지 그래요? 그게 미국 여자 만나는 데 도움이 되지 않더라도, 더 강하고 건강한 몸을 가질 수 있잖아요. 그래서 손해 볼 건 없다고 봐요.",Mr. Zhang은 또다시 거절당한 후 #Person1#에게 조언을 구합니다. #Person1#은 미국 여자들이 건강한 남자를 선호한다고 말하며 Mr. Zhang에게 운동을 권유합니다.
dev.csv,저 ,"#Person1#: 주문하시겠어요, 손님?
#Person2#: 네, 부탁드려요. 스테이크랑 버섯 주세요.
#Person1#: 스테이크는 어떻게 해드릴까요? 레어, 미디엄, 아니면 웰던으로 하시겠어요?
#Person2#: 웰던으로 해주세요.
#Person1#: 함께 드릴 감자는 어떤 걸로 하시겠어요? 으깬 감자, 삶은 감자, 구운 감자 중에서요?
#Person2#: 구운 감자로 할게요. 그리고 아이스티에는 레몬도 주세요.
#Person1#: 알겠습니다. 그럼 이제 스프나 샐러드를 먼저 시작하시겠습니까?
#Person2#: 크림 양파스프로 주세요.
#Person1#: 디저트는 안 드시겠습니까, 손님?
#Person2#: 디저트는 생략할게요. 이걸로 끝입니다, 고맙습니다.
#Person1#: 알겠습니다, 잠시만 기다려 주세요.","#Person1#은 #Person2#가 웰던 스테이크, 버섯, 구운 감자, 아이스티 및 수프를 주문할 수 있도록 도왔습니다."
dev.csv,저 ,"#Person1#: 안녕하세요, Mrs. Brandon.
#Person2#: 안녕하세요. 어떻게 지내세요?
#Person1#: 별로 안 좋아요. 오늘 회사에서 해고됐어요.
#Person2#: 정말 안타깝네요.
#Person1#: 학생들은 어떻게 지내나요?
#Person2#: 학생들이 기말고사 때문에 많이 긴장하고 있어요.
#Person1#: 제가 대학 1학년 때 Mrs. Brandon이 우리 반에 기말고사를 어렵게 내셨던 게 기억나요. 많은 학생이 떨어졌지만, 선생님 덕분에 정말 많은 것을 배웠어요. 보세요, 저 영어 잘하죠.
#Person2#: 그렇게 말해줘서 고마워요.",#Person1#은 직장을 잃었지만 Mrs. Brandon에게서 많은 것을 배운 것에 대해 감사하고 있습니다.
dev.csv,이블,"#Person1#: 우리 정말 운 좋았어. 예약도 안 했는데 마지막 2인용 테이블에 앉았잖아! 뒤에 줄 길었던 거 봤어? 
#Person2#: 맞아, 오래 안 기다려서 다행이야. 진짜 배고파! 
#Person1#: 메뉴 한번 보고 주문하자. 에피타이저 같이 고를래? 
#Person2#: 사모사랑 파파돔 중에 뭐 먹고 싶어? 
#Person1#: 사모사가 여기 특선 요리 중 하나래. 
#Person2#: 그럼 사모사 한 접시 시키자. 
#Person1#: 좋아. 메인 메뉴는 뭐 먹을 거야? 
#Person2#: 달 먹을까 생각 중이야. 
#Person1#: 달엔 뭐가 들어가? 
#Person2#: 병아리콩이랑 야채가 매운 카레 소스에 밥과 함께 들어가. 
#Person1#: 맛있겠다. 케밥도 같이 먹을래? 
#Person2#: 좋아. 양고기 케밥 어때? 
#Person1#: 그거 내가 제일 좋아하는 거야. 와인이나 맥주 마실래? 
#Person2#: 맥주 마실래. 
#Person1#: 알겠어, 웨이터 부를까? 
#Person2#: 그러지 않는 게 좋을 것 같아. 기다리자. 
#Person1#: 네 말이 맞아. 그러면 좀 무례해 보일 수도 있겠네. 너랑 함께 와서 다행이다! 
#Person2#: 나 없으면 어쩌려고?","#Person1#과 #Person2#는 인기 있는 식당에서 메뉴를 고민하며, 웨이터가 올 때까지 기다린 후 주문할 계획을 세웁니다."
dev.csv,이블,"#Person1#: 안녕하세요, 손님. 
#Person2#: 안녕하세요. 저희 4명이 앉을 테이블이 필요해요.
#Person1#: 이쪽으로 오세요. 창가 쪽이라 전망이 좋아요. 앉으세요.
#Person2#: 감사합니다. 여기 중국 음식 맛있나요?
#Person1#: 네, 저희는 다양한 스타일의 중국 음식을 제공합니다. 후난 요리, 쓰촨 요리, 절강 요리가 있는데, 앞의 두 가지는 좀 매워요. 드셔보시겠어요?
#Person2#: 아니요, 저희는 조금 달콤한 맛을 좋아해요.
#Person1#: 그러면 절강 요리가 좋을 겁니다. 여기 메뉴입니다. 무료 주스도 좀 가져다 드릴게요.","#Person2#가 중국 음식점에 방문하여, #Person1#이 #Person2#의 입맛에 맞춰 절강 요리를 추천했습니다."
dev.csv,이블,"#Person1#: 이 테이블 마음에 드는데, 아주 튼튼해 보여. 네 새 집에 잘 어울릴 것 같아?
#Person2#: 글쎄, 해변가에 있는 새 집에는 어울리지 않는 것 같아. 해변 느낌 나는 게 좋겠어.
#Person1#: 그럼 이건 어때? 보기엔 괜찮아 보이는데.
#Person2#: 너무 어두워. 모래색 같은 밝은 게 좋아.
#Person1#: 너 정말 까다롭구나. 이건 어때?
#Person2#: 아니, 너무 약해 보이고, 색도 너무 어두워.
#Person1#: 그러면, 이 테이블은 어때? 튼튼하고 밝아.
#Person2#: 음... 아마도, 생각 좀 해봐야겠어. 크기도 충분히 커야 해.
#Person1#: 너 정말 취향 특이하구나.",#Person1#과 #Person2#는 #Person2#의 새 집에 어울리는 테이블을 찾고 있다. #Person1#은 #Person2#가 까다롭다고 생각한다.
dev.csv,이웃,"#Person1#: 왜 어떤 부모들은 딸들이 기존의 기대에 따르지 않는다고 불평하는지 이해가 안 돼요.
#Person2#: 맞아요. Li Na의 엄마는 이웃 딸이 캐나다인과 결혼한 이후로 계속 Li Na에게 결혼하라고 압박을 주고 있어요. 그래서 Li Na는 스트레스를 많이 받고 있죠.
#Person1#: 내가 Li Na라면, 엄마에게 그걸 직접 해봤냐고 물어볼 것 같아요.
#Person2#: Li Na는 워낙 온순해서 누구에게도 따지지 않아요. 정말 착한 사람이죠.",#Person1#과 #Person2#는 Li Na가 그녀의 어머니에게 결혼을 강요받고 있어 스트레스를 받고 있다는 이야기를 나눕니다.
dev.csv,이웃,"#Person1#: 안녕, Sally.
#Person2#: 안녕, Tom. 어떻게 지내?
#Person1#: 잘 지내. 너 어디 가는 중이야?
#Person2#: 아, 나 일 끝나고 집에 가는 길이야.
#Person1#: 네가 일하는 줄 몰랐어.
#Person2#: 그래. 나 슈퍼마켓에서 아르바이트해.
#Person1#: 거기서 무슨 일 해?
#Person2#: 나는 신선 과일과 채소 다듬고 포장해. 그리고 선반에 물건 채우기도 해. 정말 바쁠 때는 계산대에서도 일해. 너는 일해, Tom?
#Person1#: 응. 나는 사람들 마당 일해 줘. 예를 들어 잔디 깎거나, 낙엽 긁어 모으거나, 잡초 뽑거나, 그런 것들 해.
#Person2#: 나도 그런 일 해보고 싶어. 야외에서 일하는 것 좋을 것 같아.
#Person1#: 가끔은 그래. 비가 오거나 눈이 오거나 너무 덥거나 너무 추울 때 빼고는 말이야...
#Person2#: 하하. 모든 일에는 단점이 있는 것 같아. 나도 내 일에서 물건 나르는 게 귀찮을 때가 있거든. 하지만 일은 일이야. 학교 다니려면 돈을 벌어야 해.
#Person1#: 나도 그래. 학비가 참 비싸지 않니? 하여간 이제 가봐야겠어. 오늘 오후에는 이웃들 위해 나무 심어야 해.
#Person2#: 너무 무리하지 마. 일하고, 수업 듣고, 공부하고... 한 사람에게는 가끔 감당하기 버거울 수 있어. 쉬엄쉬엄 해.
#Person1#: 너도 그래. 만나서 반가웠어, Sally!","Sally와 Tom은 각자의 일에 대해 이야기한다. Sally는 슈퍼마켓에서 아르바이트를 하고, Tom은 사람들의 마당 일을 한다. 그들은 각 직업의 단점을 논의하면서도 학교를 다니기 위해 돈을 벌어야 한다고 말한다."
dev.csv,이웃,"#Person1#: 여보세요, 필 테일러 씨인가요? 
#Person2#: 네, 맞습니다. 
#Person1#: 안녕하세요, 필. 저는 더 선의 기자입니다. 화재에 대해 몇 가지 질문 드리려고 전화드렸습니다. 어떤 일이 있었는지 말씀해 주시겠어요? 
#Person2#: 물론이죠. 그게 2일 전인 11월 10일 밤 11시경이었어요. 감자튀김을 해먹으려고 기름을 많이 사용했어요. 온도가 충분히 올라갔길래 감자튀김을 넣고 있었는데, 엄마한테 전화가 왔어요. 
#Person1#: 아. 
#Person2#: 대화를 시작했는데, 감자튀김을 완전히 잊어버렸죠. 통화를 마치고 그냥 다시 거실로 갔어요. 
#Person1#: 아, 그랬군요. 
#Person2#: 네, TV를 한 20분 정도 보고 있었는데, 갑자기 연기 냄새가 나고 누군가가 불이야 하고 외치는 소리가 들렸어요. 그제서야 그게 제 감자튀김 때문이라는 걸 깨달았어요. 급히 나가서 부엌으로 갔는데, 벽 하나에 불꽃이 가득했어요. 
#Person1#: 그래서 어떻게 하셨나요? 
#Person2#: 침대에서 담요 몇 개를 가져와서 부엌으로 달려가 불에 덮었어요. 그때쯤 이웃들이 이미 소방서를 불렀더군요. 소방관들이 10분 정도 후에 도착해서 불을 빨리 꺼주셨어요. 
#Person1#: 손상 정도는 어떻게 되었나요? 
#Person2#: 음, 레인지 전체를 교체해야 할 것 같아요. 그 외에 부엌 유닛 2개와 벽 하나를 수리해야 해요.","#Person1#은 필 테일러에게 화재에 대해 질문합니다. 테일러는 감자튀김을 팬에 둔 것을 잊어버려 화재가 났으며, 빠르게 대처하여 소방서가 불을 껐다고 설명합니다."
dev.csv,그중,"#Person1#: 항상 따뜻한 도시가 있나요?
#Person2#: 네, 거의 항상 따뜻한 도시가 많아요. 예를 들어 샌디에이고가 그렇죠.
#Person1#: 그럼 항상 더운 도시도 있나요?
#Person2#: 많죠. 주로 미국 남부에 있는 도시들은 일 년 내내 더워요.
#Person1#: 그런데 왜 그렇게 많은 사람들이 거기에서 살까요?
#Person2#: 대부분 사람들은 그 기후에 익숙해지지만, 항상 불평하는 사람들도 많아요.
#Person1#: 비가 많이 오는 도시는요?
#Person2#: 여러 도시가 있죠. 대표적으로 워싱턴 주의 시애틀과 오리건 주의 포틀랜드가 그렇습니다.
#Person1#: 추운 도시들은 어떤가요?
#Person2#: 북쪽에는 겨울에 매우 추운 도시들이 많아요. 보스턴과 시카고가 그중 두 곳이에요.
#Person1#: 시카고와 보스턴은 항상 추운가요?
#Person2#: 아, 아니죠. 반대로, 특히 봄과 가을에는 아름다운 날들이 많습니다.","#Person1#은 따뜻한 도시, 더운 도시, 비가 많이 오는 도시, 그리고 추운 도시에 대해 질문하고, #Person2#은 이러한 도시들을 설명합니다."
dev.csv,이룰,"#Person1#: 왜 이 직업을 선택하게 됐나요?
#Person2#: 음, 솔직히 하늘을 정말 좋아해요. 어릴 적에는 언젠가 푸른 하늘로 날아가고 싶다고 상상했거든요. 이제 그 꿈을 이룰 때가 온 것 같아요. 그리고 여행을 무척 좋아하고 사람들과 함께 일하는 것도 즐깁니다.
#Person1#: 영어로 의사소통하는 데 큰 어려움은 없나요?
#Person2#: 네, 영어는 꽤 유창하다고 생각해요. 지난달에는 중등 영어 교육 인증서도 받았어요.
#Person1#: 승무원의 책임은 무엇인지 아시나요?
#Person2#: 승무원의 주된 책임은 승객들이 비행 중에 편안하고 즐거운 시간을 보낼 수 있도록 하는 거예요. 그리고 좋은 서비스 제공도 중요하죠.
#Person1#: 건강은 괜찮으신가요?
#Person2#: 얼마 전에 종합 건강 검진을 받았는데, 상태가 아주 좋다고 나왔어요.
#Person1#: 간호 경험이 있나요?
#Person2#: 네, 2년 동안 간호 경험이 있고, 현재 병원에서 간호사로 일하고 있어요.
#Person1#: 키는 어떻게 되시고, 시력은 괜찮나요?
#Person2#: 제 키는 1미터 68센티미터예요. 시력 문제는 전혀 없습니다.
#Person1#: 자신의 강점과 약점은 뭐라고 생각하세요?
#Person2#: 제 강점은 친절함과 개방적인 태도라고 생각하고, 따뜻한 성격을 가지고 있다고 생각해요. 하지만 때로는 다른 사람들이 하는 것이 마음에 들지 않을 때, 그걸 말하기가 어려울 때가 있어요.
#Person1#: 승객이 말씀하시는 걸 이해하지 못하면 어떻게 하실 건가요?
#Person2#: 다른 언어로 시도하거나, 최대한 손짓이나 그림을 그려가며 설명할 것입니다.","#Person1#은 #Person2#와 승무원 직업을 위한 면접을 진행 중입니다. #Person1#은 #Person2#에게 동기, 영어 실력, 건강 상태, 간호 경험, 키, 시력, 강점, 약점 등을 질문하고 있습니다."
dev.csv,이룰,"#Person1#: Veronica, 잠깐만! 자기야, 다시 차로 와봐. 얘기 좀 하자, 응? 
#Person2#: 아니! 네 거짓말에 질렸어! 이제 네가 누군지 모르겠어! 
#Person1#: Veronica. 나야, 항상 너를 사랑했던 남자. 네게 거짓말한 거 미안해. 나도 힘들었고, 솔직하게 말해야겠다고 여러 번 생각했어. 하지만 너나 내 임무에 위험이 있을까 봐 걱정이었어. 이제 모든 게 끝났어. 임무가 끝났고 인도로 돌아가야 해. 
#Person2#: 뭐라고? 농담이지? 내가 알지 못한 게 더 있어? 어떻게 그렇게 속일 수가 있어? 
#Person1#: 그래... Veronica... 지금이 최악의 시기라는 거 알아. 네가 날 미워할 수도 있단 것도 알아. 하지만, 너에게 솔직히 말하고 싶어. 마음 깊은 곳에서 네가 내게 있었던 최고의 일이라는 걸 알아. Veronica... 나랑 결혼해 줄래? 인도로 함께 가자, 자기야, 지금까지 일어난 일들을 보상할 순 없겠지만, 내 한결같은 사랑을 약속해. 너를 늘 소중히 여길게. 
#Person2#: Steven... 모든 걸 한순간에 버리고 떠날 순 없어! 우리 사이에 일어났던 일들로 인해 이제 널 모르겠어. 거짓말로 쌓은 관계로는 아무것도 이룰 수 없어. 널 사랑하지만... 함께 갈 수가 없어. 미안해... 사랑해... 
#Person3#: 로스앤젤레스에서 하이데라바드로 가는 항공편 815의 마지막 탑승 안내입니다. 
#Person4#: 죄송합니다, 손님. 더 이상 기다릴 수가 없어요, 탑승하셔야 합니다. 누군가 기다리시나요? 
#Person1#: 기다리고 있었지만, 그녀는 오지 않을 것 같아요...","Steven은 임무 때문에 Veronica에게 거짓말을 했습니다. Veronica는 속았다고 느껴 더 이상 Steven을 믿지 않습니다. Steven은 Veronica에게 인도에 함께 가서 결혼하자고 하지만 Veronica는 거절합니다. 결국, Steven이 로스앤젤레스에서 하이데라바드로 가는 비행기를 타려 할 때 Veronica는 공항에 나타나지 않습니다."
dev.csv,저,"#Person1#: 안녕하세요, Mr. Zhang. 무슨 일이세요? 별로 기분이 좋아 보이지 않네요. 데이트는 어땠어요?
#Person2#: 또 거절당했어요. 정말 답답하네요. 그쪽이 저 좀 가르쳐줘야 할 것 같아요.
#Person1#: 나요? 나도 당신보다 경험이 더 없는데요.
#Person2#: 적어도 미국 여자들이 남자에게 무엇을 원하는지는 알잖아요.
#Person1#: 믿거나 말거나, 제 생각엔 미국 여자들은 건강한 남자를 좋아하는 것 같아요. 중국 여자들은 그다지 신경 쓰지 않을 수도 있죠. 솔직한 의견이에요. 당신이 정말 많은 노력을 하고 있다는 걸 알아요.
#Person2#: 미국 남자들은 자연스럽게 중국 남자들보다 키가 크잖아요. 그러니까 내가 운동을 해도 별로 가능성이 많진 않겠죠.
#Person1#: 아니에요, 그렇지 않아요. 미국 여자랑 결혼한 중국 남자 두 명을 만난 적이 있어요. 근데 그 중국 남자들은 아주 강하고 건강해 보였어요. 그러니까 더 자주 운동하면 미국 여자랑 데이트하는 게 분명히 더 쉬울 거예요. Jackie Chan이 몇 살이지요? 그는 작고 키도 작은데요. 하지만 아마 그가 원하는 미국 여자라면 누구라도 가질 수 있을 거예요.
#Person2#: 그거 정말 큰 변화가 될 텐데요. 왜냐면 저는 운동을 전혀 안 하거든요.
#Person1#: 그럼 한 번 시도해 보지 그래요? 그게 미국 여자 만나는 데 도움이 되지 않더라도, 더 강하고 건강한 몸을 가질 수 있잖아요. 그래서 손해 볼 건 없다고 봐요.",Mr. Zhang은 또다시 거절당한 후 #Person1#에게 조언을 구합니다. #Person1#은 미국 여자들이 건강한 남자를 선호한다고 말하며 Mr. Zhang에게 운동을 권유합니다.
dev.csv,저,"#Person1#: 안녕, Sara. 짐 다 쌌어? 도와줄까?
#Person2#: 고마워요, 아빠. 제가 할 수 있어요.
#Person1#: 신분증 꼭 챙겨. 여행하면서 필요할 거야.
#Person2#: 네, 알아요. 그런데 신분증을 못 찾겠어요. 어디에 뒀죠?
#Person1#: 중요한 서류랑 증명서는 다 책상 서랍에 있을 거야.
#Person2#: 아, 맞다. 여기 있네요.
#Person1#: Sara?
#Person2#: 네?
#Person1#: 지도 샀어? 여행하다 보면 길 잃을 수도 있으니까.
#Person2#: 아니라니까요, 아빠. 가이드 있어요.
#Person1#: 그리고 멀미약이랑 감기약도 챙겨. 반창고는?
#Person2#: 안 챙길 거예요. 아플 일 없을 거예요. 약속해요. 좋아요, 다 끝났어요. 안녕, 아빠. 잘 있어요!
#Person1#: 조심해, 얘야! 조심하고! 아, Sara 잠깐만! 우비랑 우산 깜빡했어.
#Person2#: 아빠, 괜찮아요. 비 안 올 거 같은데요. 여행 갈 때 짐을 그렇게 많이 가져가는 건 말이 안 되잖아요. 저는 가볍게 가는 걸 좋아해요. 안녕!",#Person1#은 Sara에게 여행 준비물 몇 가지를 챙기라고 상기시킨다. Sara는 신분증 외에는 짐을 가볍게 하고 싶어 다른 것들은 가져가지 않기로 한다.
dev.csv,저,"#Person1#: 어떻게 도와드릴까요, 손님?
#Person2#: 네, 저희 가방을 오후 6시까지 맡아주실 수 있나요?
#Person1#: 저희 손님이신가요?
#Person2#: 네, 방금 체크아웃했어요.
#Person1#: 이 양식을 작성해 주세요.
#Person2#: 이렇게 하면 될까요?
#Person1#: 오늘 저녁에 떠나시는군요. 가방은 오후 6시까지 보관해 드리겠습니다. 여기 보관증입니다.
#Person2#: 정말 감사합니다.",#Person2#가 #Person1#에게 오후 6시까지 가방 보관을 요청합니다.
dev.csv,그,"#Person1#: 안녕하세요, 오늘 기분이 어떠세요?
#Person2#: 요즘 숨쉬기가 힘들어요.
#Person1#: 최근에 감기에 걸렸나요?
#Person2#: 아니요, 감기는 안 걸렸어요. 숨쉴 때 가슴이 답답해요.
#Person1#: 혹시 알고 있는 알레르기 있으세요?
#Person2#: 아니요, 특별히 알고 있는 알레르기는 없어요.
#Person1#: 이게 항상 그런가요, 아니면 주로 활동할 때 그런가요?
#Person2#: 운동할 때 특히 많이 그래요.
#Person1#: 천식 검사를 위해 폐 전문의에게 가보시는 게 좋겠어요.
#Person2#: 도와주셔서 감사합니다, 의사 선생님.","#Person2#는 숨쉬기 어려워합니다. 의사는 #Person2#에게 증상을 확인하고, 천식 검사를 위해 폐 전문의에게 가볼 것을 권합니다."
dev.csv,그,"#Person1#: 야 Jimmy, 오늘 좀 이따 운동하러 가자.
#Person2#: 그래, 몇 시에 갈래?
#Person1#: 3시 30분 어때?
#Person2#: 좋아. 오늘은 다리랑 팔 운동하는 날이야.
#Person1#: 근데 나 아까 농구해서 다리가 좀 아파. 오늘은 팔이랑 복근 운동하자.
#Person2#: 나 주간 일정이 있어. 너 때문에 다 엉망이야.
#Person1#: 아, 두 날짜만 바꾸면 되잖아. 다리는 금요일에 하면 돼.
#Person2#: 알았어. 그럼 3시 30분에 체육관에서 보자.",#Person1#는 Jimmy를 운동하러 초대하고 팔과 복근 운동을 하도록 설득합니다.
dev.csv,그,"#Person1#: 나 진짜 건강에 안 좋은 음식 좀 그만 먹어야겠어. 
#Person2#: 맞아, 무슨 말인지 알아. 나도 요즘 건강하게 먹으려고 하거든. 
#Person1#: 요즘은 뭐 먹어? 
#Person2#: 주로 과일이랑 채소, 닭고기 먹지. 
#Person1#: 그게 다야? 
#Person2#: 거의 그렇지 뭐. 
#Person1#: 왜 다른 건 안 먹어? 
#Person2#: 음, 과일이랑 채소는 진짜 건강에 좋잖아. 
#Person1#: 그럼 닭고기는? 
#Person2#: 구워 먹으면 정말 건강에 좋아. 
#Person1#: 그래, 그게 훨씬 건강해 보이네.","#Person1#은 건강에 안 좋은 음식을 그만 먹기로 결심하고, #Person2#는 자신의 건강한 식단을 #Person1#에게 공유합니다."
test.csv,이 시간대에,"#Person1#: 어, 여기가 어디지? 쯧쯧, 음... 
#Person2#: 실례합니다. 도움 필요하세요? 
#Person1#: 아, 아니요, 그냥 ... 음... 
#Person2#: 알겠어요... 
#Person1#: 음, 사실은 ... 네. 저기... 과학박물관에 가고 싶은데 몇 시간째 길을 잃어버렸어요. 이 티켓 기계도 어떻게 해야 할지 모르겠고요. 
#Person2#: 아, 여기를 누르시면 돼요. 
#Person1#: 아, 네. 여기서부터는 1달러 50센트군요. 
#Person1#: 알겠습니다. 
#Person2#: 그다음에 4번 플랫폼에서 기차를 타세요. 
#Person1#: 네, 알겠습니다. 아, 이 시간대에 기차가 얼마나 자주 오나요? 
#Person2#: 보통 6분에 하나씩 와요. 
#Person1#: 알겠습니다. 기차는 어디에서 내려야 하나요? 
#Person2#: 여기서 세 정거장 지나서 State Street 역에서 내리세요. 
#Person1#: 알겠어요. 감사합니다. 
#Person2#: 천만에요. 잘 다녀오세요.",
test.csv,이 프로젝트,"#Person1#: 안녕, 모니카, 축하해! 오늘 회의에서 네 발표 정말 성공적이었어. 모두가 네 연설에 감명을 받았어. 네 발표가 정말 설득력 있었고 클라이언트들이 이 프로젝트에 투자하겠다고 확신할 거야. 너는 우리 회사에 큰 기여를 했어.
#Person2#: 고마워, 그저 최선을 다했어. 네가 좋게 생각해주니 기뻐.
#Person1#: 준비를 오래 했나 봐. 이번 발표의 몇몇 통계는 찾기 쉽지 않았잖아?
#Person2#: 음, 맞아. 여러 부서의 동료들이 도와줬어. 그들은 정말 지원을 잘해 줬어. 지난주에 경제학 전문가와 상의했는데, 그분이 정말 귀중한 조언을 주셨어.
#Person1#: 이제 그 노력의 결실을 맺었네. 네가 정말 대단한 걸 해냈어.
#Person2#: 아휴, 이제 그만 칭찬해줘. 난 도전하는 걸 좋아해서 맡은 일이야. 하지만 여러분의 지원 없이는 이렇게 할 수 없었어.",
test.csv,이 도시에서,"#Person1#: 내일 핵무기 확산을 막는 데 도움을 주는 시위에 갈 거야, Cleo? 
#Person2#: 아니, Simon. 난 시위가 싫어. 경찰이 최루탄을 들고 대기 중이라는 말을 들었어.
#Person1#: 그래, 하지만 북한은 핵무기를 가졌다고 자랑하지.
#Person2#: 190개 국가가 핵확산금지조약에 서명했는데도, 문제는 너무 복잡해. 모든 이야기에는 두 가지 면이 있잖아. 이해도 안 되고 시위에 가고 싶은 생각도 없어. 시위가 무언가를 성취하는 것 같지도 않고.
#Person1#: 역사적으로 몇몇 시위가 정치인들의 생각을 바꿨잖아. 책임 있는 시민으로서 자신의 신념을 지키는 게 중요하다고 생각해.
#Person2#: 다른 사람에게 맡겨. 내가 말했듯이, 이야기를 양쪽 다 들어보면 각각의 주장에도 일리가 있어. 내가 옳다고 확신하지도 않는 일에 상처 받을 위험을 무릅쓰고 시위를 해야 할까?
#Person1#: 다칠 것 같진 않아. 평화로운 시위가 될 거야. 대학 그룹의 조직자와 얘기했는데, 그는 이 시위가 평화로울 거라고 확신해. 만약 세계 평화를 원한다면, 평화는 집에서 시작해야 하고, 그것은 바로 이 도시에서 의미한다더라고.
#Person2#: 너는 가고 싶으면 가, Simon. 나는 물리 시험 공부할 계획이야.
#Person1#: 두 시간만 걸려. 캠퍼스에서 11시 30분에 버스가 출발하고, 도심에서 12시 45분에 캠퍼스로 돌아와. 버스에서 점심 먹을 수 있어.
#Person2#: 안 가, Simon. 오늘 오후에 네 정치학 수업 학생들에게 물어보는 게 어때?
#Person1#: 그 학생들 모두 가기로 했어.
#Person2#: 알았어, Simon. 이제 내 여동생 만나러 가야 해.
#Person1#: 그럼 잘 가. 내일 물리 수업에서 보자.",
test.csv,이 도시에서,"#Person1#: 저기요, 부탁 하나 들어주실 수 있나요?
#Person2#: 물론이죠.
#Person1#: 이 도시에서 가장 번화한 거리가 어디인가요? 저는 여기가 처음이라서요.
#Person2#: 77번 도로 말씀이신가요? 여기서 멀지 않아요. 걸어서 갈 수 있어요.
#Person1#: 아, 오늘 너무 피곤한데요. 어떤 버스를 타야 하는지 알려주실 수 있나요?
#Person2#: 12번 버스를 타세요.
#Person1#: 정말 감사해요.",
test.csv,이 프로그램,"#Person1#: 안녕하세요, 이번 주 '비즈니스 월드'에 오신 것을 환영합니다. 이 프로그램은 사업가들을 위한 프로그램입니다. 오늘 밤에는 새로 자전거 가게를 인수하고 설립하신 Steven Kayne 씨를 모셨습니다. Kayne 씨, 자신만의 가게를 운영하고 싶었던 이유가 궁금합니다.
#Person2#: 음, 저는 항상 경주용 자전거를 좋아했고 자전거 고치는 것도 좋아했어요. 큰 회사에서 세일즈맨으로 일할 때는 취미를 즐길 시간이 거의 없었죠. 그래서 사업을 시작할 수 있을 만큼 돈이 모이면 바로 시작하려고 했어요. 마음을 굳게 먹고 어떤 것도 제 길을 막지 못하게 했죠. 은행에서 사업 대출을 받게 되면서 사장이 되는 게 좋을 것 같다고 생각했어요. 이제는 제 시간을 제가 결정할 수 있어요. 가게를 열고 싶을 때 열고, 닫고 싶을 때 닫을 수 있죠.
#Person1#: 정해진 운영 시간은 없나요?
#Person2#: 음, 가게 간판에는 10시부터 6시까지라고 적혀 있지만, 장사가 평소보다 느리면 그냥 문을 닫고 일찍 퇴근할 수 있어요.
#Person1#: 직원은 이미 고용하셨나요?
#Person2#: 네, 자전거를 저만큼 좋아하는 친구 두 명이 일주일에 며칠 도와주고 있어요. 손님이 없을 때는 같이 카드도 하고 그냥 앉아서 이야기도 나눠요.
#Person1#: 감사합니다, Kayne 씨. 새로운 사업에서 성공하시길 바랍니다.",
test.csv,그 사람들,"#Person1#: 너 Barry 좋아해?
#Person2#: 아니, 별로 안 좋아해. 너무 야심차고 정직하지 않아.
#Person1#: 나도 동의해. 나는 그의 형 Paul이 좋아. 그들은 닮지 않았어.
#Person2#: 맞아. 둘은 완전히 달라. Paul은 매우 사교적이고 그의 형보다 훨씬 정직해.
#Person1#: 너는 어떤 사람이라고 생각해?
#Person2#: 나는 정중하고, 신중하고, 편안하고, 수줍음이 많다고 생각해.
#Person1#: 아, 난 네가 수줍음이 많다고 생각하지 않아! 우리가 파티에 가면 너는 항상 새로운 사람들과 이야기를 하잖아.
#Person2#: 음. 맞아, 하지만 그 사람들이 항상 먼저 나에게 말을 걸어와. 나는 절대 먼저 말하지 않아. 아마 내가 생각한 것만큼 수줍음이 많지 않을 수도 있어. 어쨌든, 너는 확실히 수줍음이 없어!
#Person1#: 맞아. 난 밖에 나가서 새로운 친구를 사귀는 걸 좋아해.
#Person2#: 그래서 금요일에 내 생일 파티에 올 거야?
#Person1#: 물론이지!",
test.csv,그 사람들,"#Person1#: 그 사람들은 우리처럼 좋은 중년 부부야.
#Person2#: 우리랑 같다면 중년은 아니지.
#Person1#: 당연히 중년이지.
#Person2#: 중년이라는 건 인생의 가운데라는 뜻이라고, 에셀. 사람들이 백오십까지 살지는 않아.
#Person1#: 아, 우리는 중년의 가장자리에 있는 거야. 그게 다야.
#Person2#: 아, 있잖아, 우리 중년 아니야. 당신은 늙었고, 나는 늙어가고 있어.
#Person1#: 아, 바보 같아! 당신은 곧 칠십이고 나는 예순 초반이야. 이 얘기로 오후 내내 다툴래?
#Person2#: 당신이 원하면 할 수 있어.",
test.csv,이 사람들,"#Person1#: 안녕! 뭐 보고 있어?  
#Person2#: 이슬람에 대한 프로그램이야. 꽤 흥미로워.  
#Person1#: 와! 사람이 진짜 많다! 이 사람들은 어디에 있고, 뭐 하고 있는 거야?  
#Person2#: 메카로 성지순례 가는 무슬림들이야. 이 순례를 하즈라고 불러.  
#Person1#: 왜 거기에 가는 거지?  
#Person2#: 무슬림들은 능력 있는 신자는 평생 최소한 한 번은 하즈를 가야 한다고 믿어. 메카는 무슬림 신앙의 영적 중심지야.  
#Person1#: 무슬림들이 기도할 때 메카를 향해 기도하잖아.  
#Person2#: 맞아. 안타깝게도, 매년 너무 많은 사람이 하즈를 가서 종종 사고가 나고 사람이 다치거나 죽어.  
#Person1#: 그런 얘기 들었어. 순례자들은 커다란 신성한 검은 돌 주위를 돈다면서?  
#Person2#: 맞아. 그럴 때 사고가 자주 나지. 사우디 정부는 사고를 줄이기 위해 순례자 수를 제한하려고 해.  
#Person1#: 순례는 많은 종교에서도 흔하지.  
#Person2#: 맞아. 영국에서는 기독교 순례자들이 캔터베리를 가기도 하고, 많은 기독교인들이 바티칸으로 순례를 가.  
#Person1#: 사람들이 치유받으러 가는 곳이 프랑스에 있다고 하지 않았어?  
#Person2#: 그곳은 루르드일 거야. 거기 방문한 후에 치유받았다는 이야기가 많지.  
#Person1#: 그곳에 무슨 마법 같은 게 있다고 생각해?  
#Person2#: 개인적으로는 사람들의 믿음이 그들을 치유하는 방향으로 마음을 변화시킨다고 생각해. 그렇게 특별한 장소라고는 생각하지 않아.",
test.csv,그 정도면,"#Person1#: 정말 최악이야! 내 휴대폰이 또 안 터지네. Fred, 나 돈 좀 빌려줄 수 있어? 
#Person2#: 얼마나 필요해? 
#Person1#: 200위안이야. 새 컴퓨터를 온라인으로 사서 대출금을 갚아야 해.
#Person2#: 정말 안됐구나. 그 정도면 충분해? 
#Person1#: 네가 정말 좋다. 덕분에 기분이 좋네. 
#Person2#: 신경 쓰지 마! 우리 조금씩 돈을 모아야 할 것 같아. 
#Person1#: 네 말이 맞아. 나중에 돈 생기면 꼭 갚을게. 
#Person2#: 급하게 안 해도 돼. 가지고 있을 때 천천히 갚아.",
test.csv,이 보고서,"#Person1#: 이 컴퓨터에 무슨 문제가 있지?
#Person2#: 글쎄, 잘 모르겠는데 그냥 잘 안 돼. 켤 때마다 멈춰버려.
#Person1#: Mr. Li에게 조언을 구해봤어?
#Person2#: 응, 해봤는데 그도 문제를 해결 못하더라. 네가 도와줄 수 있어?
#Person1#: 나? 나는 컴퓨터 게임 하는 것 빼고는 아무것도 몰라.
#Person2#: 어떻게 하지? 오늘 오후까지 이 보고서를 끝내야 하는데...
#Person1#: 수리공에게 전화해보는 게 어때? 그들이 문제를 해결할 수 있을 거야.
#Person2#: 그래, 전화할게.",
test.csv,이 보고서,"#Person1#: 야, Benjamin, 프로젝트 보고서 다 썼어?
#Person2#: 아직 못 썼어. 솔직히 말하면 어떻게 써야 할지 모르겠어. 며칠째 고민하고 있어.
#Person1#: 뭐라고? 프로젝트 보고서를 어떻게 써야 할지 모른다고? 좀 웃긴 것 같은데.
#Person2#: 비웃지 마. 진지해. 이런 종류의 보고서는 써본 적이 없고, 연구 보고서만 써봤거든.
#Person1#: 아, 미안해. 네가 일 열심히 하는 거 잊고 있었네.
#Person2#: 그래서 이 보고서에 어떤 내용이 들어가야 해?
#Person1#: 먼저 올해 네가 했던 일에 대한 결론이 필요해, 그리고 내년 계획도 필요하지.
#Person2#: 그래, 그게 다야?
#Person1#: 아니, 네 결론에 대한 세부사항도 필요해. 예를 들어, 긴급 상황을 처리한 경험 같은 것들.
#Person2#: 그거 너무 복잡해 보이네.
#Person1#: 그리고 그것만으론 완벽하지 않아. 보고서 형식도 신경 써야 해.
#Person2#: 아, 그 형식이 정해져 있나? 그냥 정보만 넣으면 되는 그런 건가?
#Person1#: 미안하지만 정해진 게 없어. 각자 다른 종류의 보고서를 써야 하거든.
#Person2#: 근데 난 마이크로소프트 워드를 잘 몰라. 좀 도와줄 수 있어?
#Person1#: 알았어, 문제 없어. 하지만 다음번엔 네가 배워서 직접 해야 해.",
test.csv,그 다음엔,"#Person1#: 지미, 어제 전화했는데 안 받더라. 
#Person2#: 미안해, 에이미. 어제 저녁에 아주 늦게 집에 들어왔어. 제니랑 빌이 피크닉 초대를 해서 갔거든. 
#Person1#: 아, 좋았겠다. 즐거웠어? 
#Person2#: 응, 아주 좋았어. 
#Person1#: 피크닉 언제 갔어? 
#Person2#: 제니랑 빌이 아침 9시쯤 차를 가지고 와서, 곧바로 출발했어. 
#Person1#: 어디로 갔어? 
#Person2#: 베이하이 공원에 갔어. 
#Person1#: 아, 이맘때 베이하이 공원 정말 예쁘지. 
#Person2#: 맞아, 날씨도 좋았고 사람들도 많았어. 강가에서 점심 먹고 산책하면서 경치 봤어. 
#Person1#: 그 다음엔 뭐했어? 
#Person2#: 거기 있는 바에서 술 한잔하고 친구도 좀 사귀고, 카드 게임도 하고, 많이 웃었어. 그러다 집에 오는 길에 교통 체증이 있어서 시간이 오래 걸렸어. 
#Person1#: 정말 즐거운 하루였네. 
#Person2#: 맞아. 그런데 왜 전화했어? 
#Person1#: 아, 네 책 돌려주려고 했어. 지금 시간 돼? 
#Person2#: 그래, 30분 뒤에 아래 카페에서 보자. 
#Person1#: 좋아, 그럼 이따 봐.",
test.csv,그 다음엔,"#Person1#: 내가 복권에 당첨되면 전 세계를 여행할 거야. 
#Person2#: 그래? 나는 안 할 거야. 
#Person1#: 그럼 너는 뭐 할 거야? 
#Person2#: 음, 잘 모르겠어. 아내와 아이들을 위해 정원이 있는 큰 집을 사겠지. 그런데 돈이 많으면 상상하기 어려워.
#Person1#: 한 가지는 확실해. 난 돈이 많으면 더는 일하지 않을 거야.
#Person2#: 정말? 그러면 그 많은 시간을 어떻게 보낼 거야?
#Person1#: 말했잖아, 전 세계를 여행할 거라고.
#Person2#: 그럼 그 다음엔 뭐 할 거야?
#Person1#: 음, 잘 모르겠어. 세계를 다 도는 데 오래 걸릴 거야.
#Person2#: 별로 재미있지 않을 것 같은데.
#Person1#: 어쨌든, 우리가 복권에 당첨된 것도 아니고, 될 것 같지도 않으니까, 말해봤자 별로 소용없지 않아?
#Person2#: 난 그냥 월급 인상만 받아도 좋겠어.
#Person1#: 그리고 내 아내는 내가 밍크 코트를 사주면 행복할 거야.
#Person2#: 글쎄, 나는 월급 인상 받을 가능성도 없고, 너도 밍크 코트를 살 돈이 없으니까, 현실로 돌아와서 한 잔 더 하자.
#Person1#: 뭘 마실래?
#Person2#: 최고의 맥주 한 잔 주세요.
#Person1#: 내가 너라면 스카치를 마실 텐데. 우린 그럴 자격이 있어.
#Person2#: 좋아. 두 배로 주세요, 알겠지?",
test.csv,이 정도면,"#Person1#: 안녕하세요, 음료 뭐 드릴까요?
#Person2#: 네, 레모네이드 한 잔 부탁드려요.
#Person1#: 에피타이저는 필요하세요?
#Person2#: 바비큐 윙 하나 주세요.
#Person1#: 네, 다른 건 필요 없으세요?
#Person2#: 지금은 이 정도면 될 것 같아요, 고맙습니다.
#Person1#: 알겠습니다, 나중에 추가로 주문하실 때 말씀해 주세요.
#Person2#: 저기요. 이제 주문할게요.
#Person1#: 뭐 드실래요?
#Person2#: 베이비 백 립 주세요.
#Person1#: 네, 다른 거 더 필요하세요?
#Person2#: 지금은 이걸로 충분해요.",
test.csv,그 다음에,"#Person1#: 나 ATM 좀 써야 돼. 
#Person2#: 뭐가 문제야? 
#Person1#: 어떻게 해야 할지 모르겠어. 
#Person2#: 이해가 안 가네. 꽤 쉬운 건데. 
#Person1#: 나 한 번도 써본 적이 없어. 
#Person2#: 그래. 내가 너 도와줄게. 
#Person1#: 뭐부터 해야 해? 
#Person2#: 우선, 카드를 기계에 넣어. 
#Person1#: 그 다음에는? 
#Person2#: 비밀번호를 입력해야 해. 
#Person1#: 다음엔 뭐 해야 해? 
#Person2#: 원하는 옵션을 선택하고, 그러면 끝이야. 
#Person1#: 고마워!",
test.csv,그 다음에,"#Person1#: 너 근무일은 어때? 
#Person2#: 난 보통 9시부터 5시까지 일해. 사실 대부분 9시부터 5시보다 좀 더 길게 일하지.
#Person1#: 초과 근무 수당 받아? 
#Person2#: 아니, 못 받아. 대신 매달 내가 고객과 체결하는 계약 가치에 따라 보너스를 받아.
#Person1#: 쉬는 시간은 있어? 
#Person2#: 우리는 12시부터 1시까지 점심시간이 있어. 근무 중에 커피 브레이크도 가질 수 있어. 우리 상사는 우리가 제때 업무만 끝낸다면 신경 안 쓰셔.
#Person1#: 우리 상사는 커피 브레이크 가지면 짜증 내셔. 아무래도 너는 서류 작업이 많겠지? 
#Person2#: 서류 작업이 좀 있긴 하지만, 대부분의 시간은 정보를 컴퓨터에 입력해. 그 다음에 이메일이나 네트워크로 서로 정보를 보내. 너는 칸막이 사무실에서 일해? 
#Person1#: 응, 맞아. 그리고 별로 좋아하지 않아.
#Person2#: 나도 칸막이 사무실에서 일하지만, 난 별로 상관없어.",
test.csv,이 생각해,"#Person1#: 안녕! 요즘 어떻게 지내? 
#Person2#: 잘 지내. 너는 어때? 
#Person1#: 믿기 힘들겠지만, 내가 다니던 회사가 문을 닫아서 지금 실직 중이야. 
#Person2#: 나도 마찬가지야. 다음에 무엇을 할지 많이 생각해 봤어? 
#Person1#: 지금은 일단 먹고 살 정도의 일이라도 있으면 좋겠어. 
#Person2#: 그럼 면접은? 본 적 있어? 
#Person1#: 면접 볼 기회가 있으면 좋겠어. 
#Person2#: 저기 전기 기술자 프로그램에 대해 어떻게 생각해? 
#Person1#: 그거 읽어봤는데, 정말 좋아 보였어! 
#Person2#: 그러면 우리 가서 어떻게 지원할 수 있는지 알아보자.",
test.csv,이 사무실,"#Person1#: Ms. Dawson, 받아쓰기 좀 부탁드려야겠어요. 
#Person2#: 네, 말씀하세요... 
#Person1#: 이걸 오늘 오후까지 모든 직원들에게 사내 메모로 보내야 해요. 준비됐나요? 
#Person2#: 네, 말씀하세요. 
#Person1#: 모든 직원에게 알립니다... 즉시 발효되어 모든 사내 통신은 이메일과 공식 메모로만 제한됩니다. 근무 시간 동안 즉시 메시지 프로그램 사용은 금지됩니다. 
#Person2#: 이 정책이 사내 통신에만 적용되나요, 아니면 외부 통신에도 해당되나요? 
#Person1#: 이는 모든 통신에 적용됩니다. 사무실 내 직원 간 통신 뿐만 아니라 외부 통신도 해당됩니다. 
#Person2#: 하지만 많은 직원들이 고객과 소통하려고 즉시 메시지를 사용합니다. 
#Person1#: 통신 방법을 바꿔야 할 것입니다. 이 사무실에서는 즉시 메시지를 사용하는 것을 원하지 않습니다. 너무 많은 시간이 낭비됩니다! 이제 계속해서 메모를 작성해 주세요. 어디까지 했죠? 
#Person2#: 내외부 통신에 적용됩니다. 
#Person1#: 네. 즉시 메시지를 계속 사용하면 경고 후 시정 조치가 이루어지며, 두 번째 위반 시 해고될 수 있습니다. 이번 정책에 관한 질문은 부서장에게 문의하세요. 
#Person2#: 그게 다인가요? 
#Person1#: 네. 오늘 오후 4시까지 이 메모를 작성하고 배포해주세요.",
test.csv,이 사무실,"#Person1#: 혹시 다른 지역도 추천해줄 수 있어요?
#Person2#: 네, 웨스트 더비를 추천할게요. 그쪽이 사무실에 더 가까울 거예요.
#Person1#: 좋네요.
#Person2#: 네, 그리고 만약 아이가 있다면, 그쪽에 좋은 학교들이 많아요.
#Person1#: 그건 괜찮아요. 저는 혼자 사니까 그냥 저렴한 원룸을 찾고 있어요. 플랫 같은 곳이요.
#Person2#: 음, 그러면 여긴 좀 어렵겠네요. 이 지역은 주로 큰 집들이 많거든요. 하지만 렌트를 원하는 사람들과 나눌 수 있는 집이 있을 수도 있어요.
#Person1#: 아니요, 저는 지금 당장은 플랫만 관심 있어요.
#Person2#: 사실 우리 남쪽 더비에 또 다른 사무실이 있는데, 그곳에서 일하는 친구가 정말 친한 친구예요. 이름이 John Godfrey예요.
#Person1#: 그의 전화번호를 좀 알려줄 수 있어요?
#Person2#: #PhoneNumber#이에요.
#Person1#: 좋아요. 그 친구에게 언제 전화하는 게 좋을까요? 일요일 10일까지 여기 있을 거예요.
#Person2#: 아마도 토요일에 만날 수 있을 거예요.
#Person1#: 그렇게 하면 되겠네요. 도움 줘서 고마워요.",
test.csv,이 사무실,"#Person1#: 에어컨이 작동을 안 해! 여기서 열사병 걸리기 전에 수리공을 불러야겠어!
#Person2#: Dan이 그 일을 맡고 있어. 화장실 변기도 자꾸 막히는데 그거까지 같이 고치도록 하고 있어.
#Person1#: 그거 편리하겠네. 전기 배선도 고치라고 얘기해야겠어. 차단기가 자꾸 나가서 정말 성가셔!
#Person2#: 맞아, 네 말이 맞아. 이 사무실은 정말 엉망이야! 전에는 Frank가 밖에 있는 배수구가 막혀서 주차장에 물이 차올랐다고 하더라고.
#Person1#: 나도 알아! 그날 차에 타려고 할 때 발목까지 물에 잠겼어! 수리공이 할 일이 많겠어.",
test.csv,이 도시의,"#Person1#: 드디어 왔네! 뭐가 이렇게 오래 걸렸어?
#Person2#: 차가 또 막혔어. Carrefour 교차로 근처에서 교통체증이 엄청 심했거든.
#Person1#: 거긴 출퇴근 시간에 항상 혼잡하잖아. 집에 갈 때 다른 길 좀 찾아보는 게 어때?
#Person2#: 솔직히 피할 수 있을 것 같진 않아.
#Person1#: 대중교통으로 출퇴근하는 게 더 나을 수도 있겠다.
#Person2#: 생각해봐야 할 것 같아. 대중교통이 꽤 괜찮더라고.
#Person1#: 환경에도 더 좋을 거야.
#Person2#: 알아. 내 차가 이 도시의 오염 문제를 얼마나 악화시키는지 미안하게 생각해.
#Person1#: 지하철 타고 다니는 게 운전하는 것보다 스트레스도 덜할 거야.
#Person2#: 문제는 차가 줄 수 있는 자유를 정말 그리워할 것 같단 말이지.
#Person1#: 글쎄, 날씨 좋으면 자전거로 출근해봐. 차만큼 자유로울 거야.
#Person2#: 맞아. 운동도 될 것 같아!
#Person1#: 그럼 출근할 때 차 안 타기로 했어?
#Person2#: 응, 나나 환경에 좋지 않잖아.",
test.csv,그 선생님,"#Person1#: 티나, 너 피아노 얼마나 오래 배웠어?
#Person2#: 8년 됐어. 내가 7살 때 시작했거든. 아빠가 영국에서 온 선생님을 소개해 주셨어.
#Person1#: 아, 아직도 그 선생님한테 배우고 있어?
#Person2#: 응, 매주 토요일 그분 댁에 가.
#Person1#: 네가 그렇게 잘 치는 게 당연하구나.
#Person2#: 맞아, 선생님이 정말 대단하시고 상도 많이 받으셨어.
#Person1#: 좋네. 나도 그 선생님께 소개 좀 시켜줘. 나도 배우고 싶어.
#Person2#: 물론이지. 이번 토요일에 나랑 같이 가자.
#Person1#: 정말 고마워.",
test.csv,그 비행기,"#Person1#: 안녕하세요. 뉴욕 가는 513편 비행기를 타려고 왔는데, 방송에서 취소됐다고 들은 것 같아요. 사실인가요?
#Person2#: 정말 죄송하지만, 맞습니다. 그 비행기는 취소되었습니다. 내일 비행기를 예약해 드릴까요?
#Person1#: 안 돼요! 오늘 비행기를 타기 위해 정말 열심히 일했는데. 다른 항공사에서 좌석이 있나요?
#Person2#: 가능할 수 있습니다. 다른 항공사를 예약하시려면 저쪽에 줄을 서시면 됩니다.
#Person1#: 저기 약 200명이 서 있는 줄요?
#Person2#: 맞습니다. 모두가 오늘 밤에 뉴욕에 가고 싶어하는 것 같네요.
#Person1#: 휴가 시작을 이렇게 망치다니. 줄서는 거 정말 싫어요! 내일 비행기로 예약해 줄 수 있나요?
#Person2#: 물론이죠. 불편을 끼쳐 죄송한 마음에 50% 할인도 제공해 드리겠습니다.",
test.csv,이 컴퓨터,"#Person1#: 이 컴퓨터에 무슨 문제가 있지?
#Person2#: 글쎄, 잘 모르겠는데 그냥 잘 안 돼. 켤 때마다 멈춰버려.
#Person1#: Mr. Li에게 조언을 구해봤어?
#Person2#: 응, 해봤는데 그도 문제를 해결 못하더라. 네가 도와줄 수 있어?
#Person1#: 나? 나는 컴퓨터 게임 하는 것 빼고는 아무것도 몰라.
#Person2#: 어떻게 하지? 오늘 오후까지 이 보고서를 끝내야 하는데...
#Person1#: 수리공에게 전화해보는 게 어때? 그들이 문제를 해결할 수 있을 거야.
#Person2#: 그래, 전화할게.",
test.csv,이 컴퓨터,"#Person1#: 나는 컴퓨터 게임이 싫어. 
#Person2#: 왜? 괜찮은 거 많은데. 
#Person1#: 너무 폭력적이잖아. 어떤 건 심지어 역겹기까지 해. 
#Person2#: 물론 나쁜 게임도 있지. 하지만 괜찮은 것도 많아. 
#Person1#: 남자아이들이 컴퓨터 게임에 빠지면 분명 나쁘게 될 거야. 
#Person2#: 에이, 그렇게 나쁘진 않아. 게임을 통해 컴퓨터 사용하는 법을 배울 수도 있어.",
test.csv,그 사람,"#Person1#: 그건 너도 잘못한 거지. 그런 사람을 들여보내면 안 됐어, 그 사람이 정말 오기로 되어 있다거나 네가 기다리고 있는 사람이 아니라면 말이야.
#Person2#: 그렇게 말하는 건 쉽지. 하지만 누군가가 문을 두드리며 '전기'나 '가스'라고 하면 그냥 괜찮다고 생각하게 돼. 특히 신분증까지 보여주면 말이야.",
test.csv,그 사람,"#Person1#: 너 엄청 행복해 보이네. 뭐 좋은 일 있어? 
#Person2#: 아, 응. 내 친구가 영국에서 막 도착했어.
#Person1#: 아 그래? 그래서?
#Person2#: 그 친구가 여기 있는 동안 우리 집에서 머물기로 했어. 재미있게 놀 거야. 그리고 내 실험실에서 강연도 하게 초대했어.
#Person1#: 그 사람 교수님이셔?
#Person2#: 아, 아니야. 그 친구는 에딘버러 대학의 박사과정 학생이야. 올해 말 졸업 예정이야.
#Person1#: 와, 굉장히 우수한가 봐.
#Person2#: 맞아, 정말 그래.
#Person1#: 그래서 강연 주제는 뭐야? 나도 가보고 싶어질 것 같은데.
#Person2#: 강연은 멀티모달 텍스트 생성에 관한 거야. 비디오 요약 생성과 담화 모델링에 대해서도 이야기할 거야.
#Person1#: 와, 그거 어렵겠다. 자리 하나 남겨줘.",
test.csv,그 사람,"#Person1#: 오늘 밤에 John네 집에 가고 싶어?
#Person2#: 아니, 나 감기 걸린 것 같아. 그냥 집에서 쉬는 게 좋을 것 같아.
#Person1#: 아, 알겠어! 따뜻하게 하고 있어야 해. 내가 수프 끓여줄까?
#Person2#: 고마워, 하지만 괜찮아. 배가 별로 안 고파. 사실, 그냥 자러 갈까 해. 오늘 아침에 회의 때문에 너무 일찍 일어났거든. 동료 중 한 명이 아파 보이던데, 그 사람한테서 감기 옮았나 봐.",
test.csv,그 친구,"#Person1#: 너 엄청 행복해 보이네. 뭐 좋은 일 있어? 
#Person2#: 아, 응. 내 친구가 영국에서 막 도착했어.
#Person1#: 아 그래? 그래서?
#Person2#: 그 친구가 여기 있는 동안 우리 집에서 머물기로 했어. 재미있게 놀 거야. 그리고 내 실험실에서 강연도 하게 초대했어.
#Person1#: 그 사람 교수님이셔?
#Person2#: 아, 아니야. 그 친구는 에딘버러 대학의 박사과정 학생이야. 올해 말 졸업 예정이야.
#Person1#: 와, 굉장히 우수한가 봐.
#Person2#: 맞아, 정말 그래.
#Person1#: 그래서 강연 주제는 뭐야? 나도 가보고 싶어질 것 같은데.
#Person2#: 강연은 멀티모달 텍스트 생성에 관한 거야. 비디오 요약 생성과 담화 모델링에 대해서도 이야기할 거야.
#Person1#: 와, 그거 어렵겠다. 자리 하나 남겨줘.",
test.csv,그 친구,"#Person1#: 혹시 다른 지역도 추천해줄 수 있어요?
#Person2#: 네, 웨스트 더비를 추천할게요. 그쪽이 사무실에 더 가까울 거예요.
#Person1#: 좋네요.
#Person2#: 네, 그리고 만약 아이가 있다면, 그쪽에 좋은 학교들이 많아요.
#Person1#: 그건 괜찮아요. 저는 혼자 사니까 그냥 저렴한 원룸을 찾고 있어요. 플랫 같은 곳이요.
#Person2#: 음, 그러면 여긴 좀 어렵겠네요. 이 지역은 주로 큰 집들이 많거든요. 하지만 렌트를 원하는 사람들과 나눌 수 있는 집이 있을 수도 있어요.
#Person1#: 아니요, 저는 지금 당장은 플랫만 관심 있어요.
#Person2#: 사실 우리 남쪽 더비에 또 다른 사무실이 있는데, 그곳에서 일하는 친구가 정말 친한 친구예요. 이름이 John Godfrey예요.
#Person1#: 그의 전화번호를 좀 알려줄 수 있어요?
#Person2#: #PhoneNumber#이에요.
#Person1#: 좋아요. 그 친구에게 언제 전화하는 게 좋을까요? 일요일 10일까지 여기 있을 거예요.
#Person2#: 아마도 토요일에 만날 수 있을 거예요.
#Person1#: 그렇게 하면 되겠네요. 도움 줘서 고마워요.",
test.csv,그 친구,"#Person1#: 자기야! 정말 깜짝 놀랄 소식이 있어! 내 친구 Julie랑 Alex가 결혼한대!
#Person2#: 와, 정말 좋은 소식이네! 그 두 사람 정말 잘 어울려!
#Person1#: 맞아! 근데 방금 Alex의 들러리랑 얘기했는데 그 친구가 총각 파티를 준비한대. 정말 재미있을 거야! 신랑 들러리들이 그날 밤에 할 별난 일들 생각해내느라 난리야.
#Person2#: 설마 스트립 클럽 가는 건 아니지? 친구 파티라고 핑계 대면서 스트리퍼한테 무릎춤 받는 건 싫어.
#Person1#: 에이, 그냥 재미로 하는 거잖아! 이런 거 어떻게 돌아가는지 알잖아! 술게임하고, 신랑에게 장난 선물도 좀 주고 그냥 잘 놀다 올 거야. 너무 과하지 않을 거야.
#Person2#: 글쎄, 잘 모르겠어.
#Person1#: 아, 진짜! 당신 친구들 중 누가 결혼한다고 하면 나는 당신이 그녀의 여자 파티에 가는 걸 신경 안 쓸 거야!
#Person2#: 잘 됐네, 내 친구 Wendy도 결혼하게 됐거든, 그래서 내가 그녀의 파티를 준비 중이야!",
test.csv,이 다음,"#Person1#: 나를 위해 이렇게 멋진 베이비 샤워를 준비해 줘서 고마워요! 저는 항상 베이비 샤워에 참석만 했지, 직접 받은 적은 없었거든요! 이제 시작해볼까요? 
#Person2#: 좋아요, 선물 좀 열어볼까요? 
#Person1#: 오, 봐요! 아기한테 정말 좋은 작은 턱받이네요! 이거 정말 유용할 거예요! 와우, 유모차도 줬네요! 정말 고마워요! 
#Person2#: 이 다음 건 베티가 준 거예요. 
#Person1#: 식탁의자랑 카시트네요! 베티, 정말 고마워요! 정말 감사해요! 
#Person2#: 마지막으로 칼라가 준 거예요. 
#Person1#: 놀이펜이랑 침대네요! 고마워요, 칼라! 이게 딱 필요했어요! 
#Person2#: 이제 다 연 것 같아요. 선물은 끝났어요. 이제 누가 아기가 언제 태어날지 맞춰볼까요? 
#Person1#: 음. 제 양수가 터진 것 같아요! 병원에 데려다 줘요!",
test.csv,저 여자,"#Person1#: 이 파티 정말 끝내준다! 
#Person2#: 맞아. 맥주도 좋고, 음악도 좋고, 게다가 여기에 매력적인 여자들이 정말 많아!
#Person1#: 나도 동감이야. 저쪽에 있는 저 여자 좀 봐. 나 사랑에 빠진 것 같아!
#Person2#: 음, 괜찮긴 한데, 내 스타일은 아니야. 빨간 드레스 입은 금발 여자 어때?
#Person1#: 아, 저 사람은 Janice야. 막 이사 왔어. 너 금발 여자한테 끌리나 보네?
#Person2#: 응, 맞아! 그녀가 뭐든지 하라고 해도 할 것 같아!
#Person1#: 그렇겠지. 가서 말 걸어보지 그래? 진짜 착한 애야.
#Person2#: 안 될 것 같아. 여자한테 말 걸 때마다 긴장돼서 망쳐버리고, 결국 바보처럼 보인단 말이야. 게다가 저 여자는 나한테 과분해.
#Person1#: 야, 용기를 내봐! 해보지 않으면 모르는 거잖아.
#Person2#: 알겠어, 알겠어. 한 잔만 더 마시고 해볼게.
#Person1#: 좋아. 근데 빨리 움직이는 게 좋을걸.
#Person2#: 왜?
#Person1#: 다른 남자 다섯 명이 그녀를 쳐다보고 있어.
#Person2#: 알겠어, 간다!
#Person1#: 행운을 빌어!",
test.csv,저 여자,"#Person1#: 야, Rocky! 너 밤새 앉아만 있네. 저쪽 여자처럼 가서 누군가랑 춤 좀 춰봐.
#Person2#: 아, 나는 괜찮아. 저 여자 지식인 타입 같아 보여서.
#Person1#: 에이, 남자답게 굴어봐. 어떤 여자가 좋냐?
#Person2#: 난 다정하고 내 모든 필요를 채워주는 여자가 좋아. 근데 저쪽 여자는 그런 타입이 아니야.
#Person1#: 야, 세상이 변했어. 항상 구두를 닦아주고 뒤치다꺼리 해줄 여자는 절대 못 찾을 거야. 정신 차려.
#Person2#: 정말? 그런 여자를 많이 만나지만 이 파티에는 없어. 아, 그리고 집에서 요리하고, 청소하고, 아이들 보는 여자를 좋아해.
#Person1#: 알겠어, 근데 직장에서 돌아오면 네가 하는 집안일은 뭐야?
#Person2#: 음, 먹고, TV 보고, 쓰레기 버리는 거?
#Person1#: 잠깐, 잠깐, 잠깐. 이 말을 믿을 수가 없네. 사실, 넌 절대 결혼 못 할걸. 최근에 읽은 뉴스에 따르면, 40%의 여자들이 남편이 집안일을 공평하게 분배하지 않는다고 생각해. 넌 그 경우인 것 같아.
#Person2#: 그래, 그게 나야. 근데 네가 생각하는 완벽한 여자는 뭐야?
#Person1#: 음, 난 외향적이고 다정하고 사람 차별하지 않는 여자가 좋아. 그리고 자기중심적인 사람은 싫어... 아는 누구처럼.
#Person2#: 네 말치고는 괜찮네. 근데 난 생각을 안 바꿔. TV 저녁 식사와 내 개 Rusty한테 돌아가야겠어.
#Person1#: 야, 너랑 있으면 긴 외로운 밤이 되겠네. Rusty한테 안부 전해줘.",
test.csv,이 회사,"#Person1#: 우리 회사에 대해 무엇을 알고 있나요?
#Person2#: 음, 제가 알기로는 이 회사가 이 분야에서 가장 크고 좋은 회사 중 하나에요. 주로 어린이 장난감을 생산하고 있고 전 세계적으로 10,000명 이상의 직원이 근무하고 있다고 들었어요. 현재 사장은 Mr. Jackson이고요. 상하이 지사는 5년 전에 설립됐고, 2,000명 이상의 직원이 있다고 알아요.
#Person1#: 아주 좋네요. 우리 회사에 오면, 어떤 부서에서 일하고 싶으세요?
#Person2#: 영업부에서 일할 수 있을까요?
#Person1#: 좋아요. 혹시 실례가 안 된다면, 현재 직장에서 연봉이 얼마인지 여쭤봐도 될까요?
#Person2#: 월 2,000 위안을 받고 있고, 수당과 보너스를 더해 한 달에 약 3,000 위안 정도 돼요. 저는 얼마 받을 수 있을까요?
#Person1#: 음, 우리 회사 직원의 시작 월급은 2,500 위안이에요. 3개월 후에 업무 평가에 따라 인상될 수 있어요.
#Person2#: 복리후생은 어떤가요?
#Person1#: 당연히 있죠. 반기별 보너스, 봄 축제에 작은 보너스, 1년에 4주 유급 휴가가 있어요.
#Person2#: 보험과 건강 보험은 어떤가요?
#Person1#: 우리가 대신 처리해 줄 수 있어요.
#Person2#: 정말 좋네요.",
test.csv,이 회사,"#Person1#: 자, 여기 정보 좀 살펴볼게요. 당신이 회사에 6년 동안 있었네요. 
#Person2#: 맞아요. 
#Person1#: 6년 전과 같은 느낌이 드나요? 
#Person2#: 음, 그렇지는 않아요. 예전엔 더 열정적이었어요. 아마 나이가 들어서 그런 것 같아요. 
#Person1#: 글쎄요. 당신은 아직 28살인데. 그게 그렇게 나이가 많지는 않죠. 또 뭐가 달라졌나요? 
#Person2#: 지금은 더 오랜 시간을 일해요. 거의 매일 7시 이후에 집에 가지만, 예전보다 훨씬 더 많이 벌어요. 
#Person1#: 그렇군요. 회사에서는 새로운 기술 개발에 도움을 주나요? 
#Person2#: 어느 정도는요. 지난 몇 년 동안 관리 훈련 과정을 두 번이나 했기 때문에 이제는 승진할 준비가 된 것 같아요. 
#Person1#: 여행을 갈 기회는 많나요? 
#Person2#: 많지는 않아요. 하지만 솔직히 별로 신경 안 써요. 왜냐하면 어머니를 돌봐야 하니까요.",
test.csv,이 회사,"#Person1#: 너 그 소식 들었어? 우리 주요 공급업체 두 곳, Murphy Music하고 U-Tunes가 합병한대! 그들이 한 회사로 합쳐지면 우리 시장 전략에 큰 영향을 미칠 거야. 
#Person2#: 정말? 누가 그렇게 말했어? 그 두 회사가 합병한다는 게 믿어지지 않아. 원래 철천지원수였고 가장 치열한 경쟁자였잖아. 소문일 거야. 그럴 리가 없어.
#Person1#: 내가 직접 재정신문에서 읽었어. 정말로 함께할 거래. U-Tunes가 Murphy's에게 인수됐고, 다음 달부터 그들이 회사를 인수할 거래.
#Person2#: U-Tunes에게는 경쟁이 너무 심했던 건가? 아니면 왜 자기들의 앙숙에게 인수를 허락했겠어?
#Person1#: 아마도 치열한 경쟁을 유지하는 것보다 합병하는 게 더 낫다고 판단했나 보네. 못 이기면 합류하라는 말도 있잖아.",
test.csv,이 도시,"#Person1#: 드디어 왔네! 뭐가 이렇게 오래 걸렸어?
#Person2#: 차가 또 막혔어. Carrefour 교차로 근처에서 교통체증이 엄청 심했거든.
#Person1#: 거긴 출퇴근 시간에 항상 혼잡하잖아. 집에 갈 때 다른 길 좀 찾아보는 게 어때?
#Person2#: 솔직히 피할 수 있을 것 같진 않아.
#Person1#: 대중교통으로 출퇴근하는 게 더 나을 수도 있겠다.
#Person2#: 생각해봐야 할 것 같아. 대중교통이 꽤 괜찮더라고.
#Person1#: 환경에도 더 좋을 거야.
#Person2#: 알아. 내 차가 이 도시의 오염 문제를 얼마나 악화시키는지 미안하게 생각해.
#Person1#: 지하철 타고 다니는 게 운전하는 것보다 스트레스도 덜할 거야.
#Person2#: 문제는 차가 줄 수 있는 자유를 정말 그리워할 것 같단 말이지.
#Person1#: 글쎄, 날씨 좋으면 자전거로 출근해봐. 차만큼 자유로울 거야.
#Person2#: 맞아. 운동도 될 것 같아!
#Person1#: 그럼 출근할 때 차 안 타기로 했어?
#Person2#: 응, 나나 환경에 좋지 않잖아.",
test.csv,이 도시,"#Person1#: 내일 핵무기 확산을 막는 데 도움을 주는 시위에 갈 거야, Cleo? 
#Person2#: 아니, Simon. 난 시위가 싫어. 경찰이 최루탄을 들고 대기 중이라는 말을 들었어.
#Person1#: 그래, 하지만 북한은 핵무기를 가졌다고 자랑하지.
#Person2#: 190개 국가가 핵확산금지조약에 서명했는데도, 문제는 너무 복잡해. 모든 이야기에는 두 가지 면이 있잖아. 이해도 안 되고 시위에 가고 싶은 생각도 없어. 시위가 무언가를 성취하는 것 같지도 않고.
#Person1#: 역사적으로 몇몇 시위가 정치인들의 생각을 바꿨잖아. 책임 있는 시민으로서 자신의 신념을 지키는 게 중요하다고 생각해.
#Person2#: 다른 사람에게 맡겨. 내가 말했듯이, 이야기를 양쪽 다 들어보면 각각의 주장에도 일리가 있어. 내가 옳다고 확신하지도 않는 일에 상처 받을 위험을 무릅쓰고 시위를 해야 할까?
#Person1#: 다칠 것 같진 않아. 평화로운 시위가 될 거야. 대학 그룹의 조직자와 얘기했는데, 그는 이 시위가 평화로울 거라고 확신해. 만약 세계 평화를 원한다면, 평화는 집에서 시작해야 하고, 그것은 바로 이 도시에서 의미한다더라고.
#Person2#: 너는 가고 싶으면 가, Simon. 나는 물리 시험 공부할 계획이야.
#Person1#: 두 시간만 걸려. 캠퍼스에서 11시 30분에 버스가 출발하고, 도심에서 12시 45분에 캠퍼스로 돌아와. 버스에서 점심 먹을 수 있어.
#Person2#: 안 가, Simon. 오늘 오후에 네 정치학 수업 학생들에게 물어보는 게 어때?
#Person1#: 그 학생들 모두 가기로 했어.
#Person2#: 알았어, Simon. 이제 내 여동생 만나러 가야 해.
#Person1#: 그럼 잘 가. 내일 물리 수업에서 보자.",
test.csv,이 도시,"#Person1#: 저기요, 부탁 하나 들어주실 수 있나요?
#Person2#: 물론이죠.
#Person1#: 이 도시에서 가장 번화한 거리가 어디인가요? 저는 여기가 처음이라서요.
#Person2#: 77번 도로 말씀이신가요? 여기서 멀지 않아요. 걸어서 갈 수 있어요.
#Person1#: 아, 오늘 너무 피곤한데요. 어떤 버스를 타야 하는지 알려주실 수 있나요?
#Person2#: 12번 버스를 타세요.
#Person1#: 정말 감사해요.",
test.csv,이 시간,"#Person1#: 어, 여기가 어디지? 쯧쯧, 음... 
#Person2#: 실례합니다. 도움 필요하세요? 
#Person1#: 아, 아니요, 그냥 ... 음... 
#Person2#: 알겠어요... 
#Person1#: 음, 사실은 ... 네. 저기... 과학박물관에 가고 싶은데 몇 시간째 길을 잃어버렸어요. 이 티켓 기계도 어떻게 해야 할지 모르겠고요. 
#Person2#: 아, 여기를 누르시면 돼요. 
#Person1#: 아, 네. 여기서부터는 1달러 50센트군요. 
#Person1#: 알겠습니다. 
#Person2#: 그다음에 4번 플랫폼에서 기차를 타세요. 
#Person1#: 네, 알겠습니다. 아, 이 시간대에 기차가 얼마나 자주 오나요? 
#Person2#: 보통 6분에 하나씩 와요. 
#Person1#: 알겠습니다. 기차는 어디에서 내려야 하나요? 
#Person2#: 여기서 세 정거장 지나서 State Street 역에서 내리세요. 
#Person1#: 알겠어요. 감사합니다. 
#Person2#: 천만에요. 잘 다녀오세요.",
test.csv,이 시간,"#Person1#: 택시! 택시! 
#Person2#: 어디로 가시나요, 손님? 
#Person1#: 기차역으로 가려는데요. 
#Person2#: 타세요. 
#Person1#: 기차역까지 가는 데 오래 걸리나요? 
#Person2#: 약 20분 정도 걸릴 거예요. 
#Person1#: 이 시간대는 교통이 복잡하죠? 
#Person2#: 네, 맞아요. 
#Person1#: 지금이 출퇴근 시간인가요? 
#Person2#: 네, 그렇습니다. 급하신가요, 손님? 
#Person1#: 아니요, 그렇지 않습니다. 천천히, 신중히 운전해 주실 수 있나요? 
#Person2#: 네, 알겠습니다, 손님.",
test.csv,이 문제,"#Person1#: 안녕하세요. 무엇을 도와드릴까요?
#Person2#: 저는 309호에 묵고 있고, 오늘 체크아웃 하려고 합니다. 지금 청구서를 받을 수 있을까요?
#Person1#: 물론입니다. 잠시만 기다려 주세요. 여기 있습니다.
#Person2#: 감사합니다. 잠깐만요... 이건 뭔가요? 30달러는 어디서 나온 건가요?
#Person1#: 죄송합니다. 11월 20일에 세탁 서비스 요금입니다.
#Person2#: 그런데 제가 여기 머무는 동안 세탁 서비스를 이용한 적이 없어요. 다른 사람의 요금이 추가된 것 같아요.
#Person1#: 음... 죄송합니다. 잠시만 기다려 주실래요? 관련 부서에 확인해보겠습니다.
#Person2#: 네. 이 문제만 해결된다면 괜찮습니다.
#Person1#: 정말 죄송합니다. 착오가 있었습니다. 청구서를 수정했습니다. 확인해 보세요.
#Person2#: 네, 여기요.
#Person1#: 안녕히 가세요.",
test.csv,이 문제,"#Person1#: 이 컴퓨터에 무슨 문제가 있지?
#Person2#: 글쎄, 잘 모르겠는데 그냥 잘 안 돼. 켤 때마다 멈춰버려.
#Person1#: Mr. Li에게 조언을 구해봤어?
#Person2#: 응, 해봤는데 그도 문제를 해결 못하더라. 네가 도와줄 수 있어?
#Person1#: 나? 나는 컴퓨터 게임 하는 것 빼고는 아무것도 몰라.
#Person2#: 어떻게 하지? 오늘 오후까지 이 보고서를 끝내야 하는데...
#Person1#: 수리공에게 전화해보는 게 어때? 그들이 문제를 해결할 수 있을 거야.
#Person2#: 그래, 전화할게.",
test.csv,이 문제,"#Person1#: 네, 무엇을 도와드릴까요?
#Person2#: 네, 제가 3일 전에 당신 가게에서 개인 스테레오를 샀는데, 말씀하신 것과 다르네요.
#Person1#: 아, 그렇군요. 무엇이 문제인가요?
#Person2#: 우선, 앞부분에 큰 스크래치가 있어요.
#Person1#: 하지만 사셨을 때 그걸 보셨어야 했잖아요.
#Person2#: 상자 안에 잘 포장되어 있었어요.
#Person1#: 음, 죄송합니다만, 물건을 사기 전에 확인하는 건 손님 책임이에요. 이 스크래치를 손님이 냈다는 걸 저희는 어떻게 알겠어요?
#Person2#: 말도 안 되는 소리네요. 하지만 그게 가장 중요한 건 아니에요. 다른 게 정말 마음에 안 들어요.
#Person1#: 또 어떤 문제가 있나요?
#Person2#: 여기 보세요. 다른 사람이 소음을 들을 수 없다고 써 있잖아요.
#Person1#: 맞아요, 그렇습니다.
#Person2#: 그런데 사람들이 소리를 듣고 있어요. 그래서 버스나 지하철에서 정말 창피해요.
#Person1#: 음, 아마도 이어폰을 착용하는 방법 때문일 거예요.
#Person2#: 제가 이어폰 끼는 방법은 잘 압니다. 고맙네요. 하지만 제가 알고 싶은 건, 당신이 이 문제에 대해 뭘 할 거냐는 겁니다.
#Person1#: 글쎄요, 정말 마음에 안 드신다면 다른 모델로 교환해 드릴 수도 있습니다.
#Person2#: 네, 당연히 마음에 안 들어요.
#Person1#: 그럼 영수증을 보여주시겠어요?
#Person2#: 아, 네. 영수증에 약간 문제가 있어요.",
test.csv,그다음에,"#Person1#: 어, 여기가 어디지? 쯧쯧, 음... 
#Person2#: 실례합니다. 도움 필요하세요? 
#Person1#: 아, 아니요, 그냥 ... 음... 
#Person2#: 알겠어요... 
#Person1#: 음, 사실은 ... 네. 저기... 과학박물관에 가고 싶은데 몇 시간째 길을 잃어버렸어요. 이 티켓 기계도 어떻게 해야 할지 모르겠고요. 
#Person2#: 아, 여기를 누르시면 돼요. 
#Person1#: 아, 네. 여기서부터는 1달러 50센트군요. 
#Person1#: 알겠습니다. 
#Person2#: 그다음에 4번 플랫폼에서 기차를 타세요. 
#Person1#: 네, 알겠습니다. 아, 이 시간대에 기차가 얼마나 자주 오나요? 
#Person2#: 보통 6분에 하나씩 와요. 
#Person1#: 알겠습니다. 기차는 어디에서 내려야 하나요? 
#Person2#: 여기서 세 정거장 지나서 State Street 역에서 내리세요. 
#Person1#: 알겠어요. 감사합니다. 
#Person2#: 천만에요. 잘 다녀오세요.",
test.csv,그다음에,"#Person1#: 휴가 때 뭐 할지 정했어?
#Person2#: 응, 유럽 여행을 할 거야.
#Person1#: 와, 좋겠다! 어디 갈 거야?
#Person2#: 파리에서 시작할 거야. 그다음에 기차 타고 니스로 가고, 밀라노로 갈 예정이야.
#Person1#: 와, 진짜 좋겠다. 거기서 뭐 할 거야?
#Person2#: 박물관도 구경하려고 해.
#Person1#: 밀라노에서 돌아올 거야?
#Person2#: 아니, 영국으로 갈 예정이야.
#Person1#: 아, 영국에서는 어디 갈 계획이야?
#Person2#: 에든버러에 가서 페스티벌에 참석하려고 해.
#Person1#: 아, 맞아, 거기 아주 유명하지. 나한테 기념품 사다 줄 거지?
#Person2#: 걱정 마, 그건 이미 생각해뒀어!",
test.csv,그다음에,"#Person1#: 안녕, Susan. 잠깐 시간 있어? 내 급여에 대해 궁금한 게 좀 있어서. 
#Person2#: 물론이지, Emily. 앉아서 얘기해. 
#Person1#: 음, 여기 미국에서 받은 첫 급여인데 이해가 안 가는 부분이 몇 가지 있어. 우선, FICA랑 SUI 세금이 뭐고, 왜 Medicare랑 건강 보험 계획 둘 다에서 공제가 되는 거야? 
#Person2#: 좋아, 급여 명세서의 맨 위부터 시작하자. 이 숫자는 네 총 급여를 나타내. 그다음에는 일련의 공제가 있어. 먼저 연방 공제부터 볼게. FICA는 Federal Insurance Contribution Act의 약자야. 이게 네 연방 소득세야. 그리고 사회보장세와 Medicare가 있는데, 이 두 개는 네가 은퇴하거나 일을 못 하게 됐을 때를 지원하기 위한 연방 프로그램이야. 
#Person1#: 아, 알겠어. 그러면 Medicare는 내가 지금 쓸 수 있는 건강 보험은 아니네. 
#Person2#: 맞아. 연방 공제 아래엔 주 공제가 있어. 주 소득세가 있고, 네가 물어본 SUI 세금은 주에서 설립한 실업 및 장애 기금에 기여하는 건데, 굉장히 적은 금액이 공제된다는 걸 알 수 있어. 
#Person1#: 그래, 그거에 1달러 50센트 내는 건 별로 상관없어. 그러니까 주 레벨이랑 연방 레벨, 이렇게 두 가지의 별도 소득세가 있는 거네? 
#Person2#: 맞아. 모든 주가 소득세가 있는 건 아니야. 어떤 주는 더 높은 재산세나 판매세를 사용하지. 
#Person1#: 알겠어. 그 외의 것들은 내가 스스로 해결할 수 있을 것 같아. 건강 보험이랑 내 401(k) 공제는 꽤 명확해. 도와줘서 고마워, Susan. 
#Person2#: 별말을 다해! 그런 공제들이 정말 쌓이고, 아무도 자신의 순 급여가 원하는 만큼 높지 않으니까. 설명이 필요하다니 이해돼. 
#Person1#: 그래, 영국도 똑같은 것 같아. 단지 내가 신경을 별로 안 썼던 것뿐이지. 나중에 봐!",
test.csv,이 지역,"#Person1#: 혹시 다른 지역도 추천해줄 수 있어요?
#Person2#: 네, 웨스트 더비를 추천할게요. 그쪽이 사무실에 더 가까울 거예요.
#Person1#: 좋네요.
#Person2#: 네, 그리고 만약 아이가 있다면, 그쪽에 좋은 학교들이 많아요.
#Person1#: 그건 괜찮아요. 저는 혼자 사니까 그냥 저렴한 원룸을 찾고 있어요. 플랫 같은 곳이요.
#Person2#: 음, 그러면 여긴 좀 어렵겠네요. 이 지역은 주로 큰 집들이 많거든요. 하지만 렌트를 원하는 사람들과 나눌 수 있는 집이 있을 수도 있어요.
#Person1#: 아니요, 저는 지금 당장은 플랫만 관심 있어요.
#Person2#: 사실 우리 남쪽 더비에 또 다른 사무실이 있는데, 그곳에서 일하는 친구가 정말 친한 친구예요. 이름이 John Godfrey예요.
#Person1#: 그의 전화번호를 좀 알려줄 수 있어요?
#Person2#: #PhoneNumber#이에요.
#Person1#: 좋아요. 그 친구에게 언제 전화하는 게 좋을까요? 일요일 10일까지 여기 있을 거예요.
#Person2#: 아마도 토요일에 만날 수 있을 거예요.
#Person1#: 그렇게 하면 되겠네요. 도움 줘서 고마워요.",
test.csv,이 지역,"#Person1#: 톰, 점심 잘 먹었어?
#Person2#: 아, 별로였어. 정말 마음에 안 들었어.
#Person1#: 무슨 일이 있었어?
#Person2#: 늘 그렇듯이 음식 코너가 너무 붐벼서, 20분이나 기다려서 샌드위치를 받았는데 치킨이 덜 익었더라고.
#Person1#: 그건 아쉽네. 하지만 서버를 탓할 순 없겠지.
#Person2#: 맞아, 알지. 이 지역에서 패스트푸드는 정말 인기가 많잖아.
#Person1#: 그렇지.
#Person2#: 그런데, 너 점심 어땠어, 케서린?
#Person1#: 난 좋았어. 오늘은 집에서 점심을 싸왔거든.
#Person2#: 그랬어? 여기 미국처럼 패스트푸드점이 많아서 너도 그럴 줄 알았어.
#Person1#: 글쎄, 난 별로 안 좋아하거든. 건강에 좋지 않다고 생각해.
#Person2#: 맞아, 편리해서 가긴 하지만... 맛있긴 해도 보통 칼로리, 소금, 지방이 많지.
#Person1#: 그렇지. 너도 패스트푸드가 일상이라고 생각해?
#Person2#: 물론이지. 맥도날드나 KFC 같은 유명 브랜드들은 거의 다 미국 거잖아.
#Person1#: 그렇긴 한데, 사실 미국인의 3분의 2는 그런 곳을 피할지도 몰라.
#Person2#: 정말 그럴까?
#Person1#: 응, 믿기 어려울 수도 있지만 사실이야.",
test.csv,이 지역,"#Person1#: 우리 교장 선생님이 새 실험실 건물을 지으실 것 같아?
#Person2#: 잘 모르겠어. 계획이 있을 수도 있겠지. 하지만 우리 선생님들한테는 아직 말씀 안 하셨어.
#Person1#: 그게 진짜 가능하다고 생각해?
#Person2#: 물론이지. 지금의 구 실험실 건물은 늘어나는 교육 수요를 충족시키지 못하잖아. 너무 작고 상태도 별로야.
#Person1#: 그럼 왜 빨리 새 건물을 지으면 안 돼?
#Person2#: 아마 문제가 좀 있을 거야.
#Person1#: 그게 무슨 문제인데?
#Person2#: 내가 알기로는, 돈이야. 당장은 해결될 것 같지 않아.
#Person1#: 우리 교장 선생님이 지역 정부에 도움을 요청하실 거라고 믿어.
#Person2#: 나도 그렇게 생각해. 이번 학기가 끝나기 전에 결정이 내려질 가능성이 꽤 높다고 봐.",
test.csv,그 남자,"#Person1#: 요즘 바빠. 채팅방에서 사람들과 대화하는 데 시간을 많이 보내고 있어.
#Person2#: 그래서 누군가 만났어?
#Person1#: 아니, 어제는 100명 넘게 나랑 이야기하고 싶어 했어. 어떤 사람은 내가 그의 이상형 여자친구라고까지 했어.
#Person2#: 뭐라고? 잠깐만, 이상형 남자친구라고 말하려던 거 아니야?
#Person1#: 아, 말 안 했구나. 내가 16살 소녀인 척 했거든. 그렇게 해야 했어. 남자로는 아무도 나랑 대화하고 싶어하지 않더라고.
#Person2#: 데니스, 이거 좀 이상한 것 같아.
#Person1#: 근데 이제 온라인 친구가 생겼어.
#Person2#: 네가 미스 라이트라고 생각하는 그 남자라는 거지?
#Person1#: 맞아, 금요일 밤에 만나기로 했어.
#Person2#: 뭐라고?
#Person1#: 친구를 사귀고 있는 거야.
#Person2#: 하지만 그는 네가 여자라고 생각하고 있어. 그가 단순히 좋은 친구가 되고 싶어 하진 않을 걸.
#Person1#: 알아, 그래서 너의 조언이 필요해.
#Person2#: 나라면 좋은 의사를 찾겠어.",
test.csv,이 버스,"#Person1#: 문에서 비켜주세요. 승객들이 내릴 수 있도록 해주세요. 다른 승객들이 내리기 전까지는 타실 수 없습니다.
#Person2#: 요금이 얼마인가요?
#Person1#: 1달러입니다. 요금을 상자에 넣어주세요. 버스 뒤쪽으로 이동해주세요. 뒤쪽에 자리가 많습니다.
#Person2#: 잠시만요. 이 버스가 그리니치 빌리지까지 피프스 애비뉴를 따라 가는지 궁금해요.
#Person1#: 맞습니다. 제발 뒤로 이동해주세요. 더 많은 사람들이 타길 기다리고 있습니다. 뒤쪽으로 이동해주세요.
#Person2#: 전 이 버스가 파크 애비뉴로 가는 줄 알았는데요.
#Person1#: 아니요, 파크 애비뉴로 가는 건 1번 버스입니다. 이건 2번 버스예요.
#Person2#: 그런데 이 버스가 워싱턴 스퀘어 공원으로 가는 줄 알았어요.
#Person1#: 맞습니다. 빨리 타주세요. 모두들 기다리고 있습니다. 워싱턴 스퀘어 공원을 놓칠 일은 없어요.
#Person2#: 우리가 그곳에 도착하면 알려주시겠어요?
#Person1#: 직접 잘 확인하시는 게 좋을 거예요. 제가 깜빡할 수도 있으니까요.",
test.csv,그 수업,"#Person1#: 들어오세요, 제가 도와드릴까요?
#Person2#: Turner 교수님, 다음 학기에 지질학 고급 과목 다시 하시나요?
#Person1#: 네, 맞아요.
#Person2#: 3학년인데 그 수업에 등록할 수 있을지 궁금해서요. 대학원 과목인 건 알지만...
#Person1#: 조금 이른 나이 같네요. 보통 자격이 있는 4학년 학생들이 듣는데, 따라가는 게 쉽지 않거든요.
#Person2#: 맞아요. 하지만 저는 미국 서부 지질학에 정말 관심이 많아서 관련 책도 많이 읽었어요. 지난 학기엔 Burman 교수님의 수업을 들었는데 조금 쉬웠어요.
#Person1#: 알겠습니다. 쉬운 학점을 원하진 않으시는 것 같네요.
#Person2#: 저는 정말 배우고 싶어요.
#Person1#: 그럼 좋습니다. Burman 교수님께 여쭤보고, 준비됐다고 하시면 등록을 허락할게요.
#Person2#: 오, 감사합니다. 교수님, 정말 친절하세요.",
test.csv,그 수업,"#Person1#: 안녕, Jack. 이번 학기 수업 어땠어? 
#Person2#: 나쁘진 않았어. 정치학 수업이 정말 마음에 들었어. 
#Person1#: 그게 제일 마음에 드는 수업이야? 
#Person2#: 제일 좋아한다고 할 순 없지만, 상위권이야. 
#Person1#: 그럼 제일 좋아하는 수업은 뭐였어? 
#Person2#: 작년에 비즈니스 커뮤니케이션 수업을 들었는데 아주 좋았어. 
#Person1#: 그 수업 아직 안 들어봤네. 그게 네가 제일 좋아하는 수업이라면, 한번 들어봐야겠다.",
test.csv,그 수업,"#Person1#: 안녕하세요. 도와드릴까요?
#Person2#: 네, Comp Lit 287 수업에 등록하고 싶습니다.
#Person1#: 죄송하지만, 그 수업은 이미 만원입니다. 학생들은 원래 터치톤 등록 시스템을 통해 등록해야 합니다.
#Person2#: 알아요. 전화로 이미 시도했지만, 컴퓨터가 승인하지 않더라고요.
#Person1#: 그건 수업이 만원이기 때문입니다.
#Person2#: 저는 이번에 새로 들어온 학생이라 어떻게든 그 수업에 들어갈 수 있을지 궁금했어요. 그래서 학과 사무실에 와서 이야기를 해봐야겠다고 생각했습니다.
#Person1#: 대기자 명단에 올려드릴 수는 있지만, 그게 수업에 들어가는 보장은 아닙니다. 성함이 어떻게 되시죠?
#Person2#: 제 이름은 Karen Huang입니다. H - U - A - N - G로 씁니다.
#Person1#: 알겠습니다. 전공이 어떻게 되시나요?
#Person2#: 비교문학 전공입니다.
#Person1#: 잠시만요. 비교문학 전공이시죠?
#Person2#: 네, 맞습니다.
#Person1#: 왜 말씀 안 하셨어요? 우리 과 학생인 줄 몰랐네요.
#Person2#: 그래서 Comp Lit 287을 꼭 수강하려고 하는 겁니다. 필수 과목이라서요. Cohen 교수님이 듣는 게 필요하다고 하셨어요.
#Person1#: 대학 컴퓨터 시스템이 비교문학 학생들을 위해 287 강의에 추가 자리를 저장해 둡니다. 특별 코드를 드릴 수 있습니다. 전화 등록 시 이 코드를 사용하면 수업에 등록할 수 있습니다.
#Person2#: 수업이 만원이더라도요?
#Person1#: 그렇습니다.
#Person2#: 아, 그건 몰랐네요.
#Person1#: 물론이죠. 여기 코드 번호랑 사용법 안내를 드리겠습니다.
#Person2#: 감사합니다. 이걸로 등록할 수 있을까요?
#Person1#: 네, 터치톤 등록 시스템에 다시 전화하고, 안내에 따라 하시면 문제없이 등록하실 수 있을 겁니다.
#Person2#: 감사합니다.
#Person1#: 다음에 여기 오시면 알아볼게요.",
test.csv,저 사람,"#Person1#: 이 파티 정말 끝내준다! 
#Person2#: 맞아. 맥주도 좋고, 음악도 좋고, 게다가 여기에 매력적인 여자들이 정말 많아!
#Person1#: 나도 동감이야. 저쪽에 있는 저 여자 좀 봐. 나 사랑에 빠진 것 같아!
#Person2#: 음, 괜찮긴 한데, 내 스타일은 아니야. 빨간 드레스 입은 금발 여자 어때?
#Person1#: 아, 저 사람은 Janice야. 막 이사 왔어. 너 금발 여자한테 끌리나 보네?
#Person2#: 응, 맞아! 그녀가 뭐든지 하라고 해도 할 것 같아!
#Person1#: 그렇겠지. 가서 말 걸어보지 그래? 진짜 착한 애야.
#Person2#: 안 될 것 같아. 여자한테 말 걸 때마다 긴장돼서 망쳐버리고, 결국 바보처럼 보인단 말이야. 게다가 저 여자는 나한테 과분해.
#Person1#: 야, 용기를 내봐! 해보지 않으면 모르는 거잖아.
#Person2#: 알겠어, 알겠어. 한 잔만 더 마시고 해볼게.
#Person1#: 좋아. 근데 빨리 움직이는 게 좋을걸.
#Person2#: 왜?
#Person1#: 다른 남자 다섯 명이 그녀를 쳐다보고 있어.
#Person2#: 알겠어, 간다!
#Person1#: 행운을 빌어!",
test.csv,저 사람,"#Person1#: 안녕! 뭐 보고 있어?
#Person2#: 이슬람에 관한 프로그램이야. 정말 흥미롭네.
#Person1#: 와! 사람들 많다! 저 사람들은 어디에 있는 거고, 뭘 하고 있는 거야?
#Person2#: 저 사람들은 메카로 순례를 가는 무슬림들이야. 이슬람에서는 이 순례를 '하즈'라고 불러.
#Person1#: 왜 거기에 가는 거야?
#Person2#: 무슬림들은 모든 남자가 가능한 한 평생에 한 번은 하즈를 해야 한다고 믿어. 메카는 이슬람 신앙의 영적 중심지야.
#Person1#: 무슬림들이 기도할 때 메카 쪽을 향하잖아.
#Person2#: 맞아. 불행하게도 매년 하즈에 가는 사람들이 너무 많아서 종종 사고가 나고 사람들이 다치기도 해.
#Person1#: 그거 들었어. 순례자들이 큰, 성스러운 검은 돌 주변을 걸어야 한다면서.
#Person2#: 맞아. 그 과정에서 사고가 자주 일어나지. 사우디 정부는 사고의 가능성을 줄이기 위해 순례자 수를 제한하려고 노력하고 있어.
#Person1#: 여러 신앙에서 순례가 흔하지.
#Person2#: 맞아. 영국에서는 기독교 순례자들이 캔터베리로 가기도 하고, 많은 기독교인들이 바티칸으로 순례를 가기도 해.
#Person1#: 프랑스에 사람들이 치유를 받으러 가는 곳이 있잖아?
#Person2#: 그곳은 루르드라는 곳인 것 같아. 그곳을 방문한 후에 치유된 사람들의 이야기가 많이 있어.
#Person1#: 그곳이 뭔가 마법 같은 게 있다고 생각해?
#Person2#: 개인적으로, 사람들은 치유될 것이라고 믿고, 그 믿음이 마음의 변화를 일으켜 그들을 치유한다고 생각해. 그곳에 마법 같은 건 없다고 봐.",
test.csv,이 자리,"#Person1#: 네 도시가 역사적인 장소야?
#Person2#: 별로 그렇진 않아. 200년 전에는 그냥 작은 마을에 불과했거든.
#Person1#: 그런데 어떻게 이렇게 큰 도시가 됐어?
#Person2#: 근처에서 대규모 석탄이 발견돼서 여러 산업들이 자리를 잡았어. 그 마을은 빠르게 주요 산업 중심지로 성장했지.
#Person1#: 도시가 커지면서 근처 마을들을 흡수했겠구나.
#Person2#: 맞아, 그랬어. 그 마을들의 이름이 지금도 도시 일부의 이름으로 남아 있어.
#Person1#: 그렇구나. 200년 이상 된 건물이 도시에 있어?
#Person2#: 물론이지. 그 당시의 마을에 있던 건물이 아직 많이 남아 있어. 많은 건물들이 여행객을 위한 여관이었는데, 오늘날엔 펍으로 유지되고 있어. 그리고 옛날에 어느 마을 근처에 성이 있어서 우리 도시에 성도 있어.
#Person1#: 정말? 그러면 너희 도시도 조금은 오래된 역사를 가지고 있구나.",
test.csv,이 자리,"#Person1#: Vet, 스트레스와 우울함을 풀기 위해 보통 무엇을 하나요?
#Person2#: 오이를 먹고 푹 쉬어요. 초콜릿보다 건강한 선택이라 생각해요.
#Person1#: 아이가 있어서 목표나 꿈을 포기해야 한다고 느낀 적 있나요?
#Person2#: 치어리더가 되고 싶었지만, 이제 불가능해졌어요. 많은 자유를 잃었죠. 아무도 제 시간에 집에 오라고 강요하지 않지만, 지금은 제 아기에 대한 책임이 있으니까요.
#Person1#: 딸을 키우면서 가장 좋았던 점은 무엇인가요?
#Person2#: 한 가지로 좁히기 어려워요. 아이를 바라보는 게 정말 좋아요. 아이는 순수하고 맑아서, 그녀가 모든 단계를 지나가며 사랑해주는 사람이 있다는 걸 아는 게 가장 좋아요.
#Person1#: 미래 계획은 무엇인가요?
#Person2#: 변호사가 될 예정이에요. 시간이 지나면 유타를 떠나고 싶어요.
#Person1#: 미래 목표나 꿈은 무엇인가요?
#Person2#: 작게 시작하고 싶어요. 우선 고등학교 졸업을 기대하고 있어요. 결국 결혼하고 싶고, 아기의 삶에 아버지 같은 존재가 있는 게 중요해요. 그건 제가 경험하지 못한 부분이니까요. 모델 일을 다시 시작하고 싶고, 계속 춤과 노래를 하고 싶어요. 저와 아기를 위해 가족 전통을 지키는 것도 중요해요.
#Person1#: 가장 좋아하는 명언은 무엇인가요?
#Person2#: 어둠 속에서 일어난 일은 결국 빛 속에서 드러날 것이라는 거예요. 숨기려고 해도 어느 순간 드러나게 돼요. 자신에게나 다른 사람에게 무엇인가를 숨기는 것은 좋지 않아요.
#Person1#: 10대들에게 어떤 조언을 해주고 싶나요?
#Person2#: 서두르지 말고 가능한 한 오랫동안 어린 시절을 보내세요. 모든 것이 완벽하다고 기대하지 마세요. 스스로 결정을 내리세요. 인생을 최대한 즐기세요. 자신을 먼저 사랑하세요. 그러면 다른 모든 것들이 자리를 잡을 것입니다.",
test.csv,그 정보,"#Person1#: 안녕, Sarah. 괜찮아? 좀 안 좋아 보이네.
#Person2#: 사실 좀 속상해. 방금 회의에서 나왔는데 좀 잘 안 됐어.
#Person1#: 무슨 일이 있었는데?
#Person2#: 아무도 내 제안을 들어주지 않았어. 다들 자기들끼리 싸우기만 하더라고.
#Person1#: 회의 주재는 누가 했어?
#Person2#: Bob.
#Person1#: 내가 경험상 말하자면, Bob이 가끔 좀 강하게 나올 때가 있거든.
#Person2#: 딱 그랬어! 계속 자기 제안만 내놓으면서 남들이 말하는 건 듣질 않았어. 그러고 나서 다들 자기 의견에 동의하길 바랐지.
#Person1#: 회의 주제가 뭐였는데?
#Person2#: 사무실 워크플로우를 개선해서 좀 더 효율적으로 만드는 아이디어를 찾는 거였어.
#Person1#: 회의가 전혀 효율적이지 않았다는 게 아이러니하네.
#Person2#: 맞아. 정말 공유하고 싶은 아이디어가 많았는데, 제대로 말할 기회를 안 주더라. 어떻게 해야 내 의견을 잘 전달할 수 있을까?
#Person1#: 짧고 간결하게 해야 해. 말할 기회를 얻었을 때 불필요한 세부사항에 너무 얽매이지 않는 게 좋아.
#Person2#: 짧고 간결하게? 그런데 복잡한 설명이 필요할 땐 어떻게 해?
#Person1#: 회의 중에는 주요 포인트만 언급하고, 회의 후에 관련된 사람들과 이야기하면 돼. 모든 사람이 그 정보를 다 알 필요는 없어.
#Person2#: 좋은 생각이야. 다음 회의 때 그렇게 해볼게.",
test.csv,그 영화,"#Person1#: 아빠, 오늘 오후에 영화관 갈까요?
#Person2#: 영화관에 가자고? 글쎄, 잘 모르겠는데.
#Person1#: 헬렌 이모는 항상 저랑 영화관에 가요.
#Person2#: 그래, 네 이모 헬렌이 항상 데려가는 건 아는데, 오늘 무슨 영화가 상영되지?
#Person1#: '노인을 위한 나라는 없다'요.
#Person2#: '노인을 위한 나라는 없다'? 좋네, 그 영화 재밌고 오스카 상도 받았잖아. 영화 언제 시작해?
#Person1#: 신문 좀 볼게요, 오후 3시에 시작해요.
#Person2#: 그럼, 엄마도 같이 갈까?
#Person1#: 네.
#Person2#: 좋아, 그럼 영화 보고 나서 뭐 할까?
#Person1#: 음, 맥도날드에 가요.
#Person2#: 맥도날드에? 좋다, 가서 맛있는 것도 먹자.",
test.csv,이 수업,"#Person1#: 너 아직도 안 자고 뭐해? 이제쯤이면 자야 하는 거 아냐? 
#Person2#: 요즘 잠을 잘 못 자고 있어. 
#Person1#: 내가 알기로 불면증은 보통 스트레스 때문에 생긴대. 스트레스 받아? 
#Person2#: 음, 성적 때문에 정말 걱정이 많아. 이 수업이 이렇게 스트레스가 클 줄 몰랐어. 
#Person1#: 너 잘하고 있어. 분명 잘 해낼 거야. 네가 할 일은 마음을 좀 가라앉히는 거야. 
#Person2#: 아마 네 말이 맞겠지. 근데 그렇게 간단했으면 좋겠어. 항상 불안한 마음을 어떻게 멈추지? 
#Person1#: 요가 수업을 듣거나 이완 테크닉을 배우는 게 스트레스 극복에 도움이 될 거야. 
#Person2#: 새로운 걸 배울 시간이 없어. 공부할 시간도 부족해! 
#Person1#: 하루 중에 좀 쉬는 시간을 가져야 돼. 하루 종일 공부하는 건 그리 효과적이지 않아. 
#Person2#: 맞아. 보통 컴퓨터 화면만 보거나 이메일만 확인하다가 수업 공부를 못 하고 있어. 
#Person1#: 음악을 좀 들어보는 건 어때. 음악을 들으면 사람들이 마음을 진정시키고 스트레스를 해소할 수 있대. 듣기를 배우는 건 아닐 테니까 괜찮지. 
#Person2#: 진짜? 어떤 음악을 추천해? 
#Person1#: 가벼운 음악이나 클래식 음악을 들어보는 게 좋을 거야. 록 음악만 안 들으면 돼. 
#Person2#: 그거 좋다. 방에 가서 바로 해봐야겠다. 잘 자! 
#Person1#: 잘 자, 편안하게 자. 베드버그에 물리지 않고.",
test.csv,그 시간,"#Person1#: 여보세요?
#Person2#: 안녕하세요, Nathaniel. 국제 학생 사무실의 Leah입니다.
#Person1#: 네, 안녕하세요.
#Person2#: 제가 전화드린 이유는 Ms. Collins가 다음 주까지는 전화를 드릴 수 없기 때문입니다.
#Person1#: 아, 어제 전화를 받기를 기대했었는데요.
#Person2#: 그녀가 정말 죄송하다고 전해달라고 했습니다. 급히 사무실을 떠나야 했고 다음 주까지 돌아오지 못할 것 같습니다. 이해해 주셨으면 합니다.
#Person1#: 다른 분과 통화할 수 있을까요?
#Person2#: 그녀가 저에게 오늘 다른 사람과 약속을 잡으라고 부탁했습니다. 오늘 몇 시가 괜찮으신가요?
#Person1#: 오늘 오후 2시 이후는 다 괜찮습니다.
#Person2#: Mr. Liu가 오늘 2시 15분에 가능하십니다. 괜찮으신가요?
#Person1#: 저는 Ms. Fonda와 이야기하고 싶습니다.
#Person2#: 죄송하지만, 그녀는 오늘 오후에 시간이 없습니다. 오늘 오전 11시 30분에 시간이 있습니다. 괜찮으신가요?
#Person1#: 네, 그 시간 괜찮습니다.
#Person2#: 알겠습니다. 11시 30분에 뵙겠습니다. 그때 뵙겠습니다.",
test.csv,그 시간,"#Person1#: 여기 일본 레스토랑 맞나요? 
#Person2#: 네, 맞습니다. 무엇을 도와드릴까요? 
#Person1#: 어떤 음식을 제공해요? 
#Person2#: 저희는 인기 있는 일본 요리를 세트 코스로 다양하게 제공하고, 고기 요리도 많이 준비되어 있습니다. 
#Person1#: 그렇군요. 좋네요. 몇 시까지 영업하세요? 
#Person2#: 저희는 10시까지 영업하며, 저녁 마지막 주문은 9시 30분입니다. 
#Person1#: 알겠습니다. 그 시간 전에 갈게요. 
#Person2#: 감사합니다, 손님. 오시는 것 기다리고 있겠습니다.",
test.csv,그 시간,"#Person1#: 북런던에서 경찰이 네즈든의 보행자 지하도에서 발견된 40대 남성의 사망 사건을 살인으로 보고 있습니다. 수사를 지휘 중인 탐정 수사국장 John Day가 아침 일찍 이 남성의 이동 경로에 대해 설명하고 있습니다. 
#Person2#: 저희가 파악한 바로는 이 남성이 새벽 1시 30분쯤 네즈든 레인에 있는 술집인 레벨 원 클럽을 떠났습니다. 저희는 그가 오전 2시 15분까지 어디에 있었는지 확인하려고 합니다. 당시 클럽 직원이 그를 발견했기 때문입니다. 그는 북순환도로 아래의 보행자 지하도에서 발견되었으며, 사망 원인은 여러 차례의 두부 외상입니다. 지하도 입구 근처에 두 명의 여성과 술에 취한 남성이 있었던 것으로 짐작되며, 이들이 그쪽으로 가는 남성이나 뒤따르던 공격자를 목격했을 가능성이 있습니다. 
#Person1#: 그들이 그곳에 있었던 시간은 언제쯤이라고 보십니까? 
#Person2#: 새벽 1시 반 조금 지나서부터 2시 15분까지라고 추정합니다. 
#Person1#: 그러면 그 시간 간격이 꽤 짧군요. 30분에서 40분 정도네요. 
#Person2#: 그렇습니다. 상당히 짧습니다. 
#Person1#: 그리고 네즈든 지하도에서 술집까지의 거리는 얼마나 되나요? 
#Person2#: 약 50미터입니다. 
#Person1#: 술 취한 남성과 그와 함께 있는 것으로 보이는 두 여성 외에 추가로 대화하고 싶은 사람은 없습니까? 
#Person2#: 네, 현재로서는 없습니다. 클럽은 새벽 1시 반에 닫았고, 아마도 다른 사람들이 그 길로 클럽을 떠났을 수도 있습니다. 또한 그 지역에 주차해 있던 미니캡 기사들이 뭔가를 목격했을 수 있습니다. 
#Person1#: 그렇다면, 아직 그들을 식별하지 못했다는 것이군요. 
#Person2#: 네, 현재 단계에서는 그렇습니다. 
#Person1#: 네, 감사합니다.",
test.csv,그 부분,"#Person1#: 어떤 혜택을 알고 싶으세요?
#Person2#: 네, 부탁드려요. 누구나 혜택에 대해 듣는 걸 좋아하잖아요!
#Person1#: 이 계약을 통해 여러 가지 혜택을 드릴 수 있습니다. 예를 들어, 귀하의 그룹 회사들이 빠르게 자금을 통합 이체하고 중앙에서 관리할 수 있게 됩니다. 이렇게 하면 내부 감독과 관리가 훨씬 수월해집니다.
#Person2#: 정말 좋네요. 그 부분에서 심각한 문제를 겪고 있었거든요. 현재 내부 회계가 너무 엉망이라서, 아무 것도 제대로 되지 않고 시간과 돈이 많이 들고 있어요.
#Person1#: 이 네트워크 결제 서비스에 가입하시면 모든 문제가 해결될 것이라 기대합니다. 확신하신다면, 이제 진행할 수 있습니다. 선생님. 내일 오전 10시는 어떠세요? 서류 작업을 모두 끝내기에요.",
test.csv,그 여자,"#Person1#: 오늘 날씨 정말 좋지 않아?
#Person2#: 맞아, 오늘 아침에 나랑 같은 건물에 사는 여자를 만났어. 정말 괜찮은 사람인 것 같아.
#Person1#: 그 사람 미국인이야?
#Person2#: 응, 중요한 건 아직 솔로래! 처음 봤을 때 딱 알았어, 내가 꿈꾸던 여자야!
#Person1#: 그러면 둘이 잘 맞는 것 같네? 같은 이웃이라 사귀기 편할 것 같기도 한데, 혹시 헤어지면 어떡해?
#Person2#: 그런 건 걱정 안 해. 시작도 하기 전에 그런 생각은 하고 싶지 않아. 게다가 미국 남자 두 명도 그 여자한테 반한 것 같아.
#Person1#: 경쟁이 좀 있는 것 같네. 벌써 움직였어?
#Person2#: 아직은 아니야. 하지만 곧 저녁에 초대할까 생각 중이야. 근처에 괜찮은 식당 몇 군데 알아.
#Person1#: 괜찮네. 여기 좀 오래 있었으니까 그게 장점이 되겠다, 그치?
#Person2#: 맞아. 네가 그렇다고 하니까, 지금 바로 그녀에게 전화해서 오늘 저녁 시간 있는지 물어봐야겠어.
#Person1#: 행운을 빌어!
#Person2#: 고마워!",
test.csv,그 여자,"#Person1#: 무슨 일이야, Lisa? 안색이 안 좋아 보여. 
#Person2#: 방금 남편이 바람 피우고 있다는 걸 알게 되었어. 
#Person1#: Mark 얘기하는 거야? 그런 정직한 사람인 줄 알았는데. 
#Person2#: 나도 그렇게 생각했어. 두 달 전부터 다른 사람을 만나고 있나 봐. 
#Person1#: 두 달이라고? 그걸 어떻게 알았어? 
#Person2#: 휴가 내고 집에 있었는데 전화가 왔어. 받았더니 어떤 여자가 Mark 좀 바꿔달라고 하더라고. 그러곤 내가 그의 여동생이냐고 물어서 아니라, 아내라고 했더니 바로 끊었어. 
#Person1#: 그래서 그 여자에 대해 남편한테 물어봤어? 
#Person2#: 응, 처음에는 직장 동료라고 하더라. 말도 안 되는 변명을 해서 내가 더 추궁했어. 
#Person1#: 그랬더니 어떻게 됐어? 
#Person2#: 계속 어설픈 핑계를 대더니 결국 잘못을 자백하더라. 
#Person1#: 잘못? 어떻게 두 달이나 잘못을 할 수 있어? 너희 결혼한 지 두 해 됐잖아! 어떻게 그럴 수가 있어? 
#Person2#: 진실을 말해주거나 그녀와 관계를 끝내지 않으면 이혼할 거라고 했어. 
#Person1#: 잘했어. 네가 한 일에 완전 동의해.",
test.csv,이 도움,"#Person1#: 당신의 강점은 무엇이라고 생각하세요? 이력서를 보니 많은 경력이 있으신 것 같아요.
#Person2#: 저는 혼자서도, 팀에서도 잘 일할 수 있습니다.
#Person1#: 그렇다면, 일하면서 본인의 약점은 무엇이라고 생각하시나요?
#Person2#: 음, 와우, 어려운 질문이네요! 처음에는 약간 긴장하고 제 능력에 대해 확신하지 못할 때가 있어요. 하지만 그건 처음에만 그렇습니다.
#Person1#: 그건 누구나 다 그런 것 같아요. 우리 교육이 도움이 될 거예요.
#Person2#: 그거 좋네요! 배우면서 일에 대해 더 깊이 이해하고 싶습니다.
#Person1#: 5년 후 본인은 어디에 있을 것 같으세요?
#Person2#: 결혼해서 안정적인 수입원이 있고 제가 하는 일을 잘하고 있으면 좋겠어요. 누구도 자신의 미래를 정확히 알 수는 없지만, 저는 배우는 과정이 중요하다고 생각해요.
#Person1#: 아주 좋은 대답이에요. 이 과정의 일환으로 당신이 우리와 잘 맞는지 판단하기 위해 질문드렸습니다.
#Person2#: 괜찮아요. 도전을 기대하고 있습니다.
#Person1#: 음, 당신이 바로 우리가 찾고 있는 분인 것 같아요.",
test.csv,이 소포,"#Person1#: 이 소포를 한국으로 보내려고 합니다.
#Person2#: 어떻게 보내시겠습니까?
#Person1#: 1등급으로 보내주세요.
#Person2#: 소포가 꽤 무겁네요, 20파운드가 나옵니다. 2일 걸립니다.
#Person1#: 20파운드요? 더 저렴한 방법은 없나요?
#Person2#: 네, 소포 우편 방법이 있는데, 1등급보다 10일 더 걸립니다.
#Person1#: 좋아요. 그 방법으로 할게요.",
test.csv,이 소포,"#Person1#: 이 소포를 우선우편으로 보내고 싶어요.
#Person2#: 보험을 들고 싶으세요?
#Person1#: 네, 50달러 가치로 부탁드려요. 22장짜리 책자 우표 한 권이랑 항공우편 우표 세 장도 부탁드릴게요.
#Person2#: 그건 일반 우편 창구 옆에 있는 우표 창구에서 사셔야 해요.
#Person1#: 거기서 우편환도 살 수 있나요?
#Person2#: 아니요, 그건 복도를 따라 세 창구 내려가서 왼쪽에 있어요.",
test.csv,이 소포,"#Person1#: 아들에게 이 편지를 꼭 전하고 싶어요. 중요한 증명서가 들어 있어서요.
#Person2#: 등기 우편이나 배달 증명 우편으로 보내시면 됩니다. 받았는지 확인만 하고 싶으시면 배달 증명 우편으로 보내세요. 그게 더 저렴해요.
#Person1#: 알겠어요. 그럼 이 소포는 어떻게 할까요?
#Person2#: 뭐가 들어있나요?
#Person1#: 시계에요.
#Person2#: 시계의 가치만큼 보험을 들고, 더 비싸면 등기 우편으로 보내세요. 그게 가장 안전해요.",
test.csv,이 영화,"#Person1#: 안녕하세요. 도와드릴까요?
#Person2#: 네. 이 영화들 빌리고 싶어요.
#Person1#: 아, 로맨스 영화들이네요!
#Person2#: 음, 우리 딸 위해서 빌리는 거예요.
#Person1#: 그렇군요. 이해했습니다. 회원 카드 있으세요?
#Person2#: 아니요, 없어요. 여기서 비디오 빌리려면 카드가 필요하나요?
#Person1#: 네, 필요하지만 무료예요.
#Person2#: 아, 알겠어요.
#Person1#: 이 카드는 비디오 대여를 추적하기 위해 발급하는 거예요. 이 회원 양식을 작성해주세요.
#Person2#: 알겠어요. 그럼 영화 대여비는 얼마죠?
#Person1#: 음, 신작은 3.50달러예요.
#Person2#: 알겠어요.
#Person1#: 다른 영화들은 2달러입니다.
#Person2#: 아, 네.
#Person1#: 그리고 한 번에 영화 6개까지 대여할 수 있어요.
#Person2#: 좋네요.
#Person1#: 그리고 5달러에 영화 5편을 대여할 수 있는 5달러 특가가 있어요.
#Person2#: 음.
#Person1#: 근데 이건 신작은 포함되지 않아요.
#Person2#: 아, 그럼 그냥 이 영화들만 빌릴게요.
#Person1#: 알겠어요, 한번 볼까요 ... 총 7달러 50센트입니다.
#Person2#: 언제까지 반납해야 하죠?
#Person1#: 목요일 밤 10시까지 반납해야 해요.
#Person2#: 알겠어요.
#Person1#: 연체료는 비디오 대여비와 같으니, 제때 반납하세요.
#Person2#: 알겠어요.
#Person1#: 네, 그럼 로맨스 영화 잘 즐기세요.
#Person2#: 네, 감사합니다.",
test.csv,이 계약,"#Person1#: 어떤 혜택을 알고 싶으세요?
#Person2#: 네, 부탁드려요. 누구나 혜택에 대해 듣는 걸 좋아하잖아요!
#Person1#: 이 계약을 통해 여러 가지 혜택을 드릴 수 있습니다. 예를 들어, 귀하의 그룹 회사들이 빠르게 자금을 통합 이체하고 중앙에서 관리할 수 있게 됩니다. 이렇게 하면 내부 감독과 관리가 훨씬 수월해집니다.
#Person2#: 정말 좋네요. 그 부분에서 심각한 문제를 겪고 있었거든요. 현재 내부 회계가 너무 엉망이라서, 아무 것도 제대로 되지 않고 시간과 돈이 많이 들고 있어요.
#Person1#: 이 네트워크 결제 서비스에 가입하시면 모든 문제가 해결될 것이라 기대합니다. 확신하신다면, 이제 진행할 수 있습니다. 선생님. 내일 오전 10시는 어떠세요? 서류 작업을 모두 끝내기에요.",
test.csv,이 가방,"#Person1#: 난 절대 중국의 길거리 시장에서 쇼핑하지 않을 거야. 거기는 바가지가 심한 곳이야! 뭔가 살 때마다 항상 조심해야 해. 
#Person2#: 무슨 일인데 그래, 해리? 바가지라도 쓴 거야? 
#Person1#: 그래, 지난 일요일에 근처 시장에 갔었어. 야외 장터였지. 우연히 이 가방을 발견하고 흥정도 안 하고 바로 샀어. 백이십 불을 줬다니까. 방금 동료들이 나한테 비싸게 샀다고 하더라고. 흥정을 했으면 삼십까지 깎을 수 있었대. 
#Person2#: 아, 그래? 여기서 사람들이 상술이 좋다더니, 흥정이 필수구나. 흥정은 자유 무역의 규칙이라고 할 수 있지. 판매자가 말도 안 되는 가격을 부르면, 구매자가 그걸 낮추려고 하는 과정이 중요한데, 넌 그걸 안 했네. 그러니 당할 수밖에 없지. 
#Person1#: 그래도 고객한테 그렇게 과하게 마진을 붙이는 게 안 좋은 것 같아. 
#Person2#: 맞아, 정말 짜증나지. 그런 일을 피하려면 물건의 진짜 가치를 미리 알아보는 게 유일한 방법이야. 난 슈퍼마켓에서 먼저 가격을 참고하고 나서 협상하는 걸 추천해.",
test.csv,그 외에,"#Person1#: 고마워, Steven. 정말 해외에서 먹어본 것 중 가장 훌륭한 식사였어. 다음에 베이징에 오면 내가 꼭 한턱 낼게. 
#Person2#: 신경 쓰지 마, Lin. 별거 아니야. 알잖아, 미국인들도 중국의 풍부한 음식 문화를 높이 평가해. 잠깐만, 여기 계산 좀 하고 웨이터한테 얼마나 줘야 할지 확인할게. 근데, 중국에서는 팁을 어떻게 해? 
#Person1#: 안 해. 
#Person2#: 팁 안 준다고? 그거야말로 내가 말하는 문명 시스템이네. 
#Person1#: 호텔이나 일부 레스토랑에서는 계산서에 서비스 요금을 추가하지만, 그 외에는 팁이 일반적이지 않아. 
#Person2#: 택시 기사나 포터는 어때? 
#Person1#: 택시는 미터기에 나온 금액만 지불해. 난 일반적으로 호텔 포터에게 짐당 10위안 정도 주지만, 일류 호텔에서는 팁을 받지 말라고 되어 있어. 
#Person2#: 그런 시스템을 여기 도입하려고 하면 혁명이 일어날걸.",
test.csv,이 여기,"#Person1#: 이거 봐, 여기 워싱턴 포스트 신문의 사본이 있어. 언제 창간된 건지 알아? 
#Person2#: 마침 신문의 발전에 대한 책이 여기 있어. 잠깐만. 아, 워싱턴 포스트는 1877년 12월에 Stilson Hutchins가 창간했어. 
#Person1#: 뉴욕 타임스랑 워싱턴 포스트 중에 어느 신문이 더 오래됐어? 
#Person2#: 뉴욕 타임스가 더 오래됐어. 1851년 9월에 Henry Raymond와 George Jones가 창간했어. 
#Person1#: 그럼 로스앤젤레스 타임스는? 
#Person2#: 로스앤젤레스 타임스는 1881년 12월 처음 발행됐고, Nathan Cole Jr.하고 Thomas Guardineer가 이끌었지.",
test.csv,이 여기,"#Person1#: 시골이 이렇게 시끄러울 줄은 몰랐어요! 
#Person2#: 노스캐롤라이나 산은 원래 굉장히 조용한데, Kathy. 이번 해가 17년 주기의 새울음 해예요. 
#Person1#: 그럼 지금만 시끄럽고 2034년까지는 괜찮다는 거죠? 
#Person2#: 맞아요. 여름 내내 이런 건 아니고, 기온이 선선해질 때, 보통 큰 폭풍 후에 나타나요. 4~5주 지나면 조용해질 거예요. 
#Person1#: 그럼 그 새들은 다음 17년 동안 어디 있나요? 
#Person2#: 주로 산 근처에 있어요. 내려와서 노래하고 특별한 춤도 춰요. 
#Person1#: 하늘에서 나는 소리 같은데요. 
#Person2#: 주로 나무에 있어요. 
#Person1#: 끔찍하네요. 이제 이 숲 속을 걷고 싶지 않아요. 아마 새 배설물이 여기저기 있을 거예요. 
#Person2#: 도시에는 없어요. Atlanta Georgia에 갔을 때 들었어요. 
#Person1#: 이런 소리는 처음 들어요. 캘리포니아에는 없을지도 몰라요. 
#Person2#: 아마 동부에만 있을 거예요.",
test.csv,그 후에,"#Person1#: 좋아요, 컷! 처음부터 다시 시작합시다, 모두들. 
#Person2#: 이번에 무슨 문제가 있었나요? 
#Person1#: 느낌이 좀 잘못 되었어요, Mike. 그녀가 더 이상 당신을 보고 싶지 않다고 말하고 있는데, 난 당신에게서 더 많은 분노를 보고 싶어요. 당신은 상처받고 슬픈 연기를 하고 있지만, 그 상황에서 당신의 캐릭터는 그렇게 행동하지 않을 거예요. 
#Person2#: 하지만 Jason과 Laura는 3년이나 같이 있었어요. 그의 반응이 분노와 슬픔이 함께 한다고 생각하지 않나요? 
#Person1#: 지금 시점에서는 아니에요. 난 그가 대부분 남자들이 반응하는 방식대로 반응할 것 같고, 나중에 그의 진짜 감정을 보게 될 거라고 생각해요. 
#Person2#: 전 그렇게 확신하지 못하겠어요. 
#Person1#: 내 방식대로 한 번 해 보고, 대사를 할 때 어떻게 느끼는지 봅시다. 그 후에도 여전히 적절하지 않다고 느껴지면, 다른 방법을 시도해 볼 수 있어요.",
test.csv,그 후에,"#Person1#: 사이먼, 은퇴하니까 어때요?
#Person2#: 음, 나쁘지 않네요.
#Person1#: 시간을 어떻게 보내고 계세요?
#Person2#: 가족과 더 많은 시간을 보내고 있어요. 그리고 여행도 조금 했어요. 비수기에 가니까 사람이 덜 붐비고 호텔도 저렴하거든요.
#Person1#: 좋네요.
#Person2#: 일을 완전히 그만둔 건 아니에요.
#Person1#: 네, 더 얘기해 주실 수 있나요?
#Person2#: '단계적 은퇴'라고 불리는 제도에 참여하고 있어요. 6개월 동안 일을 쉬었고, 그 후에 이전의 회사에서 프로젝트 업무에 지원할 수 있게 되었어요.
#Person1#: 그 제도는 어떻게 운영되나요?
#Person2#: 음, 지금은 실험적으로 운영되고 있어요. 임시 직원을 고용하는 대신, 회사 웹사이트에 내가 접근할 수 있는 구인 정보를 게시해요.
#Person1#: 어떤 종류의 업무가 게시되나요?
#Person2#: 음, 정말 다양한 일이에요. 행정 업무부터 좀 더 전문적인 일까지, 제가 할 수 있는 일이죠. 몇몇 프로젝트는 5~6개월, 어떤 건 단 며칠도 걸릴 수 있어요. 그래서 언제 일할지는 거의 제가 정할 수 있어요. 제 시간을 제가 관리할 수 있는 거죠.
#Person1#: 사이먼 씨에게 좋은 것 같네요. 회사는 뭐가 좋은 거죠?
#Person2#: 글쎄요, 예전의 직장 인맥이 모두 남아 있어서 일을 처리할 때 누구에게 연락하면 될지 알고 있죠. 회사도 유연성을 얻을 수 있어요. 일이 끝나면 그걸로 끝이에요. 더 이상 회사의 명단에 안 올라와요.",
test.csv,그 다음,"#Person1#: 나 ATM 좀 써야 돼. 
#Person2#: 뭐가 문제야? 
#Person1#: 어떻게 해야 할지 모르겠어. 
#Person2#: 이해가 안 가네. 꽤 쉬운 건데. 
#Person1#: 나 한 번도 써본 적이 없어. 
#Person2#: 그래. 내가 너 도와줄게. 
#Person1#: 뭐부터 해야 해? 
#Person2#: 우선, 카드를 기계에 넣어. 
#Person1#: 그 다음에는? 
#Person2#: 비밀번호를 입력해야 해. 
#Person1#: 다음엔 뭐 해야 해? 
#Person2#: 원하는 옵션을 선택하고, 그러면 끝이야. 
#Person1#: 고마워!",
test.csv,그 다음,"#Person1#: 지미, 어제 전화했는데 안 받더라. 
#Person2#: 미안해, 에이미. 어제 저녁에 아주 늦게 집에 들어왔어. 제니랑 빌이 피크닉 초대를 해서 갔거든. 
#Person1#: 아, 좋았겠다. 즐거웠어? 
#Person2#: 응, 아주 좋았어. 
#Person1#: 피크닉 언제 갔어? 
#Person2#: 제니랑 빌이 아침 9시쯤 차를 가지고 와서, 곧바로 출발했어. 
#Person1#: 어디로 갔어? 
#Person2#: 베이하이 공원에 갔어. 
#Person1#: 아, 이맘때 베이하이 공원 정말 예쁘지. 
#Person2#: 맞아, 날씨도 좋았고 사람들도 많았어. 강가에서 점심 먹고 산책하면서 경치 봤어. 
#Person1#: 그 다음엔 뭐했어? 
#Person2#: 거기 있는 바에서 술 한잔하고 친구도 좀 사귀고, 카드 게임도 하고, 많이 웃었어. 그러다 집에 오는 길에 교통 체증이 있어서 시간이 오래 걸렸어. 
#Person1#: 정말 즐거운 하루였네. 
#Person2#: 맞아. 그런데 왜 전화했어? 
#Person1#: 아, 네 책 돌려주려고 했어. 지금 시간 돼? 
#Person2#: 그래, 30분 뒤에 아래 카페에서 보자. 
#Person1#: 좋아, 그럼 이따 봐.",
test.csv,그 다음,"#Person1#: 내가 복권에 당첨되면 전 세계를 여행할 거야. 
#Person2#: 그래? 나는 안 할 거야. 
#Person1#: 그럼 너는 뭐 할 거야? 
#Person2#: 음, 잘 모르겠어. 아내와 아이들을 위해 정원이 있는 큰 집을 사겠지. 그런데 돈이 많으면 상상하기 어려워.
#Person1#: 한 가지는 확실해. 난 돈이 많으면 더는 일하지 않을 거야.
#Person2#: 정말? 그러면 그 많은 시간을 어떻게 보낼 거야?
#Person1#: 말했잖아, 전 세계를 여행할 거라고.
#Person2#: 그럼 그 다음엔 뭐 할 거야?
#Person1#: 음, 잘 모르겠어. 세계를 다 도는 데 오래 걸릴 거야.
#Person2#: 별로 재미있지 않을 것 같은데.
#Person1#: 어쨌든, 우리가 복권에 당첨된 것도 아니고, 될 것 같지도 않으니까, 말해봤자 별로 소용없지 않아?
#Person2#: 난 그냥 월급 인상만 받아도 좋겠어.
#Person1#: 그리고 내 아내는 내가 밍크 코트를 사주면 행복할 거야.
#Person2#: 글쎄, 나는 월급 인상 받을 가능성도 없고, 너도 밍크 코트를 살 돈이 없으니까, 현실로 돌아와서 한 잔 더 하자.
#Person1#: 뭘 마실래?
#Person2#: 최고의 맥주 한 잔 주세요.
#Person1#: 내가 너라면 스카치를 마실 텐데. 우린 그럴 자격이 있어.
#Person2#: 좋아. 두 배로 주세요, 알겠지?",
test.csv,이 편지,"#Person1#: 어떻게 도와드릴까요?
#Person2#: 이 편지에 쓸 우표가 필요해요.
#Person1#: 어떤 우표를 원하세요?
#Person2#: 이 편지에 얼마의 우표가 필요한가요?
#Person1#: 먼저 무게를 재봐야겠네요. 음... 오그램이 초과되었네요. 보통 우편이나 등기로 보내실 건가요?
#Person2#: 등기로 보내고 싶어요. 그럼 얼마인가요?
#Person1#: 등기랑 익일 배송까지 해서... 음... 모두 해서 7달러입니다.
#Person2#: 여기 10달러 지폐입니다.
#Person1#: 여기 영수증이랑 거스름돈 드립니다.
#Person2#: 감사합니다. 안녕히 계세요.",
test.csv,이 편지,"#Person1#: 아들에게 이 편지를 꼭 전하고 싶어요. 중요한 증명서가 들어 있어서요.
#Person2#: 등기 우편이나 배달 증명 우편으로 보내시면 됩니다. 받았는지 확인만 하고 싶으시면 배달 증명 우편으로 보내세요. 그게 더 저렴해요.
#Person1#: 알겠어요. 그럼 이 소포는 어떻게 할까요?
#Person2#: 뭐가 들어있나요?
#Person1#: 시계에요.
#Person2#: 시계의 가치만큼 보험을 들고, 더 비싸면 등기 우편으로 보내세요. 그게 가장 안전해요.",
test.csv,이 지금,"#Person1#: 캐롤 전화야. 
#Person2#: 누구야? 
#Person1#: 모르겠어, 잠시만. 누구신지 여쭤봐도 될까요? 카롤라이트 수잔입니다. 
#Person2#: 아, 나 샤워 중이니까, 중요한 전화인지 물어봐줄래? 
#Person1#: 죄송하지만, 수잔, 캐롤이 지금 전화를 받을 수 없어요. 제가 도와드릴까요? 아, 알겠어요. 캐롤, 수잔이 파티가 오늘 밤인지 내일 밤인지 알고 싶대요. 
#Person2#: 내일 밤 8시 반에 질의 집에서라고 전해줘, 그리고 디저트 가져오고 싶으면 가져오라고 해줘. 
#Person1#: 내일 밤 8시 반에 질의 집에서라고 전해줬어요. 원하시면 디저트를 가져올 수 있다고 했어요. 네, 문제없어요. 좋은 저녁 보내세요. 안녕.",
test.csv,이 지금,"#Person1#: 다른 거 더 필요하세요, 손님? 
#Person2#: 아니요, 괜찮아요. 남편이 지금 계산하고 싶다고 했어요. 
#Person1#: 제가 계산대까지 안내해 드릴게요. 총 905위안입니다. 
#Person2#: 뭐라고요? 그 5위안이 어디서 나온 거죠? 
#Person1#: 아, 이건 서비스 요금이에요. 
#Person2#: 그런데 제가 여기 현금 900위안만 있는데, 900위안으로 해주실 수 있나요? 
#Person1#: 죄송하지만, 그렇게는 안 돼요. 가게 규칙이에요. 
#Person2#: 남편이 신용카드가 있다고 했는데, 신용카드 받으세요? 
#Person1#: 네, 받습니다. 
#Person2#: 잘됐네요. 여기 있어요. 
#Person1#: 여기 영수증이에요. 포장해드릴까요, 손님? 
#Person2#: 네, 부탁드릴게요. 감사합니다. 
#Person1#: 또 와주시면 좋겠어요. 
#Person2#: 정말 감사합니다.",
test.csv,이 지금,"#Person1#: 네 도시가 역사적인 장소야?
#Person2#: 별로 그렇진 않아. 200년 전에는 그냥 작은 마을에 불과했거든.
#Person1#: 그런데 어떻게 이렇게 큰 도시가 됐어?
#Person2#: 근처에서 대규모 석탄이 발견돼서 여러 산업들이 자리를 잡았어. 그 마을은 빠르게 주요 산업 중심지로 성장했지.
#Person1#: 도시가 커지면서 근처 마을들을 흡수했겠구나.
#Person2#: 맞아, 그랬어. 그 마을들의 이름이 지금도 도시 일부의 이름으로 남아 있어.
#Person1#: 그렇구나. 200년 이상 된 건물이 도시에 있어?
#Person2#: 물론이지. 그 당시의 마을에 있던 건물이 아직 많이 남아 있어. 많은 건물들이 여행객을 위한 여관이었는데, 오늘날엔 펍으로 유지되고 있어. 그리고 옛날에 어느 마을 근처에 성이 있어서 우리 도시에 성도 있어.
#Person1#: 정말? 그러면 너희 도시도 조금은 오래된 역사를 가지고 있구나.",
test.csv,이 제품,"#Person1#: Tom, 녹색 제품을 판매하는 회사의 매니저로서 이제 꽤 성공한 사업가가 되셨네요. 언제쯤 자신의 회사를 갖고 싶다는 생각이 드셨나요?
#Person2#: 우리 가족은 1986년에 부다페스트를 떠나 캐나다에 정착했어요. 그곳에서는 제 친구들 부모님 대부분이 아주 성공한 사업가들이었죠. 너무 멋져 보여서 고등학교 때 웹 디자인 회사를 시작하게 되었고, 그 경험에서 많은 것을 배웠어요.
#Person1#: 현재 회사의 자금은 어떻게 마련하셨나요?
#Person2#: 약 50명으로부터 1,800만 달러를 모았어요. 드디어 수익을 내고 있습니다. 회사의 6%를 소유하고 있고, 모든 직원들에게 지분을 제공하고 있어요.
#Person1#: 그렇다면 당신의 생활에서 어떤 점이 녹색인가요?
#Person2#: 저는 완전히 녹색하지는 않아요. 간단한 일들을 하고, 자전거를 아주 많이 타요. 캐나다 전역을 자전거로 횡단했거든요.
#Person1#: 낭비적인 행동을 한 적이 있다고 생각하시나요?
#Person2#: 우리는 항상 뭔가 실수를 하지만, 그것이 배우고 성장할 기회를 줍니다. 처음에는 저희가 모든 제품을 직접 만들었는데, 그건 실수였어요. 이제는 다른 회사들과 협력하고 있습니다. 우리가 소재, 제품 개발 및 디자인을 제공하면 그들이 제품을 제조하죠.",
test.csv,이 사람,"#Person1#: 안녕! 뭐 보고 있어?  
#Person2#: 이슬람에 대한 프로그램이야. 꽤 흥미로워.  
#Person1#: 와! 사람이 진짜 많다! 이 사람들은 어디에 있고, 뭐 하고 있는 거야?  
#Person2#: 메카로 성지순례 가는 무슬림들이야. 이 순례를 하즈라고 불러.  
#Person1#: 왜 거기에 가는 거지?  
#Person2#: 무슬림들은 능력 있는 신자는 평생 최소한 한 번은 하즈를 가야 한다고 믿어. 메카는 무슬림 신앙의 영적 중심지야.  
#Person1#: 무슬림들이 기도할 때 메카를 향해 기도하잖아.  
#Person2#: 맞아. 안타깝게도, 매년 너무 많은 사람이 하즈를 가서 종종 사고가 나고 사람이 다치거나 죽어.  
#Person1#: 그런 얘기 들었어. 순례자들은 커다란 신성한 검은 돌 주위를 돈다면서?  
#Person2#: 맞아. 그럴 때 사고가 자주 나지. 사우디 정부는 사고를 줄이기 위해 순례자 수를 제한하려고 해.  
#Person1#: 순례는 많은 종교에서도 흔하지.  
#Person2#: 맞아. 영국에서는 기독교 순례자들이 캔터베리를 가기도 하고, 많은 기독교인들이 바티칸으로 순례를 가.  
#Person1#: 사람들이 치유받으러 가는 곳이 프랑스에 있다고 하지 않았어?  
#Person2#: 그곳은 루르드일 거야. 거기 방문한 후에 치유받았다는 이야기가 많지.  
#Person1#: 그곳에 무슨 마법 같은 게 있다고 생각해?  
#Person2#: 개인적으로는 사람들의 믿음이 그들을 치유하는 방향으로 마음을 변화시킨다고 생각해. 그렇게 특별한 장소라고는 생각하지 않아.",
test.csv,그 분야,"#Person1#: 작년 판매 실적 정보 봤어? 지난 이사회 회의 때 판매 검토가 있었거든. 주주들한테 좋은 소식이 있어. 
#Person2#: 응, 오늘 아침에 수치들 봤어. 드디어 돈 벌기 시작했어! 
#Person1#: 이렇게 많이 팔아본 적이 없었어, 이번 해 성장이 정말 대단해. 시장 점유율이 8%로 올랐고, 작년보다 120% 증가했어. 우리의 전략이 효과를 보고 있어! 
#Person2#: 연간 판매 기록을 갱신했을 뿐 아니라, 매달 수입도 예측을 초과했어. 2년 동안의 침체 후에, 드디어 흑자로 돌아섰어. 
#Person1#: Wallace가 사장이 된 이후로 회사 성과가 좋아졌어. 우리 작은 사업체를 진짜 수익성 있는 작업으로 만들었어. 제품이 불티나게 팔리고 있어. 
#Person2#: 우리 성공은 Wallace의 기여 덕분이기도 하고, 새로운 마케팅 전략 덕분이기도 한 것 같아. 새로운 광고 캠페인 덕분에 우리는 그 분야에서 최고 판매자가 되었어. 
#Person1#: 이 행운이 오래 가기를 바라자. 재정적 어려움이 영원히 끝나기를 희망해. 
#Person2#: 그렇길 바라자!",
test.csv,이 학교,"#Person1#: 여기 누구 계세요?
#Person2#: 어떻게 도와드릴까요?
#Person1#: 머리가 아파요.
#Person2#: 체온계로 체온 좀 재볼게요.
#Person1#: 네.
#Person2#: 약간 열이 있는 것 같아요.
#Person1#: 그런 것 같았어요. 오늘 아침에 어지러웠거든요.
#Person2#: 아파서 결석한다고 미리 전화했어야죠! 다음엔 부모님 중 한 분이 학교에 연락하시도록 하세요.",
test.csv,이 학교,"#Person1#: 저기요. 
#Person2#: 네? 
#Person1#: 여기 처음 와봤는데, 어떻게 해야 할지 알려주실 수 있나요? 
#Person2#: 기계에 동전 넣으시면 돼요. 쉬워요. 
#Person1#: 네, 하지만... 음... 
#Person2#: 뭐가요? 
#Person1#: 기계는 어떻게 사용하는 거죠? 
#Person2#: 무슨 뜻이에요? 이건 세탁기고, 저쪽 큰 건 건조기에요. 
#Person1#: 아, 그렇군요. 기계에 비누가 들어있나요? 
#Person2#: 아니요, 당연히 아니죠. 비누는 직접 넣으셔야 해요. 비누 가져오셨나요? 
#Person1#: 아니요. 비누가 없어요. 
#Person2#: 음, 저기 자판기에서 사면 돼요. 
#Person1#: 고마워요. 알겠어요. 비누 사왔어요. 
#Person2#: 세상에! 정말 많이 샀네요. 왜 이렇게 많이 필요해요? 
#Person1#: 잘 모르겠어요. 옷을 깨끗하게 하고 싶어요. 
#Person2#: 하지만 이렇게 많이 쓰면 안 돼요. 기계가 비누를 헹궈내지 못해요. 
#Person1#: 아, 몰랐어요. 세탁은 처음이에요. 
#Person2#: 뭐라고요? 세탁 처음이라고요? 
#Person1#: 네. 
#Person2#: 인생에서요? 장난해요? 정말 처음이에요? 
#Person1#: 네. 처음이에요. 
#Person2#: 믿을 수 없네요. 어떻게 그렇게 될 수 있죠? 몇 살이에요? 
#Person1#: 열아홉 살이에요. 
#Person2#: 그런데 어떻게 열아홉 살까지 세탁을 안 해봤어요? 
#Person1#: 엄마가 항상 해주셨어요. 
#Person2#: 저도 엄마가 세탁해주셨어요. 하지만 열두 살 때부터 제가 직접 했어요. 
#Person1#: 알아요. 미국 아이들은 더 독립적이잖아요. 스스로 많은 걸 하죠. 하지만 저는 대만에서 왔어요. 대만에서는 아이들이 공부를 정말 열심히 해야 해요. 그래서 엄마가 모든 걸 해주세요. 아이들이 학교에서 좋은 성적을 받게 하려고요. 그래서 세탁은 처음이에요. 놀리지 마세요. 
#Person2#: 놀리는 게 아니에요. 그런데 한 가지 물어봐도 돼요? 
#Person1#: 뭐요? 
#Person2#: 여기서 어떻게 살아갈 건가요? 본인이 할 수 있는 게 없다면요. 요리도 못 하고, 세탁도 못 하고, 청소도 못 한다면 혼자 어떻게 살아요? 
#Person1#: 잘 모르겠어요. 힘들어요. 하지만 배워야겠죠. 
#Person2#: 좋아요, 기계 사용하는 법 가르쳐 줄게요. 
#Person1#: 고마워요. 제 이름은 Nick이에요. 
#Person2#: 저는 Alice예요. 오늘 하루 동안은 제가 엄마 역할을 해야겠네요. 
#Person1#: 감사합니다, 엄마. 감사합니다.",
test.csv,이 양식,"#Person1#: 경제형 차량 렌트 비용이 얼마인가요?
#Person2#: 하루에 $19 또는 일주일에 $129입니다. 주행 거리 무제한입니다.
#Person1#: 내일 아침에 하나 빌릴 수 있을까요?
#Person2#: 운전면허증 좀 보여주시겠어요?
#Person1#: 네, 여기 있습니다.
#Person2#: 좋습니다. 이제 이 양식을 작성해 주세요.",
test.csv,이 양식,"#Person1#: 통장 개설하려고 하는데요.
#Person2#: 네, 가능합니다. 사회보장번호와 신분증 좀 보여주시겠어요?
#Person1#: 여기 있어요.
#Person2#: 감사합니다. 정보를 확인했습니다. 이 양식도 작성해 주시겠어요?
#Person1#: 네, 여기 있습니다.
#Person2#: 감사합니다. 이제 계좌를 개설해드렸습니다. 다른 도움 필요하신 건 없으세요?
#Person1#: 네, 그런데 보통 예금 통장에 이자가 붙나요?
#Person2#: 아, 보통 예금에는 이자가 없습니다.
#Person1#: 왜 그런가요?
#Person2#: 이 계좌는 주로 사업 거래에 사용되기 때문입니다. 공과금 납부, 물건 구매, 송금 등의 용도로 설계된 거라서, 큰 금액의 예금을 기대하지 않습니다.
#Person1#: 알겠습니다. 그러면 출금은 어떻게 하나요?
#Person2#: 은행에서 출금하시거나 ATM에서 하실 수 있어요.
#Person1#: 네. 감사합니다.
#Person2#: 천만에요. 좋은 하루 되세요.",
test.csv,이 양식,"#Person1#: 죄송하지만, 제가 방에서 독서등을 깨뜨렸어요. 
#Person2#: 네, 손님. 방 번호가 어떻게 되시죠? 
#Person1#: 503호입니다. 제가 변상하겠습니다. 
#Person2#: 먼저 이 양식을 작성해 주세요. 
#Person1#: 알겠습니다. 새 걸로 가져다 주시겠어요? 
#Person2#: 물론입니다.",
test.csv,이 분야,"#Person1#: 공장이 얼마나 큰가요?
#Person2#: 75,000 평방미터의 면적을 차지하고 있습니다.
#Person1#: 제가 예상한 것보다 훨씬 크네요. 언제 설립되었나요?
#Person2#: 70년대 초기에요. 곧 50주년을 맞이할 예정입니다.
#Person1#: 축하드려요!
#Person2#: 감사합니다.
#Person1#: 이 공장에 직원이 몇 명인가요?
#Person2#: 500명이요. 우리는 세 교대로 운영하고 있습니다.
#Person1#: 여기서는 원재료부터 완제품까지 다 처리하나요?
#Person2#: 네, 이 분야에 전문적인 동료들이 액세서리를 만들고 있어요. 자, 이제 생산 현장에 도착했습니다. 조립 라인부터 시작할까요?
#Person1#: 좋아요.",
test.csv,이 분야,"#Person1#: 우리 회사에 대해 무엇을 알고 있나요?
#Person2#: 음, 제가 알기로는 이 회사가 이 분야에서 가장 크고 좋은 회사 중 하나에요. 주로 어린이 장난감을 생산하고 있고 전 세계적으로 10,000명 이상의 직원이 근무하고 있다고 들었어요. 현재 사장은 Mr. Jackson이고요. 상하이 지사는 5년 전에 설립됐고, 2,000명 이상의 직원이 있다고 알아요.
#Person1#: 아주 좋네요. 우리 회사에 오면, 어떤 부서에서 일하고 싶으세요?
#Person2#: 영업부에서 일할 수 있을까요?
#Person1#: 좋아요. 혹시 실례가 안 된다면, 현재 직장에서 연봉이 얼마인지 여쭤봐도 될까요?
#Person2#: 월 2,000 위안을 받고 있고, 수당과 보너스를 더해 한 달에 약 3,000 위안 정도 돼요. 저는 얼마 받을 수 있을까요?
#Person1#: 음, 우리 회사 직원의 시작 월급은 2,500 위안이에요. 3개월 후에 업무 평가에 따라 인상될 수 있어요.
#Person2#: 복리후생은 어떤가요?
#Person1#: 당연히 있죠. 반기별 보너스, 봄 축제에 작은 보너스, 1년에 4주 유급 휴가가 있어요.
#Person2#: 보험과 건강 보험은 어떤가요?
#Person1#: 우리가 대신 처리해 줄 수 있어요.
#Person2#: 정말 좋네요.",
test.csv,이 기계,"#Person1#: 저기요. 이 기계들 어떻게 사용해야 하는지 좀 알려줄 수 있나요?
#Person2#: 물론이죠. 여기 새로 오신 회원인가요?
#Person1#: 네.
#Person2#: 환영합니다. 제 이름은 Johnson이에요.
#Person1#: 반가워요.
#Person2#: 지금까지 웨이트 사용해본 적 있으세요?
#Person1#: 아니요, 그래서 도움이 좀 필요해요.
#Person2#: 그럼, 첫 번째로 중요한 건 스트레칭을 잘 하는 거예요. 기계 사용할 때 다치지 않게 제대로 워밍업해야 해요.
#Person1#: 네, 그건 알고 있어요. Derek이 에어로빅 룸에서 워밍업 시켜줬어요. 그래서 이제 준비가 된 것 같아요. 기계 사용할 수 있을 것 같아요.
#Person2#: 좋아요. 그럼 카드를 하나 만들어야겠어요.
#Person1#: 멤버십 카드 말씀하시는 건가요? 이미 가지고 있어요.
#Person2#: 아니요, 그게 아니라 운동 카드요. 이 카드는 각 기계에서 얼마나 무게를 사용하는지 기록할 수 있게 해줘요. 제가 보여드릴게요.
#Person1#: 준비됐어요.
#Person2#: 자, 보시면 여기에 모든 기계들이 리스트업 되어 있어요. 그래서 12개 기계를 사용할 때마다 반복 횟수를 입력하고, 기계를 설정한 무게도 입력하는 거예요.
#Person1#: 알겠어요. 그래서 이 카드는 진도를 추적하도록 도와주는군요.
#Person2#: 네, 그리고 각 기계에 적합한 무게가 무엇인지도 알려줘요. 오늘은 제가 기계 하나하나 다 보여드리면서 좋은 시작 무게를 정해드릴게요.
#Person1#: 네, 좋아요.
#Person2#: 카드 위쪽에 이름과 회원번호를 적고요. 운동할 때마다 여기 카드에 기록하면 돼요.
#Person1#: 좋아요. 그럼 기계부터 시작하죠?
#Person2#: 괜찮으세요? 더 할 수 있나요?
#Person1#: 죄송해요. 아직 7개 기계가 남았는데, 너무 지쳤어요.
#Person2#: 괜찮아요. 걱정 마세요. 너무 무리하는 건 좋지 않아요. 특히 처음에는요.
#Person1#: 그럼 어떻게 해야 할까요? 나머지 기계에 적합한 설정을 몰라요.
#Person2#: 다음 번에 하면 돼요. 정말 문제없어요. 가장 중요한 건 자신의 한계를 아는 거예요. 지금 지쳤다고 느끼면 그만두는 게 좋아요. 근육을 스트레칭하거나 허리를 다치면 몇 주 동안 운동을 못 하니까요, 맞나요?
#Person1#: 네, 중단하는 게 가장 좋을 것 같아요.",
test.csv,이 기계,"#Person1#: 안녕하세요, 조금 헤매시는 것 같은데요. 여기 처음이세요? 
#Person2#: 네, 어떻게 아셨어요? 
#Person1#: 처음 오신 분들은 금방 알아볼 수 있거든요. 필요하시면 몇 가지 팁을 드릴게요. 이 기계 사용해보고 싶으신가요? 
#Person2#: 네! 오늘 처음 훈련을 시작했는데 어디서 시작해야 할지 모르겠어요. 
#Person1#: 괜찮아요, 누구나 처음엔 다 그렇죠. 이 기계는 주로 상체를 운동하는 데 쓰이고, 삼두근과 이두근에 효과적이에요. 힘을 키우고 싶으신가요, 아니면 근육의 선명도를 원하세요? 
#Person2#: 음, 당신처럼 근육이 불룩하게 되고 싶진 않아요! 그냥 웨이트랑 유산소 운동으로 좋은 체형을 갖고 싶어요. 
#Person1#: 그렇다면 더 가벼운 무게로 시작하는 게 좋겠네요. 10에서 15회 반복으로 4세트를 해보세요. 5킬로면 충분할 거예요. 철봉 운동 전에 스트레칭 꼭 하셔야 해요, 안 그러면 근육이 다칠 수 있어요. 
#Person2#: 알겠어요! 와, 저게 당신이 드는 무게예요? 진짜 많이 드시네요! 
#Person1#: 그렇게 많지 않아요. 그냥 보세요... 전 괜찮아요...",
test.csv,이 기계,"#Person1#: 이 기계에서 뭘 사는 방법을 알고 싶어요.
#Person2#: 네, 자판기가 좀 까다로울 수 있죠. 뭐 사시려고요?
#Person1#: 간식 같은 걸 사고 싶어요.
#Person2#: 이제 준비되셨나요?
#Person1#: 지금까지는 괜찮아요.
#Person2#: 저기 있는 슬롯에 돈을 넣으셔야 해요. 매끄러워야 들어가요.
#Person1#: 안 들어가요!
#Person2#: 돈을 몇 번 넣어보셔야 될 수 있어요.
#Person1#: 네, 다음 단계로 가요.
#Person2#: 원하는 걸 선택하시고 잘 되길 바라세요. 자판기가 다 믿을 만한 건 아니잖아요.
#Person1#: 정말 믿음이 안 가요.
#Person2#: 이제 다 아시네요. 좋은 하루 보내세요!",
test.csv,그 전에,"#Person1#: 안녕, Ben. 내일 수업 준비하고 있어? 
#Person2#: 응, 그런데 좀 긴장돼. 수업에서 무슨 일이 생길지, 그리고 반 친구들이랑 잘 지낼 수 있을지 모르겠어. 
#Person1#: 네 기분 이해해. 너무 걱정하지 마. 곧 많은 친구들을 사귈 거야. 
#Person2#: 고마워. 최대한 빨리 새 학교 생활에 적응하도록 노력할게. 그런데 첫 수업은 몇 시에 시작해? 
#Person1#: 8시에 시작해. 하지만 그 전에 숙제 내는 시간 10분 있고, 아침 자습 시간으로 20분 있어. 
#Person2#: 그럼 7시 30분 전에 학교에 가야 하는 거지? 
#Person1#: 맞아. 
#Person2#: 수업 하나는 얼마나 지속돼? 
#Person1#: 45분 정도고, 쉬는 시간은 10분이나 15분이야. 
#Person2#: 그렇구나. 점심시간이 거의 12시라던데, 그때쯤이면 배고프겠다. 
#Person1#: 걱정 마. 두 번째 수업 후 쉬는 시간에 먹을 걸 살 수 있어. 
#Person2#: 그거 괜찮네.",
test.csv,이 모두,"#Person1#: 사이먼, 은퇴하니까 어때요?
#Person2#: 음, 나쁘지 않네요.
#Person1#: 시간을 어떻게 보내고 계세요?
#Person2#: 가족과 더 많은 시간을 보내고 있어요. 그리고 여행도 조금 했어요. 비수기에 가니까 사람이 덜 붐비고 호텔도 저렴하거든요.
#Person1#: 좋네요.
#Person2#: 일을 완전히 그만둔 건 아니에요.
#Person1#: 네, 더 얘기해 주실 수 있나요?
#Person2#: '단계적 은퇴'라고 불리는 제도에 참여하고 있어요. 6개월 동안 일을 쉬었고, 그 후에 이전의 회사에서 프로젝트 업무에 지원할 수 있게 되었어요.
#Person1#: 그 제도는 어떻게 운영되나요?
#Person2#: 음, 지금은 실험적으로 운영되고 있어요. 임시 직원을 고용하는 대신, 회사 웹사이트에 내가 접근할 수 있는 구인 정보를 게시해요.
#Person1#: 어떤 종류의 업무가 게시되나요?
#Person2#: 음, 정말 다양한 일이에요. 행정 업무부터 좀 더 전문적인 일까지, 제가 할 수 있는 일이죠. 몇몇 프로젝트는 5~6개월, 어떤 건 단 며칠도 걸릴 수 있어요. 그래서 언제 일할지는 거의 제가 정할 수 있어요. 제 시간을 제가 관리할 수 있는 거죠.
#Person1#: 사이먼 씨에게 좋은 것 같네요. 회사는 뭐가 좋은 거죠?
#Person2#: 글쎄요, 예전의 직장 인맥이 모두 남아 있어서 일을 처리할 때 누구에게 연락하면 될지 알고 있죠. 회사도 유연성을 얻을 수 있어요. 일이 끝나면 그걸로 끝이에요. 더 이상 회사의 명단에 안 올라와요.",
test.csv,이 모두,"#Person1#: 베스트셀러 책은 어디에 진열되어 있나요?
#Person2#: 첫 번째 통로에 있는 책들이 모두 베스트셀러입니다.
#Person1#: 기차에서 시간 때우기 좋은 책 추천 좀 해주실 수 있나요?
#Person2#: 음, 소설 좋아하세요?
#Person1#: 네, 아주 좋아해요. 최신작으로는 어떤 게 있나요?
#Person2#: 여기 유명한 일본 소설가가 쓴 책이 있어요. 한번 보세요.
#Person1#: 도와주셔서 감사합니다.
#Person2#: 천만에요.",
test.csv,이 우리,"#Person1#: Linda, 이 호텔 방 어디에도 내 휴대폰이 안 보여! 전화 좀 걸어줄래? 
#Person2#: 알겠어, 지금 걸고 있어.
#Person1#: 아무 소리도 안 들려. 배터리가 다 됐나 봐.
#Person2#: 아, 그래? 그럼 어떻게 찾을 거야? 우리 15분 후에 결혼식 가야 해.
#Person1#: 음, 그냥 결혼식에 핸드폰 안 가지고 갈까? 꼭 필요할까?
#Person2#: 필요하지, 내 여동생이 우리 애들 잘 있는지 전화할 수도 있어. 아마 차에 있을지도 몰라.
#Person1#: 생각났어. 우리가 아침 먹은 빵집에 놔두고 왔네.
#Person2#: 알겠어, 그럼 내가 여동생한테 네가 핸드폰을 잃어버렸다고 전해야겠어. 그리고 빵집에 전화해볼게. 아직 열어 있으면 결혼식 가기 전에 가지러 갈 수 있을 거야. 다음엔 핸드폰 꼭 주머니에 넣어둬.",
test.csv,이 우리,"#Person1#: 은행에서 받은 신용카드를 쓰기 시작해서 기뻐. 
#Person2#: 왜 기쁜데? 그걸로 뭐 샀어? 
#Person1#: 집에 오는 길에 저녁에 먹을 소고기를 사려고 가게에 갔는데 현금이 없었거든. 
#Person2#: 그래서 카드로 결제할 수 있었어? 
#Person1#: 응. 신분증도 안 물어보더라고. 
#Person2#: 조심해야 해. 그거 잃어버리고 누가 주우면, 은행이 우리가 쓴 금액 청구할 거야. 
#Person1#: 카드로 얼마까지 쓸 수 있어? 
#Person2#: 천오백 달러야. 은행이 우리에게 카드 사용을 권장하지만, 나중에 갚아야 해. 
#Person1#: 맞아, Henry. 기억할게. 하지만 카드 덕분에 돈 쓰기 정말 편하네.",
test.csv,이 우리,"#Person1#: 당신의 강점은 무엇이라고 생각하세요? 이력서를 보니 많은 경력이 있으신 것 같아요.
#Person2#: 저는 혼자서도, 팀에서도 잘 일할 수 있습니다.
#Person1#: 그렇다면, 일하면서 본인의 약점은 무엇이라고 생각하시나요?
#Person2#: 음, 와우, 어려운 질문이네요! 처음에는 약간 긴장하고 제 능력에 대해 확신하지 못할 때가 있어요. 하지만 그건 처음에만 그렇습니다.
#Person1#: 그건 누구나 다 그런 것 같아요. 우리 교육이 도움이 될 거예요.
#Person2#: 그거 좋네요! 배우면서 일에 대해 더 깊이 이해하고 싶습니다.
#Person1#: 5년 후 본인은 어디에 있을 것 같으세요?
#Person2#: 결혼해서 안정적인 수입원이 있고 제가 하는 일을 잘하고 있으면 좋겠어요. 누구도 자신의 미래를 정확히 알 수는 없지만, 저는 배우는 과정이 중요하다고 생각해요.
#Person1#: 아주 좋은 대답이에요. 이 과정의 일환으로 당신이 우리와 잘 맞는지 판단하기 위해 질문드렸습니다.
#Person2#: 괜찮아요. 도전을 기대하고 있습니다.
#Person1#: 음, 당신이 바로 우리가 찾고 있는 분인 것 같아요.",
test.csv,이 나라,"#Person1#: 이 나라와 당신 나라 사이에는 어떤 주된 차이점이 있나요?
#Person2#: 음, 러시아에서는 모든 게 아주 빠르게 진행돼요. 사람들이 빨리 말하고, 차도 아주 빨리 운전하고, 좋은 거래도 정말 빨리 끝나죠. 하지만 여기 캐나다에서는 사람들이 좀 더 여유로운 것 같아요.
#Person1#: 모든 게 다 그런가요?
#Person2#: 아니요, 물론 그렇진 않죠. 러시아에서는 은행 가는데 몇 시간이 걸릴 수 있어요. 우체국이나 슈퍼마켓도 마찬가지고요. 그런데 캐나다는 이런 데를 꽤 빠르게 지나갈 수 있죠.
#Person1#: 그래서 캐나다에 비해 러시아에서 더 빠르거나 느린 게 어떤 것들이 있나요? 저는 여기서 태어나고 자라서 그런 걸 잘 몰라요. 또한 해외에 나가본 적도 없어요.
#Person2#: 러시아 사람들은 본래 빠르게 움직이는 편이에요, 적어도 대도시에서는요. 하지만 공공 서비스는 여전히 느려요. 비즈니스를 다르게 시도하지 않았기 때문이에요.
#Person1#: 그러면 캐나다에서는 그 반대인가요?
#Person2#: 맞아요. 여기 정부는 문제를 해결하고 새로운 기술을 활용해 비즈니스를 더 잘 운영할 수 있게 해줍니다. 하지만 저는 캐나다 사람들이 일반적으로 러시아 사람들보다 더 차분하다고 생각해요... 그리고 미국 사람들보다도 분명히 더 여유롭죠!
#Person1#: 음, 마지막 부분에 대해서는 동의해요!",
test.csv,이 나라,"#Person1#: 트럼프가 다시 대통령이 되는 건 상상도 못 하겠어. 
#Person2#: 나는 그가 우리 대통령인 게 자랑스럽고, 재선된다면 정말 기쁠 거야. 
#Person1#: 너 그를 찍었지, 그렇지? 
#Person2#: 네가 그를 찍었는지 모르겠지만, 나는 확실히 그를 찍었어. 
#Person1#: 나도 잘 모르겠어. 
#Person2#: 나는 트럼프에 대한 믿음밖에 없어. 
#Person1#: 뭐라고? 
#Person2#: 나는 그가 미국을 다시 위대하게 만들 거라 확신해! 
#Person1#: 음, 이 나라에 변화가 필요한 건 맞지만, 그가 적임자는 아닌 것 같아. 
#Person2#: 우리 나라는 이미 변하고 있어. 
#Person1#: 그것에 대해서는 맞아. 
#Person2#: 나는 그가 우리 나라를 잘 돌볼 것이라고 믿어. 
#Person1#: 글쎄, 난 그렇게 생각하지 않아. 어쨌든 바이든을 찍을 거야.",
test.csv,이 음식,"#Person1#: 톰, 점심 잘 먹었어?
#Person2#: 아, 별로였어. 정말 마음에 안 들었어.
#Person1#: 무슨 일이 있었어?
#Person2#: 늘 그렇듯이 음식 코너가 너무 붐벼서, 20분이나 기다려서 샌드위치를 받았는데 치킨이 덜 익었더라고.
#Person1#: 그건 아쉽네. 하지만 서버를 탓할 순 없겠지.
#Person2#: 맞아, 알지. 이 지역에서 패스트푸드는 정말 인기가 많잖아.
#Person1#: 그렇지.
#Person2#: 그런데, 너 점심 어땠어, 케서린?
#Person1#: 난 좋았어. 오늘은 집에서 점심을 싸왔거든.
#Person2#: 그랬어? 여기 미국처럼 패스트푸드점이 많아서 너도 그럴 줄 알았어.
#Person1#: 글쎄, 난 별로 안 좋아하거든. 건강에 좋지 않다고 생각해.
#Person2#: 맞아, 편리해서 가긴 하지만... 맛있긴 해도 보통 칼로리, 소금, 지방이 많지.
#Person1#: 그렇지. 너도 패스트푸드가 일상이라고 생각해?
#Person2#: 물론이지. 맥도날드나 KFC 같은 유명 브랜드들은 거의 다 미국 거잖아.
#Person1#: 그렇긴 한데, 사실 미국인의 3분의 2는 그런 곳을 피할지도 몰라.
#Person2#: 정말 그럴까?
#Person1#: 응, 믿기 어려울 수도 있지만 사실이야.",
test.csv,이 건물,"#Person1#: 여기서 시내까지 얼마나 걸릴까요?
#Person2#: 차로 15분 정도 걸립니다.
#Person1#: 우리 동네에 어떤 회사들이 있나요?
#Person2#: 미쓰비시, HP, IBM 등 유명한 기업들이 많이 있습니다.
#Person1#: 7층도 우리 회사 소속인가요?
#Person2#: 네, 우리 회사는 이 건물의 6층과 7층을 사용하고 있습니다.
#Person1#: 정말 큰 회사군요. 우리 회사 식당도 있나요?
#Person2#: 네, 복도 끝에 있습니다.",
test.csv,이 건물,"#Person1#: 앞에 보이는 저 탑 봤어? 저게 유명한 에펠탑이야. 1889년에 만국박람회를 위해 지어졌어.
#Person2#: 이 건물 높이는 얼마나 돼?
#Person1#: 높이가 320미터 (1050피트)로, 1930년까지 세계에서 가장 높은 구조물의 기록을 가지고 있었어.
#Person2#: 이름이 누군가와 관련 있다고 들었는데, 맞아?
#Person1#: 맞아, 이 탑은 설계자인 구스타브 에펠의 이름을 따서 지은 거야.",
test.csv,이 직책,"#Person1#: 특별한 기술이 있으신가요?
#Person2#: 컴퓨터 프로그램을 작성할 수 있고, 비서 업무를 잘할 수 있습니다.
#Person1#: 자격증은 뭐가 있으신가요?
#Person2#: 의사 면허증과 운전 면허증이 있습니다.
#Person1#: 사무 기술에 대한 특별한 훈련을 받으셨나요?
#Person2#: 케임브리지 영어 시험에서 First Certificate와 Certificate of Proficiency 시험을 합격했고, 런던에 있는 루카스 비서 학원에서 1년간 공부하며 영문 속기 1분에 120단어, 타자 1분에 50단어의 속도를 달성했습니다. 사무 절차 관련 훈련도 받았습니다.
#Person1#: 이 직책에 적합하신 경력에 대해 말씀해주세요.
#Person2#: 타자, 속기, 팩스 기계 운용 등 특별한 훈련을 받았습니다. IBM-PC에 대한 경험이 있고, 워드 프로세서, 팩스 기계, 사진기기 및 기타 사무 장비를 능숙하게 다룰 수 있습니다.",
test.csv,그 학생,"#Person1#: 내일 핵무기 확산을 막는 데 도움을 주는 시위에 갈 거야, Cleo? 
#Person2#: 아니, Simon. 난 시위가 싫어. 경찰이 최루탄을 들고 대기 중이라는 말을 들었어.
#Person1#: 그래, 하지만 북한은 핵무기를 가졌다고 자랑하지.
#Person2#: 190개 국가가 핵확산금지조약에 서명했는데도, 문제는 너무 복잡해. 모든 이야기에는 두 가지 면이 있잖아. 이해도 안 되고 시위에 가고 싶은 생각도 없어. 시위가 무언가를 성취하는 것 같지도 않고.
#Person1#: 역사적으로 몇몇 시위가 정치인들의 생각을 바꿨잖아. 책임 있는 시민으로서 자신의 신념을 지키는 게 중요하다고 생각해.
#Person2#: 다른 사람에게 맡겨. 내가 말했듯이, 이야기를 양쪽 다 들어보면 각각의 주장에도 일리가 있어. 내가 옳다고 확신하지도 않는 일에 상처 받을 위험을 무릅쓰고 시위를 해야 할까?
#Person1#: 다칠 것 같진 않아. 평화로운 시위가 될 거야. 대학 그룹의 조직자와 얘기했는데, 그는 이 시위가 평화로울 거라고 확신해. 만약 세계 평화를 원한다면, 평화는 집에서 시작해야 하고, 그것은 바로 이 도시에서 의미한다더라고.
#Person2#: 너는 가고 싶으면 가, Simon. 나는 물리 시험 공부할 계획이야.
#Person1#: 두 시간만 걸려. 캠퍼스에서 11시 30분에 버스가 출발하고, 도심에서 12시 45분에 캠퍼스로 돌아와. 버스에서 점심 먹을 수 있어.
#Person2#: 안 가, Simon. 오늘 오후에 네 정치학 수업 학생들에게 물어보는 게 어때?
#Person1#: 그 학생들 모두 가기로 했어.
#Person2#: 알았어, Simon. 이제 내 여동생 만나러 가야 해.
#Person1#: 그럼 잘 가. 내일 물리 수업에서 보자.",
test.csv,그 식당,"#Person1#: 아, 배고파 죽겠네. 처음으로 중국에 왔으니까 진짜 중국 음식을 좀 먹어보고 싶어. 뭐 추천해줄 수 있어?
#Person2#: 음, 그게 말이지, 사실 중국에는 유명한 여덟 개의 요리 스타일이 있어. 예를 들면, 사천 요리랑 호남 요리가 있지.
#Person1#: 다 맵거나 엄청 맵다고 들었어.
#Person2#: 맞아. 매운 음식 좋아하면 한 번 먹어봐.
#Person1#: 나 매운 거 못 먹어. 미국에서 한 번 먹어봤다가 죽을 뻔했거든.
#Person2#: 그리고 광동 요리랑 강소 요리도 있어. 많은 사람들이 좋아해.
#Person1#: 오, 광동 요리 한 번 먹어볼까. 어디 있어? 먼가?
#Person2#: 내가 아는 곳은 한 30분 정도 걸려.
#Person1#: 아, 너무 멀다. 지금 진짜 배고파. 너가 있는 호텔에 식당 있어?
#Person2#: 미안하지만, 없어. 그런데 근처에 하나 알아.
#Person1#: 어떤 종류야?
#Person2#: 베이징 요리야. 베이징 오리구이가 유명하지.
#Person1#: 오, 많이 들어봤어. 한 번 꼭 먹어보고 싶어. 어디서 먹을 수 있어?
#Person2#: 가장 좋은 곳은 역시 전취덕 식당이지.
#Person1#: 여기서 가까워?
#Person2#: 응, 걸어서 15분, 차로 5분 걸려. 교통이 막히지 않으면 말이야.
#Person1#: 아, 정보 고마워. 그 식당 이름 다시 뭐라고 했지?
#Person2#: 내가 종이에 적어줄게. 택시 기사한테 보여주거나 길 물어볼 때 보여주면 돼.
#Person1#: 정말 친절하네. 고마워.",
test.csv,이 하루,"#Person1#: 프리덤 여행사입니다. 무엇을 도와드릴까요?
#Person2#: 네, 이번 달 23일에 비행기 예약을 하고 싶습니다.
#Person1#: 알겠습니다. 목적지는 어디신가요?
#Person2#: 음... 핀란드 헬싱키로 갑니다.
#Person1#: 알겠습니다. 이용할 수 있는 항공편을 확인해 보겠습니다.
#Person2#: 네.
#Person1#: 언제 돌아오실 예정이신가요?
#Person2#: 어, 음, 29일에 돌아오는 비행기를 타고 싶습니다. 아, 그리고 가능한 가장 저렴한 편으로 부탁드립니다.
#Person1#: 알겠습니다. 확인해볼게요. 음, 잠시만요...
#Person2#: 네?
#Person1#: 음, 가격이 하루 전 자정에 출발하면 거의 절반으로 줄어듭니다.
#Person2#: 와, 그럼 더 저렴한 항공편으로 하죠. 그런데 가격이 얼마죠?
#Person1#: $980밖에 안 됩니다.
#Person2#: 좋습니다. 그걸로 하죠.
#Person1#: 네. 솔트레이크시티에서 뉴욕 케네디 공항까지 1070편, 케네디에서 헬싱키로 가는 90편으로 갈아타는 일정입니다.
#Person2#: 각 편의 출발 및 도착 시간은 어떻게 되나요?
#Person1#: 솔트레이크시티에서 오전 10시에 출발하고, 뉴욕에 오후 4시 35분에 도착합니다. 그리고 오후 5시 55분에 90편으로 갈아타서 다음 날 오전 8시 30분에 헬싱키에 도착합니다.
#Person2#: 알겠습니다. 그리고, 어, 채식 기내식을 부탁드립니다.
#Person1#: 네, 알겠습니다. 그리고 성함 부탁드립니다.",
test.csv,이 얘기,"#Person1#: 다음 주 며칠 동안 런던에 가야 하는데, 같이 갈래?
#Person2#: 좋지. 뭘 타고 갈 거야?
#Person1#: 글쎄, 나는 기차 타고 가는 게 좋은데, 네가 자동차 타고 가고 싶어할 것 같아서.
#Person2#: 아, 난 자동차 타고 가는 게 훨씬 좋아. 그러면 짐 들고 역에 갈 필요가 없잖아...
#Person1#: 그리고 내가 운전해야지. 내가 운전하는 거 별로 좋아하지 않는 거 알잖아. 난 기차에 앉아 있는 게 훨씬 더 편하더라.
#Person2#: 뭐가 더 비싸니?
#Person1#: 음, 당연히 기차가 더 비싸지만, 훨씬 더 빨리 가. 근데 이 얘기 하다 보면 늘 서로 의견이 다르더라. 넌 자동차 좋아하고, 난 기차가 좋잖아.
#Person2#: 그럼, 고속버스 타볼 생각은 해봤어?",
test.csv,이 얘기,"#Person1#: 이 얘기 좀 들어봐. 메리가 결혼했대. 
#Person2#: 진짜야? 믿을 수가 없어! 
#Person1#: 맞아. 어제 했다더라. 
#Person2#: 세상에. 정말 놀랍네! 
#Person1#: 제로드랑 결혼했어. 
#Person2#: 장난하는 거지. 
#Person1#: 파리에 산대. 
#Person2#: 진짜야? 놀랐네.",
test.csv,이 얘기,"#Person1#: 다음 주 회의 전에 한 번 만나요, Jane. 아이디어 좀 같이 얘기해보고 싶어요.
#Person2#: 좋아요. 이번 주는 여유가 많아요. 언제든 괜찮습니다.
#Person1#: 그럼 다음 주 월요일 오후 3시쯤 만나는 걸로 하죠?
#Person2#: 알겠어요, 일정에 적어둘게요.",
test.csv,그 소식,"#Person1#: 오늘 밤 파티에 갈래?
#Person2#: 누구 파티?
#Person1#: Ruojia의 파티야. 몰랐어? Ruojia가 결혼했어.
#Person2#: 뭐라고! 진짜야? 믿을 수 없어!
#Person1#: 응. 어제 했어.
#Person2#: 세상에. 정말 놀랍다! 너무 기뻐!
#Person1#: 나도 그래.
#Person2#: 그런데 어떻게 알았어?
#Person1#: 나는 그녀의 트위터에서 그 소식을 봤어. 그녀가 이메일도 보냈어.
#Person2#: 뭐? 나는 못 받았는데!
#Person1#: 이메일 확인해보는 게 좋을걸.
#Person2#: 아, 맞아, 찾았어. 오늘 밤 그녀의 집에서 하는구나. 뭐 가져갈 거야?
#Person1#: 응, 와인잔 한 쌍이랑 결혼 축하 카드 가져갈 거야.
#Person2#: 나는 다기 세트를 살 거야.",
test.csv,그 소식,"#Person1#: 너 그 소식 들었어? 우리 주요 공급업체 두 곳, Murphy Music하고 U-Tunes가 합병한대! 그들이 한 회사로 합쳐지면 우리 시장 전략에 큰 영향을 미칠 거야. 
#Person2#: 정말? 누가 그렇게 말했어? 그 두 회사가 합병한다는 게 믿어지지 않아. 원래 철천지원수였고 가장 치열한 경쟁자였잖아. 소문일 거야. 그럴 리가 없어.
#Person1#: 내가 직접 재정신문에서 읽었어. 정말로 함께할 거래. U-Tunes가 Murphy's에게 인수됐고, 다음 달부터 그들이 회사를 인수할 거래.
#Person2#: U-Tunes에게는 경쟁이 너무 심했던 건가? 아니면 왜 자기들의 앙숙에게 인수를 허락했겠어?
#Person1#: 아마도 치열한 경쟁을 유지하는 것보다 합병하는 게 더 낫다고 판단했나 보네. 못 이기면 합류하라는 말도 있잖아.",
test.csv,이 실제,"#Person1#: 요즘 세상에는 환경 문제가 너무 많아. 우리가 정말로 이 모든 문제를 해결할 수 있을까, 아니면 세상을 망치게 될까?
#Person2#: 세계 지도자들이 모여서 행동 계획에 합의했으면 좋겠지만, 너무 늦기 전에 그럴 것 같지는 않아.
#Person1#: 대기 오염 문제를 해결해야 대기를 파괴하지 않을 수 있어. 깨끗하고 현대적인 기술이 많이 있지만, 선진국의 기업들은 비용이 많이 든다고 말하지. 개발도상국들은 환경 보호보다는 경제 발전에 더 중점을 두고 있어.
#Person2#: 모두가 장기적인 관점이 아닌 단기적인 관점으로만 문제를 보고 있어. 열대우림 파괴도 마찬가지야. 나라와 기업들은 그냥 목재만 원해. 숲에 대한 장기적인 피해를 생각하지 않고 있어. 우리는 숲이 수천 종의 동식물에게 중요한 자연 서식지라는 것도 기억해야 해.
#Person1#: 세계의 다른 지역, 특히 아프리카에는 사막화 문제가 있어. 기후 변화와 과도한 농업이 농지를 사막으로 변하게 하고 있어. 그 결과 사람들은 충분한 식량을 생산할 수 없게 돼.
#Person2#: 그것은 또한 사람들이 남아 있는 농지를 두고 싸우게 되는 상황을 의미하지. 환경을 파괴하는 것이 실제로 사람들 간의 갈등을 초래하기도 해.
#Person1#: 환경 보호를 목표로 하는 조직에 가입하는 것에 대해 생각해 본 적 있어? 환경 개선 프로젝트에 참여할 수 있을 거야.
#Person2#: 나도 그거 하고 싶어. 여기서 배운 것을 공부를 마치고 나면 내 나라에 돌아가서도 활용할 수 있을 것 같아.",
test.csv,이 완벽,"#Person1#: Vet, 스트레스와 우울함을 풀기 위해 보통 무엇을 하나요?
#Person2#: 오이를 먹고 푹 쉬어요. 초콜릿보다 건강한 선택이라 생각해요.
#Person1#: 아이가 있어서 목표나 꿈을 포기해야 한다고 느낀 적 있나요?
#Person2#: 치어리더가 되고 싶었지만, 이제 불가능해졌어요. 많은 자유를 잃었죠. 아무도 제 시간에 집에 오라고 강요하지 않지만, 지금은 제 아기에 대한 책임이 있으니까요.
#Person1#: 딸을 키우면서 가장 좋았던 점은 무엇인가요?
#Person2#: 한 가지로 좁히기 어려워요. 아이를 바라보는 게 정말 좋아요. 아이는 순수하고 맑아서, 그녀가 모든 단계를 지나가며 사랑해주는 사람이 있다는 걸 아는 게 가장 좋아요.
#Person1#: 미래 계획은 무엇인가요?
#Person2#: 변호사가 될 예정이에요. 시간이 지나면 유타를 떠나고 싶어요.
#Person1#: 미래 목표나 꿈은 무엇인가요?
#Person2#: 작게 시작하고 싶어요. 우선 고등학교 졸업을 기대하고 있어요. 결국 결혼하고 싶고, 아기의 삶에 아버지 같은 존재가 있는 게 중요해요. 그건 제가 경험하지 못한 부분이니까요. 모델 일을 다시 시작하고 싶고, 계속 춤과 노래를 하고 싶어요. 저와 아기를 위해 가족 전통을 지키는 것도 중요해요.
#Person1#: 가장 좋아하는 명언은 무엇인가요?
#Person2#: 어둠 속에서 일어난 일은 결국 빛 속에서 드러날 것이라는 거예요. 숨기려고 해도 어느 순간 드러나게 돼요. 자신에게나 다른 사람에게 무엇인가를 숨기는 것은 좋지 않아요.
#Person1#: 10대들에게 어떤 조언을 해주고 싶나요?
#Person2#: 서두르지 말고 가능한 한 오랫동안 어린 시절을 보내세요. 모든 것이 완벽하다고 기대하지 마세요. 스스로 결정을 내리세요. 인생을 최대한 즐기세요. 자신을 먼저 사랑하세요. 그러면 다른 모든 것들이 자리를 잡을 것입니다.",
test.csv,그 목표,"#Person1#: 자, 이제 소개가 끝났으니 제 강연의 첫 번째 부분으로 넘어가겠습니다. 여기서는 2006 회계연도 마케팅 계획에 대해 이야기할 거예요. 올해 우리가 설정했던 목표가 무엇인지 먼저 말씀해 주세요. 
#Person2#: 젊은 소비자들을 끌어들이고, 그 목표에 맞춰 우리의 이미지를 새롭게 바꾸고 싶었죠. 
#Person1#: 맞아요. 기억하시다시피, 해외 시장에서의 유통을 두 배로 늘리는 목표도 세웠습니다. 이제 목표를 달성했는지 평가하기 위해 데이터를 볼 때 고려해야 할 세 가지가 있습니다. 첫째, 시장의 원래 상태, 둘째, 전년도 우리의 마케팅 수치, 셋째, 올해의 최종 판매 수치입니다. 이제 두 번째와 세 번째 부분을 설명하겠습니다. 오버헤드를 보시면 그래프가 있습니다. 파란 선은 2005년 우리의 매출을 나타내고, 빨간 선은 2006년의 매출입니다. 보시다시피, 2005년 매출은 초반에는 꽤 느렸지만 연말에 들어 좋은 성과를 냈습니다. 한편, 올해 매출은 로켓처럼 솟아올랐습니다.",
test.csv,이 거리,"#Person1#: 저기요. 여기가 처음이라 길을 잃었어요.
#Person2#: 제가 도와드릴까요?
#Person1#: 네, 좋아요. 이쪽으로 가면 중앙 백화점에 갈 수 있나요?
#Person2#: 음... 네. 오른쪽으로 돌아서 두 번째 나오는 길에서 왼쪽으로 가세요.
#Person1#: 많이 먼가요?
#Person2#: 한 15분 정도 걸려요. 그게 다예요.
#Person1#: 그리고 혹시 국가 은행이 어딘지 아세요?
#Person2#: 네. 이 거리 쭉 따라가세요. 두 블록 정도 가면 오른쪽 모퉁이에 있어요.
#Person1#: 정말 감사합니다.
#Person2#: 천만에요. 행운을 빌어요.
#Person1#: 고맙습니다. 이제 놓치지 않을 거예요.",
test.csv,그 정도,"#Person1#: 아빠, 오늘 용돈 주는 날이에요. 용돈 좀 주세요. 
#Person2#: 아, 깜빡했네. 
#Person1#: 아빠는 항상 깜빡하잖아요. 
#Person2#: 그런가 봐. 얼마 주면 되지? 
#Person1#: 그냥 13달러요. 
#Person2#: 13달러라고!? 왜 그렇게 많이 줘야 하지? 며칠 전에 준 것 같은데. 
#Person1#: 아니에요. 아빠는 매주 토요일마다 잊어버리셔서 계속 쌓였어요. 
#Person2#: 음, 그 정도로 현금이 있나 모르겠다. 
#Person1#: 은행 가세요. 돈 많잖아요. 
#Person2#: 돈이 많다고? 음, 근데 은행이 닫혔을걸. 
#Person1#: 그럼, 침대 밑에 있는 비밀 돈통은 어때요? 
#Person2#: 아, 그거 사용할 수도 있겠네. 그럼 이 돈으로 뭐 할 거야? 
#Person1#: 저축 조금 하고, 가난한 사람들한테도 주고, 나머지는 책을 살 거예요. 
#Person2#: 음, 그거 아주 좋은 계획이네, Joshua.",
test.csv,그 정도,"#Person1#: 정말 최악이야! 내 휴대폰이 또 안 터지네. Fred, 나 돈 좀 빌려줄 수 있어? 
#Person2#: 얼마나 필요해? 
#Person1#: 200위안이야. 새 컴퓨터를 온라인으로 사서 대출금을 갚아야 해.
#Person2#: 정말 안됐구나. 그 정도면 충분해? 
#Person1#: 네가 정말 좋다. 덕분에 기분이 좋네. 
#Person2#: 신경 쓰지 마! 우리 조금씩 돈을 모아야 할 것 같아. 
#Person1#: 네 말이 맞아. 나중에 돈 생기면 꼭 갚을게. 
#Person2#: 급하게 안 해도 돼. 가지고 있을 때 천천히 갚아.",
test.csv,이 경기,"#Person1#: 수잔, 이번 주말에 네 도움이 좀 필요해. 
#Person2#: 뭔데, 존? 또 다른 리포트 과제야? 
#Person1#: 아니 아니, 그거에 비하면 이건 쉬워. 내 사촌이 목요일에 오는데, 그녀가 대학 인터뷰가 있어서 내가 도와주겠다고 약속했어. 금요일에는 같이 경기를 보러 가기로 했거든. 하지만 토요일에는 하루 종일 도서관 당번이라 빠질 수 없어. 그래서 말인데, 낮에 그녀에게 여기저기 좀 보여줄 수 있을까? 그리고 나중에 저녁에 다 같이 만나는 건 어때? 
#Person2#: 물론이지. 나는 아무 계획도 없어. 그녀가 어떤 걸 좋아해? 
#Person1#: 사실 3년 동안 그녀를 보지 못했어. 멀리 살면서 이번에 처음으로 대학 캠퍼스를 방문하는 거거든. 아직 고등학생이라 캠퍼스에서 뭐든지 좋아할 거야. 
#Person2#: 음, 강당에서 음악 페스티벌이 열리거든. 그게 가능성이 있지. 단지 눈이 오지 않으면 좋겠어, 주말에 6~8인치나 눈이 올 거라고 하더라, 그러면 모든 게 닫히겠지. 
#Person1#: 그러면 일단 토요일 오전 11시에 일을 가는 길에 널 집에 데려다주는 계획을 세우면 어떨까? 하지만 눈보라가 오면 전화를 해서 다른 방법을 생각해보자. 
#Person2#: 좋아. 금요일 밤에 날씨 예보가 더 확실해지면 다시 작전 짜보자. 
#Person1#: 잘 되길 바래.",
test.csv,이 집,"#Person1#: 야, Rocky! 너 밤새 앉아만 있네. 저쪽 여자처럼 가서 누군가랑 춤 좀 춰봐.
#Person2#: 아, 나는 괜찮아. 저 여자 지식인 타입 같아 보여서.
#Person1#: 에이, 남자답게 굴어봐. 어떤 여자가 좋냐?
#Person2#: 난 다정하고 내 모든 필요를 채워주는 여자가 좋아. 근데 저쪽 여자는 그런 타입이 아니야.
#Person1#: 야, 세상이 변했어. 항상 구두를 닦아주고 뒤치다꺼리 해줄 여자는 절대 못 찾을 거야. 정신 차려.
#Person2#: 정말? 그런 여자를 많이 만나지만 이 파티에는 없어. 아, 그리고 집에서 요리하고, 청소하고, 아이들 보는 여자를 좋아해.
#Person1#: 알겠어, 근데 직장에서 돌아오면 네가 하는 집안일은 뭐야?
#Person2#: 음, 먹고, TV 보고, 쓰레기 버리는 거?
#Person1#: 잠깐, 잠깐, 잠깐. 이 말을 믿을 수가 없네. 사실, 넌 절대 결혼 못 할걸. 최근에 읽은 뉴스에 따르면, 40%의 여자들이 남편이 집안일을 공평하게 분배하지 않는다고 생각해. 넌 그 경우인 것 같아.
#Person2#: 그래, 그게 나야. 근데 네가 생각하는 완벽한 여자는 뭐야?
#Person1#: 음, 난 외향적이고 다정하고 사람 차별하지 않는 여자가 좋아. 그리고 자기중심적인 사람은 싫어... 아는 누구처럼.
#Person2#: 네 말치고는 괜찮네. 근데 난 생각을 안 바꿔. TV 저녁 식사와 내 개 Rusty한테 돌아가야겠어.
#Person1#: 야, 너랑 있으면 긴 외로운 밤이 되겠네. Rusty한테 안부 전해줘.",
test.csv,이 집,"#Person1#: 당신의 집을 둘러봐도 될까요?
#Person2#: 네, 물론이죠. 이쪽으로 오세요.
#Person1#: 감사합니다.
#Person2#: 여기가 저희 마당이에요.
#Person1#: 정말 넓네요. 한 40제곱미터쯤 되나요?
#Person2#: 네, 약 46제곱미터예요.
#Person1#: 나무 가지에 걸려 있는 저것들은 옥수수 귀인가요?
#Person2#: 네, 맞아요.
#Person1#: 정말 아름답고 흥미롭네요. 그런데 왜 나무에 걸어두셨나요?
#Person2#: 수확하고 나서 바로 껍질을 벗길 시간이 없어서 나무에 걸어두었어요. 겨울에 여유가 생기면 옥수수 껍질을 벗기곤 하죠.
#Person1#: 아주 좋은 아이디어네요. 때로는 이런 그림이 집의 풍요로움을 보여주기도 하죠.",
test.csv,이 집,"#Person1#: 당신네 회사의 기금 모금 행사 어떻게 됐어요?
#Person2#: 기금 모금 행사 정말 잘 됐어요. 몇몇 경쟁사들과 재미로 파트너가 되어 미국 암 학회를 위한 마라톤을 후원했거든요. 참여한 모든 사람들이 즐거운 시간을 보냈고, 암 연구에 기여할 많은 자금을 모을 수 있었어요.
#Person1#: 그래서 그게 어떻게 되는 거예요? 마라톤으로 어떻게 돈을 벌 수 있었죠?
#Person2#: 마라톤 경기 참가자들이 참가비로 10달러를 냈어요. 또 그들이 집집마다 돌아다니며 후원자들을 찾아서 참가자들이 달린 마일 당 1달러를 약속받았어요. 결과적으로 수천 달러를 모을 수 있었죠.
#Person1#: 미국 암 학회에 정말 좋은 일이네요.
#Person2#: 솔직히 말해서, 우리 회사에도 좋은 일이에요. 이런 행사를 후원함으로써 얻은 노출은 지역 사회에서 우리 이미지에 큰 도움이 됐어요. 작년 광고 캠페인만큼 성과를 이뤘고, 좋은 일에도 기금을 모금할 수 있었어요.",
test.csv,그 일,"#Person1#: 그 일을 할 수 있는 이유가 뭐라고 생각하세요?
#Person2#: 제 전공이 자동차 디자인이고, 과학 석사 학위를 받았습니다. 잘할 수 있을 거라 생각해요.
#Person1#: 이전 직장에서 어떤 일을 하셨나요?
#Person2#: 저는 학생 엔지니어로서 다양한 재료의 기계적 강도와 부식 저항성에 대해 연구했습니다.",
test.csv,그 일,"#Person1#: 에어컨이 작동을 안 해! 여기서 열사병 걸리기 전에 수리공을 불러야겠어!
#Person2#: Dan이 그 일을 맡고 있어. 화장실 변기도 자꾸 막히는데 그거까지 같이 고치도록 하고 있어.
#Person1#: 그거 편리하겠네. 전기 배선도 고치라고 얘기해야겠어. 차단기가 자꾸 나가서 정말 성가셔!
#Person2#: 맞아, 네 말이 맞아. 이 사무실은 정말 엉망이야! 전에는 Frank가 밖에 있는 배수구가 막혀서 주차장에 물이 차올랐다고 하더라고.
#Person1#: 나도 알아! 그날 차에 타려고 할 때 발목까지 물에 잠겼어! 수리공이 할 일이 많겠어.",
test.csv,그 일,"#Person1#: Amy, 첫 직장이 뭐였어?
#Person2#: 음, 1998년에 대학 졸업하고 나서 처음엔 총지배인 비서로 일했어. 그건 2년 동안 했어. 그러고 나서 인사부장으로 승진했어.
#Person1#: 무슨 일을 했었어?
#Person2#: 전반적인 인사 업무를 담당했지.
#Person1#: 그 일은 재미있었어?
#Person2#: 음, 사람들은 좋았어. 같이 일하는 사람들은 맘에 들었어. 근데 급여가 적었어.
#Person1#: 거기 얼마나 있었어?
#Person2#: 음, 한 1년 정도. 나중에 영업부에 지원하고 싶어서 그만뒀어. 지금 거기서 일하고 있어.",
test.csv,이 차,"#Person1#: 야, Jack, 네 차는 어디 갔어? 
#Person2#: 그 고물차는 치웠어. 이게 내 새로운 차야.
#Person1#: 진짜? 이건 확실히 예전 것보다 나아.
#Person2#: 타봐, 내가 한 번 태워줄게.
#Person1#: 그래. 와, 이거 비싸 보인다.
#Person2#: 응, 돈 꽤 들었어.
#Person1#: 와, 이거 진짜 빨라.
#Person2#: 맞아, 내가 가진 것 중 제일 빠른 차야.
#Person1#: 믿어지네. 와, 이 차 코너를 도는 게 대단하네.
#Person2#: 지금 고속도로야. 흥분 찾아봐.
#Person1#: 와, 이 차 진짜 잘 나가.
#Person2#: 정말 기분 좋아.
#Person1#: 좋은 선택했네, Jack.
#Person2#: 고마워, Daisy.",
test.csv,이 차,"#Person1#: 안녕. 
#Person2#: 안녕 Angela, 나 Dan이야. 
#Person1#: 안녕 Dan. 잘 지내? 
#Person2#: 응, 좋아. 
#Person1#: 어제 전화했었어. 내 메시지 받았어? 
#Person2#: 응, 네가 전화했을 때 샤워 중이었어. 나중에 확인하고 다시 전화하려고 했는데, 네 전화기가 꺼져 있었던 것 같아. 
#Person1#: 괜찮아. 내 친구가 다음 주에 결혼한다고 말하려고 했어. 나랑 같이 결혼식 가는 거 맞지? 
#Person2#: 아, 다음 주야? 
#Person1#: 응. 잊었어? 
#Person2#: 아니, 당연히 아니지. 이미 선물까지 샀어. 
#Person1#: 그거 좋네. Megan도 초대하고 싶어. 다음에 그녀 보면, 이야기 좀 전해줄래? 
#Person2#: 물론이지. 그녀가 네 친구 알아? 
#Person1#: 응, 아마도 같은 대학을 다녔던 걸로 알아, 정확히는 모르겠어. 
#Person2#: 우리 다 같이 차 타고 가는 거야? 
#Person1#: 응. 내가 먼저 너 데리러 갈게, 그리고 Megan을 데리러 가자.",
test.csv,이 차,"#Person1#: 안녕하세요! 새 차를 찾고 있는데, 가지고 있는 오래된 Ford Pinto를 교환하고 싶어요.
#Person2#: 알겠습니다. 이번 달에 운이 좋으시네요. 현재 모든 모델이 할인 중이에요! 연말이라 새 차를 사기에 딱 좋은 시기입니다.
#Person1#: 완벽하네요! 이 차가 마음에 드네요.
#Person2#: 이건 Ford Focus입니다. 아주 가볍고 강력한 차량이에요. 사이드 에어백, 파워 스티어링과 파워 윈도우, 선팅된 창문과 자동 또는 수동 변속기를 선택할 수 있습니다.
#Person1#: 좋은 차네요! 연비는 어떻게 되나요?
#Person2#: 연비가 아주 좋아서 도시에서는 약 34마일, 고속도로에서는 약 40마일입니다.
#Person1#: 정말 편리하네요. 특히 요즘 기름값이 비싸서요! 엔진은 어떤가요?
#Person2#: 아주 강력한 2.5리터 터보차저 엔진이 들어가 있어요. 정말 빠른 차니까 믿어보세요!
#Person1#: 이제 가장 어려운 질문이네요. 이 멋진 차의 가격대는 어떻게 되나요?
#Person2#: 아주 저렴합니다. 오늘 0% 다운페이먼트와 첫 1년간 무이자로 가져가실 수 있습니다! 지금 시승해 보시고 돌아와서 서류에 서명하면 됩니다.
#Person1#: 좋아요! 해봅시다!",
test.csv,그녀의,"#Person1#: 오늘 밤 파티에 갈래?
#Person2#: 누구 파티?
#Person1#: Ruojia의 파티야. 몰랐어? Ruojia가 결혼했어.
#Person2#: 뭐라고! 진짜야? 믿을 수 없어!
#Person1#: 응. 어제 했어.
#Person2#: 세상에. 정말 놀랍다! 너무 기뻐!
#Person1#: 나도 그래.
#Person2#: 그런데 어떻게 알았어?
#Person1#: 나는 그녀의 트위터에서 그 소식을 봤어. 그녀가 이메일도 보냈어.
#Person2#: 뭐? 나는 못 받았는데!
#Person1#: 이메일 확인해보는 게 좋을걸.
#Person2#: 아, 맞아, 찾았어. 오늘 밤 그녀의 집에서 하는구나. 뭐 가져갈 거야?
#Person1#: 응, 와인잔 한 쌍이랑 결혼 축하 카드 가져갈 거야.
#Person2#: 나는 다기 세트를 살 거야.",
test.csv,그녀의,"#Person1#: 사라, 이사 갈 생각 해본 적 있어? 
#Person2#: 생각해봤는데, 지금은 남편이랑 저랑 그럴 여유가 없어. 
#Person1#: 회사 근처에 집을 사는 게 비쌀 수 있는데, 더 저렴한 집을 찾는 방법도 있어. 
#Person2#: 어떤 방법인데? 
#Person1#: 도시 중심에서 좀 떨어진 곳에 집을 사면 돈을 아낄 수 있지. 
#Person2#: 좋은 생각이네. 
#Person1#: 내 시누이랑 그녀의 남편도 그렇게 집을 샀어. 그리고 꽤 만족하고 있어. 
#Person2#: 그 집 상태는 안 좋았어? 
#Person1#: 전혀 아니야, 그 집을 소유한 여자가 친구에게서 사서 잘 관리했어. 그런데 그녀가 돌아가셨을 때 가족도 없었고 유언장도 없어서 정부가 그 집을 팔아야 했어. 
#Person2#: 집이 아주 오래된 거였어? 
#Person1#: 응, 한 50년 정도 됐지. 몇 가지 수리가 필요하긴 했지만 돈이나 시간이 많이 들진 않았어. 
#Person2#: 위치는 괜찮아? 
#Person1#: 저녁에는 약간 위험할 수도 있지만 이웃끼리 서로 잘 챙겨줘서 괜찮아.",
test.csv,그녀의,"#Person1#: 너 어제 Mirella가 출근한 거 봤어? Silicon Valley에서 회의 갔다 온 이후로, 계속 청바지에 스웨트셔츠 입고 출근하더라. 자기 사무실을 자기 집이라고 생각하는 것 같아. 관리팀이 언제까지 가만히 있을지는 모르겠어.
#Person2#: 그녀가 서부 해안 스타일에 영향을 많이 받은 것 같아. 캘리포니아에서는 작업 환경이 훨씬 더 편하고 캐주얼하다고 하더라고. IT 산업의 영향인 것 같아. 집과 회사 사이의 경계가 크지 않아서, 사람들은 더 편한 옷을 입고 일하고 싶어 하는 거지.
#Person1#: 그럴 수도 있겠지만, 우리처럼 모두 하얀 셔츠에 짙은 색 양복과 넥타이를 매고 있는 사람들 옆에 있으니까 좀 이상하긴 해.
#Person2#: 그렇게 나쁘지 않아... 우리는 더 캐주얼한 재킷과 바지도 허락하잖아. 게다가, Mirella가 오늘 아침 책상에서 뭘 발견했는지 못 들었어?
#Person1#: 그게 뭐야?
#Person2#: 관리팀에서 새 하얀 드레스 네 벌을 줬어. 그게 그녀의 새로운 캐주얼한 스타일이 그다지 수용 가능하지 않다는 것을 전하는 방법이라고 하더라.",
test.csv,그 말,"#Person1#: 그녀가 Dick 외에는 결혼하지 않겠다고 말했을 때 정말 깜짝 놀랐어.
#Person2#: 너도 놀랐구나? 나도 그 말을 듣고 너한테 말하기가 무서웠어. 거의 기절할 뻔했어.
#Person1#: 왜 그녀가 Dick 같은 사람에게 마음을 줄 수 있는지 이해가 안 돼. 걔는 많은 여자들과 놀아난다고 하잖아.
#Person2#: 그런데 Sarah는 그가 자기만 사랑해준다면 상관없다고 하잖아.",
test.csv,그 말,"#Person1#: 안녕하세요. 어떻게 도와드릴까요? 
#Person2#: 음, 귀찮게 해드려서 죄송한데, 도저히 더 이상 견딜 수가 없어요. 방을 바꿀 수 있을까요? 너무 시끄러워요. 짐 엘리베이터 소리 때문에 몇 번이나 깼어요. 저한테 너무 힘들었어요. 
#Person1#: 그 말씀 들으니 안타깝네요. 이 방이 복도 끝이라 조용할 때 아침에 소음이 들릴 수 있어요. 
#Person2#: 아무튼, 방을 바꾸고 싶어요. 
#Person1#: 진심으로 죄송합니다. 정말 사과드립니다. 방을 바꿔드릴게요, 하지만 오늘은 빈 방이 없어요. 내일까지만 기다려주실 수 있을까요? 관광 회사가 내일 아침에 떠나면, 고르실 수 있는 방이 있을 겁니다. 
#Person2#: 알겠어요. 내일 저녁에는 조용한 스위트에서 지내고 푹 잘 수 있길 바랄게요. 
#Person1#: 그렇게 될 거예요. 그리고 필요한 게 더 있으면 말씀해 주세요. 
#Person2#: 알겠어요. 감사합니다. 
#Person1#: 천만에요. 새 방에서 더 편안하게 지내시길 바랍니다.",
test.csv,그 말,"#Person1#: 자, 다음 질문이야. 만약 Eric이 너한테 데이트 신청하면 뭐라고 할 거야? 
#Person2#: 당연히 예스지! Eric은 학교에서 제일 인기 많은 애잖아! 좋아, 이제 내 차례야. 복권에 당첨되면 뭐 할 거야? 
#Person1#: 음... 복권에 당첨되면 세계 여행 티켓 두 장을 살 거야. 
#Person2#: 나한테도 티켓 하나 사주면 당장 따라갈게! 
#Person1#: 아빠한테 그런 여행 얘기라도 꺼내면 놀라실 텐데! 
#Person2#: 꽤 어려운 질문이네. 만약 엄마한테 결혼한다고 말하면 뭐라고 하실 것 같아? 
#Person1#: 그 말을 하면 엄마는 기절하시고, 난 정신병원에 보내질걸!",
test.csv,이 책,"#Person1#: 중고 서점 돌아다니는 거 좋아하지 않아요? 사람들이 이전에 어떤 책을 좋아했는지 보는 게 재미있어요. 이 오래된 동화책 봤어요?
#Person2#: 꼭 오래된 책만 있는 건 아니에요. 봐요, 이 소설은 불과 6년 전에 출판됐어요. 75센트예요.
#Person1#: 아, 이거 봐!
#Person2#: 뭐? 갑자기 19세기 연극에 관심 생긴 거야?
#Person1#: 책 안을 봐요. 누가 이 책을 선물로 주면서 앞 표지 안쪽에 메모를 적어놨어요. 날짜가 1893년이에요. 어쩌면 가치가 있을지도 몰라요.
#Person2#: 저 선반에 있는 모든 책은 50센트짜리예요.
#Person1#: 하지만 이게 유명한 사람의 서명이라면 훨씬 더 가치 있을 거예요. 윌리엄 셰익스피어의 서명은 백만 달러 정도의 가치가 있대요.
#Person2#: 아, 그것도 제대로 읽기 힘들어 보이는데. 누가 썼지?
#Person1#: 이름이 'Harold Dickson'처럼 보이는데, 그 사람 정치인 아니었나요? 이 책 사서 도서관에서 그 이름을 찾아볼래요.
#Person2#: 행운을 빌려. 당신의 시집이 부자가 되게 할지도 모르지만, 내 75센트짜리 책이 더 나은 선택인 것 같아요.",
test.csv,이 책,"#Person1#: 어떻게 도와드릴까요?
#Person2#: 이 책을 반납하고 싶어요.
#Person1#: 그게 다인가요?
#Person2#: 이 비디오도 대출하고 싶어요.
#Person1#: 그게 다이신가요?
#Person2#: 네, 그게 다예요.
#Person1#: 도서관 카드는 가지고 계신가요?
#Person2#: 여기 있어요.
#Person1#: 이 비디오 잘 관리해주세요.
#Person2#: 문제없을 거예요.
#Person1#: 비디오를 손상시키면 벌금이 부과됩니다.
#Person2#: 손상 안 시킬게요.",
test.csv,그 애,"#Person1#: 엄마, 얘기할 게 있어요. 
#Person2#: 그래, 말해 봐! 
#Person1#: Jane 이모가 Tom에게 새 자전거를 사줬어요. 자랑을 늘어놓고 있어요. 
#Person2#: 나는 작년에 너에게 새 자전거를 사줬잖니. 그거 멋있지 않니? 
#Person1#: 멋있어요. 그런데 Tom의 자전거가 제 것보다 훨씬 좋아요. 
#Person2#: 솔직히 말해서, 그 애가 너보다 얌전하잖니. 
#Person1#: 절대 그렇지 않아요! 
#Person2#: 그런데 왜 버스가 아직 안 오는 거지? 매일 아침 기다리는 시간이 너무 길어. 
#Person1#: 엄마, 괜찮아요. 언젠가 큰 차를 살 거예요. 그게 버스보다 빠르대요. 
#Person2#: 정말 그래? 기대되는데. 그럼 교통 체증은 어떻게 할 거니? 
#Person1#: 생각해 보니까... 네. 엄마를 위해 비행기를 사드릴게요. 하늘에는 교통 체증이 없으니까요.",
test.csv,이 일,"#Person1#: 아, 정말 좋은 날이네! 
#Person2#: 응, 공기가 정말 신선해. 
#Person1#: 하지만 어제는 전혀 그렇지 않았어. 
#Person2#: 어젯밤에 비가 왔거든. 
#Person1#: 정말? 
#Person2#: 맞아, 엄청난 폭풍우가 쳤어, 번개도 많았고. 
#Person1#: 나는 깊이 잠들어 있어서 아무 소리도 못 들었어. 
#Person2#: 오늘도 나중에 비가 올 수도 있어. 
#Person1#: 그럴 수도 있겠네. 어두운 구름이 끼어 있더라고. 
#Person2#: 강한 바람도 올 수 있을 것 같아. 
#Person1#: 그럼 먼지도 많이 일겠지? 
#Person2#: 아닐걸. 이제는 베이징에 먼지가 큰 문제가 아니야. 
#Person1#: 왜 그런 거야? 
#Person2#: 오랫동안 나무를 심어왔거든. 
#Person1#: 그렇구나. 베이징의 가을은 정말 아름다워. 
#Person2#: 하지만 여름은 아니야. 여름엔 너무 더워. 
#Person1#: 그럼 봄은 어때? 
#Person2#: 베이징의 봄은 따뜻하고 짧아. 
#Person1#: 겨울엔 역시 춥겠지? 
#Person2#: 맞아. 아, 그런데 지금쯤이면 저녁에 꽤 시원할 수도 있어. 옷 더 챙겨 입지 않으면 감기 걸릴 수 있어. 
#Person1#: 상기시켜줘서 고마워. 
#Person2#: 천만에.",
test.csv,이 일,"#Person1#: John이 일주일에 일곱 번 그녀와 데이트를 한다네요. 
#Person2#: 진짜요? 그거 진짜 심상치 않네요. 
#Person1#: 저도 그렇게 생각해요. 아마 그가 그녀에게 빠진 것 같아요. 
#Person2#: 맞아요. 둘이 잘 어울리는 것 같아요. 정말 잘 어울리는 커플이에요.",
test.csv,이 일,"#Person1#: 이 나라와 당신 나라 사이에는 어떤 주된 차이점이 있나요?
#Person2#: 음, 러시아에서는 모든 게 아주 빠르게 진행돼요. 사람들이 빨리 말하고, 차도 아주 빨리 운전하고, 좋은 거래도 정말 빨리 끝나죠. 하지만 여기 캐나다에서는 사람들이 좀 더 여유로운 것 같아요.
#Person1#: 모든 게 다 그런가요?
#Person2#: 아니요, 물론 그렇진 않죠. 러시아에서는 은행 가는데 몇 시간이 걸릴 수 있어요. 우체국이나 슈퍼마켓도 마찬가지고요. 그런데 캐나다는 이런 데를 꽤 빠르게 지나갈 수 있죠.
#Person1#: 그래서 캐나다에 비해 러시아에서 더 빠르거나 느린 게 어떤 것들이 있나요? 저는 여기서 태어나고 자라서 그런 걸 잘 몰라요. 또한 해외에 나가본 적도 없어요.
#Person2#: 러시아 사람들은 본래 빠르게 움직이는 편이에요, 적어도 대도시에서는요. 하지만 공공 서비스는 여전히 느려요. 비즈니스를 다르게 시도하지 않았기 때문이에요.
#Person1#: 그러면 캐나다에서는 그 반대인가요?
#Person2#: 맞아요. 여기 정부는 문제를 해결하고 새로운 기술을 활용해 비즈니스를 더 잘 운영할 수 있게 해줍니다. 하지만 저는 캐나다 사람들이 일반적으로 러시아 사람들보다 더 차분하다고 생각해요... 그리고 미국 사람들보다도 분명히 더 여유롭죠!
#Person1#: 음, 마지막 부분에 대해서는 동의해요!",
test.csv,이 약,"#Person1#: 아, 좋은 아침이에요, Ms. Ross. 들어오세요. 
#Person2#: 안녕하세요, Mr. Fisher. 만나서 반가워요. 
#Person1#: 전화 대신 직접 만나서 얘기하니 좋네요. 잘 지내세요? 
#Person2#: 네, 고마워요. 아주 잘 지내고 있어요. 
#Person1#: 앉으세요. 커피 한잔 드릴까요? 
#Person2#: 아, 네, 부탁드려요. 블랙으로요. 
#Person1#: 여기 있습니다. 
#Person2#: 감사합니다. 자, 상황이 어떻게 돼가고 있나요? 
#Person1#: 아, 나쁘지 않아요. 뉴질랜드에 지점을 열 계획이에요. 가능하면 마케팅 이사에게 알리고요! 아드님은 어때요, 이제 학교 다니기 시작했나요? 
#Person2#: 네, 이제 2학년이에요. 
#Person1#: 벌써요? 세월 참 빠르네요! 학교는 잘 다니고 있어요? 
#Person2#: 아주 좋아해요, 집에 있는 것보다 훨씬 재미있대요! 
#Person1#: 하하. 자, 이제 본격적으로 시작해볼까요? 일 얘기로 들어가죠. 
#Person2#: 네. 먼저 발표 날짜와 시간을 확인할 수 있을까요? 10월 24일 토요일 오전이죠? 정확히 몇 시에 시작하나요? 
#Person1#: 초대장에 발표는 11시에 시작해서 12시 30분까지 이어진다고 적혀 있어요. 
#Person2#: 그러면 10시부터 2시까지 방이 필요하시겠네요. 발표 전에 커피를 제공할까요? 
#Person1#: 네, 네. 그리고 끝나고 음료와 스낵도 준비해 주세요. 
#Person2#: 점심보다는 스낵 뷔페로 준비하는 게 나을까요? 
#Person1#: 아니요, 참석자들이 무료 점심을 기대하진 않을 거예요. 그건 좀 과할 것 같아요. 토요일이라 가족들과 돌아가고 싶어할 거예요. 
#Person2#: 그렇다면 평소의 점심 전 스낵 뷔페 정도 준비하셔야겠네요. 작년 2월에 했던 것과 비슷하게요. 
#Person1#: 아, 그걸로 괜찮아요. 
#Person2#: 알겠습니다. 그럼 방, 커피, 스낵 뷔페는 약속대로 15% 할인가로 청구하고, 음료는 비례해서 청구될 거예요. 
#Person1#: 괜찮아요, 좋아요. 네. 
#Person2#: 어떤 장비나 가구가 필요하세요? 
#Person1#: 음... 그럼, 다섯 개의 테이블이 필요할 것 같아요. 전시용으로요. 스탠드는 저희가 따로 가져올게요. 아마도 방에 오버헤드 프로젝터와 음향 시스템이 있을 거죠? 저희가 가기 전에 누군가가 작동 상태를 확인해 줄 수 있을까요? 
#Person2#: 아, 물론이죠. 기술자가 준비 시점에 함께 있을 거예요. 아, 그 방 의자에는 플랩오버 책상 상단이 있는데, 괜찮으신가요? 
#Person1#: 네, 네, 괜찮아요, 물론요. 
#Person2#: 초대장을 보내셨다고 하셨는데, 몇 명이 오실 것 같나요? 아시겠지만 방의 수용 인원이 약 50명인데, 40명이 가장 이상적이에요. 
#Person1#: 네, 몇 명이 올지는 직전까지 알기 힘들 거예요. 
#Person2#: 목요일까지는 확실히 알려주실 수 있나요? 
#Person1#: 음... 아니요. 하지만 대략적인 추정치를 드릴 수 있을 거고, 그 숫자를 기준으로 예산을 짤게요. 초대장은 100장을 보냈어요... 
#Person2#: 100장이나요?! 
#Person1#: 네, 이론적으로는 200명이 올 수 있다는 뜻이죠. 
#Person2#: 네, 하지만 방이... 
#Person1#: 물론, 하하... 30명 정도밖에 오지 않을 것 같아요. 
#Person2#: 그럼 만약 많은 사람이 오면요? 그날은 이 방밖에 없어요. 연회장에는 결혼 피로연이 있어서... 
#Person1#: 그렇다면, 저는...",
test.csv,그 후,"#Person1#: 좋아요, 컷! 처음부터 다시 시작합시다, 모두들. 
#Person2#: 이번에 무슨 문제가 있었나요? 
#Person1#: 느낌이 좀 잘못 되었어요, Mike. 그녀가 더 이상 당신을 보고 싶지 않다고 말하고 있는데, 난 당신에게서 더 많은 분노를 보고 싶어요. 당신은 상처받고 슬픈 연기를 하고 있지만, 그 상황에서 당신의 캐릭터는 그렇게 행동하지 않을 거예요. 
#Person2#: 하지만 Jason과 Laura는 3년이나 같이 있었어요. 그의 반응이 분노와 슬픔이 함께 한다고 생각하지 않나요? 
#Person1#: 지금 시점에서는 아니에요. 난 그가 대부분 남자들이 반응하는 방식대로 반응할 것 같고, 나중에 그의 진짜 감정을 보게 될 거라고 생각해요. 
#Person2#: 전 그렇게 확신하지 못하겠어요. 
#Person1#: 내 방식대로 한 번 해 보고, 대사를 할 때 어떻게 느끼는지 봅시다. 그 후에도 여전히 적절하지 않다고 느껴지면, 다른 방법을 시도해 볼 수 있어요.",
test.csv,그 후,"#Person1#: 사이먼, 은퇴하니까 어때요?
#Person2#: 음, 나쁘지 않네요.
#Person1#: 시간을 어떻게 보내고 계세요?
#Person2#: 가족과 더 많은 시간을 보내고 있어요. 그리고 여행도 조금 했어요. 비수기에 가니까 사람이 덜 붐비고 호텔도 저렴하거든요.
#Person1#: 좋네요.
#Person2#: 일을 완전히 그만둔 건 아니에요.
#Person1#: 네, 더 얘기해 주실 수 있나요?
#Person2#: '단계적 은퇴'라고 불리는 제도에 참여하고 있어요. 6개월 동안 일을 쉬었고, 그 후에 이전의 회사에서 프로젝트 업무에 지원할 수 있게 되었어요.
#Person1#: 그 제도는 어떻게 운영되나요?
#Person2#: 음, 지금은 실험적으로 운영되고 있어요. 임시 직원을 고용하는 대신, 회사 웹사이트에 내가 접근할 수 있는 구인 정보를 게시해요.
#Person1#: 어떤 종류의 업무가 게시되나요?
#Person2#: 음, 정말 다양한 일이에요. 행정 업무부터 좀 더 전문적인 일까지, 제가 할 수 있는 일이죠. 몇몇 프로젝트는 5~6개월, 어떤 건 단 며칠도 걸릴 수 있어요. 그래서 언제 일할지는 거의 제가 정할 수 있어요. 제 시간을 제가 관리할 수 있는 거죠.
#Person1#: 사이먼 씨에게 좋은 것 같네요. 회사는 뭐가 좋은 거죠?
#Person2#: 글쎄요, 예전의 직장 인맥이 모두 남아 있어서 일을 처리할 때 누구에게 연락하면 될지 알고 있죠. 회사도 유연성을 얻을 수 있어요. 일이 끝나면 그걸로 끝이에요. 더 이상 회사의 명단에 안 올라와요.",
test.csv,그분들,"#Person1#: 아빠, 뉴질랜드에 있는 가족 얘기 계속하시는데, 그분들 누구예요? 
#Person2#: 음, 그건 네 삼촌 Bill, 그의 아내와 딸 둘이야. 
#Person1#: Bill 삼촌이 아빠 형이에요? 
#Person2#: 아니, 네 삼촌 Jack이 내 형이지, Bill은 네 외삼촌이야, 네 엄마의 오빠. 
#Person1#: 그러면 그 두 딸이 내 사촌이야? 
#Person2#: 맞아, Sarah랑 Jane 둘 다 네 사촌인데, 그 둘은 의붓자매야. 
#Person1#: 의붓자매가 뭐야? 
#Person2#: Sarah는 네 외삼촌 Bill의 큰딸이야. 어렸을 때, Bill의 첫 부인, Sarah의 엄마가 돌아가셨지. 삼 년 후 Bill이 재혼을 했어. 
#Person1#: 그러니까 Bill 삼촌의 아내가 Jane의 엄마인데 Sarah의 엄마는 아니야. 맞지? 
#Person2#: 맞아. 그녀는 Sarah의 계모야. 
#Person1#: 그리고 그분들은 언제 우리 집에 방문하셔? 
#Person2#: 그들은 내년에 유럽 여행을 하고, 그때 우리한테도 올 계획이야.",
test.csv,이 날,"#Person1#: 안녕, Tony. 기분이 안 좋아 보이네. 무슨 일이야?
#Person2#: 아, Steven. 나 큰 실수를 했어.
#Person1#: 무슨 일이 있었는데?
#Person2#: 정말 하지 말았어야 했는데.
#Person1#: 대체 무슨 소리야?
#Person2#: 부정행위를 하다가 들켰어. 너무 부끄러워. 선생님이 날 보고 불합격이라고 하셨어.
#Person1#: 무슨 생각으로 그랬어?
#Person2#: 우리 아빠 알잖아. 내가 불합격하면 진짜 큰일 나. 잘해야만 해.
#Person1#: 하지만 넌 열심히 공부해야 해.
#Person2#: 알아... 알아... 전부 내 잘못이야. 공부 안 한 것도, 부정행위 한 것도 들킨 것도 다 너무 후회돼.
#Person1#: 실수에서 배우기만 하면 돼.",
test.csv,이 날,"#Person1#: 어젯밤 폭풍이 엄청났었지, 그렇지 않니? 
#Person2#: 진짜 그랬어. 바람이 하도 심해서 창문 몇 개가 부서졌어. 날씨 참!
#Person1#: 우리 집 앞에 있는 큰 나무 말이야? 어젯밤에 제일 큰 가지 중 하나가 부러졌어.
#Person2#: 정말이야? 집은 아무 피해 없었어?
#Person1#: 정말 다행히도 멀리 떨어져 있어서 피해 없었어.
#Person2#: 난 폭풍 진짜 싫어. 이제는 좀 따뜻한 봄날씨가 와야 할 때인 것 같아.
#Person1#: 지금 4월인 거 알아? 꽃이 피기 시작하고 있어.
#Person2#: 맞아, 그렇지. 그래도 나는 여전히 이 날씨가 끔찍하다고 생각해.
#Person1#: 불평할 필요 없다고 생각해. 어차피 3월에는 날씨가 좋았잖아.",
test.csv,이 날,"#Person1#: 안녕, Fanny. 
#Person2#: 안녕, Andy. 
#Person1#: 오늘 아침 좀 피곤해 보이네. 괜찮아? 
#Person2#: 어젯밤에 잠을 많이 못 잤어. 기분이 별로야. 정말 어지러운 밤이었어. 
#Person1#: 무슨 일이 있었어? 
#Person2#: 악몽을 꿨어. 혼자서 묘지에서 걷고 있었는데, 갑자기 유령들이 무덤에서 튀어나오는 거야. 그들이 날 쫓아오면서 내 피를 원한다고 외쳤어. 
#Person1#: 와, 진짜 무섭다! 그다음엔 어떻게 됐어? 
#Person2#: 엄마가 날 깨웠어. 내가 도움을 요청하는 소리에 놀라서 오셨어. 
#Person1#: 좋은 엄마네. 
#Person2#: 좀 창피했어. 어쨌든, 내가 벌써 18살이잖아. 엄마가 초콜릿 쿠키랑 우유 한 잔을 주셨어. 
#Person1#: 그거 좋다! 
#Person2#: 응, 근데 다시 자기 무서웠어. 미시간 대학교에 들어가는 게 걱정이야. 
#Person1#: 나도 그래. 근데 나는 스스로에게 말하곤 해. 만약 거기서 날 받아주지 않으면, 다른 학교에서 받아줄 거야.",
test.csv,이 새,"#Person1#: 우리 교장 선생님이 새 실험실 건물을 지으실 것 같아?
#Person2#: 잘 모르겠어. 계획이 있을 수도 있겠지. 하지만 우리 선생님들한테는 아직 말씀 안 하셨어.
#Person1#: 그게 진짜 가능하다고 생각해?
#Person2#: 물론이지. 지금의 구 실험실 건물은 늘어나는 교육 수요를 충족시키지 못하잖아. 너무 작고 상태도 별로야.
#Person1#: 그럼 왜 빨리 새 건물을 지으면 안 돼?
#Person2#: 아마 문제가 좀 있을 거야.
#Person1#: 그게 무슨 문제인데?
#Person2#: 내가 알기로는, 돈이야. 당장은 해결될 것 같지 않아.
#Person1#: 우리 교장 선생님이 지역 정부에 도움을 요청하실 거라고 믿어.
#Person2#: 나도 그렇게 생각해. 이번 학기가 끝나기 전에 결정이 내려질 가능성이 꽤 높다고 봐.",
test.csv,이 새,"#Person1#: 북런던에서 경찰이 네즈든의 보행자 지하도에서 발견된 40대 남성의 사망 사건을 살인으로 보고 있습니다. 수사를 지휘 중인 탐정 수사국장 John Day가 아침 일찍 이 남성의 이동 경로에 대해 설명하고 있습니다. 
#Person2#: 저희가 파악한 바로는 이 남성이 새벽 1시 30분쯤 네즈든 레인에 있는 술집인 레벨 원 클럽을 떠났습니다. 저희는 그가 오전 2시 15분까지 어디에 있었는지 확인하려고 합니다. 당시 클럽 직원이 그를 발견했기 때문입니다. 그는 북순환도로 아래의 보행자 지하도에서 발견되었으며, 사망 원인은 여러 차례의 두부 외상입니다. 지하도 입구 근처에 두 명의 여성과 술에 취한 남성이 있었던 것으로 짐작되며, 이들이 그쪽으로 가는 남성이나 뒤따르던 공격자를 목격했을 가능성이 있습니다. 
#Person1#: 그들이 그곳에 있었던 시간은 언제쯤이라고 보십니까? 
#Person2#: 새벽 1시 반 조금 지나서부터 2시 15분까지라고 추정합니다. 
#Person1#: 그러면 그 시간 간격이 꽤 짧군요. 30분에서 40분 정도네요. 
#Person2#: 그렇습니다. 상당히 짧습니다. 
#Person1#: 그리고 네즈든 지하도에서 술집까지의 거리는 얼마나 되나요? 
#Person2#: 약 50미터입니다. 
#Person1#: 술 취한 남성과 그와 함께 있는 것으로 보이는 두 여성 외에 추가로 대화하고 싶은 사람은 없습니까? 
#Person2#: 네, 현재로서는 없습니다. 클럽은 새벽 1시 반에 닫았고, 아마도 다른 사람들이 그 길로 클럽을 떠났을 수도 있습니다. 또한 그 지역에 주차해 있던 미니캡 기사들이 뭔가를 목격했을 수 있습니다. 
#Person1#: 그렇다면, 아직 그들을 식별하지 못했다는 것이군요. 
#Person2#: 네, 현재 단계에서는 그렇습니다. 
#Person1#: 네, 감사합니다.",
test.csv,그 차,"#Person1#: 해리, 무슨 일이야? 왜 안색이 안 좋아 보여?
#Person2#: 끔찍한 일을 겪었어.
#Person1#: 사고 났어?
#Person2#: 그건 아니지만 거의 그럴 뻔했어. 방금 길을 건너다 차에 치일 뻔했어. 다행히 재빨리 뒤로 물러났어.
#Person1#: 끔찍하다! 그 차 번호를 적었어야 하는데, 그래야 경찰에 신고할 수 있잖아.
#Person2#: 정신 차리기도 전에 차는 사라지고 없었어.
#Person1#: 그런 운전자는 경찰이 처벌해야 해.
#Person2#: 나도 동의해. 이 일은 오래도록 잊지 못할 것 같아.
#Person1#: 그러겠지.
#Person2#: 응, 이제부터는 신문 읽으면서 길을 건너지 않겠어. 이런 위험한 운전자가 길에 있으니 내가 가는 길을 잘 봐야겠어.",
test.csv,이 길,"#Person1#: 브라이언, 여행 준비 다 했어?
#Person2#: 예약은 했는데, 아직 확인할 게 좀 있어. 비행기가 8시 30분에 출발하니까 6시에 네 집으로 데리러 갈게.
#Person1#: 6시라고? 한밤중에 일어나야겠네!
#Person2#: 미안해. 7시까지 체크인해야 하고 아마 줄이 길 것 같아서.
#Person1#: 아, 알았어. 내 미팅들은 어떻게 돼?
#Person2#: 우선, 공항에서 전무님이 널 만나러 오실 거야.
#Person1#: 좋네. 공장 가는 길에 얘기할 수 있겠네.
#Person2#: 회의는 정오에 시작해. 네가 출발하기 전에 프로그램 하나 챙겨 놓을게.
#Person1#: 고마워. 비행기에서 읽어야겠다. 그럼 이제 오늘 일 좀 시작하자.",
test.csv,그 전,"#Person1#: 안녕, Ben. 내일 수업 준비하고 있어? 
#Person2#: 응, 그런데 좀 긴장돼. 수업에서 무슨 일이 생길지, 그리고 반 친구들이랑 잘 지낼 수 있을지 모르겠어. 
#Person1#: 네 기분 이해해. 너무 걱정하지 마. 곧 많은 친구들을 사귈 거야. 
#Person2#: 고마워. 최대한 빨리 새 학교 생활에 적응하도록 노력할게. 그런데 첫 수업은 몇 시에 시작해? 
#Person1#: 8시에 시작해. 하지만 그 전에 숙제 내는 시간 10분 있고, 아침 자습 시간으로 20분 있어. 
#Person2#: 그럼 7시 30분 전에 학교에 가야 하는 거지? 
#Person1#: 맞아. 
#Person2#: 수업 하나는 얼마나 지속돼? 
#Person1#: 45분 정도고, 쉬는 시간은 10분이나 15분이야. 
#Person2#: 그렇구나. 점심시간이 거의 12시라던데, 그때쯤이면 배고프겠다. 
#Person1#: 걱정 마. 두 번째 수업 후 쉬는 시간에 먹을 걸 살 수 있어. 
#Person2#: 그거 괜찮네.",
test.csv,이 방,"#Person1#: 안녕하세요. 어떻게 도와드릴까요? 
#Person2#: 음, 귀찮게 해드려서 죄송한데, 도저히 더 이상 견딜 수가 없어요. 방을 바꿀 수 있을까요? 너무 시끄러워요. 짐 엘리베이터 소리 때문에 몇 번이나 깼어요. 저한테 너무 힘들었어요. 
#Person1#: 그 말씀 들으니 안타깝네요. 이 방이 복도 끝이라 조용할 때 아침에 소음이 들릴 수 있어요. 
#Person2#: 아무튼, 방을 바꾸고 싶어요. 
#Person1#: 진심으로 죄송합니다. 정말 사과드립니다. 방을 바꿔드릴게요, 하지만 오늘은 빈 방이 없어요. 내일까지만 기다려주실 수 있을까요? 관광 회사가 내일 아침에 떠나면, 고르실 수 있는 방이 있을 겁니다. 
#Person2#: 알겠어요. 내일 저녁에는 조용한 스위트에서 지내고 푹 잘 수 있길 바랄게요. 
#Person1#: 그렇게 될 거예요. 그리고 필요한 게 더 있으면 말씀해 주세요. 
#Person2#: 알겠어요. 감사합니다. 
#Person1#: 천만에요. 새 방에서 더 편안하게 지내시길 바랍니다.",
test.csv,이 방,"#Person1#: 아, 좋은 아침이에요, Ms. Ross. 들어오세요. 
#Person2#: 안녕하세요, Mr. Fisher. 만나서 반가워요. 
#Person1#: 전화 대신 직접 만나서 얘기하니 좋네요. 잘 지내세요? 
#Person2#: 네, 고마워요. 아주 잘 지내고 있어요. 
#Person1#: 앉으세요. 커피 한잔 드릴까요? 
#Person2#: 아, 네, 부탁드려요. 블랙으로요. 
#Person1#: 여기 있습니다. 
#Person2#: 감사합니다. 자, 상황이 어떻게 돼가고 있나요? 
#Person1#: 아, 나쁘지 않아요. 뉴질랜드에 지점을 열 계획이에요. 가능하면 마케팅 이사에게 알리고요! 아드님은 어때요, 이제 학교 다니기 시작했나요? 
#Person2#: 네, 이제 2학년이에요. 
#Person1#: 벌써요? 세월 참 빠르네요! 학교는 잘 다니고 있어요? 
#Person2#: 아주 좋아해요, 집에 있는 것보다 훨씬 재미있대요! 
#Person1#: 하하. 자, 이제 본격적으로 시작해볼까요? 일 얘기로 들어가죠. 
#Person2#: 네. 먼저 발표 날짜와 시간을 확인할 수 있을까요? 10월 24일 토요일 오전이죠? 정확히 몇 시에 시작하나요? 
#Person1#: 초대장에 발표는 11시에 시작해서 12시 30분까지 이어진다고 적혀 있어요. 
#Person2#: 그러면 10시부터 2시까지 방이 필요하시겠네요. 발표 전에 커피를 제공할까요? 
#Person1#: 네, 네. 그리고 끝나고 음료와 스낵도 준비해 주세요. 
#Person2#: 점심보다는 스낵 뷔페로 준비하는 게 나을까요? 
#Person1#: 아니요, 참석자들이 무료 점심을 기대하진 않을 거예요. 그건 좀 과할 것 같아요. 토요일이라 가족들과 돌아가고 싶어할 거예요. 
#Person2#: 그렇다면 평소의 점심 전 스낵 뷔페 정도 준비하셔야겠네요. 작년 2월에 했던 것과 비슷하게요. 
#Person1#: 아, 그걸로 괜찮아요. 
#Person2#: 알겠습니다. 그럼 방, 커피, 스낵 뷔페는 약속대로 15% 할인가로 청구하고, 음료는 비례해서 청구될 거예요. 
#Person1#: 괜찮아요, 좋아요. 네. 
#Person2#: 어떤 장비나 가구가 필요하세요? 
#Person1#: 음... 그럼, 다섯 개의 테이블이 필요할 것 같아요. 전시용으로요. 스탠드는 저희가 따로 가져올게요. 아마도 방에 오버헤드 프로젝터와 음향 시스템이 있을 거죠? 저희가 가기 전에 누군가가 작동 상태를 확인해 줄 수 있을까요? 
#Person2#: 아, 물론이죠. 기술자가 준비 시점에 함께 있을 거예요. 아, 그 방 의자에는 플랩오버 책상 상단이 있는데, 괜찮으신가요? 
#Person1#: 네, 네, 괜찮아요, 물론요. 
#Person2#: 초대장을 보내셨다고 하셨는데, 몇 명이 오실 것 같나요? 아시겠지만 방의 수용 인원이 약 50명인데, 40명이 가장 이상적이에요. 
#Person1#: 네, 몇 명이 올지는 직전까지 알기 힘들 거예요. 
#Person2#: 목요일까지는 확실히 알려주실 수 있나요? 
#Person1#: 음... 아니요. 하지만 대략적인 추정치를 드릴 수 있을 거고, 그 숫자를 기준으로 예산을 짤게요. 초대장은 100장을 보냈어요... 
#Person2#: 100장이나요?! 
#Person1#: 네, 이론적으로는 200명이 올 수 있다는 뜻이죠. 
#Person2#: 네, 하지만 방이... 
#Person1#: 물론, 하하... 30명 정도밖에 오지 않을 것 같아요. 
#Person2#: 그럼 만약 많은 사람이 오면요? 그날은 이 방밖에 없어요. 연회장에는 결혼 피로연이 있어서... 
#Person1#: 그렇다면, 저는...",
test.csv,이 색,"#Person1#: 무엇을 도와드릴까요? 
#Person2#: 네, 치마를 찾고 있어요. 요즘 유행하는 게 뭐죠? 
#Person1#: 이게 최신 유행이에요. 마음에 드세요? 
#Person2#: 음, 입어봐도 될까요? 
#Person1#: 물론이죠. 
#Person2#: 귀엽네요. 이 색깔이 제 피부 톤에 잘 어울리는 것 같아요. 얼마예요? 
#Person1#: 400달러입니다. 
#Person2#: 뭐라고요? 말도 안 돼요!",
test.csv,그 길,"#Person1#: 북런던에서 경찰이 네즈든의 보행자 지하도에서 발견된 40대 남성의 사망 사건을 살인으로 보고 있습니다. 수사를 지휘 중인 탐정 수사국장 John Day가 아침 일찍 이 남성의 이동 경로에 대해 설명하고 있습니다. 
#Person2#: 저희가 파악한 바로는 이 남성이 새벽 1시 30분쯤 네즈든 레인에 있는 술집인 레벨 원 클럽을 떠났습니다. 저희는 그가 오전 2시 15분까지 어디에 있었는지 확인하려고 합니다. 당시 클럽 직원이 그를 발견했기 때문입니다. 그는 북순환도로 아래의 보행자 지하도에서 발견되었으며, 사망 원인은 여러 차례의 두부 외상입니다. 지하도 입구 근처에 두 명의 여성과 술에 취한 남성이 있었던 것으로 짐작되며, 이들이 그쪽으로 가는 남성이나 뒤따르던 공격자를 목격했을 가능성이 있습니다. 
#Person1#: 그들이 그곳에 있었던 시간은 언제쯤이라고 보십니까? 
#Person2#: 새벽 1시 반 조금 지나서부터 2시 15분까지라고 추정합니다. 
#Person1#: 그러면 그 시간 간격이 꽤 짧군요. 30분에서 40분 정도네요. 
#Person2#: 그렇습니다. 상당히 짧습니다. 
#Person1#: 그리고 네즈든 지하도에서 술집까지의 거리는 얼마나 되나요? 
#Person2#: 약 50미터입니다. 
#Person1#: 술 취한 남성과 그와 함께 있는 것으로 보이는 두 여성 외에 추가로 대화하고 싶은 사람은 없습니까? 
#Person2#: 네, 현재로서는 없습니다. 클럽은 새벽 1시 반에 닫았고, 아마도 다른 사람들이 그 길로 클럽을 떠났을 수도 있습니다. 또한 그 지역에 주차해 있던 미니캡 기사들이 뭔가를 목격했을 수 있습니다. 
#Person1#: 그렇다면, 아직 그들을 식별하지 못했다는 것이군요. 
#Person2#: 네, 현재 단계에서는 그렇습니다. 
#Person1#: 네, 감사합니다.",
test.csv,이 돈,"#Person1#: 피터, 혹시 들었는지 모르겠는데, 우리 중 몇몇이 여름에 시안에 가려고 생각 중이야. 너도 같이 가고 싶니?
#Person2#: 아, 제인, 정말 고마워. 그런데 언제쯤 가려고 하는 거야?
#Person1#: 음, 7월쯤? 16일쯤 생각하고 있어.
#Person2#: 그렇구나. 얼마나 가는 거야? 2주 정도?
#Person1#: 원래 그럴 생각이었는데 다른 학생들 몇 명이 돈이 많이 없다고 해서 그냥 일주일 정도로 줄였어. 관심 있어?
#Person2#: 오, 맞아, 정말 관심 있어. 비용은 얼마나 드는지 알아?
#Person1#: 응, 총 2,000위안 정도야.
#Person2#: 아, 그거 괜찮네. 다들 가는 거야?
#Person1#: 응, 대부분 가는데, 물론 모니카는 아니야. 그녀는 다시 하얼빈에 가는 거야.
#Person2#: 진짜 좋겠다! 북쪽에 부모님이 계신 것도 괜찮겠어.
#Person1#: 응, 그러게. 그런데 피터, 네가 돈이 많다면 휴가 때 어디로 가고 싶어?
#Person2#: 음, 아마 신장 아니면 티베트로 가지 않을까 싶어. 어쨌든 멀리 가고 싶어. 제인은?
#Person1#: 잘 모르겠어. 아마도 남서쪽?
#Person2#: 그래, 그것도 좋겠다.",
test.csv,이 돈,"#Person1#: 아빠, 오늘 용돈 주는 날이에요. 용돈 좀 주세요. 
#Person2#: 아, 깜빡했네. 
#Person1#: 아빠는 항상 깜빡하잖아요. 
#Person2#: 그런가 봐. 얼마 주면 되지? 
#Person1#: 그냥 13달러요. 
#Person2#: 13달러라고!? 왜 그렇게 많이 줘야 하지? 며칠 전에 준 것 같은데. 
#Person1#: 아니에요. 아빠는 매주 토요일마다 잊어버리셔서 계속 쌓였어요. 
#Person2#: 음, 그 정도로 현금이 있나 모르겠다. 
#Person1#: 은행 가세요. 돈 많잖아요. 
#Person2#: 돈이 많다고? 음, 근데 은행이 닫혔을걸. 
#Person1#: 그럼, 침대 밑에 있는 비밀 돈통은 어때요? 
#Person2#: 아, 그거 사용할 수도 있겠네. 그럼 이 돈으로 뭐 할 거야? 
#Person1#: 저축 조금 하고, 가난한 사람들한테도 주고, 나머지는 책을 살 거예요. 
#Person2#: 음, 그거 아주 좋은 계획이네, Joshua.",
test.csv,이디어,"#Person1#: 정말 이제 끝났어! 아무데도 못 데려가는 회사에서 일하는 건 그만두려고 해!
#Person2#: 그래서 어떻게 할 건데? 그냥 그만둘 거야?
#Person1#: 맞아, 그게 바로 내가 할 일이야! 내 회사를 차리기로 했어. 사업 계획서를 작성하고 투자자를 모아서 내 사업을 시작할 거야.
#Person2#: 사업 계획서를 작성해본 적 있어?
#Person1#: 음, 아니, 그렇게 어렵진 않을 것 같은데. 그냥 사업을 설명하고 어떻게 할 건지만 쓰면 되는 거 아냐?
#Person2#: 그게 아니야. 잘 쓴 사업 계획서는 사업 아이디어를 두 페이지 이내로 요약한 부분이 포함되어야 해. 그리고 회사의 법적 구조나 역사 같은 정보를 제시해야 해.
#Person1#: 음, 그건 충분히 쉬울 것 같은데.
#Person2#: 잠깐, 아직 더 있어! 그리고 나서 상품이나 서비스를 소개하고 설명해야 해. 경쟁자와 어떻게 다른지 설명해야 하고, 제일 어려운 부분은 시장 분석이야. 수백 가지 변수를 연구하고 분석해야 해! 1인당 GDP부터 인구가 가진 평균 자녀 수까지 사회경제적 요인도 고려해야 해! 이 모든 정보는 너의 전략과 실행 계획에서 아이디어를 어떻게 실현할지 설명할 수 있게 해줘.
#Person1#: 와우. 그게 다야?
#Person2#: 거의 다 왔어. 투자자들에게 가장 중요한 정보는 금융 분석이야. 여기서 매출, 현금 흐름, 이익을 추정해야 해. 결국 사람들은 언제부터 투자 수익을 볼 수 있을지 알고 싶어할 테니까!
#Person1#: 음, 그냥 예전 일 하면서 사업 시작의 번거로움을 피하는 게 나을 것 같아.",
test.csv,이디어,"#Person1#: 안녕, Sarah. 괜찮아? 좀 안 좋아 보이네.
#Person2#: 사실 좀 속상해. 방금 회의에서 나왔는데 좀 잘 안 됐어.
#Person1#: 무슨 일이 있었는데?
#Person2#: 아무도 내 제안을 들어주지 않았어. 다들 자기들끼리 싸우기만 하더라고.
#Person1#: 회의 주재는 누가 했어?
#Person2#: Bob.
#Person1#: 내가 경험상 말하자면, Bob이 가끔 좀 강하게 나올 때가 있거든.
#Person2#: 딱 그랬어! 계속 자기 제안만 내놓으면서 남들이 말하는 건 듣질 않았어. 그러고 나서 다들 자기 의견에 동의하길 바랐지.
#Person1#: 회의 주제가 뭐였는데?
#Person2#: 사무실 워크플로우를 개선해서 좀 더 효율적으로 만드는 아이디어를 찾는 거였어.
#Person1#: 회의가 전혀 효율적이지 않았다는 게 아이러니하네.
#Person2#: 맞아. 정말 공유하고 싶은 아이디어가 많았는데, 제대로 말할 기회를 안 주더라. 어떻게 해야 내 의견을 잘 전달할 수 있을까?
#Person1#: 짧고 간결하게 해야 해. 말할 기회를 얻었을 때 불필요한 세부사항에 너무 얽매이지 않는 게 좋아.
#Person2#: 짧고 간결하게? 그런데 복잡한 설명이 필요할 땐 어떻게 해?
#Person1#: 회의 중에는 주요 포인트만 언급하고, 회의 후에 관련된 사람들과 이야기하면 돼. 모든 사람이 그 정보를 다 알 필요는 없어.
#Person2#: 좋은 생각이야. 다음 회의 때 그렇게 해볼게.",
test.csv,이디어,"#Person1#: 안녕, Julie. 널 수업에서 본 지 일주일이 됐네. 어디 있었어?
#Person2#: 안녕하세요, Mr. Jones. 지난 일요일부터 아팠어요. 사실, 아직도 좀 안 좋아요.
#Person1#: 그래 보이는구나. 무슨 문제였어?
#Person2#: 의사 선생님은 식중독이었을 거라고 생각해요. 지난 일요일에 친구들이랑 좋은 레스토랑에 갔거든요. 정말 멋진 식사였어요. 여러 요리들, 바비큐 소고기, 구운 양고기, 그리고 많은 채소들이 나왔어요.
#Person1#: 맛있어 보이네.
#Person2#: 응, 그랬어. 근데 집에 오는 길에 길거리 가게에서 치킨을 좀 샀거든. 근데 집에 도착하고 나서 얼마 안 있다가 속이 안 좋더라고.
#Person1#: 그게 병의 원인이라고 생각해?
#Person2#: 글쎄, 그런 것 같아요. 점심 먹었던 다른 사람들은 아무도 아프지 않았거든요. 어쨌든, 지금은 좀 나아졌어요.
#Person1#: 그거 다행이네. 그럼 수업 따라갈 수 있을 것 같아?
#Person2#: 네, 친구들이 노트 필기를 가져다주고 있고 생물학 수업 자료는 인터넷에서 다운로드할 수 있어요.
#Person1#: 아, 참 좋은 아이디어야.",
test.csv,그 집,"#Person1#: 사라, 이사 갈 생각 해본 적 있어? 
#Person2#: 생각해봤는데, 지금은 남편이랑 저랑 그럴 여유가 없어. 
#Person1#: 회사 근처에 집을 사는 게 비쌀 수 있는데, 더 저렴한 집을 찾는 방법도 있어. 
#Person2#: 어떤 방법인데? 
#Person1#: 도시 중심에서 좀 떨어진 곳에 집을 사면 돈을 아낄 수 있지. 
#Person2#: 좋은 생각이네. 
#Person1#: 내 시누이랑 그녀의 남편도 그렇게 집을 샀어. 그리고 꽤 만족하고 있어. 
#Person2#: 그 집 상태는 안 좋았어? 
#Person1#: 전혀 아니야, 그 집을 소유한 여자가 친구에게서 사서 잘 관리했어. 그런데 그녀가 돌아가셨을 때 가족도 없었고 유언장도 없어서 정부가 그 집을 팔아야 했어. 
#Person2#: 집이 아주 오래된 거였어? 
#Person1#: 응, 한 50년 정도 됐지. 몇 가지 수리가 필요하긴 했지만 돈이나 시간이 많이 들진 않았어. 
#Person2#: 위치는 괜찮아? 
#Person1#: 저녁에는 약간 위험할 수도 있지만 이웃끼리 서로 잘 챙겨줘서 괜찮아.",
test.csv,그다음,"#Person1#: 어, 여기가 어디지? 쯧쯧, 음... 
#Person2#: 실례합니다. 도움 필요하세요? 
#Person1#: 아, 아니요, 그냥 ... 음... 
#Person2#: 알겠어요... 
#Person1#: 음, 사실은 ... 네. 저기... 과학박물관에 가고 싶은데 몇 시간째 길을 잃어버렸어요. 이 티켓 기계도 어떻게 해야 할지 모르겠고요. 
#Person2#: 아, 여기를 누르시면 돼요. 
#Person1#: 아, 네. 여기서부터는 1달러 50센트군요. 
#Person1#: 알겠습니다. 
#Person2#: 그다음에 4번 플랫폼에서 기차를 타세요. 
#Person1#: 네, 알겠습니다. 아, 이 시간대에 기차가 얼마나 자주 오나요? 
#Person2#: 보통 6분에 하나씩 와요. 
#Person1#: 알겠습니다. 기차는 어디에서 내려야 하나요? 
#Person2#: 여기서 세 정거장 지나서 State Street 역에서 내리세요. 
#Person1#: 알겠어요. 감사합니다. 
#Person2#: 천만에요. 잘 다녀오세요.",
test.csv,그다음,"#Person1#: 안녕, Fanny. 
#Person2#: 안녕, Andy. 
#Person1#: 오늘 아침 좀 피곤해 보이네. 괜찮아? 
#Person2#: 어젯밤에 잠을 많이 못 잤어. 기분이 별로야. 정말 어지러운 밤이었어. 
#Person1#: 무슨 일이 있었어? 
#Person2#: 악몽을 꿨어. 혼자서 묘지에서 걷고 있었는데, 갑자기 유령들이 무덤에서 튀어나오는 거야. 그들이 날 쫓아오면서 내 피를 원한다고 외쳤어. 
#Person1#: 와, 진짜 무섭다! 그다음엔 어떻게 됐어? 
#Person2#: 엄마가 날 깨웠어. 내가 도움을 요청하는 소리에 놀라서 오셨어. 
#Person1#: 좋은 엄마네. 
#Person2#: 좀 창피했어. 어쨌든, 내가 벌써 18살이잖아. 엄마가 초콜릿 쿠키랑 우유 한 잔을 주셨어. 
#Person1#: 그거 좋다! 
#Person2#: 응, 근데 다시 자기 무서웠어. 미시간 대학교에 들어가는 게 걱정이야. 
#Person1#: 나도 그래. 근데 나는 스스로에게 말하곤 해. 만약 거기서 날 받아주지 않으면, 다른 학교에서 받아줄 거야.",
test.csv,그다음,"#Person1#: 휴가 때 뭐 할지 정했어?
#Person2#: 응, 유럽 여행을 할 거야.
#Person1#: 와, 좋겠다! 어디 갈 거야?
#Person2#: 파리에서 시작할 거야. 그다음에 기차 타고 니스로 가고, 밀라노로 갈 예정이야.
#Person1#: 와, 진짜 좋겠다. 거기서 뭐 할 거야?
#Person2#: 박물관도 구경하려고 해.
#Person1#: 밀라노에서 돌아올 거야?
#Person2#: 아니, 영국으로 갈 예정이야.
#Person1#: 아, 영국에서는 어디 갈 계획이야?
#Person2#: 에든버러에 가서 페스티벌에 참석하려고 해.
#Person1#: 아, 맞아, 거기 아주 유명하지. 나한테 기념품 사다 줄 거지?
#Person2#: 걱정 마, 그건 이미 생각해뒀어!",
test.csv,이후에,"#Person1#: 좋아요, 컷. 다들 처음부터 다시 시작해 봅시다. 
#Person2#: 이번에 뭐가 문제였나요? 
#Person1#: 느낌이 완전히 잘못됐어요, Mike. 그녀가 이제 더 이상 너를 보고 싶지 않다고 말하는데, 나는 네가 좀 더 화난 느낌을 주길 원해요. 지금 네 연기는 상처받고 슬퍼 보이지만, 이 상황에서는 네 캐릭터가 그렇게 행동하지 않을 거예요. 
#Person2#: 하지만 Jason과 Laura는 3년 동안 함께 했잖아요. 그의 반응이 화와 슬픔이 동시에 나와야 한다고 생각하지 않나요? 
#Person1#: 지금은 아니에요. 대부분의 남자들이 반응할 법한 방식으로 그는 반응해야 한다고 생각하고, 이후에 그의 진짜 감정이 드러나겠죠. 
#Person2#: 음, 잘 모르겠어요. 
#Person1#: 내 방식대로 한번 해보고 대사를 할 때 어떤 느낌이 드는지 확인해 보세요. 그리고 나서도 여전히 안 맞는 것 같다면 다른 방법도 시도해 볼 수 있어요.",
test.csv,이후에,"#Person1#: 자, 여기 정보 좀 살펴볼게요. 당신이 회사에 6년 동안 있었네요. 
#Person2#: 맞아요. 
#Person1#: 6년 전과 같은 느낌이 드나요? 
#Person2#: 음, 그렇지는 않아요. 예전엔 더 열정적이었어요. 아마 나이가 들어서 그런 것 같아요. 
#Person1#: 글쎄요. 당신은 아직 28살인데. 그게 그렇게 나이가 많지는 않죠. 또 뭐가 달라졌나요? 
#Person2#: 지금은 더 오랜 시간을 일해요. 거의 매일 7시 이후에 집에 가지만, 예전보다 훨씬 더 많이 벌어요. 
#Person1#: 그렇군요. 회사에서는 새로운 기술 개발에 도움을 주나요? 
#Person2#: 어느 정도는요. 지난 몇 년 동안 관리 훈련 과정을 두 번이나 했기 때문에 이제는 승진할 준비가 된 것 같아요. 
#Person1#: 여행을 갈 기회는 많나요? 
#Person2#: 많지는 않아요. 하지만 솔직히 별로 신경 안 써요. 왜냐하면 어머니를 돌봐야 하니까요.",
test.csv,이 문,"#Person1#: 안녕하세요. 무엇을 도와드릴까요?
#Person2#: 저는 309호에 묵고 있고, 오늘 체크아웃 하려고 합니다. 지금 청구서를 받을 수 있을까요?
#Person1#: 물론입니다. 잠시만 기다려 주세요. 여기 있습니다.
#Person2#: 감사합니다. 잠깐만요... 이건 뭔가요? 30달러는 어디서 나온 건가요?
#Person1#: 죄송합니다. 11월 20일에 세탁 서비스 요금입니다.
#Person2#: 그런데 제가 여기 머무는 동안 세탁 서비스를 이용한 적이 없어요. 다른 사람의 요금이 추가된 것 같아요.
#Person1#: 음... 죄송합니다. 잠시만 기다려 주실래요? 관련 부서에 확인해보겠습니다.
#Person2#: 네. 이 문제만 해결된다면 괜찮습니다.
#Person1#: 정말 죄송합니다. 착오가 있었습니다. 청구서를 수정했습니다. 확인해 보세요.
#Person2#: 네, 여기요.
#Person1#: 안녕히 가세요.",
test.csv,이 문,"#Person1#: 이 컴퓨터에 무슨 문제가 있지?
#Person2#: 글쎄, 잘 모르겠는데 그냥 잘 안 돼. 켤 때마다 멈춰버려.
#Person1#: Mr. Li에게 조언을 구해봤어?
#Person2#: 응, 해봤는데 그도 문제를 해결 못하더라. 네가 도와줄 수 있어?
#Person1#: 나? 나는 컴퓨터 게임 하는 것 빼고는 아무것도 몰라.
#Person2#: 어떻게 하지? 오늘 오후까지 이 보고서를 끝내야 하는데...
#Person1#: 수리공에게 전화해보는 게 어때? 그들이 문제를 해결할 수 있을 거야.
#Person2#: 그래, 전화할게.",
test.csv,이 문,"#Person1#: 네, 무엇을 도와드릴까요?
#Person2#: 네, 제가 3일 전에 당신 가게에서 개인 스테레오를 샀는데, 말씀하신 것과 다르네요.
#Person1#: 아, 그렇군요. 무엇이 문제인가요?
#Person2#: 우선, 앞부분에 큰 스크래치가 있어요.
#Person1#: 하지만 사셨을 때 그걸 보셨어야 했잖아요.
#Person2#: 상자 안에 잘 포장되어 있었어요.
#Person1#: 음, 죄송합니다만, 물건을 사기 전에 확인하는 건 손님 책임이에요. 이 스크래치를 손님이 냈다는 걸 저희는 어떻게 알겠어요?
#Person2#: 말도 안 되는 소리네요. 하지만 그게 가장 중요한 건 아니에요. 다른 게 정말 마음에 안 들어요.
#Person1#: 또 어떤 문제가 있나요?
#Person2#: 여기 보세요. 다른 사람이 소음을 들을 수 없다고 써 있잖아요.
#Person1#: 맞아요, 그렇습니다.
#Person2#: 그런데 사람들이 소리를 듣고 있어요. 그래서 버스나 지하철에서 정말 창피해요.
#Person1#: 음, 아마도 이어폰을 착용하는 방법 때문일 거예요.
#Person2#: 제가 이어폰 끼는 방법은 잘 압니다. 고맙네요. 하지만 제가 알고 싶은 건, 당신이 이 문제에 대해 뭘 할 거냐는 겁니다.
#Person1#: 글쎄요, 정말 마음에 안 드신다면 다른 모델로 교환해 드릴 수도 있습니다.
#Person2#: 네, 당연히 마음에 안 들어요.
#Person1#: 그럼 영수증을 보여주시겠어요?
#Person2#: 아, 네. 영수증에 약간 문제가 있어요.",
test.csv,그 외,"#Person1#: 고마워, Steven. 정말 해외에서 먹어본 것 중 가장 훌륭한 식사였어. 다음에 베이징에 오면 내가 꼭 한턱 낼게. 
#Person2#: 신경 쓰지 마, Lin. 별거 아니야. 알잖아, 미국인들도 중국의 풍부한 음식 문화를 높이 평가해. 잠깐만, 여기 계산 좀 하고 웨이터한테 얼마나 줘야 할지 확인할게. 근데, 중국에서는 팁을 어떻게 해? 
#Person1#: 안 해. 
#Person2#: 팁 안 준다고? 그거야말로 내가 말하는 문명 시스템이네. 
#Person1#: 호텔이나 일부 레스토랑에서는 계산서에 서비스 요금을 추가하지만, 그 외에는 팁이 일반적이지 않아. 
#Person2#: 택시 기사나 포터는 어때? 
#Person1#: 택시는 미터기에 나온 금액만 지불해. 난 일반적으로 호텔 포터에게 짐당 10위안 정도 주지만, 일류 호텔에서는 팁을 받지 말라고 되어 있어. 
#Person2#: 그런 시스템을 여기 도입하려고 하면 혁명이 일어날걸.",
test.csv,그 외,"#Person1#: Jack, 너 달력 좀 확인해줄 수 있어? 
#Person2#: 물론, 무슨 일인데? 
#Person1#: 우리 주말에 캠핑 가려고 계획 중인데, 언제가 좋을지 다 같이 확인하려고 해. 
#Person2#: 잠깐만 보자... 다다음 주말이 괜찮아 보이네. 그 외엔 다 예약이 꽉 찼어.",
test.csv,그 외,"#Person1#: 안녕, Susan. 잠깐 시간 있어? 내 급여에 대해 궁금한 게 좀 있어서. 
#Person2#: 물론이지, Emily. 앉아서 얘기해. 
#Person1#: 음, 여기 미국에서 받은 첫 급여인데 이해가 안 가는 부분이 몇 가지 있어. 우선, FICA랑 SUI 세금이 뭐고, 왜 Medicare랑 건강 보험 계획 둘 다에서 공제가 되는 거야? 
#Person2#: 좋아, 급여 명세서의 맨 위부터 시작하자. 이 숫자는 네 총 급여를 나타내. 그다음에는 일련의 공제가 있어. 먼저 연방 공제부터 볼게. FICA는 Federal Insurance Contribution Act의 약자야. 이게 네 연방 소득세야. 그리고 사회보장세와 Medicare가 있는데, 이 두 개는 네가 은퇴하거나 일을 못 하게 됐을 때를 지원하기 위한 연방 프로그램이야. 
#Person1#: 아, 알겠어. 그러면 Medicare는 내가 지금 쓸 수 있는 건강 보험은 아니네. 
#Person2#: 맞아. 연방 공제 아래엔 주 공제가 있어. 주 소득세가 있고, 네가 물어본 SUI 세금은 주에서 설립한 실업 및 장애 기금에 기여하는 건데, 굉장히 적은 금액이 공제된다는 걸 알 수 있어. 
#Person1#: 그래, 그거에 1달러 50센트 내는 건 별로 상관없어. 그러니까 주 레벨이랑 연방 레벨, 이렇게 두 가지의 별도 소득세가 있는 거네? 
#Person2#: 맞아. 모든 주가 소득세가 있는 건 아니야. 어떤 주는 더 높은 재산세나 판매세를 사용하지. 
#Person1#: 알겠어. 그 외의 것들은 내가 스스로 해결할 수 있을 것 같아. 건강 보험이랑 내 401(k) 공제는 꽤 명확해. 도와줘서 고마워, Susan. 
#Person2#: 별말을 다해! 그런 공제들이 정말 쌓이고, 아무도 자신의 순 급여가 원하는 만큼 높지 않으니까. 설명이 필요하다니 이해돼. 
#Person1#: 그래, 영국도 똑같은 것 같아. 단지 내가 신경을 별로 안 썼던 것뿐이지. 나중에 봐!",
test.csv,그 정,"#Person1#: 안녕, Sarah. 괜찮아? 좀 안 좋아 보이네.
#Person2#: 사실 좀 속상해. 방금 회의에서 나왔는데 좀 잘 안 됐어.
#Person1#: 무슨 일이 있었는데?
#Person2#: 아무도 내 제안을 들어주지 않았어. 다들 자기들끼리 싸우기만 하더라고.
#Person1#: 회의 주재는 누가 했어?
#Person2#: Bob.
#Person1#: 내가 경험상 말하자면, Bob이 가끔 좀 강하게 나올 때가 있거든.
#Person2#: 딱 그랬어! 계속 자기 제안만 내놓으면서 남들이 말하는 건 듣질 않았어. 그러고 나서 다들 자기 의견에 동의하길 바랐지.
#Person1#: 회의 주제가 뭐였는데?
#Person2#: 사무실 워크플로우를 개선해서 좀 더 효율적으로 만드는 아이디어를 찾는 거였어.
#Person1#: 회의가 전혀 효율적이지 않았다는 게 아이러니하네.
#Person2#: 맞아. 정말 공유하고 싶은 아이디어가 많았는데, 제대로 말할 기회를 안 주더라. 어떻게 해야 내 의견을 잘 전달할 수 있을까?
#Person1#: 짧고 간결하게 해야 해. 말할 기회를 얻었을 때 불필요한 세부사항에 너무 얽매이지 않는 게 좋아.
#Person2#: 짧고 간결하게? 그런데 복잡한 설명이 필요할 땐 어떻게 해?
#Person1#: 회의 중에는 주요 포인트만 언급하고, 회의 후에 관련된 사람들과 이야기하면 돼. 모든 사람이 그 정보를 다 알 필요는 없어.
#Person2#: 좋은 생각이야. 다음 회의 때 그렇게 해볼게.",
test.csv,그 정,"#Person1#: 아빠, 오늘 용돈 주는 날이에요. 용돈 좀 주세요. 
#Person2#: 아, 깜빡했네. 
#Person1#: 아빠는 항상 깜빡하잖아요. 
#Person2#: 그런가 봐. 얼마 주면 되지? 
#Person1#: 그냥 13달러요. 
#Person2#: 13달러라고!? 왜 그렇게 많이 줘야 하지? 며칠 전에 준 것 같은데. 
#Person1#: 아니에요. 아빠는 매주 토요일마다 잊어버리셔서 계속 쌓였어요. 
#Person2#: 음, 그 정도로 현금이 있나 모르겠다. 
#Person1#: 은행 가세요. 돈 많잖아요. 
#Person2#: 돈이 많다고? 음, 근데 은행이 닫혔을걸. 
#Person1#: 그럼, 침대 밑에 있는 비밀 돈통은 어때요? 
#Person2#: 아, 그거 사용할 수도 있겠네. 그럼 이 돈으로 뭐 할 거야? 
#Person1#: 저축 조금 하고, 가난한 사람들한테도 주고, 나머지는 책을 살 거예요. 
#Person2#: 음, 그거 아주 좋은 계획이네, Joshua.",
test.csv,그 정,"#Person1#: 정말 최악이야! 내 휴대폰이 또 안 터지네. Fred, 나 돈 좀 빌려줄 수 있어? 
#Person2#: 얼마나 필요해? 
#Person1#: 200위안이야. 새 컴퓨터를 온라인으로 사서 대출금을 갚아야 해.
#Person2#: 정말 안됐구나. 그 정도면 충분해? 
#Person1#: 네가 정말 좋다. 덕분에 기분이 좋네. 
#Person2#: 신경 쓰지 마! 우리 조금씩 돈을 모아야 할 것 같아. 
#Person1#: 네 말이 맞아. 나중에 돈 생기면 꼭 갚을게. 
#Person2#: 급하게 안 해도 돼. 가지고 있을 때 천천히 갚아.",
test.csv,이 공,"#Person1#: 이 올림픽 공원 정말 크다! 
#Person2#: 맞아. 지금 우리는 이 공원의 중심인 올림픽 스타디움에 있어. 
#Person1#: 멋지다! 언제 완공될까? 
#Person2#: 전체 스타디움은 이번 6월에 완공될 예정이야. 
#Person1#: 좌석이 얼마나 되지? 
#Person2#: 음, 총 5000석이 있어. 
#Person1#: 이렇게 클 줄은 몰랐어! 
#Person2#: 그치? 저기 봐, 저게 육상 트랙이야. 그리고 저쪽이 점프 구간이야. 
#Person1#: 아... 알겠어. 이봐, 여기 표지판에 봐, 등산 금지라고 하네. 
#Person2#: 외국인 방문객들을 위해 영어 번역된 표지판도 많이 붙였어.",
test.csv,이 공,"#Person1#: Maggie, 역사 노트 좀 빌릴 수 있어? 내일 바로 돌려줄게. 
#Person2#: 미안, 난 보통 카페테리아에서 노트 봐. 도서관에서 복사하면 어때?
#Person1#: 알겠어. 
#Person2#: 여기 있어. 
#Person1#: 정말 고마워, Maggie. 
#Person2#: 근데 Mark, 너 수업 안 빠진 것 같은데 왜 내 노트가 필요해? 
#Person1#: 사실, 저녁 7시부터 10시까지 슈퍼마켓에서 일해. 
#Person2#: 아, 그렇구나. 그래서 수업 때 피곤하겠네. 
#Person1#: 맞아, 그래서 네 노트가 필요해. 내 노트가 별로 안 좋아. 
#Person2#: 그럼 수업 시간에 뭐 해? 
#Person1#: 처음엔 괜찮다가, 30분 지나면 졸려서 눈 뜨기 힘들어. 
#Person2#: 음, 난 같이 공부할 사람이 필요하고 너는 깨어 있을 사람이 필요하니, 우리 스터디 파트너 할까? 
#Person1#: 오, 물론이지. 좋은 생각이야. 수업 중에 졸리면 툭툭 쳐줘. 
#Person2#: 좋아. 오늘 도서관에서 시작하자. 어차피 거기 가야 하고, 카페테리아 안 가도 돼. 
#Person1#: 좋아.",
test.csv,이 공,"#Person1#: 공장이 얼마나 큰가요?
#Person2#: 75,000 평방미터의 면적을 차지하고 있습니다.
#Person1#: 제가 예상한 것보다 훨씬 크네요. 언제 설립되었나요?
#Person2#: 70년대 초기에요. 곧 50주년을 맞이할 예정입니다.
#Person1#: 축하드려요!
#Person2#: 감사합니다.
#Person1#: 이 공장에 직원이 몇 명인가요?
#Person2#: 500명이요. 우리는 세 교대로 운영하고 있습니다.
#Person1#: 여기서는 원재료부터 완제품까지 다 처리하나요?
#Person2#: 네, 이 분야에 전문적인 동료들이 액세서리를 만들고 있어요. 자, 이제 생산 현장에 도착했습니다. 조립 라인부터 시작할까요?
#Person1#: 좋아요.",
test.csv,그 둘,"#Person1#: 아빠, 뉴질랜드에 있는 가족 얘기 계속하시는데, 그분들 누구예요? 
#Person2#: 음, 그건 네 삼촌 Bill, 그의 아내와 딸 둘이야. 
#Person1#: Bill 삼촌이 아빠 형이에요? 
#Person2#: 아니, 네 삼촌 Jack이 내 형이지, Bill은 네 외삼촌이야, 네 엄마의 오빠. 
#Person1#: 그러면 그 두 딸이 내 사촌이야? 
#Person2#: 맞아, Sarah랑 Jane 둘 다 네 사촌인데, 그 둘은 의붓자매야. 
#Person1#: 의붓자매가 뭐야? 
#Person2#: Sarah는 네 외삼촌 Bill의 큰딸이야. 어렸을 때, Bill의 첫 부인, Sarah의 엄마가 돌아가셨지. 삼 년 후 Bill이 재혼을 했어. 
#Person1#: 그러니까 Bill 삼촌의 아내가 Jane의 엄마인데 Sarah의 엄마는 아니야. 맞지? 
#Person2#: 맞아. 그녀는 Sarah의 계모야. 
#Person1#: 그리고 그분들은 언제 우리 집에 방문하셔? 
#Person2#: 그들은 내년에 유럽 여행을 하고, 그때 우리한테도 올 계획이야.",
test.csv,이 그,"#Person1#: 인터뷰 준비를 위한 워크숍이 맞나요?
#Person2#: 네, 여기는 인터뷰 수업이에요. 수업에 오신 걸 환영해요.
#Person1#: 다음 주 인터뷰를 준비하기 위해 이 워크숍에 참가하게 되어 정말 기대돼요.
#Person2#: 우리 모두 인터뷰에 도움이 될 것들을 배우고 있어요. 인터뷰에 들어가기 전 중요한 고려사항들이 어떤 것들이 있을까요?
#Person1#: 깔끔하고 적절하게 옷을 입는 게 중요하다고 생각해요.
#Person2#: 맞아요. 그리고 두 번째로, 태도와 친절함도 매우 중요하답니다.
#Person1#: 네, 그리고 친절할 때 항상 훨씬 기분이 좋아져요.
#Person2#: 믿기 어렵겠지만, 면접관들은 당신의 대답만큼이나 질문에도 관심이 많아요.
#Person1#: 인터뷰에서 더 해야 할 것들이 있을까요?
#Person2#: 항상 정직하게 대답하세요. 면접관들은 당신이 그들에게 맞는 사람인지 정말 알고 싶어해요.",
test.csv,이 그,"#Person1#: 이 파티 정말 끝내준다! 
#Person2#: 맞아. 맥주도 좋고, 음악도 좋고, 게다가 여기에 매력적인 여자들이 정말 많아!
#Person1#: 나도 동감이야. 저쪽에 있는 저 여자 좀 봐. 나 사랑에 빠진 것 같아!
#Person2#: 음, 괜찮긴 한데, 내 스타일은 아니야. 빨간 드레스 입은 금발 여자 어때?
#Person1#: 아, 저 사람은 Janice야. 막 이사 왔어. 너 금발 여자한테 끌리나 보네?
#Person2#: 응, 맞아! 그녀가 뭐든지 하라고 해도 할 것 같아!
#Person1#: 그렇겠지. 가서 말 걸어보지 그래? 진짜 착한 애야.
#Person2#: 안 될 것 같아. 여자한테 말 걸 때마다 긴장돼서 망쳐버리고, 결국 바보처럼 보인단 말이야. 게다가 저 여자는 나한테 과분해.
#Person1#: 야, 용기를 내봐! 해보지 않으면 모르는 거잖아.
#Person2#: 알겠어, 알겠어. 한 잔만 더 마시고 해볼게.
#Person1#: 좋아. 근데 빨리 움직이는 게 좋을걸.
#Person2#: 왜?
#Person1#: 다른 남자 다섯 명이 그녀를 쳐다보고 있어.
#Person2#: 알겠어, 간다!
#Person1#: 행운을 빌어!",
test.csv,이 그,"#Person1#: 너 어제 Mirella가 출근한 거 봤어? Silicon Valley에서 회의 갔다 온 이후로, 계속 청바지에 스웨트셔츠 입고 출근하더라. 자기 사무실을 자기 집이라고 생각하는 것 같아. 관리팀이 언제까지 가만히 있을지는 모르겠어.
#Person2#: 그녀가 서부 해안 스타일에 영향을 많이 받은 것 같아. 캘리포니아에서는 작업 환경이 훨씬 더 편하고 캐주얼하다고 하더라고. IT 산업의 영향인 것 같아. 집과 회사 사이의 경계가 크지 않아서, 사람들은 더 편한 옷을 입고 일하고 싶어 하는 거지.
#Person1#: 그럴 수도 있겠지만, 우리처럼 모두 하얀 셔츠에 짙은 색 양복과 넥타이를 매고 있는 사람들 옆에 있으니까 좀 이상하긴 해.
#Person2#: 그렇게 나쁘지 않아... 우리는 더 캐주얼한 재킷과 바지도 허락하잖아. 게다가, Mirella가 오늘 아침 책상에서 뭘 발견했는지 못 들었어?
#Person1#: 그게 뭐야?
#Person2#: 관리팀에서 새 하얀 드레스 네 벌을 줬어. 그게 그녀의 새로운 캐주얼한 스타일이 그다지 수용 가능하지 않다는 것을 전하는 방법이라고 하더라.",
test.csv,이 줄,"#Person1#: 점심 먹으러 버거 퀸에 가자. 그곳 치즈버거가 맛있어. 
#Person2#: 좋아. 나도 배고파. 거기 밀크셰이크도 좋아해. 정말 부드럽고 맛있잖아. 
#Person1#: 저 긴 줄 좀 봐, 치즈버거 하나 먹으려고 항상 사람들이 줄을 서 있네. 정말 맛있나 봐. 
#Person2#: 응. 하지만, 이 말은 우리가 음식 주문하려면 기다려야 한다는 거지. 
#Person1#: 아, 기다릴 만한 가치가 있어. 그곳 치즈버거 정말 인기 많아. 한 번 먹어보면 반할 걸. 
#Person2#: 음, 진짜 매력적이네. 저번에 거기 바닐라 밀크셰이크 먹어봤는데 진짜 맛있었어. 
#Person1#: 맞아, 거기 감자튀김도 좋아. 아주 두껍지는 않지만 바삭바삭해. 마요네즈 소스랑 먹어봐. 벨기에 스타일이야. 너도 좋아할 거야. 
#Person2#: 좋아, 이제 점심 뭐 먹을지 알겠어. 그런데 너무 튀긴 음식을 많이 먹으면 정말 살찔 거야. 
#Person1#: 아, 가끔 한 번 먹는 거잖아, 매일 먹는 것도 아니고. 별로 안 해로워. 
#Person2#: 맞아. 지금 내 배에서 꼬르륵 소리 들리지? 정말 배고프다! 
#Person1#: 인내심 좀 가져. 좋은 음식은 빨리 오지 않아. 
#Person2#: 알았어!",
test.csv,이웃들,"#Person1#: 여보세요. 세입자 권리 옹호 센터입니다. 
#Person2#: 여보세요. 저는 집주인과 문제가 있어요. 집주인은 좋은 사람인데, 수리 비용 문제로 합의가 잘 안 돼요.
#Person1#: 수리를 하려고 하지 않는 건가요?
#Person2#: 안 하려는 건 아니고, 그냥 너무 오래 걸려요. 처음 이사 왔을 때 히터가 고장 났었는데 고치는 데 3개월이나 걸렸어요. 그리고 지난달에 제 서른 번째 생일이었어요. 친구들이 깜짝 파티를 열어줬는데, 음식도 아주 많고 맥주도 많이 들고 왔죠, 심지어 밴드까지 불러왔어요. 파티가 밤새도록 계속됐죠.
#Person1#: 그래서 이웃들이 소음 때문에 불만을 제기했군요.
#Person2#: 아니요, 건물에 있는 모든 사람들이 다 왔어요. 정말 멋진 파티였어요. 불행하게도, 몇몇 사람들이 거실 창문을 실수로 깨뜨렸어요. 다음 날, 수리공을 불러 창문을 고치고, 이미 온 김에 2개월 넘게 집주인에게 불만을 제기하던 고장 난 세탁기도 고쳤죠. 그리고 지난주에 집세 보냈는데, 수리 비용은 포함하지 않았어요. 그런데 오늘 아침에 집주인이 화가 나서 전화를 걸어 수리 비용은 절대 지불하지 않겠다고 했어요. 공평하지 않죠. 어떻게 해야 할까요?",
test.csv,이 정,"#Person1#: Ms. Dawson, 받아쓰기 좀 부탁드려야겠어요. 
#Person2#: 네, 말씀하세요... 
#Person1#: 이걸 오늘 오후까지 모든 직원들에게 사내 메모로 보내야 해요. 준비됐나요? 
#Person2#: 네, 말씀하세요. 
#Person1#: 모든 직원에게 알립니다... 즉시 발효되어 모든 사내 통신은 이메일과 공식 메모로만 제한됩니다. 근무 시간 동안 즉시 메시지 프로그램 사용은 금지됩니다. 
#Person2#: 이 정책이 사내 통신에만 적용되나요, 아니면 외부 통신에도 해당되나요? 
#Person1#: 이는 모든 통신에 적용됩니다. 사무실 내 직원 간 통신 뿐만 아니라 외부 통신도 해당됩니다. 
#Person2#: 하지만 많은 직원들이 고객과 소통하려고 즉시 메시지를 사용합니다. 
#Person1#: 통신 방법을 바꿔야 할 것입니다. 이 사무실에서는 즉시 메시지를 사용하는 것을 원하지 않습니다. 너무 많은 시간이 낭비됩니다! 이제 계속해서 메모를 작성해 주세요. 어디까지 했죠? 
#Person2#: 내외부 통신에 적용됩니다. 
#Person1#: 네. 즉시 메시지를 계속 사용하면 경고 후 시정 조치가 이루어지며, 두 번째 위반 시 해고될 수 있습니다. 이번 정책에 관한 질문은 부서장에게 문의하세요. 
#Person2#: 그게 다인가요? 
#Person1#: 네. 오늘 오후 4시까지 이 메모를 작성하고 배포해주세요.",
test.csv,이 정,"#Person1#: Kate, 여기서 일어난 일을 믿기 힘들 거야.
#Person2#: 무슨 일이야?
#Person1#: Masha랑 Hero가 이혼한대.
#Person2#: 설마, 무슨 일 있었던 거야?
#Person1#: 글쎄, 자세히는 모르겠는데 두 달 동안 별거 중이더니 결국 이혼 신청을 했대.
#Person2#: 정말 놀랍네. 난 둘이 정말 잘 어울리는 커플이라 생각했어. 아이들은 어떻게 되는 거야? 누가 양육권을 가지지?
#Person1#: Masha가 양육권을 가지기로 했대. 모든 게 조용하고 원만하게 진행되고 있고, 집이나 주식 문제는 깔끔하게 해결됐다고 하더라.
#Person2#: 보통 듣는 사건들이랑 달리 잘 진행되네. 그래도 믿기지가 않네, Masha랑 Hero, 완벽한 커플이었는데. 언제쯤 이혼이 확정될까?
#Person1#: 아마도 새해 초쯤이겠지.",
test.csv,이 정,"#Person1#: 그건 너도 잘못한 거지. 그런 사람을 들여보내면 안 됐어, 그 사람이 정말 오기로 되어 있다거나 네가 기다리고 있는 사람이 아니라면 말이야.
#Person2#: 그렇게 말하는 건 쉽지. 하지만 누군가가 문을 두드리며 '전기'나 '가스'라고 하면 그냥 괜찮다고 생각하게 돼. 특히 신분증까지 보여주면 말이야.",
test.csv,이 말,"#Person1#: 야, Rocky! 너 밤새 앉아만 있네. 저쪽 여자처럼 가서 누군가랑 춤 좀 춰봐.
#Person2#: 아, 나는 괜찮아. 저 여자 지식인 타입 같아 보여서.
#Person1#: 에이, 남자답게 굴어봐. 어떤 여자가 좋냐?
#Person2#: 난 다정하고 내 모든 필요를 채워주는 여자가 좋아. 근데 저쪽 여자는 그런 타입이 아니야.
#Person1#: 야, 세상이 변했어. 항상 구두를 닦아주고 뒤치다꺼리 해줄 여자는 절대 못 찾을 거야. 정신 차려.
#Person2#: 정말? 그런 여자를 많이 만나지만 이 파티에는 없어. 아, 그리고 집에서 요리하고, 청소하고, 아이들 보는 여자를 좋아해.
#Person1#: 알겠어, 근데 직장에서 돌아오면 네가 하는 집안일은 뭐야?
#Person2#: 음, 먹고, TV 보고, 쓰레기 버리는 거?
#Person1#: 잠깐, 잠깐, 잠깐. 이 말을 믿을 수가 없네. 사실, 넌 절대 결혼 못 할걸. 최근에 읽은 뉴스에 따르면, 40%의 여자들이 남편이 집안일을 공평하게 분배하지 않는다고 생각해. 넌 그 경우인 것 같아.
#Person2#: 그래, 그게 나야. 근데 네가 생각하는 완벽한 여자는 뭐야?
#Person1#: 음, 난 외향적이고 다정하고 사람 차별하지 않는 여자가 좋아. 그리고 자기중심적인 사람은 싫어... 아는 누구처럼.
#Person2#: 네 말치고는 괜찮네. 근데 난 생각을 안 바꿔. TV 저녁 식사와 내 개 Rusty한테 돌아가야겠어.
#Person1#: 야, 너랑 있으면 긴 외로운 밤이 되겠네. Rusty한테 안부 전해줘.",
test.csv,이 말,"#Person1#: 호주에 가본 적 있어요?
#Person2#: 아니요, 없어요.
#Person1#: 거기 가보고 싶어요?
#Person2#: 네, 정말 가보고 싶어요. 그레이트 배리어 리프를 꼭 보고 싶어요. 제 친구들이 말하길 거기 물고기들이 정말 대단하다고 하더라고요.",
test.csv,이 말,"#Person1#: 안녕, Sarah. 괜찮아? 좀 안 좋아 보이네.
#Person2#: 사실 좀 속상해. 방금 회의에서 나왔는데 좀 잘 안 됐어.
#Person1#: 무슨 일이 있었는데?
#Person2#: 아무도 내 제안을 들어주지 않았어. 다들 자기들끼리 싸우기만 하더라고.
#Person1#: 회의 주재는 누가 했어?
#Person2#: Bob.
#Person1#: 내가 경험상 말하자면, Bob이 가끔 좀 강하게 나올 때가 있거든.
#Person2#: 딱 그랬어! 계속 자기 제안만 내놓으면서 남들이 말하는 건 듣질 않았어. 그러고 나서 다들 자기 의견에 동의하길 바랐지.
#Person1#: 회의 주제가 뭐였는데?
#Person2#: 사무실 워크플로우를 개선해서 좀 더 효율적으로 만드는 아이디어를 찾는 거였어.
#Person1#: 회의가 전혀 효율적이지 않았다는 게 아이러니하네.
#Person2#: 맞아. 정말 공유하고 싶은 아이디어가 많았는데, 제대로 말할 기회를 안 주더라. 어떻게 해야 내 의견을 잘 전달할 수 있을까?
#Person1#: 짧고 간결하게 해야 해. 말할 기회를 얻었을 때 불필요한 세부사항에 너무 얽매이지 않는 게 좋아.
#Person2#: 짧고 간결하게? 그런데 복잡한 설명이 필요할 땐 어떻게 해?
#Person1#: 회의 중에는 주요 포인트만 언급하고, 회의 후에 관련된 사람들과 이야기하면 돼. 모든 사람이 그 정보를 다 알 필요는 없어.
#Person2#: 좋은 생각이야. 다음 회의 때 그렇게 해볼게.",
test.csv,그 분,"#Person1#: 작년 판매 실적 정보 봤어? 지난 이사회 회의 때 판매 검토가 있었거든. 주주들한테 좋은 소식이 있어. 
#Person2#: 응, 오늘 아침에 수치들 봤어. 드디어 돈 벌기 시작했어! 
#Person1#: 이렇게 많이 팔아본 적이 없었어, 이번 해 성장이 정말 대단해. 시장 점유율이 8%로 올랐고, 작년보다 120% 증가했어. 우리의 전략이 효과를 보고 있어! 
#Person2#: 연간 판매 기록을 갱신했을 뿐 아니라, 매달 수입도 예측을 초과했어. 2년 동안의 침체 후에, 드디어 흑자로 돌아섰어. 
#Person1#: Wallace가 사장이 된 이후로 회사 성과가 좋아졌어. 우리 작은 사업체를 진짜 수익성 있는 작업으로 만들었어. 제품이 불티나게 팔리고 있어. 
#Person2#: 우리 성공은 Wallace의 기여 덕분이기도 하고, 새로운 마케팅 전략 덕분이기도 한 것 같아. 새로운 광고 캠페인 덕분에 우리는 그 분야에서 최고 판매자가 되었어. 
#Person1#: 이 행운이 오래 가기를 바라자. 재정적 어려움이 영원히 끝나기를 희망해. 
#Person2#: 그렇길 바라자!",
test.csv,그게,"#Person1#: Ms. Dawson, 받아쓰기 좀 부탁드려야겠어요. 
#Person2#: 네, 말씀하세요... 
#Person1#: 이걸 오늘 오후까지 모든 직원들에게 사내 메모로 보내야 해요. 준비됐나요? 
#Person2#: 네, 말씀하세요. 
#Person1#: 모든 직원에게 알립니다... 즉시 발효되어 모든 사내 통신은 이메일과 공식 메모로만 제한됩니다. 근무 시간 동안 즉시 메시지 프로그램 사용은 금지됩니다. 
#Person2#: 이 정책이 사내 통신에만 적용되나요, 아니면 외부 통신에도 해당되나요? 
#Person1#: 이는 모든 통신에 적용됩니다. 사무실 내 직원 간 통신 뿐만 아니라 외부 통신도 해당됩니다. 
#Person2#: 하지만 많은 직원들이 고객과 소통하려고 즉시 메시지를 사용합니다. 
#Person1#: 통신 방법을 바꿔야 할 것입니다. 이 사무실에서는 즉시 메시지를 사용하는 것을 원하지 않습니다. 너무 많은 시간이 낭비됩니다! 이제 계속해서 메모를 작성해 주세요. 어디까지 했죠? 
#Person2#: 내외부 통신에 적용됩니다. 
#Person1#: 네. 즉시 메시지를 계속 사용하면 경고 후 시정 조치가 이루어지며, 두 번째 위반 시 해고될 수 있습니다. 이번 정책에 관한 질문은 부서장에게 문의하세요. 
#Person2#: 그게 다인가요? 
#Person1#: 네. 오늘 오후 4시까지 이 메모를 작성하고 배포해주세요.",
test.csv,그게,"#Person1#: 정말 이제 끝났어! 아무데도 못 데려가는 회사에서 일하는 건 그만두려고 해!
#Person2#: 그래서 어떻게 할 건데? 그냥 그만둘 거야?
#Person1#: 맞아, 그게 바로 내가 할 일이야! 내 회사를 차리기로 했어. 사업 계획서를 작성하고 투자자를 모아서 내 사업을 시작할 거야.
#Person2#: 사업 계획서를 작성해본 적 있어?
#Person1#: 음, 아니, 그렇게 어렵진 않을 것 같은데. 그냥 사업을 설명하고 어떻게 할 건지만 쓰면 되는 거 아냐?
#Person2#: 그게 아니야. 잘 쓴 사업 계획서는 사업 아이디어를 두 페이지 이내로 요약한 부분이 포함되어야 해. 그리고 회사의 법적 구조나 역사 같은 정보를 제시해야 해.
#Person1#: 음, 그건 충분히 쉬울 것 같은데.
#Person2#: 잠깐, 아직 더 있어! 그리고 나서 상품이나 서비스를 소개하고 설명해야 해. 경쟁자와 어떻게 다른지 설명해야 하고, 제일 어려운 부분은 시장 분석이야. 수백 가지 변수를 연구하고 분석해야 해! 1인당 GDP부터 인구가 가진 평균 자녀 수까지 사회경제적 요인도 고려해야 해! 이 모든 정보는 너의 전략과 실행 계획에서 아이디어를 어떻게 실현할지 설명할 수 있게 해줘.
#Person1#: 와우. 그게 다야?
#Person2#: 거의 다 왔어. 투자자들에게 가장 중요한 정보는 금융 분석이야. 여기서 매출, 현금 흐름, 이익을 추정해야 해. 결국 사람들은 언제부터 투자 수익을 볼 수 있을지 알고 싶어할 테니까!
#Person1#: 음, 그냥 예전 일 하면서 사업 시작의 번거로움을 피하는 게 나을 것 같아.",
test.csv,그게,"#Person1#: 프랭크, 새 직장에 다닌다며. 
#Person2#: 응, 주디. 우체국에서 일하게 됐어. 괜찮은 직장이야. 
#Person1#: 근데 업무 일정이 빡빡하다면서? 
#Person2#: 맞아. 매일 아침 5시에 출근해야 하고, 점심시간도 45분뿐이야. 
#Person1#: 그럼 왜 그렇게 힘든 직장에 지원한 거야? 
#Person2#: 정부에서 직원들에게 좋은 건강보험 혜택을 제공하거든. 
#Person1#: 아, 그렇구나. 가족들도 그 건강보험을 사용할 수 있어? 
#Person2#: 응, 그게 제일 좋은 점이야. 아이들도 무료로 의료 서비스를 받을 수 있어. 
#Person1#: 정말 좋은 직장 혜택이네! 
#Person2#: 이제 내가 왜 우체국에서 일하고 싶었는지 알겠지!",
test.csv,그런,"#Person1#: 안녕하세요. 무엇을 도와드릴까요?
#Person2#: 저는 309호에 묵고 있고, 오늘 체크아웃 하려고 합니다. 지금 청구서를 받을 수 있을까요?
#Person1#: 물론입니다. 잠시만 기다려 주세요. 여기 있습니다.
#Person2#: 감사합니다. 잠깐만요... 이건 뭔가요? 30달러는 어디서 나온 건가요?
#Person1#: 죄송합니다. 11월 20일에 세탁 서비스 요금입니다.
#Person2#: 그런데 제가 여기 머무는 동안 세탁 서비스를 이용한 적이 없어요. 다른 사람의 요금이 추가된 것 같아요.
#Person1#: 음... 죄송합니다. 잠시만 기다려 주실래요? 관련 부서에 확인해보겠습니다.
#Person2#: 네. 이 문제만 해결된다면 괜찮습니다.
#Person1#: 정말 죄송합니다. 착오가 있었습니다. 청구서를 수정했습니다. 확인해 보세요.
#Person2#: 네, 여기요.
#Person1#: 안녕히 가세요.",
test.csv,그런,"#Person1#: 오늘 밤 파티에 갈래?
#Person2#: 누구 파티?
#Person1#: Ruojia의 파티야. 몰랐어? Ruojia가 결혼했어.
#Person2#: 뭐라고! 진짜야? 믿을 수 없어!
#Person1#: 응. 어제 했어.
#Person2#: 세상에. 정말 놀랍다! 너무 기뻐!
#Person1#: 나도 그래.
#Person2#: 그런데 어떻게 알았어?
#Person1#: 나는 그녀의 트위터에서 그 소식을 봤어. 그녀가 이메일도 보냈어.
#Person2#: 뭐? 나는 못 받았는데!
#Person1#: 이메일 확인해보는 게 좋을걸.
#Person2#: 아, 맞아, 찾았어. 오늘 밤 그녀의 집에서 하는구나. 뭐 가져갈 거야?
#Person1#: 응, 와인잔 한 쌍이랑 결혼 축하 카드 가져갈 거야.
#Person2#: 나는 다기 세트를 살 거야.",
test.csv,그런,"#Person1#: 마이크, 네 여동생은 어떻게 생겼어?
#Person2#: 음, 키도 크고 예뻐.
#Person1#: 너랑 닮았어?
#Person2#: 그런 것 같아. 우리 가족은 다들 친절하고 성격이 좋아.
#Person1#: 네만큼 똑똑해?
#Person2#: 아니, 나처럼 똑똑하진 않아.
#Person1#: 으이구, 자만하긴!",
test.csv,그거,"#Person1#: 벌써 지루한 거야? 
#Person2#: 응, 사실 좀 그래. 
#Person1#: 우리 이제 막 도착했어. 그러면 네가 알아서 재미를 찾아봐야 할 텐데. 
#Person2#: 뭐 할 수 있는데? 지루한 사람들이 지루한 연설만 하고 있잖아. 
#Person1#: 아쉽네. 나는 여기 있어야 해서, 너도 그렇게 해야 해. 좀 지루하더라도 나한텐 여기 있는 게 중요하거든. 잘 듣고 노트도 적고 나중에 몇 분 인터뷰도 해야 해. 나는 데일리 뉴스에서 일하잖아. 아무것도 읽을 거 안 가져왔어? 
#Person2#: 아이팟하고 헤드폰 챙겼어. 음악 좀 들어도 괜찮을까? 
#Person1#: 그건 예의가 아닐걸. 내 가방에 옛날 신문 몇 개 있을지도 몰라. 그거 읽어볼래? 거기 퍼즐 같은 게임 섹션도 있어. 그거면 좀 바쁘게 지낼 수 있을 거야. 
#Person2#: 퍼즐 싫어해. 신문에 만화 섹션도 있어? 
#Person1#: 아마 있을 거야. 이제 조용히 해줘! 다른 사람이 올라서 말하고 있어. 이분 말은 정말 잘 들어야 해. 자선 단체의 수장이거든.",
test.csv,그거,"#Person1#: John이 일주일에 일곱 번 그녀와 데이트를 한다네요. 
#Person2#: 진짜요? 그거 진짜 심상치 않네요. 
#Person1#: 저도 그렇게 생각해요. 아마 그가 그녀에게 빠진 것 같아요. 
#Person2#: 맞아요. 둘이 잘 어울리는 것 같아요. 정말 잘 어울리는 커플이에요.",
test.csv,그거,"#Person1#: 시스템 업그레이드를 고려해본 적 있어요?
#Person2#: 네, 하지만 정확히 무엇이 필요한지 잘 모르겠어요.
#Person1#: 소프트웨어에 그림 그리기 프로그램을 추가하는 것을 고려해보세요. 그러면 광고용 전단지와 배너를 직접 만들 수 있을 거예요.
#Person2#: 그거 정말 좋네요.
#Person1#: 하드웨어도 좀 업그레이드해야 할 것 같아요. 지금 꽤 오래됐거든요.
#Person2#: 그걸 어떻게 할 수 있죠?
#Person1#: 우선 빠른 프로세서가 필요할 거예요. 그리고 더 강력한 하드 디스크, 더 많은 메모리와 더 빠른 모뎀도 필요하죠. CD-ROM 드라이브는 가지고 있나요?
#Person2#: 아니요.
#Person1#: 그럼 CD-ROM 드라이브도 추가해야 할 것 같아요. 대부분의 새로운 소프트웨어가 CD로 나오고 있거든요.
#Person2#: 그거 정말 좋네요. 감사합니다.",
test.csv,그건,"#Person1#: 정말 이제 끝났어! 아무데도 못 데려가는 회사에서 일하는 건 그만두려고 해!
#Person2#: 그래서 어떻게 할 건데? 그냥 그만둘 거야?
#Person1#: 맞아, 그게 바로 내가 할 일이야! 내 회사를 차리기로 했어. 사업 계획서를 작성하고 투자자를 모아서 내 사업을 시작할 거야.
#Person2#: 사업 계획서를 작성해본 적 있어?
#Person1#: 음, 아니, 그렇게 어렵진 않을 것 같은데. 그냥 사업을 설명하고 어떻게 할 건지만 쓰면 되는 거 아냐?
#Person2#: 그게 아니야. 잘 쓴 사업 계획서는 사업 아이디어를 두 페이지 이내로 요약한 부분이 포함되어야 해. 그리고 회사의 법적 구조나 역사 같은 정보를 제시해야 해.
#Person1#: 음, 그건 충분히 쉬울 것 같은데.
#Person2#: 잠깐, 아직 더 있어! 그리고 나서 상품이나 서비스를 소개하고 설명해야 해. 경쟁자와 어떻게 다른지 설명해야 하고, 제일 어려운 부분은 시장 분석이야. 수백 가지 변수를 연구하고 분석해야 해! 1인당 GDP부터 인구가 가진 평균 자녀 수까지 사회경제적 요인도 고려해야 해! 이 모든 정보는 너의 전략과 실행 계획에서 아이디어를 어떻게 실현할지 설명할 수 있게 해줘.
#Person1#: 와우. 그게 다야?
#Person2#: 거의 다 왔어. 투자자들에게 가장 중요한 정보는 금융 분석이야. 여기서 매출, 현금 흐름, 이익을 추정해야 해. 결국 사람들은 언제부터 투자 수익을 볼 수 있을지 알고 싶어할 테니까!
#Person1#: 음, 그냥 예전 일 하면서 사업 시작의 번거로움을 피하는 게 나을 것 같아.",
test.csv,그건,"#Person1#: 안녕하세요, 프랜시스예요. 
#Person2#: 안녕하세요, 저는 모니카예요. 이 재무 보고서를 언제 작업할 수 있는지 궁금해요. 
#Person1#: 오늘 하루 종일 바빠요. 
#Person2#: 금요일 오전에 뵐까요? 
#Person1#: 그건 안 될 것 같아요. 다른 시간으로 해야겠어요. 
#Person2#: 보고서를 검토할 시간을 꼭 찾아야 해요. 
#Person1#: 알아요. 금요일 오후 1시부터 4시까지 가능해요. 
#Person2#: 좋아요. 그럼 금요일 오후에 봬요. 
#Person1#: 그때 봐요.",
test.csv,그건,"#Person1#: 그건 너도 잘못한 거지. 그런 사람을 들여보내면 안 됐어, 그 사람이 정말 오기로 되어 있다거나 네가 기다리고 있는 사람이 아니라면 말이야.
#Person2#: 그렇게 말하는 건 쉽지. 하지만 누군가가 문을 두드리며 '전기'나 '가스'라고 하면 그냥 괜찮다고 생각하게 돼. 특히 신분증까지 보여주면 말이야.",
test.csv,그녀,"#Person1#: 스티븐, 나 정말로 네 도움이 필요해.
#Person2#: 무슨 일이야?
#Person1#: 아내가 내 비서와 바람피운 걸 알아버렸어. 이제 나랑 이혼하겠대.
#Person2#: 어떻게 아내를 속일 수가 있어? 너희 결혼한 지 벌써 10년이잖아.
#Person1#: 맞아, 내가 잘못했어. 하지만 이번 일은 두 달밖에 안 됐고, 여전히 아내를 사랑해. 그녀 없인 못 살아.
#Person2#: 내가 최대한 노력해서 그녀가 이혼을 다시 생각해보도록 설득해볼게. 하지만 이제부터는 정말로 아내한테 충실할 거야?
#Person1#: 응, 맹세할게.",
test.csv,그녀,"#Person1#: 오늘 밤 파티에 갈래?
#Person2#: 누구 파티?
#Person1#: Ruojia의 파티야. 몰랐어? Ruojia가 결혼했어.
#Person2#: 뭐라고! 진짜야? 믿을 수 없어!
#Person1#: 응. 어제 했어.
#Person2#: 세상에. 정말 놀랍다! 너무 기뻐!
#Person1#: 나도 그래.
#Person2#: 그런데 어떻게 알았어?
#Person1#: 나는 그녀의 트위터에서 그 소식을 봤어. 그녀가 이메일도 보냈어.
#Person2#: 뭐? 나는 못 받았는데!
#Person1#: 이메일 확인해보는 게 좋을걸.
#Person2#: 아, 맞아, 찾았어. 오늘 밤 그녀의 집에서 하는구나. 뭐 가져갈 거야?
#Person1#: 응, 와인잔 한 쌍이랑 결혼 축하 카드 가져갈 거야.
#Person2#: 나는 다기 세트를 살 거야.",
test.csv,그녀,"#Person1#: 좋아요, 컷! 처음부터 다시 시작합시다, 모두들. 
#Person2#: 이번에 무슨 문제가 있었나요? 
#Person1#: 느낌이 좀 잘못 되었어요, Mike. 그녀가 더 이상 당신을 보고 싶지 않다고 말하고 있는데, 난 당신에게서 더 많은 분노를 보고 싶어요. 당신은 상처받고 슬픈 연기를 하고 있지만, 그 상황에서 당신의 캐릭터는 그렇게 행동하지 않을 거예요. 
#Person2#: 하지만 Jason과 Laura는 3년이나 같이 있었어요. 그의 반응이 분노와 슬픔이 함께 한다고 생각하지 않나요? 
#Person1#: 지금 시점에서는 아니에요. 난 그가 대부분 남자들이 반응하는 방식대로 반응할 것 같고, 나중에 그의 진짜 감정을 보게 될 거라고 생각해요. 
#Person2#: 전 그렇게 확신하지 못하겠어요. 
#Person1#: 내 방식대로 한 번 해 보고, 대사를 할 때 어떻게 느끼는지 봅시다. 그 후에도 여전히 적절하지 않다고 느껴지면, 다른 방법을 시도해 볼 수 있어요.",
test.csv,저기,"#Person1#: 이 올림픽 공원 정말 크다! 
#Person2#: 맞아. 지금 우리는 이 공원의 중심인 올림픽 스타디움에 있어. 
#Person1#: 멋지다! 언제 완공될까? 
#Person2#: 전체 스타디움은 이번 6월에 완공될 예정이야. 
#Person1#: 좌석이 얼마나 되지? 
#Person2#: 음, 총 5000석이 있어. 
#Person1#: 이렇게 클 줄은 몰랐어! 
#Person2#: 그치? 저기 봐, 저게 육상 트랙이야. 그리고 저쪽이 점프 구간이야. 
#Person1#: 아... 알겠어. 이봐, 여기 표지판에 봐, 등산 금지라고 하네. 
#Person2#: 외국인 방문객들을 위해 영어 번역된 표지판도 많이 붙였어.",
test.csv,저기,"#Person1#: 선택할 수 있는 직업이 정말 많네. 너는 뭐 하고 싶어?
#Person2#: 나는 미디어 업계에서 일하는 게 재밌을 것 같아. TV도 있고, 신문도 있고, 인터넷도 있고.
#Person1#: 그럼, 한번 볼게. 음, 이건 어때? TV 뉴스 디렉터가 될 수 있어.
#Person2#: 농담하는 거야? 뉴스 디렉터 업무는 스트레스가 엄청날 것 같아.
#Person1#: 그럼, 잡지에 글을 쓰는 건 어때? 그건 신날 것 같은데.
#Person2#: 아니, 나는 컴퓨터랑 일하는 게 더 흥미 있어. 저기 봐, 인터랙티브 미디어. 그게 좋겠어.",
test.csv,저기,"#Person1#: 저기요. 시청 가는 길 좀 알려주시겠어요?
#Person2#: 네. 다음 코너까지 가셔서 센터 스트리트로 좌회전하세요. 세 블록 걸어서 세컨드 애비뉴까지 가신 다음 우회전하세요. 두 블록 더 걸어가면 왼쪽에 시청이 보일 거예요.
#Person1#: 죄송해요. 잘 못 들었어요. 다시 한 번 말씀해 주실 수 있나요?
#Person2#: 알겠어요. 먼저 다음 코너로 가셔서 센터 스트리트로 좌회전하세요.
#Person1#: 네.
#Person2#: 그런 다음 세 블록 걸어서 세컨드 애비뉴까지 가신 다음 우회전하세요. 여기까지 이해되시나요?
#Person1#: 네, 따라가고 있어요.
#Person2#: 이제 두 블록 더 걸어가면 왼쪽에 시청이 보일 거예요. 다 이해하셨나요?
#Person1#: 네, 이제 알겠습니다. 정말 감사합니다.",
test.csv,이거,"#Person1#: 생일 축하해, 이거 너를 위한 선물이야, Brian.
#Person2#: 기억해줘서 정말 고마워. 들어와서 파티를 즐겨. 모두들 와 있어서 정말 좋은 시간이 될 거야.
#Person1#: Brian, 너랑 춤춰도 될까?
#Person2#: 그래, 좋아.
#Person1#: 정말 멋진 파티야.
#Person2#: 응, 너는 항상 모두에게 인기가 많아. 그리고 오늘 정말 예뻐 보여.
#Person1#: 고마워, 그렇게 말해줘서 다정하네. 목걸이가 드레스랑 잘 어울려서 나도 그렇게 느껴져.
#Person2#: 정말 멋있어 보여, 너 정말 빛나고 있어.
#Person1#: 고마워, 정말 멋진 파티야. 네 생일을 축하하기 위해 같이 한 잔 해야겠다.",
test.csv,이거,"#Person1#: 메이야, 소풍 준비하는 거 도와줄래? 
#Person2#: 물론이죠. 일기예보 확인했어요? 
#Person1#: 응. 하루 종일 맑다고 했어. 비는 전혀 안 온대. 이건 네 아빠가 좋아하는 소시지야. 너랑 다니엘은 샌드위치 준비했어? 
#Person2#: 아니요, 엄마. 저는 토스트랑 치킨 윙을 먹을래요. 
#Person1#: 알겠어. 그럼 나를 위해 과일 샐러드랑 크래커도 챙겨줘. 
#Person2#: 다 했어요. 아, 냅킨이랑 일회용 접시, 컵, 소풍용 담요도 잊지 마세요. 
#Person1#: 다 준비했어. 메이, 이거 거실로 옮기는 거 도와줄래? 
#Person2#: 네, 알겠습니다. 
#Person1#: 다니엘에게 네가 좀 도와주라고 할까? 
#Person2#: 아니에요, 엄마. 혼자 할 수 있어요. 오히려 도와주면 더 번거롭거든요.",
test.csv,이거,"#Person1#: 벌써 지루한 거야? 
#Person2#: 응, 사실 좀 그래. 
#Person1#: 우리 이제 막 도착했어. 그러면 네가 알아서 재미를 찾아봐야 할 텐데. 
#Person2#: 뭐 할 수 있는데? 지루한 사람들이 지루한 연설만 하고 있잖아. 
#Person1#: 아쉽네. 나는 여기 있어야 해서, 너도 그렇게 해야 해. 좀 지루하더라도 나한텐 여기 있는 게 중요하거든. 잘 듣고 노트도 적고 나중에 몇 분 인터뷰도 해야 해. 나는 데일리 뉴스에서 일하잖아. 아무것도 읽을 거 안 가져왔어? 
#Person2#: 아이팟하고 헤드폰 챙겼어. 음악 좀 들어도 괜찮을까? 
#Person1#: 그건 예의가 아닐걸. 내 가방에 옛날 신문 몇 개 있을지도 몰라. 그거 읽어볼래? 거기 퍼즐 같은 게임 섹션도 있어. 그거면 좀 바쁘게 지낼 수 있을 거야. 
#Person2#: 퍼즐 싫어해. 신문에 만화 섹션도 있어? 
#Person1#: 아마 있을 거야. 이제 조용히 해줘! 다른 사람이 올라서 말하고 있어. 이분 말은 정말 잘 들어야 해. 자선 단체의 수장이거든.",
test.csv,그때,"#Person1#: 안녕하세요, 프랜시스예요. 
#Person2#: 안녕하세요, 저는 모니카예요. 이 재무 보고서를 언제 작업할 수 있는지 궁금해요. 
#Person1#: 오늘 하루 종일 바빠요. 
#Person2#: 금요일 오전에 뵐까요? 
#Person1#: 그건 안 될 것 같아요. 다른 시간으로 해야겠어요. 
#Person2#: 보고서를 검토할 시간을 꼭 찾아야 해요. 
#Person1#: 알아요. 금요일 오후 1시부터 4시까지 가능해요. 
#Person2#: 좋아요. 그럼 금요일 오후에 봬요. 
#Person1#: 그때 봐요.",
test.csv,그때,"#Person1#: 여보세요?
#Person2#: 안녕하세요, Nathaniel. 국제 학생 사무실의 Leah입니다.
#Person1#: 네, 안녕하세요.
#Person2#: 제가 전화드린 이유는 Ms. Collins가 다음 주까지는 전화를 드릴 수 없기 때문입니다.
#Person1#: 아, 어제 전화를 받기를 기대했었는데요.
#Person2#: 그녀가 정말 죄송하다고 전해달라고 했습니다. 급히 사무실을 떠나야 했고 다음 주까지 돌아오지 못할 것 같습니다. 이해해 주셨으면 합니다.
#Person1#: 다른 분과 통화할 수 있을까요?
#Person2#: 그녀가 저에게 오늘 다른 사람과 약속을 잡으라고 부탁했습니다. 오늘 몇 시가 괜찮으신가요?
#Person1#: 오늘 오후 2시 이후는 다 괜찮습니다.
#Person2#: Mr. Liu가 오늘 2시 15분에 가능하십니다. 괜찮으신가요?
#Person1#: 저는 Ms. Fonda와 이야기하고 싶습니다.
#Person2#: 죄송하지만, 그녀는 오늘 오후에 시간이 없습니다. 오늘 오전 11시 30분에 시간이 있습니다. 괜찮으신가요?
#Person1#: 네, 그 시간 괜찮습니다.
#Person2#: 알겠습니다. 11시 30분에 뵙겠습니다. 그때 뵙겠습니다.",
test.csv,그때,"#Person1#: 혹시 강도 사건 보셨나요?
#Person2#: 네, 봤어요.
#Person1#: 어떻게 보게 되신 거예요?
#Person2#: 그때 은행에 있었거든요.
#Person1#: 정확히 뭘 보셨어요?
#Person2#: 총을 들고 들어오는 사람을 봤어요.
#Person1#: 얼굴은 잘 보셨어요?
#Person2#: 가면을 쓰고 있었어요.
#Person1#: 혼자 온 건가요?
#Person2#: 혼자 들어왔어요.
#Person1#: 조금 더 질문드릴 게 있는데, 경찰서에 와주실 수 있나요?
#Person2#: 네, 괜찮아요.",
test.csv,이건,"#Person1#: 안녕하세요. 무엇을 도와드릴까요?
#Person2#: 저는 309호에 묵고 있고, 오늘 체크아웃 하려고 합니다. 지금 청구서를 받을 수 있을까요?
#Person1#: 물론입니다. 잠시만 기다려 주세요. 여기 있습니다.
#Person2#: 감사합니다. 잠깐만요... 이건 뭔가요? 30달러는 어디서 나온 건가요?
#Person1#: 죄송합니다. 11월 20일에 세탁 서비스 요금입니다.
#Person2#: 그런데 제가 여기 머무는 동안 세탁 서비스를 이용한 적이 없어요. 다른 사람의 요금이 추가된 것 같아요.
#Person1#: 음... 죄송합니다. 잠시만 기다려 주실래요? 관련 부서에 확인해보겠습니다.
#Person2#: 네. 이 문제만 해결된다면 괜찮습니다.
#Person1#: 정말 죄송합니다. 착오가 있었습니다. 청구서를 수정했습니다. 확인해 보세요.
#Person2#: 네, 여기요.
#Person1#: 안녕히 가세요.",
test.csv,이건,"#Person1#: 메이야, 소풍 준비하는 거 도와줄래? 
#Person2#: 물론이죠. 일기예보 확인했어요? 
#Person1#: 응. 하루 종일 맑다고 했어. 비는 전혀 안 온대. 이건 네 아빠가 좋아하는 소시지야. 너랑 다니엘은 샌드위치 준비했어? 
#Person2#: 아니요, 엄마. 저는 토스트랑 치킨 윙을 먹을래요. 
#Person1#: 알겠어. 그럼 나를 위해 과일 샐러드랑 크래커도 챙겨줘. 
#Person2#: 다 했어요. 아, 냅킨이랑 일회용 접시, 컵, 소풍용 담요도 잊지 마세요. 
#Person1#: 다 준비했어. 메이, 이거 거실로 옮기는 거 도와줄래? 
#Person2#: 네, 알겠습니다. 
#Person1#: 다니엘에게 네가 좀 도와주라고 할까? 
#Person2#: 아니에요, 엄마. 혼자 할 수 있어요. 오히려 도와주면 더 번거롭거든요.",
test.csv,이건,"#Person1#: 바보 같은 여자애 때문에 돈이 이렇게 많이 필요할 줄이야. 이제 ATM에서 돈을 찾아야겠네... 
#Person2#: 안녕하세요, 유니버설 은행입니다. 카드를 슬롯에 넣어 주세요. 
#Person1#: 카드 넣는 것 정도는 알아, 이 멍청한 기계가 나를 바보로 만드네... 
#Person2#: 6자리 비밀번호를 입력하고 우물 정자를 눌러 주세요. 감사합니다. 옵션을 선택해 주세요. 
#Person1#: 빨리 처리해, 돈 좀 주라고! 
#Person2#: 인출할 금액을 입력해 주세요. 감사합니다. 세계 야생동물 재단으로 10000달러를 이체하고 싶으시면 1번을 눌러 주세요. 
#Person1#: 아니, 아니! 이건 아니야! 멍청한 기계, 무슨 짓이야! 그러지 마! 
#Person2#: 확인되었습니다. 저희 은행을 이용해 주셔서 감사합니다! 카드를 제거해 주세요. 안녕히 가세요! 
#Person1#: 아니, 이게 뭐야! 내 돈 돌려줘! 
#Person2#: 위험, 위험! 출입구가 봉쇄되었으며 지역 당국이 도착할 때까지 문이 잠긴 상태로 유지됩니다. 저희 은행을 이용해 주셔서 감사합니다. 좋은 하루 보내세요.",
test.csv,그걸,"#Person1#: 시스템 업그레이드를 고려해본 적 있어요?
#Person2#: 네, 하지만 정확히 무엇이 필요한지 잘 모르겠어요.
#Person1#: 소프트웨어에 그림 그리기 프로그램을 추가하는 것을 고려해보세요. 그러면 광고용 전단지와 배너를 직접 만들 수 있을 거예요.
#Person2#: 그거 정말 좋네요.
#Person1#: 하드웨어도 좀 업그레이드해야 할 것 같아요. 지금 꽤 오래됐거든요.
#Person2#: 그걸 어떻게 할 수 있죠?
#Person1#: 우선 빠른 프로세서가 필요할 거예요. 그리고 더 강력한 하드 디스크, 더 많은 메모리와 더 빠른 모뎀도 필요하죠. CD-ROM 드라이브는 가지고 있나요?
#Person2#: 아니요.
#Person1#: 그럼 CD-ROM 드라이브도 추가해야 할 것 같아요. 대부분의 새로운 소프트웨어가 CD로 나오고 있거든요.
#Person2#: 그거 정말 좋네요. 감사합니다.",
test.csv,그걸,"#Person1#: 아, 좋은 아침이에요, Ms. Ross. 들어오세요. 
#Person2#: 안녕하세요, Mr. Fisher. 만나서 반가워요. 
#Person1#: 전화 대신 직접 만나서 얘기하니 좋네요. 잘 지내세요? 
#Person2#: 네, 고마워요. 아주 잘 지내고 있어요. 
#Person1#: 앉으세요. 커피 한잔 드릴까요? 
#Person2#: 아, 네, 부탁드려요. 블랙으로요. 
#Person1#: 여기 있습니다. 
#Person2#: 감사합니다. 자, 상황이 어떻게 돼가고 있나요? 
#Person1#: 아, 나쁘지 않아요. 뉴질랜드에 지점을 열 계획이에요. 가능하면 마케팅 이사에게 알리고요! 아드님은 어때요, 이제 학교 다니기 시작했나요? 
#Person2#: 네, 이제 2학년이에요. 
#Person1#: 벌써요? 세월 참 빠르네요! 학교는 잘 다니고 있어요? 
#Person2#: 아주 좋아해요, 집에 있는 것보다 훨씬 재미있대요! 
#Person1#: 하하. 자, 이제 본격적으로 시작해볼까요? 일 얘기로 들어가죠. 
#Person2#: 네. 먼저 발표 날짜와 시간을 확인할 수 있을까요? 10월 24일 토요일 오전이죠? 정확히 몇 시에 시작하나요? 
#Person1#: 초대장에 발표는 11시에 시작해서 12시 30분까지 이어진다고 적혀 있어요. 
#Person2#: 그러면 10시부터 2시까지 방이 필요하시겠네요. 발표 전에 커피를 제공할까요? 
#Person1#: 네, 네. 그리고 끝나고 음료와 스낵도 준비해 주세요. 
#Person2#: 점심보다는 스낵 뷔페로 준비하는 게 나을까요? 
#Person1#: 아니요, 참석자들이 무료 점심을 기대하진 않을 거예요. 그건 좀 과할 것 같아요. 토요일이라 가족들과 돌아가고 싶어할 거예요. 
#Person2#: 그렇다면 평소의 점심 전 스낵 뷔페 정도 준비하셔야겠네요. 작년 2월에 했던 것과 비슷하게요. 
#Person1#: 아, 그걸로 괜찮아요. 
#Person2#: 알겠습니다. 그럼 방, 커피, 스낵 뷔페는 약속대로 15% 할인가로 청구하고, 음료는 비례해서 청구될 거예요. 
#Person1#: 괜찮아요, 좋아요. 네. 
#Person2#: 어떤 장비나 가구가 필요하세요? 
#Person1#: 음... 그럼, 다섯 개의 테이블이 필요할 것 같아요. 전시용으로요. 스탠드는 저희가 따로 가져올게요. 아마도 방에 오버헤드 프로젝터와 음향 시스템이 있을 거죠? 저희가 가기 전에 누군가가 작동 상태를 확인해 줄 수 있을까요? 
#Person2#: 아, 물론이죠. 기술자가 준비 시점에 함께 있을 거예요. 아, 그 방 의자에는 플랩오버 책상 상단이 있는데, 괜찮으신가요? 
#Person1#: 네, 네, 괜찮아요, 물론요. 
#Person2#: 초대장을 보내셨다고 하셨는데, 몇 명이 오실 것 같나요? 아시겠지만 방의 수용 인원이 약 50명인데, 40명이 가장 이상적이에요. 
#Person1#: 네, 몇 명이 올지는 직전까지 알기 힘들 거예요. 
#Person2#: 목요일까지는 확실히 알려주실 수 있나요? 
#Person1#: 음... 아니요. 하지만 대략적인 추정치를 드릴 수 있을 거고, 그 숫자를 기준으로 예산을 짤게요. 초대장은 100장을 보냈어요... 
#Person2#: 100장이나요?! 
#Person1#: 네, 이론적으로는 200명이 올 수 있다는 뜻이죠. 
#Person2#: 네, 하지만 방이... 
#Person1#: 물론, 하하... 30명 정도밖에 오지 않을 것 같아요. 
#Person2#: 그럼 만약 많은 사람이 오면요? 그날은 이 방밖에 없어요. 연회장에는 결혼 피로연이 있어서... 
#Person1#: 그렇다면, 저는...",
test.csv,그걸,"#Person1#: 디저트 시간이야! 아직 배고파? 
#Person2#: 난 항상 단걸 먹을 배는 남아 있어! 
#Person1#: 뭐부터 먹어볼래? 
#Person2#: 전통 그리스 요거트를 한 번도 안 먹어봐서 그걸 먼저 먹어보고 싶어. 
#Person1#: 요거트에 뭐 같이 나오니? 
#Person2#: 아마 현지에서 생산한 꿀을 얹어줄 거야. 
#Person1#: 좋겠다. 나는 이탈리아 티라미수부터 먹어볼게. 
#Person2#: 내가 먹는 요거트 좀 먹어볼래? 그리스에서 인기 있는 매일 먹는 디저트야. 
#Person1#: 그래. 음. 
#Person2#: 어때? 맛있는 거 같아? 
#Person1#: 괜찮은데, 좀 밍밍하네. 내 티라미수 먹어볼래? 
#Person2#: 좋아. 한 입만 먹어볼게. 
#Person1#: 맛이 어때? 
#Person2#: 정말 맛있어! 내가 먹어본 티라미수 중 최고야! 
#Person1#: 네가 좋아해서 기쁘네. 나는 별로야. 너가 내 티라미수 다 먹고 나는 튀긴 바나나를 하나 먹어볼래. 
#Person2#: 그래. 그거 먹어본 적 있어. 정말 달고 바삭해. 
#Person1#: 어디에서 온 음식인지 알아? 
#Person2#: 남쪽 지역의 현지 특산물로 알고 있어. 
#Person1#: 나도 하나 사다줄까? 
#Person2#: 응, 왜 안 돼? 우리 벌써 많이 먹었잖아! 
#Person1#: 알겠어, 몇 분 안에 튀긴 바나나 두 개 가져올게. 여기서 기다려!",
test.csv,그분,"#Person1#: 너는 사람 중에 누가 진짜 인품이 뛰어나다고 생각해?
#Person2#: 유명한 사람을 생각해 본다면, 아브라함 링컨이 떠올라.
#Person1#: 그분은 어떤 여성에게 거스름돈 주려고 5마일이나 걸어 다녔던 미국 대통령 아니야?
#Person2#: 맞아. 그는 또 자신의 목표를 절대 포기하지 않았던 걸로 유명해.
#Person1#: 맞아. 나중에야 당선됐지만 여러 번 출마했었지.
#Person2#: 그리고 난 그가 평등한 권리를 위해 싸운 용기도 존경해.
#Person1#: 정말 큰 비전이 있었지, 안 그래?
#Person2#: 게다가 겸손하기도 했어. 개인적으로 만나보고 싶었을 거야.",
test.csv,그분,"#Person1#: 저기요. Mr. Lee 찾고 있는데요. 이거 그분 소포예요. 
#Person2#: 아, 제 책상 위에 그냥 두세요. 여기 서명해야 하죠? 잠시 기다려 주시겠어요? 전해 드릴 말이 좀 있어서요.",
test.csv,그분,"#Person1#: 안녕, Walter! 
#Person2#: 안녕, Sterling! 
#Person1#: 우리 새 선생님 어때? 
#Person2#: Professor Wood? 나는 그분이 뛰어난 과학자라고 생각해. 
#Person1#: 그건 맞는 말이야. 하지만 좀 덤벙대는 것 같지 않아? 
#Person2#: 그러게.",
test.csv,이게,"#Person1#: 이 스트립을 잡아당기면 돼. 그리고 뒷면을 떼어내면 돼. 
#Person2#: 이렇게 하면 적이 많이 생길지도 몰라. 
#Person1#: 이게 재밌다고 생각하지 않으면, 우리 친구가 될 자격이 없는 거야. 
#Person2#: 네 친구 말이지. 난 좀 잔인하다고 생각해. 
#Person1#: 그래도 재밌잖아. 저 두 명의 못생긴 할머니들 좀 봐... 아니, 할아버지들인가? 
#Person2#: 빨리! 사진 찍어! ... 넘겨줘! 
#Person1#: 네가 이렇게 나올 줄 알았어...",
test.csv,이게,"#Person1#: 바보 같은 여자애 때문에 돈이 이렇게 많이 필요할 줄이야. 이제 ATM에서 돈을 찾아야겠네... 
#Person2#: 안녕하세요, 유니버설 은행입니다. 카드를 슬롯에 넣어 주세요. 
#Person1#: 카드 넣는 것 정도는 알아, 이 멍청한 기계가 나를 바보로 만드네... 
#Person2#: 6자리 비밀번호를 입력하고 우물 정자를 눌러 주세요. 감사합니다. 옵션을 선택해 주세요. 
#Person1#: 빨리 처리해, 돈 좀 주라고! 
#Person2#: 인출할 금액을 입력해 주세요. 감사합니다. 세계 야생동물 재단으로 10000달러를 이체하고 싶으시면 1번을 눌러 주세요. 
#Person1#: 아니, 아니! 이건 아니야! 멍청한 기계, 무슨 짓이야! 그러지 마! 
#Person2#: 확인되었습니다. 저희 은행을 이용해 주셔서 감사합니다! 카드를 제거해 주세요. 안녕히 가세요! 
#Person1#: 아니, 이게 뭐야! 내 돈 돌려줘! 
#Person2#: 위험, 위험! 출입구가 봉쇄되었으며 지역 당국이 도착할 때까지 문이 잠긴 상태로 유지됩니다. 저희 은행을 이용해 주셔서 감사합니다. 좋은 하루 보내세요.",
test.csv,이게,"#Person1#: 맞아요 Rebecca. 이제 보니 대학 졸업 후 첫 직장이 어디였나요? 
#Person2#: York에 있는 York Herald라는 지역 신문이었어요. 사실 처음에는 인턴으로 시작했어요. 언론계에서 경험을 쌓고 싶었고, 이게 좋은 첫걸음이라고 생각했죠. 
#Person1#: 그렇군요. 인턴 후에는 어떻게 되었나요? 
#Person2#: 그들이 제 일에 인상을 받아서, 저에게 주니어 로컬 뉴스 리포터로 자리 제안을 했어요. 결국 거기서 2년이나 머물렀죠. 신문의 스포츠 뉴스 섹션을 맡았었어요. 정말 즐거운 시간이었고, 제 능력을 키우는 데 큰 도움이 되었어요. 
#Person1#: 그렇군요. 그런데 2006년에 그곳을 떠나기로 결정했죠? 
#Person2#: 네, 맞아요. 남편과 제가 런던으로 이사하게 됐거든요. 그래서 런던에 기반을 둔 전국 신문사에서 자리를 찾았어요. 
#Person1#: 런던 주간지 맞죠? 
#Person2#: 네, 여러 면에서 이전 직장보다 낮은 단계였지만 미래를 위한 전망이 훨씬 더 좋았어요.",
test.csv,그곳,"#Person1#: 맞아요 Rebecca. 이제 보니 대학 졸업 후 첫 직장이 어디였나요? 
#Person2#: York에 있는 York Herald라는 지역 신문이었어요. 사실 처음에는 인턴으로 시작했어요. 언론계에서 경험을 쌓고 싶었고, 이게 좋은 첫걸음이라고 생각했죠. 
#Person1#: 그렇군요. 인턴 후에는 어떻게 되었나요? 
#Person2#: 그들이 제 일에 인상을 받아서, 저에게 주니어 로컬 뉴스 리포터로 자리 제안을 했어요. 결국 거기서 2년이나 머물렀죠. 신문의 스포츠 뉴스 섹션을 맡았었어요. 정말 즐거운 시간이었고, 제 능력을 키우는 데 큰 도움이 되었어요. 
#Person1#: 그렇군요. 그런데 2006년에 그곳을 떠나기로 결정했죠? 
#Person2#: 네, 맞아요. 남편과 제가 런던으로 이사하게 됐거든요. 그래서 런던에 기반을 둔 전국 신문사에서 자리를 찾았어요. 
#Person1#: 런던 주간지 맞죠? 
#Person2#: 네, 여러 면에서 이전 직장보다 낮은 단계였지만 미래를 위한 전망이 훨씬 더 좋았어요.",
test.csv,그곳,"#Person1#: 문 바로 밖에 차가 기다리고 있어요. 이쪽으로 오세요. 
#Person2#: 네! 
#Person1#: 짐을 트렁크에 넣을게요. 뒤쪽에 타세요. 
#Person2#: 고마워요! 
#Person1#: 비행기는 어땠나요? 
#Person2#: 편안했어요, 하지만 이제 조금 피곤하네요. 
#Person1#: 10분 후면 베이징 호텔에 도착할 거예요. 도착하면 올라가서 쉬세요. 호텔 서비스가 매우 좋고 이곳에서 가장 좋은 호텔 중 하나로 여겨져요. 
#Person2#: 고마워요! 지난번에 베이징에 왔을 때 그곳에 머물렀어요. 편안하고 아름다워요. 
#Person1#: 괜찮으시다면, Mr. Wu가 저녁에 당신을 위한 연회에 초대하고 싶어하세요. 
#Person2#: 고마워요! 그러죠. 저녁은 언제, 어디에서 열리나요? 
#Person1#: 국제 호텔에서 6시입니다. 오늘 오후에 픽업하러 갈게요. 그리고 방문에 관심이 있으시면 저희가 관광도 준비할게요. 
#Person2#: 오, 좋네요. 모든 걸 준비해주셔서 감사합니다.",
test.csv,그곳,"#Person1#: 올해 휴가는 어디로 가요?
#Person2#: 음, 우리 카리브해로 여행을 가볼까 생각 중이에요. 정말 아름다운 지역이거든요.
#Person1#: 맞아요. 작년에 저도 거기 갔었어요. 근데 날씨가 가끔 정말 안 좋을 때가 있어요.
#Person2#: 알아요. 인터넷에서 카리브해 날씨 보고서를 읽어봤거든요. 폭풍이 많이 오더라고요.
#Person1#: 진짜 그래요. 저희가 갔을 때도 자메이카랑 케이맨 제도에 들렀는데, 그곳들이 2주 전에 폭풍을 맞았대요. 피해가 아직 보이더라고요.
#Person2#: 뭐, 가기로 결정하면 운이 좋길 바래야겠어요.",
test.csv,그것,"#Person1#: 내일 핵무기 확산을 막는 데 도움을 주는 시위에 갈 거야, Cleo? 
#Person2#: 아니, Simon. 난 시위가 싫어. 경찰이 최루탄을 들고 대기 중이라는 말을 들었어.
#Person1#: 그래, 하지만 북한은 핵무기를 가졌다고 자랑하지.
#Person2#: 190개 국가가 핵확산금지조약에 서명했는데도, 문제는 너무 복잡해. 모든 이야기에는 두 가지 면이 있잖아. 이해도 안 되고 시위에 가고 싶은 생각도 없어. 시위가 무언가를 성취하는 것 같지도 않고.
#Person1#: 역사적으로 몇몇 시위가 정치인들의 생각을 바꿨잖아. 책임 있는 시민으로서 자신의 신념을 지키는 게 중요하다고 생각해.
#Person2#: 다른 사람에게 맡겨. 내가 말했듯이, 이야기를 양쪽 다 들어보면 각각의 주장에도 일리가 있어. 내가 옳다고 확신하지도 않는 일에 상처 받을 위험을 무릅쓰고 시위를 해야 할까?
#Person1#: 다칠 것 같진 않아. 평화로운 시위가 될 거야. 대학 그룹의 조직자와 얘기했는데, 그는 이 시위가 평화로울 거라고 확신해. 만약 세계 평화를 원한다면, 평화는 집에서 시작해야 하고, 그것은 바로 이 도시에서 의미한다더라고.
#Person2#: 너는 가고 싶으면 가, Simon. 나는 물리 시험 공부할 계획이야.
#Person1#: 두 시간만 걸려. 캠퍼스에서 11시 30분에 버스가 출발하고, 도심에서 12시 45분에 캠퍼스로 돌아와. 버스에서 점심 먹을 수 있어.
#Person2#: 안 가, Simon. 오늘 오후에 네 정치학 수업 학생들에게 물어보는 게 어때?
#Person1#: 그 학생들 모두 가기로 했어.
#Person2#: 알았어, Simon. 이제 내 여동생 만나러 가야 해.
#Person1#: 그럼 잘 가. 내일 물리 수업에서 보자.",
test.csv,그것,"#Person1#: 오늘 밤에 영화 보러 갈래?
#Person2#: 생각해 봐야겠는데, 어젯밤에 공포 영화 봤거든. 진짜 무서워서 혼났어.
#Person1#: 그럼 다른 걸 볼까? 예를 들어 탐정 영화 같은 거?
#Person2#: 탐정 영화도 별로야. 그것도 나를 긴장하게 해.
#Person1#: 코미디 영화는 어때?
#Person2#: 아냐, 요즘 코미디는 자연스럽지도 않고 웃기지도 않아.
#Person1#: 그럼 멜로 영화는?
#Person2#: 아니, 로맨스는 지루해.
#Person1#: 그러면 네 생각은 어때?
#Person2#: 전쟁 영화 보러 가자, 어때?
#Person1#: 진짜로?
#Person2#: 물론이지. 왜, 문제 있어?
#Person1#: 아니, 근데 너 같은 여자애가 전쟁 영화를 보고 싶어한다는 게 상상이 안 가서.",
test.csv,그것,"#Person1#: 어머, 어디서 뵌 적 있는 것 같은데요.
#Person2#: 아니요, 죄송하지만 아닌 것 같아요.
#Person1#: 예전에 Common Fitness Gym에서 일하지 않으셨어요?
#Person2#: 아니요, 전 아니에요.
#Person1#: 아, 근데 어디서 본 것 같아요. 혹시 시내 영화관에서 일하셨나요? 그래요, 맞아요. 제가 거기 자주 가는데 항상 팝콘이랑 음료수 파시잖아요.
#Person2#: 아니요, 그것도 제가 아니에요. 죄송합니다, 손님. 아마 제가 익숙하게 느껴지시는 걸 수도 있는데...
#Person1#: 아뇨, 분명히 뵌 적 있어요! 잠깐만요, 기억이 안 나서 미치겠네요. 우리 대화한 적이 분명히 있어요. 아, 이제 기억났어요. 모퉁이에 있는 Whole Bean Cafe에서 일하시죠? 맞죠?
#Person2#: 아니요, 그것도 아니에요. 죄송하지만 저 정말 가봐야 해요, 손님.",
test.csv,그쪽,"#Person1#: 혹시 다른 지역도 추천해줄 수 있어요?
#Person2#: 네, 웨스트 더비를 추천할게요. 그쪽이 사무실에 더 가까울 거예요.
#Person1#: 좋네요.
#Person2#: 네, 그리고 만약 아이가 있다면, 그쪽에 좋은 학교들이 많아요.
#Person1#: 그건 괜찮아요. 저는 혼자 사니까 그냥 저렴한 원룸을 찾고 있어요. 플랫 같은 곳이요.
#Person2#: 음, 그러면 여긴 좀 어렵겠네요. 이 지역은 주로 큰 집들이 많거든요. 하지만 렌트를 원하는 사람들과 나눌 수 있는 집이 있을 수도 있어요.
#Person1#: 아니요, 저는 지금 당장은 플랫만 관심 있어요.
#Person2#: 사실 우리 남쪽 더비에 또 다른 사무실이 있는데, 그곳에서 일하는 친구가 정말 친한 친구예요. 이름이 John Godfrey예요.
#Person1#: 그의 전화번호를 좀 알려줄 수 있어요?
#Person2#: #PhoneNumber#이에요.
#Person1#: 좋아요. 그 친구에게 언제 전화하는 게 좋을까요? 일요일 10일까지 여기 있을 거예요.
#Person2#: 아마도 토요일에 만날 수 있을 거예요.
#Person1#: 그렇게 하면 되겠네요. 도움 줘서 고마워요.",
test.csv,그쪽,"#Person1#: 음, Mr. Smith. 감염이 꽤 심각하네요.
#Person2#: 네. 이를 없앨 수 있는 약이 있나요, 의사 선생님?
#Person1#: 항생제와 가려움증과 화끈거림을 완화시킬 크림을 처방해드릴게요.
#Person2#: 알겠습니다. 고맙습니다. 어디서 사면 되나요?
#Person1#: 약국에서 할인받으실 수 있어요, 진료소에 오셨으니까요.
#Person2#: 좋네요. 약국은 몇 층에 있나요?
#Person1#: 4층입니다. 처방전을 그쪽으로 보내드리니 나가시는 길에 찾아가시면 됩니다.
#Person2#: 감사합니다.",
test.csv,그쪽,"#Person1#: 북런던에서 경찰이 네즈든의 보행자 지하도에서 발견된 40대 남성의 사망 사건을 살인으로 보고 있습니다. 수사를 지휘 중인 탐정 수사국장 John Day가 아침 일찍 이 남성의 이동 경로에 대해 설명하고 있습니다. 
#Person2#: 저희가 파악한 바로는 이 남성이 새벽 1시 30분쯤 네즈든 레인에 있는 술집인 레벨 원 클럽을 떠났습니다. 저희는 그가 오전 2시 15분까지 어디에 있었는지 확인하려고 합니다. 당시 클럽 직원이 그를 발견했기 때문입니다. 그는 북순환도로 아래의 보행자 지하도에서 발견되었으며, 사망 원인은 여러 차례의 두부 외상입니다. 지하도 입구 근처에 두 명의 여성과 술에 취한 남성이 있었던 것으로 짐작되며, 이들이 그쪽으로 가는 남성이나 뒤따르던 공격자를 목격했을 가능성이 있습니다. 
#Person1#: 그들이 그곳에 있었던 시간은 언제쯤이라고 보십니까? 
#Person2#: 새벽 1시 반 조금 지나서부터 2시 15분까지라고 추정합니다. 
#Person1#: 그러면 그 시간 간격이 꽤 짧군요. 30분에서 40분 정도네요. 
#Person2#: 그렇습니다. 상당히 짧습니다. 
#Person1#: 그리고 네즈든 지하도에서 술집까지의 거리는 얼마나 되나요? 
#Person2#: 약 50미터입니다. 
#Person1#: 술 취한 남성과 그와 함께 있는 것으로 보이는 두 여성 외에 추가로 대화하고 싶은 사람은 없습니까? 
#Person2#: 네, 현재로서는 없습니다. 클럽은 새벽 1시 반에 닫았고, 아마도 다른 사람들이 그 길로 클럽을 떠났을 수도 있습니다. 또한 그 지역에 주차해 있던 미니캡 기사들이 뭔가를 목격했을 수 있습니다. 
#Person1#: 그렇다면, 아직 그들을 식별하지 못했다는 것이군요. 
#Person2#: 네, 현재 단계에서는 그렇습니다. 
#Person1#: 네, 감사합니다.",
test.csv,이걸,"#Person1#: Ms. Dawson, 받아쓰기 좀 부탁드려야겠어요. 
#Person2#: 네, 말씀하세요... 
#Person1#: 이걸 오늘 오후까지 모든 직원들에게 사내 메모로 보내야 해요. 준비됐나요? 
#Person2#: 네, 말씀하세요. 
#Person1#: 모든 직원에게 알립니다... 즉시 발효되어 모든 사내 통신은 이메일과 공식 메모로만 제한됩니다. 근무 시간 동안 즉시 메시지 프로그램 사용은 금지됩니다. 
#Person2#: 이 정책이 사내 통신에만 적용되나요, 아니면 외부 통신에도 해당되나요? 
#Person1#: 이는 모든 통신에 적용됩니다. 사무실 내 직원 간 통신 뿐만 아니라 외부 통신도 해당됩니다. 
#Person2#: 하지만 많은 직원들이 고객과 소통하려고 즉시 메시지를 사용합니다. 
#Person1#: 통신 방법을 바꿔야 할 것입니다. 이 사무실에서는 즉시 메시지를 사용하는 것을 원하지 않습니다. 너무 많은 시간이 낭비됩니다! 이제 계속해서 메모를 작성해 주세요. 어디까지 했죠? 
#Person2#: 내외부 통신에 적용됩니다. 
#Person1#: 네. 즉시 메시지를 계속 사용하면 경고 후 시정 조치가 이루어지며, 두 번째 위반 시 해고될 수 있습니다. 이번 정책에 관한 질문은 부서장에게 문의하세요. 
#Person2#: 그게 다인가요? 
#Person1#: 네. 오늘 오후 4시까지 이 메모를 작성하고 배포해주세요.",
test.csv,이걸,"#Person1#: Mr. Polly, 무슨 일 있으세요?
#Person2#: 무슨 일이냐고요? 이 끔찍한 일을 잠시 쉬고 싶다고요.
#Person1#: 그럼, 음료수 한 병 사세요.
#Person2#: 저를 위해 가게에서 한 병 사줄래요?
#Person1#: 문제네요, 그 가게에 제 상사가 있어요.
#Person2#: 알겠습니다, 제가 직접 갈게요.
#Person1#: 죄송해요, Mr. Polly.
#Person2#: 괜찮아요. 오, 이런, 지갑에 4달러밖에 안 남았네요. 이걸로 살 수 있을까요?
#Person1#: 한번 시도해 보세요.",
test.csv,이걸,"#Person1#: 어떻게 도와드릴까요, 손님?
#Person2#: 네. 어머니 생신 선물로 괜찮은 걸 찾고 있어요. 내일이 생일이거든요.
#Person1#: 특별히 생각해 두신 게 있으신가요?
#Person2#: 아니요, 딱히 없어요.
#Person1#: 목걸이는 어떠신가요? 저희 가게에 선택할 수 있는 게 많아요.
#Person2#: 아뇨, 괜찮아요. 어머니는 보석을 별로 안 좋아하세요.
#Person1#: 그렇다면 시계는 어떨까요? 아마 괜찮으실 거예요.
#Person2#: 네, 그게 좋겠어요. 특히 숫자가 크고 명확한 새 시계가 필요하세요. 어머니께서 작은 숫자가 있던 시계에 불만이 많으셨거든요.
#Person1#: 이 금색 시계 예쁘고 시간 보기도 편하실 거예요.
#Person2#: 나이 드신 분들에겐 좀 너무 화려하지 않나요?
#Person1#: 아닙니다, 사실 이 시계는 많이 팔리고 나이 드신 분들이 좋아하세요.
#Person2#: 그럴 수도 있겠네요. 이걸 살게요.
#Person1#: 어머니께서 정말 좋아하실 거예요.
#Person2#: 그러길 바랍니다.",
test.csv,그의,"#Person1#: 좋아요, 컷! 처음부터 다시 시작합시다, 모두들. 
#Person2#: 이번에 무슨 문제가 있었나요? 
#Person1#: 느낌이 좀 잘못 되었어요, Mike. 그녀가 더 이상 당신을 보고 싶지 않다고 말하고 있는데, 난 당신에게서 더 많은 분노를 보고 싶어요. 당신은 상처받고 슬픈 연기를 하고 있지만, 그 상황에서 당신의 캐릭터는 그렇게 행동하지 않을 거예요. 
#Person2#: 하지만 Jason과 Laura는 3년이나 같이 있었어요. 그의 반응이 분노와 슬픔이 함께 한다고 생각하지 않나요? 
#Person1#: 지금 시점에서는 아니에요. 난 그가 대부분 남자들이 반응하는 방식대로 반응할 것 같고, 나중에 그의 진짜 감정을 보게 될 거라고 생각해요. 
#Person2#: 전 그렇게 확신하지 못하겠어요. 
#Person1#: 내 방식대로 한 번 해 보고, 대사를 할 때 어떻게 느끼는지 봅시다. 그 후에도 여전히 적절하지 않다고 느껴지면, 다른 방법을 시도해 볼 수 있어요.",
test.csv,그의,"#Person1#: 좋아요, 컷. 다들 처음부터 다시 시작해 봅시다. 
#Person2#: 이번에 뭐가 문제였나요? 
#Person1#: 느낌이 완전히 잘못됐어요, Mike. 그녀가 이제 더 이상 너를 보고 싶지 않다고 말하는데, 나는 네가 좀 더 화난 느낌을 주길 원해요. 지금 네 연기는 상처받고 슬퍼 보이지만, 이 상황에서는 네 캐릭터가 그렇게 행동하지 않을 거예요. 
#Person2#: 하지만 Jason과 Laura는 3년 동안 함께 했잖아요. 그의 반응이 화와 슬픔이 동시에 나와야 한다고 생각하지 않나요? 
#Person1#: 지금은 아니에요. 대부분의 남자들이 반응할 법한 방식으로 그는 반응해야 한다고 생각하고, 이후에 그의 진짜 감정이 드러나겠죠. 
#Person2#: 음, 잘 모르겠어요. 
#Person1#: 내 방식대로 한번 해보고 대사를 할 때 어떤 느낌이 드는지 확인해 보세요. 그리고 나서도 여전히 안 맞는 것 같다면 다른 방법도 시도해 볼 수 있어요.",
test.csv,그의,"#Person1#: 혹시 다른 지역도 추천해줄 수 있어요?
#Person2#: 네, 웨스트 더비를 추천할게요. 그쪽이 사무실에 더 가까울 거예요.
#Person1#: 좋네요.
#Person2#: 네, 그리고 만약 아이가 있다면, 그쪽에 좋은 학교들이 많아요.
#Person1#: 그건 괜찮아요. 저는 혼자 사니까 그냥 저렴한 원룸을 찾고 있어요. 플랫 같은 곳이요.
#Person2#: 음, 그러면 여긴 좀 어렵겠네요. 이 지역은 주로 큰 집들이 많거든요. 하지만 렌트를 원하는 사람들과 나눌 수 있는 집이 있을 수도 있어요.
#Person1#: 아니요, 저는 지금 당장은 플랫만 관심 있어요.
#Person2#: 사실 우리 남쪽 더비에 또 다른 사무실이 있는데, 그곳에서 일하는 친구가 정말 친한 친구예요. 이름이 John Godfrey예요.
#Person1#: 그의 전화번호를 좀 알려줄 수 있어요?
#Person2#: #PhoneNumber#이에요.
#Person1#: 좋아요. 그 친구에게 언제 전화하는 게 좋을까요? 일요일 10일까지 여기 있을 거예요.
#Person2#: 아마도 토요일에 만날 수 있을 거예요.
#Person1#: 그렇게 하면 되겠네요. 도움 줘서 고마워요.",
test.csv,이곳,"#Person1#: 문 바로 밖에 차가 기다리고 있어요. 이쪽으로 오세요. 
#Person2#: 네! 
#Person1#: 짐을 트렁크에 넣을게요. 뒤쪽에 타세요. 
#Person2#: 고마워요! 
#Person1#: 비행기는 어땠나요? 
#Person2#: 편안했어요, 하지만 이제 조금 피곤하네요. 
#Person1#: 10분 후면 베이징 호텔에 도착할 거예요. 도착하면 올라가서 쉬세요. 호텔 서비스가 매우 좋고 이곳에서 가장 좋은 호텔 중 하나로 여겨져요. 
#Person2#: 고마워요! 지난번에 베이징에 왔을 때 그곳에 머물렀어요. 편안하고 아름다워요. 
#Person1#: 괜찮으시다면, Mr. Wu가 저녁에 당신을 위한 연회에 초대하고 싶어하세요. 
#Person2#: 고마워요! 그러죠. 저녁은 언제, 어디에서 열리나요? 
#Person1#: 국제 호텔에서 6시입니다. 오늘 오후에 픽업하러 갈게요. 그리고 방문에 관심이 있으시면 저희가 관광도 준비할게요. 
#Person2#: 오, 좋네요. 모든 걸 준비해주셔서 감사합니다.",
test.csv,이곳,"#Person1#: 저기요, 이 지도로 북경대학이 어디에 있는지 알려주실 수 있나요?
#Person2#: 한 번 볼게요. 여기 있네요.
#Person1#: 그곳에 어떻게 가는지 알려주실 수 있나요?
#Person2#: 아쉽게도 저도 이곳 초행이라 잘 모르겠네요.
#Person1#: 아, 그래도 감사합니다.
#Person2#: 별말씀을요. 저기 경찰관에게 물어보세요.",
test.csv,이것,"#Person1#: 안녕하세요, 마실 거 뭐 드릴까요?
#Person2#: 네, 부탁드려요. 레모네이드 한 잔 주세요.
#Person1#: 전채요리도 드릴까요?
#Person2#: 바비큐 윙 하나 주문해도 될까요?
#Person1#: 물론이죠, 더 필요하신 건 없을까요?
#Person2#: 지금은 이것으로 충분해요, 고마워요.
#Person1#: 알겠습니다, 다른 음식 주문하고 싶으실 때 말씀하세요.
#Person2#: 실례합니다. 주문할 준비가 됐어요.
#Person1#: 무엇을 드릴까요?
#Person2#: 베이비백 립스 주세요.
#Person1#: 물론이죠, 다른 건 더 필요 없으세요?
#Person2#: 지금은 그게 다예요.",
test.csv,이것,"#Person1#: 어떻게 도와드릴까요?
#Person2#: 기차표를 잃어버린 것 같아요.
#Person1#: 목적지가 어디신가요?
#Person2#: 상하이로 가야 해요.
#Person1#: 좋아요. 기차가 언제 출발하나요?
#Person2#: 30분 후에 출발할 예정이에요.
#Person1#: 아, 이런. 성함이 어떻게 되시죠?
#Person2#: S M I T H입니다.
#Person1#: 그리고 여권 번호는요?
#Person2#: #PassportNumber#입니다.
#Person1#: 잠시만요... 여기에는 손님 표에 대한 정보가 없는 것 같아요.
#Person2#: 뭐 좀 해줄 수 없나요? 상하이에 제때 도착하지 못하면 아내가 저를 죽이려고 할 거예요.
#Person1#: 아, 죄송합니다, 손님. 하지만 구매 증빙이 없으세요. 새로운 표를 구매하셔야 합니다.
#Person2#: 그럼 얼마인가요?
#Person1#: 어떻게 여행하고 싶으신지에 따라 다릅니다. 소프트 슬리퍼를 원하시면 610위안이고, 하드 시트를 원하시면 100위안입니다.
#Person2#: 10시간 동안 하드 시트로 여행할 수는 없어요!
#Person1#: 그럼 소프트 슬리퍼가 더 나을 것 같네요.
#Person2#: 네, 좋아요. 지갑에 돈이 얼마 있는지 봐야겠어요.
#Person1#: ...손님?
#Person2#: 지갑이 어디 있지? 누가 제 지갑을 훔쳤어요!
#Person1#: 아마 다른 주머니에 있을지도 몰라요.
#Person2#: 맞아요. 여기 있네요. 한번 볼게요. 419.6위안이 있네요. 이것으로 충분한가요?
#Person1#: 하드 슬리퍼에는 4마오가 모자라지만 그냥 넘어가 드릴게요. 사랑을 위해서라면 뭐든지요!
#Person2#: 감사합니다. 당신은 정말 구세주예요!",
test.csv,저쪽,"#Person1#: 이 올림픽 공원 정말 크다! 
#Person2#: 맞아. 지금 우리는 이 공원의 중심인 올림픽 스타디움에 있어. 
#Person1#: 멋지다! 언제 완공될까? 
#Person2#: 전체 스타디움은 이번 6월에 완공될 예정이야. 
#Person1#: 좌석이 얼마나 되지? 
#Person2#: 음, 총 5000석이 있어. 
#Person1#: 이렇게 클 줄은 몰랐어! 
#Person2#: 그치? 저기 봐, 저게 육상 트랙이야. 그리고 저쪽이 점프 구간이야. 
#Person1#: 아... 알겠어. 이봐, 여기 표지판에 봐, 등산 금지라고 하네. 
#Person2#: 외국인 방문객들을 위해 영어 번역된 표지판도 많이 붙였어.",
test.csv,저쪽,"#Person1#: 이 파티 정말 끝내준다! 
#Person2#: 맞아. 맥주도 좋고, 음악도 좋고, 게다가 여기에 매력적인 여자들이 정말 많아!
#Person1#: 나도 동감이야. 저쪽에 있는 저 여자 좀 봐. 나 사랑에 빠진 것 같아!
#Person2#: 음, 괜찮긴 한데, 내 스타일은 아니야. 빨간 드레스 입은 금발 여자 어때?
#Person1#: 아, 저 사람은 Janice야. 막 이사 왔어. 너 금발 여자한테 끌리나 보네?
#Person2#: 응, 맞아! 그녀가 뭐든지 하라고 해도 할 것 같아!
#Person1#: 그렇겠지. 가서 말 걸어보지 그래? 진짜 착한 애야.
#Person2#: 안 될 것 같아. 여자한테 말 걸 때마다 긴장돼서 망쳐버리고, 결국 바보처럼 보인단 말이야. 게다가 저 여자는 나한테 과분해.
#Person1#: 야, 용기를 내봐! 해보지 않으면 모르는 거잖아.
#Person2#: 알겠어, 알겠어. 한 잔만 더 마시고 해볼게.
#Person1#: 좋아. 근데 빨리 움직이는 게 좋을걸.
#Person2#: 왜?
#Person1#: 다른 남자 다섯 명이 그녀를 쳐다보고 있어.
#Person2#: 알겠어, 간다!
#Person1#: 행운을 빌어!",
test.csv,저쪽,"#Person1#: 야, Rocky! 너 밤새 앉아만 있네. 저쪽 여자처럼 가서 누군가랑 춤 좀 춰봐.
#Person2#: 아, 나는 괜찮아. 저 여자 지식인 타입 같아 보여서.
#Person1#: 에이, 남자답게 굴어봐. 어떤 여자가 좋냐?
#Person2#: 난 다정하고 내 모든 필요를 채워주는 여자가 좋아. 근데 저쪽 여자는 그런 타입이 아니야.
#Person1#: 야, 세상이 변했어. 항상 구두를 닦아주고 뒤치다꺼리 해줄 여자는 절대 못 찾을 거야. 정신 차려.
#Person2#: 정말? 그런 여자를 많이 만나지만 이 파티에는 없어. 아, 그리고 집에서 요리하고, 청소하고, 아이들 보는 여자를 좋아해.
#Person1#: 알겠어, 근데 직장에서 돌아오면 네가 하는 집안일은 뭐야?
#Person2#: 음, 먹고, TV 보고, 쓰레기 버리는 거?
#Person1#: 잠깐, 잠깐, 잠깐. 이 말을 믿을 수가 없네. 사실, 넌 절대 결혼 못 할걸. 최근에 읽은 뉴스에 따르면, 40%의 여자들이 남편이 집안일을 공평하게 분배하지 않는다고 생각해. 넌 그 경우인 것 같아.
#Person2#: 그래, 그게 나야. 근데 네가 생각하는 완벽한 여자는 뭐야?
#Person1#: 음, 난 외향적이고 다정하고 사람 차별하지 않는 여자가 좋아. 그리고 자기중심적인 사람은 싫어... 아는 누구처럼.
#Person2#: 네 말치고는 괜찮네. 근데 난 생각을 안 바꿔. TV 저녁 식사와 내 개 Rusty한테 돌아가야겠어.
#Person1#: 야, 너랑 있으면 긴 외로운 밤이 되겠네. Rusty한테 안부 전해줘.",
test.csv,그날,"#Person1#: 아, 좋은 아침이에요, Ms. Ross. 들어오세요. 
#Person2#: 안녕하세요, Mr. Fisher. 만나서 반가워요. 
#Person1#: 전화 대신 직접 만나서 얘기하니 좋네요. 잘 지내세요? 
#Person2#: 네, 고마워요. 아주 잘 지내고 있어요. 
#Person1#: 앉으세요. 커피 한잔 드릴까요? 
#Person2#: 아, 네, 부탁드려요. 블랙으로요. 
#Person1#: 여기 있습니다. 
#Person2#: 감사합니다. 자, 상황이 어떻게 돼가고 있나요? 
#Person1#: 아, 나쁘지 않아요. 뉴질랜드에 지점을 열 계획이에요. 가능하면 마케팅 이사에게 알리고요! 아드님은 어때요, 이제 학교 다니기 시작했나요? 
#Person2#: 네, 이제 2학년이에요. 
#Person1#: 벌써요? 세월 참 빠르네요! 학교는 잘 다니고 있어요? 
#Person2#: 아주 좋아해요, 집에 있는 것보다 훨씬 재미있대요! 
#Person1#: 하하. 자, 이제 본격적으로 시작해볼까요? 일 얘기로 들어가죠. 
#Person2#: 네. 먼저 발표 날짜와 시간을 확인할 수 있을까요? 10월 24일 토요일 오전이죠? 정확히 몇 시에 시작하나요? 
#Person1#: 초대장에 발표는 11시에 시작해서 12시 30분까지 이어진다고 적혀 있어요. 
#Person2#: 그러면 10시부터 2시까지 방이 필요하시겠네요. 발표 전에 커피를 제공할까요? 
#Person1#: 네, 네. 그리고 끝나고 음료와 스낵도 준비해 주세요. 
#Person2#: 점심보다는 스낵 뷔페로 준비하는 게 나을까요? 
#Person1#: 아니요, 참석자들이 무료 점심을 기대하진 않을 거예요. 그건 좀 과할 것 같아요. 토요일이라 가족들과 돌아가고 싶어할 거예요. 
#Person2#: 그렇다면 평소의 점심 전 스낵 뷔페 정도 준비하셔야겠네요. 작년 2월에 했던 것과 비슷하게요. 
#Person1#: 아, 그걸로 괜찮아요. 
#Person2#: 알겠습니다. 그럼 방, 커피, 스낵 뷔페는 약속대로 15% 할인가로 청구하고, 음료는 비례해서 청구될 거예요. 
#Person1#: 괜찮아요, 좋아요. 네. 
#Person2#: 어떤 장비나 가구가 필요하세요? 
#Person1#: 음... 그럼, 다섯 개의 테이블이 필요할 것 같아요. 전시용으로요. 스탠드는 저희가 따로 가져올게요. 아마도 방에 오버헤드 프로젝터와 음향 시스템이 있을 거죠? 저희가 가기 전에 누군가가 작동 상태를 확인해 줄 수 있을까요? 
#Person2#: 아, 물론이죠. 기술자가 준비 시점에 함께 있을 거예요. 아, 그 방 의자에는 플랩오버 책상 상단이 있는데, 괜찮으신가요? 
#Person1#: 네, 네, 괜찮아요, 물론요. 
#Person2#: 초대장을 보내셨다고 하셨는데, 몇 명이 오실 것 같나요? 아시겠지만 방의 수용 인원이 약 50명인데, 40명이 가장 이상적이에요. 
#Person1#: 네, 몇 명이 올지는 직전까지 알기 힘들 거예요. 
#Person2#: 목요일까지는 확실히 알려주실 수 있나요? 
#Person1#: 음... 아니요. 하지만 대략적인 추정치를 드릴 수 있을 거고, 그 숫자를 기준으로 예산을 짤게요. 초대장은 100장을 보냈어요... 
#Person2#: 100장이나요?! 
#Person1#: 네, 이론적으로는 200명이 올 수 있다는 뜻이죠. 
#Person2#: 네, 하지만 방이... 
#Person1#: 물론, 하하... 30명 정도밖에 오지 않을 것 같아요. 
#Person2#: 그럼 만약 많은 사람이 오면요? 그날은 이 방밖에 없어요. 연회장에는 결혼 피로연이 있어서... 
#Person1#: 그렇다면, 저는...",
test.csv,그날,"#Person1#: 자기야! 정말 깜짝 놀랄 소식이 있어! 내 친구 Julie랑 Alex가 결혼한대!
#Person2#: 와, 정말 좋은 소식이네! 그 두 사람 정말 잘 어울려!
#Person1#: 맞아! 근데 방금 Alex의 들러리랑 얘기했는데 그 친구가 총각 파티를 준비한대. 정말 재미있을 거야! 신랑 들러리들이 그날 밤에 할 별난 일들 생각해내느라 난리야.
#Person2#: 설마 스트립 클럽 가는 건 아니지? 친구 파티라고 핑계 대면서 스트리퍼한테 무릎춤 받는 건 싫어.
#Person1#: 에이, 그냥 재미로 하는 거잖아! 이런 거 어떻게 돌아가는지 알잖아! 술게임하고, 신랑에게 장난 선물도 좀 주고 그냥 잘 놀다 올 거야. 너무 과하지 않을 거야.
#Person2#: 글쎄, 잘 모르겠어.
#Person1#: 아, 진짜! 당신 친구들 중 누가 결혼한다고 하면 나는 당신이 그녀의 여자 파티에 가는 걸 신경 안 쓸 거야!
#Person2#: 잘 됐네, 내 친구 Wendy도 결혼하게 됐거든, 그래서 내가 그녀의 파티를 준비 중이야!",
test.csv,그날,"#Person1#: 9-11 테러 공격이 있던 날, 어디에 있었는지 기억나요?
#Person2#: 네, 저는 베이징에 있는 제 아파트에 있었어요. 당신은 어디에 있었어요?
#Person1#: 저는 뉴욕 시에 있는 부모님 댁에 있었어요.
#Person2#: 정말요? 납치된 비행기가 쌍둥이 빌딩에 충돌하는 걸 직접 봤나요?
#Person1#: 그 충돌 자체는 보지 못했지만, 부모님 아파트 건물에서 연기 같은 걸 봤어요.
#Person2#: 정말 끔찍했겠네요. 그날 밖에 나가서 상황을 보셨나요?
#Person1#: 아니요, 아파트에 머물렀어요. 버스도 안 다니고, 지하철도 멈추어서 많은 사람들이 걸어서 집에 갔어요. 정말 혼란스러웠어요.
#Person2#: 세계 무역 센터에 아는 사람이 있었나요?
#Person1#: 네, 삼촌 회사가 그 빌딩 중 하나에 있었어요.
#Person2#: 살아남으셨나요?
#Person1#: 불행히도 시간 내에 대피하지 못했어요. 결국 그 빌딩에서 돌아가셨어요.
#Person2#: 정말 죄송해요. 당신과 가족에게 끔찍한 날이었겠네요.
#Person1#: 맞아요. 납치범들은 생명에 대한 존중이 전혀 없었어요, 그들 자신의 목숨도 마찬가지였고요.
#Person2#: 테러 행위는 계획적이고 치명적이며 모든 사람의 삶에 영향을 미칠 수 있죠.",
test.csv,저번,"#Person1#: 아니, 아니야, 지난주에 내가 컴퓨터 도움 받았잖아. 이번에는 내가 보답할게. 
#Person2#: 아니야, 이번엔 내가 대접할 차례야... 저번엔 네가 냈잖아! 
#Person1#: 아, 그건 그냥 간단히 뭐 먹은 거라서... 그건 셈 안 해도 돼! 
#Person2#: 알겠어, 알겠어, 그럼 우리 그냥 각자 내는 걸로 할까? 그걸로 끝내자. 나 여기 아직 초보라서 그러는데, 네가 식당 찾으면 안 될까? 
#Person1#: 그래... 괜찮아.",
test.csv,저번,"#Person1#: Mike, 여기 와 봐. 
#Person2#: 엄마, 가고 있어요. 엄청 바쁘신 것 같은데, 오늘 오후에 누가 오시나요? 
#Person1#: 응, 내 친구들이 오늘 오후에 올 거야. 준비할 게 아직 많아. 
#Person2#: 도와드릴 게 있을까요? 
#Person1#: 물론이지. 음료수를 좀 사와야 해. 커피, 물, 과일 주스, 콜라 좀 사오면 좋겠어. 
#Person2#: 제가 과일 주스랑 콜라 사오고, 커피도 만들게요. 
#Person1#: 커피 만들 줄 알아? 
#Person2#: 네, 저번 주에 Mary랑 저랑 Joan 이모 댁에 갔을 때 배웠어요. 이제 정말 맛있게 만들 수 있어요. 
#Person1#: 좋구나, Mike. 설탕 사오는 거 잊지 마. 
#Person2#: 알겠어요. 그런데 엄마 친구들 언제 오세요? 벌써 5시인데요. 
#Person1#: 한 시간 후에 도착할 거야. 
#Person2#: 알겠습니다. 과일도 좀 살까요? 사과나 바나나 같은 거요? 
#Person1#: 아, 그래. 바나나는 조금 남아 있으니까 사과만 좀 사와.",
test.csv,저번,"#Person1#: 점심 먹으러 버거 퀸에 가자. 그곳 치즈버거가 맛있어. 
#Person2#: 좋아. 나도 배고파. 거기 밀크셰이크도 좋아해. 정말 부드럽고 맛있잖아. 
#Person1#: 저 긴 줄 좀 봐, 치즈버거 하나 먹으려고 항상 사람들이 줄을 서 있네. 정말 맛있나 봐. 
#Person2#: 응. 하지만, 이 말은 우리가 음식 주문하려면 기다려야 한다는 거지. 
#Person1#: 아, 기다릴 만한 가치가 있어. 그곳 치즈버거 정말 인기 많아. 한 번 먹어보면 반할 걸. 
#Person2#: 음, 진짜 매력적이네. 저번에 거기 바닐라 밀크셰이크 먹어봤는데 진짜 맛있었어. 
#Person1#: 맞아, 거기 감자튀김도 좋아. 아주 두껍지는 않지만 바삭바삭해. 마요네즈 소스랑 먹어봐. 벨기에 스타일이야. 너도 좋아할 거야. 
#Person2#: 좋아, 이제 점심 뭐 먹을지 알겠어. 그런데 너무 튀긴 음식을 많이 먹으면 정말 살찔 거야. 
#Person1#: 아, 가끔 한 번 먹는 거잖아, 매일 먹는 것도 아니고. 별로 안 해로워. 
#Person2#: 맞아. 지금 내 배에서 꼬르륵 소리 들리지? 정말 배고프다! 
#Person1#: 인내심 좀 가져. 좋은 음식은 빨리 오지 않아. 
#Person2#: 알았어!",
test.csv,이쪽,"#Person1#: 문 바로 밖에 차가 기다리고 있어요. 이쪽으로 오세요. 
#Person2#: 네! 
#Person1#: 짐을 트렁크에 넣을게요. 뒤쪽에 타세요. 
#Person2#: 고마워요! 
#Person1#: 비행기는 어땠나요? 
#Person2#: 편안했어요, 하지만 이제 조금 피곤하네요. 
#Person1#: 10분 후면 베이징 호텔에 도착할 거예요. 도착하면 올라가서 쉬세요. 호텔 서비스가 매우 좋고 이곳에서 가장 좋은 호텔 중 하나로 여겨져요. 
#Person2#: 고마워요! 지난번에 베이징에 왔을 때 그곳에 머물렀어요. 편안하고 아름다워요. 
#Person1#: 괜찮으시다면, Mr. Wu가 저녁에 당신을 위한 연회에 초대하고 싶어하세요. 
#Person2#: 고마워요! 그러죠. 저녁은 언제, 어디에서 열리나요? 
#Person1#: 국제 호텔에서 6시입니다. 오늘 오후에 픽업하러 갈게요. 그리고 방문에 관심이 있으시면 저희가 관광도 준비할게요. 
#Person2#: 오, 좋네요. 모든 걸 준비해주셔서 감사합니다.",
test.csv,이쪽,"#Person1#: 저기요. 여기가 처음이라 길을 잃었어요.
#Person2#: 제가 도와드릴까요?
#Person1#: 네, 좋아요. 이쪽으로 가면 중앙 백화점에 갈 수 있나요?
#Person2#: 음... 네. 오른쪽으로 돌아서 두 번째 나오는 길에서 왼쪽으로 가세요.
#Person1#: 많이 먼가요?
#Person2#: 한 15분 정도 걸려요. 그게 다예요.
#Person1#: 그리고 혹시 국가 은행이 어딘지 아세요?
#Person2#: 네. 이 거리 쭉 따라가세요. 두 블록 정도 가면 오른쪽 모퉁이에 있어요.
#Person1#: 정말 감사합니다.
#Person2#: 천만에요. 행운을 빌어요.
#Person1#: 고맙습니다. 이제 놓치지 않을 거예요.",
test.csv,이쪽,"#Person1#: 베이징 맛집에 오신 것을 환영합니다. 무엇을 도와드릴까요?
#Person2#: 창가 쪽 테이블로 안내해 주시겠어요?
#Person1#: 죄송하지만 창가 쪽은 모두 만석이고, 중앙에 있는 테이블만 가능합니다.
#Person2#: 중앙이요? 알겠습니다.
#Person1#: 이쪽으로 오세요.
#Person2#: 감사합니다.
#Person1#: 여기 메뉴입니다. 주문하시겠어요?
#Person2#: 네, 닭고기, 생선, 야채 좀, 콜라 두 잔, 밥 두 그릇 주세요.
#Person1#: 그게 전부인가요? 베이징 덕이 있는데 아주 맛있어요. 드셔보시겠어요?
#Person2#: 좋아요.
#Person1#: 알겠습니다. 음식 바로 준비해드릴게요.
#Person2#: 아니요, 아니요! 친구를 기다려야 해요. 20분 뒤에 음식 준비해 주세요.
#Person1#: 문제없습니다.",
test.csv,저거,"#Person1#: 오늘 날씨 정말 좋지 않아?
#Person2#: 응, 오늘 날씨 정말 좋네.
#Person1#: 난 이런 날씨가 정말 좋아. 우리 밖에서 점심 먹는 거 어때?
#Person2#: 좋은 생각 같아. 하늘도 맑고, 햇볕도 쨍쨍하고 시원한 바람까지 부니까 너무 덥지도 않아서 딱 좋아.
#Person1#: 콜로라도에서 계절이 바뀌던 때가 정말 그리워. 하지만 오늘 정말 멋진 봄날인 건 인정해야겠어.
#Person2#: 어, 저쪽 그늘진 곳이 정말 편안해 보인다.
#Person1#: 그래. 어, 저기 저 구름 좀 봐? 저거 먹구름 아니야? 비 올 것 같아?
#Person2#: 아닌 것 같아. 어젯밤에 일기예보를 봤는데, 하루 종일 괜찮을 거라고 했어.
#Person1#: 날씨가 계속 좋다면, 이번 주말에 해변에 가는 것도 괜찮을 것 같아. 해를 제대로 쬔 지 꽤 됐거든.",
test.csv,저건,"#Person1#: Adam, 학교 좀 안내해줄 수 있어?
#Person2#: 물론이지.
#Person1#: 제일 높은 건물은 뭐야?
#Person2#: 운동장 근처에 있는 하얀 건물 말이야?
#Person1#: 응.
#Person2#: 저건 도서관이야. 그리고 1,000,000권 이상의 책이 있어.
#Person1#: 도서관 남쪽에 있는 건물은 뭐야?
#Person2#: 우리 학교는 중학교와 고등학교 두 부분으로 나뉘어 있어. 저건 새로 지은 고등학교 교실 건물이야.
#Person1#: 학교에 수영장도 있어?
#Person2#: 응, 큰 수영장이 하나 있어. 그런데 여름에만 개방돼.
#Person1#: 정말 부럽다. 나도 언젠가 너희 학교에 다닐 수 있으면 좋겠어.
#Person2#: 네 꿈은 이루어질 거야.",
test.csv,저건,"#Person1#: 저기요. 부스에 있는 두 전화기가 달라서 헷갈리는데, 어떻게 사용하는지 알려주실 수 있나요?
#Person2#: 한번 볼게요. 아, 맞아요. 이건 IC 전화기고, 저건 동전 전화기예요. IC 카드가 있으면 이 슬롯에 넣고, 작은 화면에 신호가 나타나면 통화할 사람의 번호를 누르면 돼요.
#Person1#: 아, 그렇군요. 그럼 다른 건 어떻게 사용하죠?
#Person2#: 우선 수화기를 들고 신호를 기다린 후, 번호를 누르고, 동전을 투입구에 넣은 후 '말하기' 버튼을 누르세요. 그러면 통화가 가능해요.
#Person1#: 꽤 쉬운 것 같네요. 둘 다 사용해볼게요.",
test.csv,저게,"#Person1#: 이 올림픽 공원 정말 크다! 
#Person2#: 맞아. 지금 우리는 이 공원의 중심인 올림픽 스타디움에 있어. 
#Person1#: 멋지다! 언제 완공될까? 
#Person2#: 전체 스타디움은 이번 6월에 완공될 예정이야. 
#Person1#: 좌석이 얼마나 되지? 
#Person2#: 음, 총 5000석이 있어. 
#Person1#: 이렇게 클 줄은 몰랐어! 
#Person2#: 그치? 저기 봐, 저게 육상 트랙이야. 그리고 저쪽이 점프 구간이야. 
#Person1#: 아... 알겠어. 이봐, 여기 표지판에 봐, 등산 금지라고 하네. 
#Person2#: 외국인 방문객들을 위해 영어 번역된 표지판도 많이 붙였어.",
test.csv,저게,"#Person1#: 안녕하세요, 조금 헤매시는 것 같은데요. 여기 처음이세요? 
#Person2#: 네, 어떻게 아셨어요? 
#Person1#: 처음 오신 분들은 금방 알아볼 수 있거든요. 필요하시면 몇 가지 팁을 드릴게요. 이 기계 사용해보고 싶으신가요? 
#Person2#: 네! 오늘 처음 훈련을 시작했는데 어디서 시작해야 할지 모르겠어요. 
#Person1#: 괜찮아요, 누구나 처음엔 다 그렇죠. 이 기계는 주로 상체를 운동하는 데 쓰이고, 삼두근과 이두근에 효과적이에요. 힘을 키우고 싶으신가요, 아니면 근육의 선명도를 원하세요? 
#Person2#: 음, 당신처럼 근육이 불룩하게 되고 싶진 않아요! 그냥 웨이트랑 유산소 운동으로 좋은 체형을 갖고 싶어요. 
#Person1#: 그렇다면 더 가벼운 무게로 시작하는 게 좋겠네요. 10에서 15회 반복으로 4세트를 해보세요. 5킬로면 충분할 거예요. 철봉 운동 전에 스트레칭 꼭 하셔야 해요, 안 그러면 근육이 다칠 수 있어요. 
#Person2#: 알겠어요! 와, 저게 당신이 드는 무게예요? 진짜 많이 드시네요! 
#Person1#: 그렇게 많지 않아요. 그냥 보세요... 전 괜찮아요...",
test.csv,저게,"#Person1#: 앞에 보이는 저 탑 봤어? 저게 유명한 에펠탑이야. 1889년에 만국박람회를 위해 지어졌어.
#Person2#: 이 건물 높이는 얼마나 돼?
#Person1#: 높이가 320미터 (1050피트)로, 1930년까지 세계에서 가장 높은 구조물의 기록을 가지고 있었어.
#Person2#: 이름이 누군가와 관련 있다고 들었는데, 맞아?
#Person1#: 맞아, 이 탑은 설계자인 구스타브 에펠의 이름을 따서 지은 거야.",
test.csv,그림,"#Person1#: 내 삶을 어떻게 조정해야 할지 모르겠어. 조언 좀 해줄래?
#Person2#: 너 좀 창백해 보여.
#Person1#: 응, 매일 밤 잠을 잘 못 자.
#Person2#: 충분히 자야 해.
#Person1#: 와인을 많이 마셔.
#Person2#: 내가 너라면 그렇게 많이 마시지 않을 거야.
#Person1#: 자주 너무 피곤해.
#Person2#: 매일 아침 운동 좀 해봐.
#Person1#: 가끔 죽음의 그림자가 앞에 있는 것 같아.
#Person2#: 왜 미래를 걱정해? 너는 아주 젊고, 세상에 큰 기여를 할 거야. 내 조언을 받아들였으면 좋겠어.",
test.csv,그림,"#Person1#: 시스템 업그레이드를 고려해본 적 있어요?
#Person2#: 네, 하지만 정확히 무엇이 필요한지 잘 모르겠어요.
#Person1#: 소프트웨어에 그림 그리기 프로그램을 추가하는 것을 고려해보세요. 그러면 광고용 전단지와 배너를 직접 만들 수 있을 거예요.
#Person2#: 그거 정말 좋네요.
#Person1#: 하드웨어도 좀 업그레이드해야 할 것 같아요. 지금 꽤 오래됐거든요.
#Person2#: 그걸 어떻게 할 수 있죠?
#Person1#: 우선 빠른 프로세서가 필요할 거예요. 그리고 더 강력한 하드 디스크, 더 많은 메모리와 더 빠른 모뎀도 필요하죠. CD-ROM 드라이브는 가지고 있나요?
#Person2#: 아니요.
#Person1#: 그럼 CD-ROM 드라이브도 추가해야 할 것 같아요. 대부분의 새로운 소프트웨어가 CD로 나오고 있거든요.
#Person2#: 그거 정말 좋네요. 감사합니다.",
test.csv,그림,"#Person1#: 저기요, 길을 잃었어요. 이 지도에서 제가 어디 있는지 좀 알려주실 수 있나요?
#Person2#: 음, 잠시만요. 아, 여기 보세요. 올림픽 공원 바로 근처에 계시네요.
#Person1#: 다행이에요! 오늘 정말 안 풀리네요. 제가 방향 감각이 별로 없거든요.
#Person2#: 여기 처음 오신 거예요? 어디로 가시려는 건가요?
#Person1#: 유이창에 가야 해요.
#Person2#: 아, 거기 중국 골동품 가게들이 많죠. 그림도 있고요. 이런 것들에 관심 있으신가요?
#Person1#: 네, 관심 있어요. 어떻게 가는지 알려주실 수 있나요?
#Person2#: 여기서 꽤 멀어요. 713번 버스를 타셔야 할 것 같아요.",
test.csv,저 ,"#Person1#: 이 스트립을 잡아당기면 돼. 그리고 뒷면을 떼어내면 돼. 
#Person2#: 이렇게 하면 적이 많이 생길지도 몰라. 
#Person1#: 이게 재밌다고 생각하지 않으면, 우리 친구가 될 자격이 없는 거야. 
#Person2#: 네 친구 말이지. 난 좀 잔인하다고 생각해. 
#Person1#: 그래도 재밌잖아. 저 두 명의 못생긴 할머니들 좀 봐... 아니, 할아버지들인가? 
#Person2#: 빨리! 사진 찍어! ... 넘겨줘! 
#Person1#: 네가 이렇게 나올 줄 알았어...",
test.csv,저 ,"#Person1#: 그럼 이만, Mrs. Todd. 아내가 쇼핑 가자고 기다리고 있어요.
#Person2#: 이해해요. 주말엔 할 일이 많죠, 특히 둘 다 일하고 아이들이 어리면 더 그렇잖아요.
#Person1#: 맞아요. 아내랑 당신 댁에 한번 들러야겠다 얘기했어요. 그래서 정원에서 보이길래 인사나 하려고 왔어요.
#Person2#: 잘했어요. 사실 이사 오셨으니 제가 먼저 찾아갔어야 했는데.
#Person1#: 혹시 가게에서 필요한 거라도 있어요?
#Person2#: 아니요, 그래도 고마워요. 일부러 와줘서 고맙고요.
#Person1#: 아니에요. 저도 좋았어요.",
test.csv,저 ,"#Person1#: 저기요. 시청 가는 길 좀 알려주시겠어요?
#Person2#: 네. 다음 코너까지 가셔서 센터 스트리트로 좌회전하세요. 세 블록 걸어서 세컨드 애비뉴까지 가신 다음 우회전하세요. 두 블록 더 걸어가면 왼쪽에 시청이 보일 거예요.
#Person1#: 죄송해요. 잘 못 들었어요. 다시 한 번 말씀해 주실 수 있나요?
#Person2#: 알겠어요. 먼저 다음 코너로 가셔서 센터 스트리트로 좌회전하세요.
#Person1#: 네.
#Person2#: 그런 다음 세 블록 걸어서 세컨드 애비뉴까지 가신 다음 우회전하세요. 여기까지 이해되시나요?
#Person1#: 네, 따라가고 있어요.
#Person2#: 이제 두 블록 더 걸어가면 왼쪽에 시청이 보일 거예요. 다 이해하셨나요?
#Person1#: 네, 이제 알겠습니다. 정말 감사합니다.",
test.csv,이블,"#Person1#: 아, 좋은 아침이에요, Ms. Ross. 들어오세요. 
#Person2#: 안녕하세요, Mr. Fisher. 만나서 반가워요. 
#Person1#: 전화 대신 직접 만나서 얘기하니 좋네요. 잘 지내세요? 
#Person2#: 네, 고마워요. 아주 잘 지내고 있어요. 
#Person1#: 앉으세요. 커피 한잔 드릴까요? 
#Person2#: 아, 네, 부탁드려요. 블랙으로요. 
#Person1#: 여기 있습니다. 
#Person2#: 감사합니다. 자, 상황이 어떻게 돼가고 있나요? 
#Person1#: 아, 나쁘지 않아요. 뉴질랜드에 지점을 열 계획이에요. 가능하면 마케팅 이사에게 알리고요! 아드님은 어때요, 이제 학교 다니기 시작했나요? 
#Person2#: 네, 이제 2학년이에요. 
#Person1#: 벌써요? 세월 참 빠르네요! 학교는 잘 다니고 있어요? 
#Person2#: 아주 좋아해요, 집에 있는 것보다 훨씬 재미있대요! 
#Person1#: 하하. 자, 이제 본격적으로 시작해볼까요? 일 얘기로 들어가죠. 
#Person2#: 네. 먼저 발표 날짜와 시간을 확인할 수 있을까요? 10월 24일 토요일 오전이죠? 정확히 몇 시에 시작하나요? 
#Person1#: 초대장에 발표는 11시에 시작해서 12시 30분까지 이어진다고 적혀 있어요. 
#Person2#: 그러면 10시부터 2시까지 방이 필요하시겠네요. 발표 전에 커피를 제공할까요? 
#Person1#: 네, 네. 그리고 끝나고 음료와 스낵도 준비해 주세요. 
#Person2#: 점심보다는 스낵 뷔페로 준비하는 게 나을까요? 
#Person1#: 아니요, 참석자들이 무료 점심을 기대하진 않을 거예요. 그건 좀 과할 것 같아요. 토요일이라 가족들과 돌아가고 싶어할 거예요. 
#Person2#: 그렇다면 평소의 점심 전 스낵 뷔페 정도 준비하셔야겠네요. 작년 2월에 했던 것과 비슷하게요. 
#Person1#: 아, 그걸로 괜찮아요. 
#Person2#: 알겠습니다. 그럼 방, 커피, 스낵 뷔페는 약속대로 15% 할인가로 청구하고, 음료는 비례해서 청구될 거예요. 
#Person1#: 괜찮아요, 좋아요. 네. 
#Person2#: 어떤 장비나 가구가 필요하세요? 
#Person1#: 음... 그럼, 다섯 개의 테이블이 필요할 것 같아요. 전시용으로요. 스탠드는 저희가 따로 가져올게요. 아마도 방에 오버헤드 프로젝터와 음향 시스템이 있을 거죠? 저희가 가기 전에 누군가가 작동 상태를 확인해 줄 수 있을까요? 
#Person2#: 아, 물론이죠. 기술자가 준비 시점에 함께 있을 거예요. 아, 그 방 의자에는 플랩오버 책상 상단이 있는데, 괜찮으신가요? 
#Person1#: 네, 네, 괜찮아요, 물론요. 
#Person2#: 초대장을 보내셨다고 하셨는데, 몇 명이 오실 것 같나요? 아시겠지만 방의 수용 인원이 약 50명인데, 40명이 가장 이상적이에요. 
#Person1#: 네, 몇 명이 올지는 직전까지 알기 힘들 거예요. 
#Person2#: 목요일까지는 확실히 알려주실 수 있나요? 
#Person1#: 음... 아니요. 하지만 대략적인 추정치를 드릴 수 있을 거고, 그 숫자를 기준으로 예산을 짤게요. 초대장은 100장을 보냈어요... 
#Person2#: 100장이나요?! 
#Person1#: 네, 이론적으로는 200명이 올 수 있다는 뜻이죠. 
#Person2#: 네, 하지만 방이... 
#Person1#: 물론, 하하... 30명 정도밖에 오지 않을 것 같아요. 
#Person2#: 그럼 만약 많은 사람이 오면요? 그날은 이 방밖에 없어요. 연회장에는 결혼 피로연이 있어서... 
#Person1#: 그렇다면, 저는...",
test.csv,이블,"#Person1#: 중국 연회에 초대된 적 있어요?
#Person2#: 물론이죠. 베이징 사람들은 그들의 따뜻함과 환대가 유명해요.
#Person1#: 당신이 보기에, 중국에서 식사하는 게 독특한 경험인가요? 당신의 고향과 얼마나 다른가요?
#Person2#: 우선, 젓가락을 써야 해요.
#Person1#: 그런데 지금은 꽤 능숙하게 보이네요.
#Person2#: 그렇죠. 결국 여기서 2년이나 있었으니까요. 외국인이 중국 식기류에 익숙해지는 건 어렵지 않아요. 하지만 중국 식탁에서 어떻게 행동해야 할지에 대해서는 여전히 좀 헷갈려요.
#Person1#: 네, 테이블 예절이죠. 외국인들은 말해주지 않으면 전혀 모를 규칙이 많더라고요. 서양인들에겐 좀 어색하거나 무례해 보일 수도 있는 행동들이 중국에서는 일상이죠. 저기! 당신 젓가락, 조심하세요! 젓가락을 밥그릇에 꽂아서는 안 돼요!
#Person2#: 왜 그런 거죠?
#Person1#: 젓가락을 그릇이나 접시에 가로 놓아야 했어요. 그건 죽은 사람에게 바치는 향 두 개를 닮아서 아주 불길해요. 함께 있는 사람들을 당황하게 할 수 있죠.
#Person2#: 아, 죄송해요! 젓가락에도 이렇게 긴 이야기가 있다니 신기하네요.",
test.csv,이블,"#Person1#: 죄송하지만, 어떤 음식을 드시겠어요? 중국 음식이랑 양식 중에서요?
#Person2#: 중국 음식 먹을게요.
#Person1#: 여기서 드실 건가요, 아니면 포장하시겠어요?
#Person2#: 여기서 먹을게요.
#Person1#: 앞쪽 테이블에 앉으시면 더 편하게 드실 수 있어요.
#Person2#: 아, 고마워요. 정말 친절하시네요.
#Person1#: 도와드릴 수 있어서 저도 기쁩니다. 음료는 무엇으로 하시겠어요? 우유, 차, 커피, 오렌지 주스, 아니면 얼음물 드시겠어요?
#Person2#: 혹시 두유 있나요? 한 컵 주세요.
#Person1#: 네, 여기 있습니다. 맛있게 드세요.
#Person2#: 정말 고맙습니다. 아, 저기요. 밸류 밀 두 개 추가할 수 있을까요? 그리고 고추장 좀 부탁드려요.
#Person1#: 네, 맛있게 드세요.
#Person2#: 아, 번거롭게 해서 죄송한데, 이 고기가 어떤 종류인지 궁금하네요.
#Person1#: 소고기입니다. 괜찮으세요?
#Person2#: 괜찮아요. 감사합니다.
#Person1#: 천만에요. 도움이 필요하시면 그 버튼을 눌러 주세요.
#Person2#: 네, 알겠습니다.",
test.csv,이웃,"#Person1#: 사라, 이사 갈 생각 해본 적 있어? 
#Person2#: 생각해봤는데, 지금은 남편이랑 저랑 그럴 여유가 없어. 
#Person1#: 회사 근처에 집을 사는 게 비쌀 수 있는데, 더 저렴한 집을 찾는 방법도 있어. 
#Person2#: 어떤 방법인데? 
#Person1#: 도시 중심에서 좀 떨어진 곳에 집을 사면 돈을 아낄 수 있지. 
#Person2#: 좋은 생각이네. 
#Person1#: 내 시누이랑 그녀의 남편도 그렇게 집을 샀어. 그리고 꽤 만족하고 있어. 
#Person2#: 그 집 상태는 안 좋았어? 
#Person1#: 전혀 아니야, 그 집을 소유한 여자가 친구에게서 사서 잘 관리했어. 그런데 그녀가 돌아가셨을 때 가족도 없었고 유언장도 없어서 정부가 그 집을 팔아야 했어. 
#Person2#: 집이 아주 오래된 거였어? 
#Person1#: 응, 한 50년 정도 됐지. 몇 가지 수리가 필요하긴 했지만 돈이나 시간이 많이 들진 않았어. 
#Person2#: 위치는 괜찮아? 
#Person1#: 저녁에는 약간 위험할 수도 있지만 이웃끼리 서로 잘 챙겨줘서 괜찮아.",
test.csv,이웃,"#Person1#: 오늘 날씨 정말 좋지 않아?
#Person2#: 맞아, 오늘 아침에 나랑 같은 건물에 사는 여자를 만났어. 정말 괜찮은 사람인 것 같아.
#Person1#: 그 사람 미국인이야?
#Person2#: 응, 중요한 건 아직 솔로래! 처음 봤을 때 딱 알았어, 내가 꿈꾸던 여자야!
#Person1#: 그러면 둘이 잘 맞는 것 같네? 같은 이웃이라 사귀기 편할 것 같기도 한데, 혹시 헤어지면 어떡해?
#Person2#: 그런 건 걱정 안 해. 시작도 하기 전에 그런 생각은 하고 싶지 않아. 게다가 미국 남자 두 명도 그 여자한테 반한 것 같아.
#Person1#: 경쟁이 좀 있는 것 같네. 벌써 움직였어?
#Person2#: 아직은 아니야. 하지만 곧 저녁에 초대할까 생각 중이야. 근처에 괜찮은 식당 몇 군데 알아.
#Person1#: 괜찮네. 여기 좀 오래 있었으니까 그게 장점이 되겠다, 그치?
#Person2#: 맞아. 네가 그렇다고 하니까, 지금 바로 그녀에게 전화해서 오늘 저녁 시간 있는지 물어봐야겠어.
#Person1#: 행운을 빌어!
#Person2#: 고마워!",
test.csv,이웃,"#Person1#: 여보세요. 세입자 권리 옹호 센터입니다. 
#Person2#: 여보세요. 저는 집주인과 문제가 있어요. 집주인은 좋은 사람인데, 수리 비용 문제로 합의가 잘 안 돼요.
#Person1#: 수리를 하려고 하지 않는 건가요?
#Person2#: 안 하려는 건 아니고, 그냥 너무 오래 걸려요. 처음 이사 왔을 때 히터가 고장 났었는데 고치는 데 3개월이나 걸렸어요. 그리고 지난달에 제 서른 번째 생일이었어요. 친구들이 깜짝 파티를 열어줬는데, 음식도 아주 많고 맥주도 많이 들고 왔죠, 심지어 밴드까지 불러왔어요. 파티가 밤새도록 계속됐죠.
#Person1#: 그래서 이웃들이 소음 때문에 불만을 제기했군요.
#Person2#: 아니요, 건물에 있는 모든 사람들이 다 왔어요. 정말 멋진 파티였어요. 불행하게도, 몇몇 사람들이 거실 창문을 실수로 깨뜨렸어요. 다음 날, 수리공을 불러 창문을 고치고, 이미 온 김에 2개월 넘게 집주인에게 불만을 제기하던 고장 난 세탁기도 고쳤죠. 그리고 지난주에 집세 보냈는데, 수리 비용은 포함하지 않았어요. 그런데 오늘 아침에 집주인이 화가 나서 전화를 걸어 수리 비용은 절대 지불하지 않겠다고 했어요. 공평하지 않죠. 어떻게 해야 할까요?",
test.csv,그땐,"#Person1#: 안녕하세요! 당신을 만나려고 했어요. 내일 오전에 바쁘신가요?
#Person2#: 잠시만요... 수요일 오전이죠. 네, 오전 내내 꽉 차 있어요. 무슨 일이세요?
#Person1#: 내년 판매 예측에 대해 얘기하고 싶었어요. 당신이 설정해준 스프레드시트를 사용하는 게 조금 어려워서요. 수식이 너무 복잡하네요.
#Person2#: 설명해 드릴 수 있어요. 한 30분 정도면 될 것 같아요. 금요일 오후는 어때요?
#Person1#: 아, 미안해요, 금요일은 종일 어려울 것 같아요. 다음 주에 해야겠네요. 그땐 시간이 많아요.
#Person2#: 좋아요. 다음 주 화요일 오후 2시 30분에 만날까요?
#Person1#: 네, 괜찮아요. 제가 당신의 사무실로 가서 매크로 설정하신 것을 보여주세요.",
test.csv,그중,"#Person1#: 안녕하세요, 무엇을 도와드릴까요?
#Person2#: 네, 운전 강좌에 대해 알고 싶어요.
#Person1#: 저희는 여름에 집중 코스가 있어요. 관심 있으신가요?
#Person2#: 아니요, 저는 주말에만 시간이 있어요.
#Person1#: 그러면 주말 코스가 있습니다. 코스는 매주 토요일과 일요일 아침 8시에 시작됩니다.
#Person2#: 괜찮네요. 강사님들은 어떤가요?
#Person1#: 저희는 아주 훌륭한 강사님들이 계시고, 그중 일부는 20년 동안 가르치고 계십니다.
#Person2#: 좋네요. 하루에 몇 시간씩 훈련을 받나요?
#Person1#: 오전 3시간, 오후 2시간으로 오후 6시에 끝납니다.
#Person2#: 훈련 차량은 몇 명이 함께 사용하나요?
#Person1#: 보통 3명이고 차마다 2명의 강사님이 계십니다.
#Person2#: 아주 좋네요. 훈련을 더 많이 받을 수 있겠어요. 감사합니다.
#Person1#: 천만에요.",
test.csv,그중,"#Person1#: 아이들 모두 휴양 캠프가 즐거웠나요, 아니면 집이 그리웠나요?
#Person2#: 글쎄요, 사실 조금 어린 아이들 중 일부는 처음으로 혼자 떨어져 본 적이 없어서, 다른 아이들을 잘 몰라서 조금 힘들어했어요. 그런데 금방 적응하더라고요. 마지막 날쯤 되니까 너무 재밌게 지내서 집에 가기 싫어하더라고요.
#Person1#: 어떤 활동들을 했나요?
#Person2#: 음, 몇몇 견학이 있었어요. 그중 하나가 성 방문이었는데, 첫날에 그걸 했어요. 사실 애들은 집사가 진행하는 투어를 지루해할 거라고 생각했지만, 전혀 아니었어요. 안내인이 정말 재미있었고, 에든버러의 흥미로운 이야기들을 들려주면서 성의 역사를 생생하게 전해줬어요.
#Person1#: 상상이 가네요. 어떤 스포츠 활동을 했나요?
#Person2#: 요트, 등반, 승마 같은 것들이 있었고, 마지막 날에는 바비큐 파티를 했어요. 아이들이 무척 즐거워하더라고요. 모두 내년에 다시 만나기로 약속했어요.",
test.csv,저,"#Person1#: 이 올림픽 공원 정말 크다! 
#Person2#: 맞아. 지금 우리는 이 공원의 중심인 올림픽 스타디움에 있어. 
#Person1#: 멋지다! 언제 완공될까? 
#Person2#: 전체 스타디움은 이번 6월에 완공될 예정이야. 
#Person1#: 좌석이 얼마나 되지? 
#Person2#: 음, 총 5000석이 있어. 
#Person1#: 이렇게 클 줄은 몰랐어! 
#Person2#: 그치? 저기 봐, 저게 육상 트랙이야. 그리고 저쪽이 점프 구간이야. 
#Person1#: 아... 알겠어. 이봐, 여기 표지판에 봐, 등산 금지라고 하네. 
#Person2#: 외국인 방문객들을 위해 영어 번역된 표지판도 많이 붙였어.",
test.csv,저,"#Person1#: 안녕하세요. 무엇을 도와드릴까요?
#Person2#: 저는 309호에 묵고 있고, 오늘 체크아웃 하려고 합니다. 지금 청구서를 받을 수 있을까요?
#Person1#: 물론입니다. 잠시만 기다려 주세요. 여기 있습니다.
#Person2#: 감사합니다. 잠깐만요... 이건 뭔가요? 30달러는 어디서 나온 건가요?
#Person1#: 죄송합니다. 11월 20일에 세탁 서비스 요금입니다.
#Person2#: 그런데 제가 여기 머무는 동안 세탁 서비스를 이용한 적이 없어요. 다른 사람의 요금이 추가된 것 같아요.
#Person1#: 음... 죄송합니다. 잠시만 기다려 주실래요? 관련 부서에 확인해보겠습니다.
#Person2#: 네. 이 문제만 해결된다면 괜찮습니다.
#Person1#: 정말 죄송합니다. 착오가 있었습니다. 청구서를 수정했습니다. 확인해 보세요.
#Person2#: 네, 여기요.
#Person1#: 안녕히 가세요.",
test.csv,저,"#Person1#: 내 생일 파티에 와줘서 정말 기뻐. 올 수 있어서 다행이야.
#Person2#: 초대해줘서 고마워. 여기 선물이야. 생일 축하해, Francis! 앞으로도 행복하고 건강한 날들이 가득하길!
#Person1#: 고마워, 지금 열어볼까?
#Person2#: 네, 열어봐.
#Person1#: 와, 원격 조종 자동차 모델이네. 그리고 내가 좋아하는 브랜드야. 정말 마음에 들어. 정말 고마워.
#Person2#: 네, 이 멋진 작은 차를 줘야 할지 고민했어요. 그들이 가진 마지막 것이었고 저도 정말 마음에 들어요.
#Person1#: 딱 너답다, 항상 가장 좋은 것들은 스스로 가지려고 하잖아. 그래서 선물이 더 값지게 느껴져.",
test.csv,그,"#Person1#: Ms. Dawson, 받아쓰기 좀 부탁드려야겠어요. 
#Person2#: 네, 말씀하세요... 
#Person1#: 이걸 오늘 오후까지 모든 직원들에게 사내 메모로 보내야 해요. 준비됐나요? 
#Person2#: 네, 말씀하세요. 
#Person1#: 모든 직원에게 알립니다... 즉시 발효되어 모든 사내 통신은 이메일과 공식 메모로만 제한됩니다. 근무 시간 동안 즉시 메시지 프로그램 사용은 금지됩니다. 
#Person2#: 이 정책이 사내 통신에만 적용되나요, 아니면 외부 통신에도 해당되나요? 
#Person1#: 이는 모든 통신에 적용됩니다. 사무실 내 직원 간 통신 뿐만 아니라 외부 통신도 해당됩니다. 
#Person2#: 하지만 많은 직원들이 고객과 소통하려고 즉시 메시지를 사용합니다. 
#Person1#: 통신 방법을 바꿔야 할 것입니다. 이 사무실에서는 즉시 메시지를 사용하는 것을 원하지 않습니다. 너무 많은 시간이 낭비됩니다! 이제 계속해서 메모를 작성해 주세요. 어디까지 했죠? 
#Person2#: 내외부 통신에 적용됩니다. 
#Person1#: 네. 즉시 메시지를 계속 사용하면 경고 후 시정 조치가 이루어지며, 두 번째 위반 시 해고될 수 있습니다. 이번 정책에 관한 질문은 부서장에게 문의하세요. 
#Person2#: 그게 다인가요? 
#Person1#: 네. 오늘 오후 4시까지 이 메모를 작성하고 배포해주세요.",
test.csv,그,"#Person1#: 드디어 왔네! 뭐가 이렇게 오래 걸렸어?
#Person2#: 차가 또 막혔어. Carrefour 교차로 근처에서 교통체증이 엄청 심했거든.
#Person1#: 거긴 출퇴근 시간에 항상 혼잡하잖아. 집에 갈 때 다른 길 좀 찾아보는 게 어때?
#Person2#: 솔직히 피할 수 있을 것 같진 않아.
#Person1#: 대중교통으로 출퇴근하는 게 더 나을 수도 있겠다.
#Person2#: 생각해봐야 할 것 같아. 대중교통이 꽤 괜찮더라고.
#Person1#: 환경에도 더 좋을 거야.
#Person2#: 알아. 내 차가 이 도시의 오염 문제를 얼마나 악화시키는지 미안하게 생각해.
#Person1#: 지하철 타고 다니는 게 운전하는 것보다 스트레스도 덜할 거야.
#Person2#: 문제는 차가 줄 수 있는 자유를 정말 그리워할 것 같단 말이지.
#Person1#: 글쎄, 날씨 좋으면 자전거로 출근해봐. 차만큼 자유로울 거야.
#Person2#: 맞아. 운동도 될 것 같아!
#Person1#: 그럼 출근할 때 차 안 타기로 했어?
#Person2#: 응, 나나 환경에 좋지 않잖아.",
test.csv,그,"#Person1#: Kate, 여기서 일어난 일을 믿기 힘들 거야.
#Person2#: 무슨 일이야?
#Person1#: Masha랑 Hero가 이혼한대.
#Person2#: 설마, 무슨 일 있었던 거야?
#Person1#: 글쎄, 자세히는 모르겠는데 두 달 동안 별거 중이더니 결국 이혼 신청을 했대.
#Person2#: 정말 놀랍네. 난 둘이 정말 잘 어울리는 커플이라 생각했어. 아이들은 어떻게 되는 거야? 누가 양육권을 가지지?
#Person1#: Masha가 양육권을 가지기로 했대. 모든 게 조용하고 원만하게 진행되고 있고, 집이나 주식 문제는 깔끔하게 해결됐다고 하더라.
#Person2#: 보통 듣는 사건들이랑 달리 잘 진행되네. 그래도 믿기지가 않네, Masha랑 Hero, 완벽한 커플이었는데. 언제쯤 이혼이 확정될까?
#Person1#: 아마도 새해 초쯤이겠지.",
